company,trends_history,date_history,last_updated,avg_interest
Encompass Health,68|96|92|75|75|91|92|70|79|80|79|51|74|100|77|68|90|79|79|93|80|70|70|75|77|74|68|67|67|50,2025-11-12|2025-11-13|2025-11-14|2025-11-17|2025-11-18|2025-11-19|2025-11-20|2025-11-21|2025-11-24|2025-11-25|2025-11-26|2025-11-28|2025-12-01|2025-12-02|2025-12-03|2025-12-04|2025-12-05|2025-12-08|2025-12-09|2025-12-10|2025-12-11|2025-12-12|2025-12-15|2025-12-16|2025-12-17|2025-12-18|2025-12-19|2025-12-22|2025-12-23|2025-12-24,2025-12-26 22:27:28,76.9
Skyworks Solutions,0|0|0|0|0|0|0|0|0|0|0|0|0|0|0|0|0|0|0|0|0|100|63|39|61|45|41|65|37|0,2025-11-12|2025-11-13|2025-11-14|2025-11-17|2025-11-18|2025-11-19|2025-11-20|2025-11-21|2025-11-24|2025-11-25|2025-11-26|2025-11-28|2025-12-01|2025-12-02|2025-12-03|2025-12-04|2025-12-05|2025-12-08|2025-12-09|2025-12-10|2025-12-11|2025-12-12|2025-12-15|2025-12-16|2025-12-17|2025-12-18|2025-12-19|2025-12-22|2025-12-23|2025-12-24,2025-12-26 22:27:31,15.0
Timken,89|82|72|99|73|71|73|76|89|95|60|41|75|72|71|85|75|91|89|100|78|66|66|77|74|75|64|71|67|43,2025-11-12|2025-11-13|2025-11-14|2025-11-17|2025-11-18|2025-11-19|2025-11-20|2025-11-21|2025-11-24|2025-11-25|2025-11-26|2025-11-28|2025-12-01|2025-12-02|2025-12-03|2025-12-04|2025-12-05|2025-12-08|2025-12-09|2025-12-10|2025-12-11|2025-12-12|2025-12-15|2025-12-16|2025-12-17|2025-12-18|2025-12-19|2025-12-22|2025-12-23|2025-12-24,2025-12-26 22:27:34,75.3
Liberty Energy,50|47|36|100|66|36|62|60|61|80|0|0|47|54|76|60|73|85|45|53|87|30|31|32|37|39|34|32|30|22,2025-11-12|2025-11-13|2025-11-14|2025-11-17|2025-11-18|2025-11-19|2025-11-20|2025-11-21|2025-11-24|2025-11-25|2025-11-26|2025-11-28|2025-12-01|2025-12-02|2025-12-03|2025-12-04|2025-12-05|2025-12-08|2025-12-09|2025-12-10|2025-12-11|2025-12-12|2025-12-15|2025-12-16|2025-12-17|2025-12-18|2025-12-19|2025-12-22|2025-12-23|2025-12-24,2025-12-26 22:27:39,48.8
Marriott Vacations Worldwide,0|0|0|0|0|0|0|0|0|0|0|0|0|0|0|0|0|0|0|0|0|94|62|91|100|94|57|87|45|48,2025-11-12|2025-11-13|2025-11-14|2025-11-17|2025-11-18|2025-11-19|2025-11-20|2025-11-21|2025-11-24|2025-11-25|2025-11-26|2025-11-28|2025-12-01|2025-12-02|2025-12-03|2025-12-04|2025-12-05|2025-12-08|2025-12-09|2025-12-10|2025-12-11|2025-12-12|2025-12-15|2025-12-16|2025-12-17|2025-12-18|2025-12-19|2025-12-22|2025-12-23|2025-12-24,2025-12-26 22:27:42,22.6
Leggett & Platt,0|0|0|0|0|0|0|0|0|0|0|0|100|0|0|0|0|0|0|0|0|16|20|14|16|19|10|26|15|10,2025-11-12|2025-11-13|2025-11-14|2025-11-17|2025-11-18|2025-11-19|2025-11-20|2025-11-21|2025-11-24|2025-11-25|2025-11-26|2025-11-28|2025-12-01|2025-12-02|2025-12-03|2025-12-04|2025-12-05|2025-12-08|2025-12-09|2025-12-10|2025-12-11|2025-12-12|2025-12-15|2025-12-16|2025-12-17|2025-12-18|2025-12-19|2025-12-22|2025-12-23|2025-12-24,2025-12-26 22:27:45,8.2
Weis Markets,27|20|29|22|24|25|29|26|21|33|60|20|26|28|26|25|26|19|27|25|30|27|22|24|28|30|28|35|41|80,2025-11-12|2025-11-13|2025-11-14|2025-11-17|2025-11-18|2025-11-19|2025-11-20|2025-11-21|2025-11-24|2025-11-25|2025-11-26|2025-11-28|2025-12-01|2025-12-02|2025-12-03|2025-12-04|2025-12-05|2025-12-08|2025-12-09|2025-12-10|2025-12-11|2025-12-12|2025-12-15|2025-12-16|2025-12-17|2025-12-18|2025-12-19|2025-12-22|2025-12-23|2025-12-24,2025-12-26 22:27:49,29.4
Pinnacle West Capital,,2025-11-12|2025-11-13|2025-11-14|2025-11-17|2025-11-18|2025-11-19|2025-11-20|2025-11-21|2025-11-24|2025-11-25|2025-11-26|2025-11-28|2025-12-01|2025-12-02|2025-12-03|2025-12-04|2025-12-05|2025-12-08|2025-12-09|2025-12-10|2025-12-11|2025-12-12|2025-12-15|2025-12-16|2025-12-17|2025-12-18|2025-12-19|2025-12-22|2025-12-23|2025-12-24,2025-12-26 22:27:52,0.0
EPAM Systems,0|0|0|0|0|0|0|0|0|0|0|0|0|0|0|0|0|0|0|0|0|79|51|90|100|72|67|29|67|33,2025-11-12|2025-11-13|2025-11-14|2025-11-17|2025-11-18|2025-11-19|2025-11-20|2025-11-21|2025-11-24|2025-11-25|2025-11-26|2025-11-28|2025-12-01|2025-12-02|2025-12-03|2025-12-04|2025-12-05|2025-12-08|2025-12-09|2025-12-10|2025-12-11|2025-12-12|2025-12-15|2025-12-16|2025-12-17|2025-12-18|2025-12-19|2025-12-22|2025-12-23|2025-12-24,2025-12-26 22:27:52,19.6
Antero Resources,0|74|0|71|0|0|0|0|0|0|0|0|0|0|0|0|0|100|0|63|0|24|19|22|22|22|19|13|17|10,2025-11-12|2025-11-13|2025-11-14|2025-11-17|2025-11-18|2025-11-19|2025-11-20|2025-11-21|2025-11-24|2025-11-25|2025-11-26|2025-11-28|2025-12-01|2025-12-02|2025-12-03|2025-12-04|2025-12-05|2025-12-08|2025-12-09|2025-12-10|2025-12-11|2025-12-12|2025-12-15|2025-12-16|2025-12-17|2025-12-18|2025-12-19|2025-12-22|2025-12-23|2025-12-24,2025-12-26 22:27:55,15.9
Bloomin Brands,0|0|93|0|0|0|0|0|0|0|0|0|0|0|0|0|73|75|80|83|0|69|64|66|67|75|75|66|74|82,2025-11-12|2025-11-13|2025-11-14|2025-11-17|2025-11-18|2025-11-19|2025-11-20|2025-11-21|2025-11-24|2025-11-25|2025-11-26|2025-11-28|2025-12-01|2025-12-02|2025-12-03|2025-12-04|2025-12-05|2025-12-08|2025-12-09|2025-12-10|2025-12-11|2025-12-12|2025-12-15|2025-12-16|2025-12-17|2025-12-18|2025-12-19|2025-12-22|2025-12-23|2025-12-24,2025-12-26 22:27:58,34.7
MDU Resources Group,,2025-11-12|2025-11-13|2025-11-14|2025-11-17|2025-11-18|2025-11-19|2025-11-20|2025-11-21|2025-11-24|2025-11-25|2025-11-26|2025-11-28|2025-12-01|2025-12-02|2025-12-03|2025-12-04|2025-12-05|2025-12-08|2025-12-09|2025-12-10|2025-12-11|2025-12-12|2025-12-15|2025-12-16|2025-12-17|2025-12-18|2025-12-19|2025-12-22|2025-12-23|2025-12-24,2025-12-26 22:28:02,0.0
Texas Roadhouse,44|41|53|38|42|42|44|56|47|51|62|48|39|35|35|38|48|42|38|39|41|59|46|43|47|49|64|64|66|100,2025-11-12|2025-11-13|2025-11-14|2025-11-17|2025-11-18|2025-11-19|2025-11-20|2025-11-21|2025-11-24|2025-11-25|2025-11-26|2025-11-28|2025-12-01|2025-12-02|2025-12-03|2025-12-04|2025-12-05|2025-12-08|2025-12-09|2025-12-10|2025-12-11|2025-12-12|2025-12-15|2025-12-16|2025-12-17|2025-12-18|2025-12-19|2025-12-22|2025-12-23|2025-12-24,2025-12-26 22:28:03,48.7
Mercury General,81|76|0|0|73|0|0|0|0|0|0|100|83|75|58|83|70|92|92|65|90|20|19|21|22|28|21|19|17|19,2025-11-12|2025-11-13|2025-11-14|2025-11-17|2025-11-18|2025-11-19|2025-11-20|2025-11-21|2025-11-24|2025-11-25|2025-11-26|2025-11-28|2025-12-01|2025-12-02|2025-12-03|2025-12-04|2025-12-05|2025-12-08|2025-12-09|2025-12-10|2025-12-11|2025-12-12|2025-12-15|2025-12-16|2025-12-17|2025-12-18|2025-12-19|2025-12-22|2025-12-23|2025-12-24,2025-12-26 22:28:06,40.8
Fortune Brands Innovations,0|0|0|0|0|0|0|0|0|0|0|0|0|0|0|0|0|0|0|0|0|75|66|61|100|59|72|59|0|0,2025-11-12|2025-11-13|2025-11-14|2025-11-17|2025-11-18|2025-11-19|2025-11-20|2025-11-21|2025-11-24|2025-11-25|2025-11-26|2025-11-28|2025-12-01|2025-12-02|2025-12-03|2025-12-04|2025-12-05|2025-12-08|2025-12-09|2025-12-10|2025-12-11|2025-12-12|2025-12-15|2025-12-16|2025-12-17|2025-12-18|2025-12-19|2025-12-22|2025-12-23|2025-12-24,2025-12-26 22:28:10,16.4
Zions Bancorp,0|0|0|0|0|0|0|0|0|0|0|0|0|0|0|0|0|0|0|0|0|0|87|0|0|100|0|0|0|0,2025-11-12|2025-11-13|2025-11-14|2025-11-17|2025-11-18|2025-11-19|2025-11-20|2025-11-21|2025-11-24|2025-11-25|2025-11-26|2025-11-28|2025-12-01|2025-12-02|2025-12-03|2025-12-04|2025-12-05|2025-12-08|2025-12-09|2025-12-10|2025-12-11|2025-12-12|2025-12-15|2025-12-16|2025-12-17|2025-12-18|2025-12-19|2025-12-22|2025-12-23|2025-12-24,2025-12-26 22:28:15,6.2
JELD-WEN Holding,,2025-11-12|2025-11-13|2025-11-14|2025-11-17|2025-11-18|2025-11-19|2025-11-20|2025-11-21|2025-11-24|2025-11-25|2025-11-26|2025-11-28|2025-12-01|2025-12-02|2025-12-03|2025-12-04|2025-12-05|2025-12-08|2025-12-09|2025-12-10|2025-12-11|2025-12-12|2025-12-15|2025-12-16|2025-12-17|2025-12-18|2025-12-19|2025-12-22|2025-12-23|2025-12-24,2025-12-26 22:28:19,0.0
Snap Inc,78|97|0|64|95|54|76|100|56|61|0|75|89|91|100|0|78|81|79|72|76|39|37|39|42|46|41|35|30|30,2025-11-12|2025-11-13|2025-11-14|2025-11-17|2025-11-18|2025-11-19|2025-11-20|2025-11-21|2025-11-24|2025-11-25|2025-11-26|2025-11-28|2025-12-01|2025-12-02|2025-12-03|2025-12-04|2025-12-05|2025-12-08|2025-12-09|2025-12-10|2025-12-11|2025-12-12|2025-12-15|2025-12-16|2025-12-17|2025-12-18|2025-12-19|2025-12-22|2025-12-23|2025-12-24,2025-12-26 22:28:20,58.7
Zebra Technologies,53|52|39|33|42|100|0|0|0|0|0|36|37|0|34|37|0|0|0|46|37|26|25|28|24|24|21|19|19|13,2025-11-12|2025-11-13|2025-11-14|2025-11-17|2025-11-18|2025-11-19|2025-11-20|2025-11-21|2025-11-24|2025-11-25|2025-11-26|2025-11-28|2025-12-01|2025-12-02|2025-12-03|2025-12-04|2025-12-05|2025-12-08|2025-12-09|2025-12-10|2025-12-11|2025-12-12|2025-12-15|2025-12-16|2025-12-17|2025-12-18|2025-12-19|2025-12-22|2025-12-23|2025-12-24,2025-12-26 22:28:24,24.8
Agilon Health,0|0|0|0|0|0|0|0|0|0|0|0|0|0|0|0|0|0|100|0|0|15|20|24|17|16|18|11|23|15,2025-11-12|2025-11-13|2025-11-14|2025-11-17|2025-11-18|2025-11-19|2025-11-20|2025-11-21|2025-11-24|2025-11-25|2025-11-26|2025-11-28|2025-12-01|2025-12-02|2025-12-03|2025-12-04|2025-12-05|2025-12-08|2025-12-09|2025-12-10|2025-12-11|2025-12-12|2025-12-15|2025-12-16|2025-12-17|2025-12-18|2025-12-19|2025-12-22|2025-12-23|2025-12-24,2025-12-26 22:28:28,8.6
Toro Company,65|58|44|58|0|62|0|0|0|0|0|100|0|51|50|0|0|0|65|67|56|25|24|35|39|35|29|25|20|20,2025-11-12|2025-11-13|2025-11-14|2025-11-17|2025-11-18|2025-11-19|2025-11-20|2025-11-21|2025-11-24|2025-11-25|2025-11-26|2025-11-28|2025-12-01|2025-12-02|2025-12-03|2025-12-04|2025-12-05|2025-12-08|2025-12-09|2025-12-10|2025-12-11|2025-12-12|2025-12-15|2025-12-16|2025-12-17|2025-12-18|2025-12-19|2025-12-22|2025-12-23|2025-12-24,2025-12-26 22:28:31,30.9
Zoom Video Communications,0|0|0|0|0|0|0|0|0|0|100|0|0|0|0|0|0|0|0|0|0|0|4|0|0|5|9|4|0|5,2025-11-12|2025-11-13|2025-11-14|2025-11-17|2025-11-18|2025-11-19|2025-11-20|2025-11-21|2025-11-24|2025-11-25|2025-11-26|2025-11-28|2025-12-01|2025-12-02|2025-12-03|2025-12-04|2025-12-05|2025-12-08|2025-12-09|2025-12-10|2025-12-11|2025-12-12|2025-12-15|2025-12-16|2025-12-17|2025-12-18|2025-12-19|2025-12-22|2025-12-23|2025-12-24,2025-12-26 22:28:35,4.2
Tetra Tech,57|85|88|84|100|85|80|0|0|90|0|0|50|65|72|50|57|53|0|0|0|49|39|43|53|50|48|39|39|21,2025-11-12|2025-11-13|2025-11-14|2025-11-17|2025-11-18|2025-11-19|2025-11-20|2025-11-21|2025-11-24|2025-11-25|2025-11-26|2025-11-28|2025-12-01|2025-12-02|2025-12-03|2025-12-04|2025-12-05|2025-12-08|2025-12-09|2025-12-10|2025-12-11|2025-12-12|2025-12-15|2025-12-16|2025-12-17|2025-12-18|2025-12-19|2025-12-22|2025-12-23|2025-12-24,2025-12-26 22:28:39,46.6
Public Storage,55|57|57|51|59|59|58|56|56|55|73|71|85|90|100|78|71|69|64|67|57|47|45|44|44|46|46|48|46|45,2025-11-12|2025-11-13|2025-11-14|2025-11-17|2025-11-18|2025-11-19|2025-11-20|2025-11-21|2025-11-24|2025-11-25|2025-11-26|2025-11-28|2025-12-01|2025-12-02|2025-12-03|2025-12-04|2025-12-05|2025-12-08|2025-12-09|2025-12-10|2025-12-11|2025-12-12|2025-12-15|2025-12-16|2025-12-17|2025-12-18|2025-12-19|2025-12-22|2025-12-23|2025-12-24,2025-12-26 22:28:42,60.0
Illumina Inc,0|0|0|0|0|0|0|0|0|0|0|0|0|0|0|0|0|0|0|0|0|0|0|95|0|83|0|100|0|0,2025-11-12|2025-11-13|2025-11-14|2025-11-17|2025-11-18|2025-11-19|2025-11-20|2025-11-21|2025-11-24|2025-11-25|2025-11-26|2025-11-28|2025-12-01|2025-12-02|2025-12-03|2025-12-04|2025-12-05|2025-12-08|2025-12-09|2025-12-10|2025-12-11|2025-12-12|2025-12-15|2025-12-16|2025-12-17|2025-12-18|2025-12-19|2025-12-22|2025-12-23|2025-12-24,2025-12-26 22:28:45,9.3
Ventas Inc,0|0|0|0|0|0|0|0|0|0|0|0|0|0|0|0|0|0|0|0|0|0|97|100|0|0|94|85|98|0,2025-11-12|2025-11-13|2025-11-14|2025-11-17|2025-11-18|2025-11-19|2025-11-20|2025-11-21|2025-11-24|2025-11-25|2025-11-26|2025-11-28|2025-12-01|2025-12-02|2025-12-03|2025-12-04|2025-12-05|2025-12-08|2025-12-09|2025-12-10|2025-12-11|2025-12-12|2025-12-15|2025-12-16|2025-12-17|2025-12-18|2025-12-19|2025-12-22|2025-12-23|2025-12-24,2025-12-26 22:28:49,15.8
FMC Corporation,0|0|0|0|0|0|0|0|0|0|0|0|0|0|0|96|0|77|100|0|0|20|18|16|14|26|9|14|12|9,2025-11-12|2025-11-13|2025-11-14|2025-11-17|2025-11-18|2025-11-19|2025-11-20|2025-11-21|2025-11-24|2025-11-25|2025-11-26|2025-11-28|2025-12-01|2025-12-02|2025-12-03|2025-12-04|2025-12-05|2025-12-08|2025-12-09|2025-12-10|2025-12-11|2025-12-12|2025-12-15|2025-12-16|2025-12-17|2025-12-18|2025-12-19|2025-12-22|2025-12-23|2025-12-24,2025-12-26 22:28:52,13.7
ArcBest,93|48|64|79|74|71|0|100|0|0|0|0|59|48|77|45|0|56|59|69|0|49|55|48|51|51|44|53|44|23,2025-11-12|2025-11-13|2025-11-14|2025-11-17|2025-11-18|2025-11-19|2025-11-20|2025-11-21|2025-11-24|2025-11-25|2025-11-26|2025-11-28|2025-12-01|2025-12-02|2025-12-03|2025-12-04|2025-12-05|2025-12-08|2025-12-09|2025-12-10|2025-12-11|2025-12-12|2025-12-15|2025-12-16|2025-12-17|2025-12-18|2025-12-19|2025-12-22|2025-12-23|2025-12-24,2025-12-26 22:28:55,45.3
Dominos Pizza Inc,0|0|0|0|0|0|0|0|0|0|0|0|0|0|0|0|0|0|0|0|0|100|0|0|0|0|0|0|0|0,2025-11-12|2025-11-13|2025-11-14|2025-11-17|2025-11-18|2025-11-19|2025-11-20|2025-11-21|2025-11-24|2025-11-25|2025-11-26|2025-11-28|2025-12-01|2025-12-02|2025-12-03|2025-12-04|2025-12-05|2025-12-08|2025-12-09|2025-12-10|2025-12-11|2025-12-12|2025-12-15|2025-12-16|2025-12-17|2025-12-18|2025-12-19|2025-12-22|2025-12-23|2025-12-24,2025-12-26 22:28:59,3.3
ASGN,0|0|0|0|0|0|86|100|0|0|0|0|0|0|0|0|0|0|0|0|0|15|12|17|16|20|19|17|13|7,2025-11-12|2025-11-13|2025-11-14|2025-11-17|2025-11-18|2025-11-19|2025-11-20|2025-11-21|2025-11-24|2025-11-25|2025-11-26|2025-11-28|2025-12-01|2025-12-02|2025-12-03|2025-12-04|2025-12-05|2025-12-08|2025-12-09|2025-12-10|2025-12-11|2025-12-12|2025-12-15|2025-12-16|2025-12-17|2025-12-18|2025-12-19|2025-12-22|2025-12-23|2025-12-24,2025-12-26 22:29:02,10.7
Rivian Automotive,0|100|0|0|0|0|0|0|0|0|0|0|0|0|66|57|0|0|0|0|66|35|19|21|20|25|33|23|17|15,2025-11-12|2025-11-13|2025-11-14|2025-11-17|2025-11-18|2025-11-19|2025-11-20|2025-11-21|2025-11-24|2025-11-25|2025-11-26|2025-11-28|2025-12-01|2025-12-02|2025-12-03|2025-12-04|2025-12-05|2025-12-08|2025-12-09|2025-12-10|2025-12-11|2025-12-12|2025-12-15|2025-12-16|2025-12-17|2025-12-18|2025-12-19|2025-12-22|2025-12-23|2025-12-24,2025-12-26 22:29:05,16.6
Elanco Animal Health,0|0|0|0|0|0|0|0|0|0|0|0|0|0|0|0|0|0|0|0|0|49|63|74|100|67|54|52|70|43,2025-11-12|2025-11-13|2025-11-14|2025-11-17|2025-11-18|2025-11-19|2025-11-20|2025-11-21|2025-11-24|2025-11-25|2025-11-26|2025-11-28|2025-12-01|2025-12-02|2025-12-03|2025-12-04|2025-12-05|2025-12-08|2025-12-09|2025-12-10|2025-12-11|2025-12-12|2025-12-15|2025-12-16|2025-12-17|2025-12-18|2025-12-19|2025-12-22|2025-12-23|2025-12-24,2025-12-26 22:29:09,19.1
Graham Holdings Company,,2025-11-12|2025-11-13|2025-11-14|2025-11-17|2025-11-18|2025-11-19|2025-11-20|2025-11-21|2025-11-24|2025-11-25|2025-11-26|2025-11-28|2025-12-01|2025-12-02|2025-12-03|2025-12-04|2025-12-05|2025-12-08|2025-12-09|2025-12-10|2025-12-11|2025-12-12|2025-12-15|2025-12-16|2025-12-17|2025-12-18|2025-12-19|2025-12-22|2025-12-23|2025-12-24,2025-12-26 22:29:12,0.0
Floor & Decor,100|85|72|81|63|83|63|86|77|71|80|80|77|69|82|93|67|65|71|61|61|52|53|53|62|61|55|57|49|44,2025-11-12|2025-11-13|2025-11-14|2025-11-17|2025-11-18|2025-11-19|2025-11-20|2025-11-21|2025-11-24|2025-11-25|2025-11-26|2025-11-28|2025-12-01|2025-12-02|2025-12-03|2025-12-04|2025-12-05|2025-12-08|2025-12-09|2025-12-10|2025-12-11|2025-12-12|2025-12-15|2025-12-16|2025-12-17|2025-12-18|2025-12-19|2025-12-22|2025-12-23|2025-12-24,2025-12-26 22:29:13,69.1
Applied Industrial Technologies,0|0|0|100|0|0|63|69|0|0|0|0|0|87|72|0|0|0|0|70|0|35|34|37|37|41|33|33|33|14,2025-11-12|2025-11-13|2025-11-14|2025-11-17|2025-11-18|2025-11-19|2025-11-20|2025-11-21|2025-11-24|2025-11-25|2025-11-26|2025-11-28|2025-12-01|2025-12-02|2025-12-03|2025-12-04|2025-12-05|2025-12-08|2025-12-09|2025-12-10|2025-12-11|2025-12-12|2025-12-15|2025-12-16|2025-12-17|2025-12-18|2025-12-19|2025-12-22|2025-12-23|2025-12-24,2025-12-26 22:29:17,25.3
PriceSmart,77|56|86|61|74|79|84|59|46|69|71|95|74|76|90|0|89|55|72|55|77|47|52|54|61|64|61|53|51|49,2025-11-12|2025-11-13|2025-11-14|2025-11-17|2025-11-18|2025-11-19|2025-11-20|2025-11-21|2025-11-24|2025-11-25|2025-11-26|2025-11-28|2025-12-01|2025-12-02|2025-12-03|2025-12-04|2025-12-05|2025-12-08|2025-12-09|2025-12-10|2025-12-11|2025-12-12|2025-12-15|2025-12-16|2025-12-17|2025-12-18|2025-12-19|2025-12-22|2025-12-23|2025-12-24,2025-12-26 22:29:21,64.6
Lyft,90|97|90|86|82|91|100|85|87|86|95|85|99|96|93|93|93|87|85|95|93|90|88|86|84|90|90|89|83|82,2025-11-12|2025-11-13|2025-11-14|2025-11-17|2025-11-18|2025-11-19|2025-11-20|2025-11-21|2025-11-24|2025-11-25|2025-11-26|2025-11-28|2025-12-01|2025-12-02|2025-12-03|2025-12-04|2025-12-05|2025-12-08|2025-12-09|2025-12-10|2025-12-11|2025-12-12|2025-12-15|2025-12-16|2025-12-17|2025-12-18|2025-12-19|2025-12-22|2025-12-23|2025-12-24,2025-12-26 22:29:25,89.7
Ciena,46|50|37|39|50|29|73|37|44|39|25|30|59|52|59|46|38|41|58|47|100|49|39|43|41|37|34|32|33|23,2025-11-12|2025-11-13|2025-11-14|2025-11-17|2025-11-18|2025-11-19|2025-11-20|2025-11-21|2025-11-24|2025-11-25|2025-11-26|2025-11-28|2025-12-01|2025-12-02|2025-12-03|2025-12-04|2025-12-05|2025-12-08|2025-12-09|2025-12-10|2025-12-11|2025-12-12|2025-12-15|2025-12-16|2025-12-17|2025-12-18|2025-12-19|2025-12-22|2025-12-23|2025-12-24,2025-12-26 22:29:29,44.3
IAC,82|96|83|79|81|94|87|100|71|76|76|43|80|96|76|82|84|69|73|87|73|69|67|74|70|74|65|62|60|53,2025-11-12|2025-11-13|2025-11-14|2025-11-17|2025-11-18|2025-11-19|2025-11-20|2025-11-21|2025-11-24|2025-11-25|2025-11-26|2025-11-28|2025-12-01|2025-12-02|2025-12-03|2025-12-04|2025-12-05|2025-12-08|2025-12-09|2025-12-10|2025-12-11|2025-12-12|2025-12-15|2025-12-16|2025-12-17|2025-12-18|2025-12-19|2025-12-22|2025-12-23|2025-12-24,2025-12-26 22:29:33,76.1
Western Union,84|89|87|81|92|82|92|94|89|78|83|87|89|91|95|92|96|88|89|94|93|86|81|86|87|85|93|90|98|100,2025-11-12|2025-11-13|2025-11-14|2025-11-17|2025-11-18|2025-11-19|2025-11-20|2025-11-21|2025-11-24|2025-11-25|2025-11-26|2025-11-28|2025-12-01|2025-12-02|2025-12-03|2025-12-04|2025-12-05|2025-12-08|2025-12-09|2025-12-10|2025-12-11|2025-12-12|2025-12-15|2025-12-16|2025-12-17|2025-12-18|2025-12-19|2025-12-22|2025-12-23|2025-12-24,2025-12-26 22:29:36,89.0
Flowserve,84|66|75|60|58|55|62|57|60|100|47|0|63|80|72|50|67|47|69|89|62|40|56|63|56|62|44|43|36|20,2025-11-12|2025-11-13|2025-11-14|2025-11-17|2025-11-18|2025-11-19|2025-11-20|2025-11-21|2025-11-24|2025-11-25|2025-11-26|2025-11-28|2025-12-01|2025-12-02|2025-12-03|2025-12-04|2025-12-05|2025-12-08|2025-12-09|2025-12-10|2025-12-11|2025-12-12|2025-12-15|2025-12-16|2025-12-17|2025-12-18|2025-12-19|2025-12-22|2025-12-23|2025-12-24,2025-12-26 22:29:40,58.1
Western Alliance Bancorp,,2025-11-12|2025-11-13|2025-11-14|2025-11-17|2025-11-18|2025-11-19|2025-11-20|2025-11-21|2025-11-24|2025-11-25|2025-11-26|2025-11-28|2025-12-01|2025-12-02|2025-12-03|2025-12-04|2025-12-05|2025-12-08|2025-12-09|2025-12-10|2025-12-11|2025-12-12|2025-12-15|2025-12-16|2025-12-17|2025-12-18|2025-12-19|2025-12-22|2025-12-23|2025-12-24,2025-12-26 22:29:43,0.0
Option Care Health,77|81|49|88|76|97|66|67|63|58|64|62|87|74|69|67|79|88|78|100|83|50|43|45|41|42|33|31|26|21,2025-11-12|2025-11-13|2025-11-14|2025-11-17|2025-11-18|2025-11-19|2025-11-20|2025-11-21|2025-11-24|2025-11-25|2025-11-26|2025-11-28|2025-12-01|2025-12-02|2025-12-03|2025-12-04|2025-12-05|2025-12-08|2025-12-09|2025-12-10|2025-12-11|2025-12-12|2025-12-15|2025-12-16|2025-12-17|2025-12-18|2025-12-19|2025-12-22|2025-12-23|2025-12-24,2025-12-26 22:29:44,63.5
SiteOne Landscape Supply,,2025-11-12|2025-11-13|2025-11-14|2025-11-17|2025-11-18|2025-11-19|2025-11-20|2025-11-21|2025-11-24|2025-11-25|2025-11-26|2025-11-28|2025-12-01|2025-12-02|2025-12-03|2025-12-04|2025-12-05|2025-12-08|2025-12-09|2025-12-10|2025-12-11|2025-12-12|2025-12-15|2025-12-16|2025-12-17|2025-12-18|2025-12-19|2025-12-22|2025-12-23|2025-12-24,2025-12-26 22:30:19,0.0
Topgolf Callaway Brands,,2025-11-12|2025-11-13|2025-11-14|2025-11-17|2025-11-18|2025-11-19|2025-11-20|2025-11-21|2025-11-24|2025-11-25|2025-11-26|2025-11-28|2025-12-01|2025-12-02|2025-12-03|2025-12-04|2025-12-05|2025-12-08|2025-12-09|2025-12-10|2025-12-11|2025-12-12|2025-12-15|2025-12-16|2025-12-17|2025-12-18|2025-12-19|2025-12-22|2025-12-23|2025-12-24,2025-12-26 22:31:00,0.0
eXp World,,2025-11-12|2025-11-13|2025-11-14|2025-11-17|2025-11-18|2025-11-19|2025-11-20|2025-11-21|2025-11-24|2025-11-25|2025-11-26|2025-11-28|2025-12-01|2025-12-02|2025-12-03|2025-12-04|2025-12-05|2025-12-08|2025-12-09|2025-12-10|2025-12-11|2025-12-12|2025-12-15|2025-12-16|2025-12-17|2025-12-18|2025-12-19|2025-12-22|2025-12-23|2025-12-24,2025-12-26 22:31:10,0.0
Abercrombie & Fitch,,2025-11-12|2025-11-13|2025-11-14|2025-11-17|2025-11-18|2025-11-19|2025-11-20|2025-11-21|2025-11-24|2025-11-25|2025-11-26|2025-11-28|2025-12-01|2025-12-02|2025-12-03|2025-12-04|2025-12-05|2025-12-08|2025-12-09|2025-12-10|2025-12-11|2025-12-12|2025-12-15|2025-12-16|2025-12-17|2025-12-18|2025-12-19|2025-12-22|2025-12-23|2025-12-24,2025-12-26 22:31:10,0.0
Atmos Energy,,2025-11-12|2025-11-13|2025-11-14|2025-11-17|2025-11-18|2025-11-19|2025-11-20|2025-11-21|2025-11-24|2025-11-25|2025-11-26|2025-11-28|2025-12-01|2025-12-02|2025-12-03|2025-12-04|2025-12-05|2025-12-08|2025-12-09|2025-12-10|2025-12-11|2025-12-12|2025-12-15|2025-12-16|2025-12-17|2025-12-18|2025-12-19|2025-12-22|2025-12-23|2025-12-24,2025-12-26 22:31:10,0.0
Brown & Brown,,2025-11-12|2025-11-13|2025-11-14|2025-11-17|2025-11-18|2025-11-19|2025-11-20|2025-11-21|2025-11-24|2025-11-25|2025-11-26|2025-11-28|2025-12-01|2025-12-02|2025-12-03|2025-12-04|2025-12-05|2025-12-08|2025-12-09|2025-12-10|2025-12-11|2025-12-12|2025-12-15|2025-12-16|2025-12-17|2025-12-18|2025-12-19|2025-12-22|2025-12-23|2025-12-24,2025-12-26 22:31:10,0.0
GoDaddy,,2025-11-12|2025-11-13|2025-11-14|2025-11-17|2025-11-18|2025-11-19|2025-11-20|2025-11-21|2025-11-24|2025-11-25|2025-11-26|2025-11-28|2025-12-01|2025-12-02|2025-12-03|2025-12-04|2025-12-05|2025-12-08|2025-12-09|2025-12-10|2025-12-11|2025-12-12|2025-12-15|2025-12-16|2025-12-17|2025-12-18|2025-12-19|2025-12-22|2025-12-23|2025-12-24,2025-12-26 22:31:10,0.0
American Water Works,,2025-11-12|2025-11-13|2025-11-14|2025-11-17|2025-11-18|2025-11-19|2025-11-20|2025-11-21|2025-11-24|2025-11-25|2025-11-26|2025-11-28|2025-12-01|2025-12-02|2025-12-03|2025-12-04|2025-12-05|2025-12-08|2025-12-09|2025-12-10|2025-12-11|2025-12-12|2025-12-15|2025-12-16|2025-12-17|2025-12-18|2025-12-19|2025-12-22|2025-12-23|2025-12-24,2025-12-26 22:31:10,0.0
Selective Insurance Group,,2025-11-12|2025-11-13|2025-11-14|2025-11-17|2025-11-18|2025-11-19|2025-11-20|2025-11-21|2025-11-24|2025-11-25|2025-11-26|2025-11-28|2025-12-01|2025-12-02|2025-12-03|2025-12-04|2025-12-05|2025-12-08|2025-12-09|2025-12-10|2025-12-11|2025-12-12|2025-12-15|2025-12-16|2025-12-17|2025-12-18|2025-12-19|2025-12-22|2025-12-23|2025-12-24,2025-12-26 22:31:10,0.0
Advantage Solutions,,2025-11-12|2025-11-13|2025-11-14|2025-11-17|2025-11-18|2025-11-19|2025-11-20|2025-11-21|2025-11-24|2025-11-25|2025-11-26|2025-11-28|2025-12-01|2025-12-02|2025-12-03|2025-12-04|2025-12-05|2025-12-08|2025-12-09|2025-12-10|2025-12-11|2025-12-12|2025-12-15|2025-12-16|2025-12-17|2025-12-18|2025-12-19|2025-12-22|2025-12-23|2025-12-24,2025-12-26 22:31:10,0.0
ResMed,,2025-11-12|2025-11-13|2025-11-14|2025-11-17|2025-11-18|2025-11-19|2025-11-20|2025-11-21|2025-11-24|2025-11-25|2025-11-26|2025-11-28|2025-12-01|2025-12-02|2025-12-03|2025-12-04|2025-12-05|2025-12-08|2025-12-09|2025-12-10|2025-12-11|2025-12-12|2025-12-15|2025-12-16|2025-12-17|2025-12-18|2025-12-19|2025-12-22|2025-12-23|2025-12-24,2025-12-26 22:31:10,0.0
Plexus Corp,,2025-11-12|2025-11-13|2025-11-14|2025-11-17|2025-11-18|2025-11-19|2025-11-20|2025-11-21|2025-11-24|2025-11-25|2025-11-26|2025-11-28|2025-12-01|2025-12-02|2025-12-03|2025-12-04|2025-12-05|2025-12-08|2025-12-09|2025-12-10|2025-12-11|2025-12-12|2025-12-15|2025-12-16|2025-12-17|2025-12-18|2025-12-19|2025-12-22|2025-12-23|2025-12-24,2025-12-26 22:31:10,0.0
Hub Group,,2025-11-12|2025-11-13|2025-11-14|2025-11-17|2025-11-18|2025-11-19|2025-11-20|2025-11-21|2025-11-24|2025-11-25|2025-11-26|2025-11-28|2025-12-01|2025-12-02|2025-12-03|2025-12-04|2025-12-05|2025-12-08|2025-12-09|2025-12-10|2025-12-11|2025-12-12|2025-12-15|2025-12-16|2025-12-17|2025-12-18|2025-12-19|2025-12-22|2025-12-23|2025-12-24,2025-12-26 22:31:10,0.0
Lincoln Electric,,2025-11-12|2025-11-13|2025-11-14|2025-11-17|2025-11-18|2025-11-19|2025-11-20|2025-11-21|2025-11-24|2025-11-25|2025-11-26|2025-11-28|2025-12-01|2025-12-02|2025-12-03|2025-12-04|2025-12-05|2025-12-08|2025-12-09|2025-12-10|2025-12-11|2025-12-12|2025-12-15|2025-12-16|2025-12-17|2025-12-18|2025-12-19|2025-12-22|2025-12-23|2025-12-24,2025-12-26 22:31:10,0.0
NCR Atleos,,2025-11-12|2025-11-13|2025-11-14|2025-11-17|2025-11-18|2025-11-19|2025-11-20|2025-11-21|2025-11-24|2025-11-25|2025-11-26|2025-11-28|2025-12-01|2025-12-02|2025-12-03|2025-12-04|2025-12-05|2025-12-08|2025-12-09|2025-12-10|2025-12-11|2025-12-12|2025-12-15|2025-12-16|2025-12-17|2025-12-18|2025-12-19|2025-12-22|2025-12-23|2025-12-24,2025-12-26 22:31:10,0.0
Calumet Inc,,2025-11-12|2025-11-13|2025-11-14|2025-11-17|2025-11-18|2025-11-19|2025-11-20|2025-11-21|2025-11-24|2025-11-25|2025-11-26|2025-11-28|2025-12-01|2025-12-02|2025-12-03|2025-12-04|2025-12-05|2025-12-08|2025-12-09|2025-12-10|2025-12-11|2025-12-12|2025-12-15|2025-12-16|2025-12-17|2025-12-18|2025-12-19|2025-12-22|2025-12-23|2025-12-24,2025-12-26 22:31:10,0.0
Dycom Industries,,2025-11-12|2025-11-13|2025-11-14|2025-11-17|2025-11-18|2025-11-19|2025-11-20|2025-11-21|2025-11-24|2025-11-25|2025-11-26|2025-11-28|2025-12-01|2025-12-02|2025-12-03|2025-12-04|2025-12-05|2025-12-08|2025-12-09|2025-12-10|2025-12-11|2025-12-12|2025-12-15|2025-12-16|2025-12-17|2025-12-18|2025-12-19|2025-12-22|2025-12-23|2025-12-24,2025-12-26 22:31:10,0.0
Valmont Industries,,2025-11-12|2025-11-13|2025-11-14|2025-11-17|2025-11-18|2025-11-19|2025-11-20|2025-11-21|2025-11-24|2025-11-25|2025-11-26|2025-11-28|2025-12-01|2025-12-02|2025-12-03|2025-12-04|2025-12-05|2025-12-08|2025-12-09|2025-12-10|2025-12-11|2025-12-12|2025-12-15|2025-12-16|2025-12-17|2025-12-18|2025-12-19|2025-12-22|2025-12-23|2025-12-24,2025-12-26 22:31:10,0.0
ATI Inc,,2025-11-12|2025-11-13|2025-11-14|2025-11-17|2025-11-18|2025-11-19|2025-11-20|2025-11-21|2025-11-24|2025-11-25|2025-11-26|2025-11-28|2025-12-01|2025-12-02|2025-12-03|2025-12-04|2025-12-05|2025-12-08|2025-12-09|2025-12-10|2025-12-11|2025-12-12|2025-12-15|2025-12-16|2025-12-17|2025-12-18|2025-12-19|2025-12-22|2025-12-23|2025-12-24,2025-12-26 22:31:10,0.0
Twilio,,2025-11-12|2025-11-13|2025-11-14|2025-11-17|2025-11-18|2025-11-19|2025-11-20|2025-11-21|2025-11-24|2025-11-25|2025-11-26|2025-11-28|2025-12-01|2025-12-02|2025-12-03|2025-12-04|2025-12-05|2025-12-08|2025-12-09|2025-12-10|2025-12-11|2025-12-12|2025-12-15|2025-12-16|2025-12-17|2025-12-18|2025-12-19|2025-12-22|2025-12-23|2025-12-24,2025-12-26 22:31:10,0.0
CNO Financial Group,,2025-11-12|2025-11-13|2025-11-14|2025-11-17|2025-11-18|2025-11-19|2025-11-20|2025-11-21|2025-11-24|2025-11-25|2025-11-26|2025-11-28|2025-12-01|2025-12-02|2025-12-03|2025-12-04|2025-12-05|2025-12-08|2025-12-09|2025-12-10|2025-12-11|2025-12-12|2025-12-15|2025-12-16|2025-12-17|2025-12-18|2025-12-19|2025-12-22|2025-12-23|2025-12-24,2025-12-26 22:31:10,0.0
Patterson-UTI Energy,,2025-11-12|2025-11-13|2025-11-14|2025-11-17|2025-11-18|2025-11-19|2025-11-20|2025-11-21|2025-11-24|2025-11-25|2025-11-26|2025-11-28|2025-12-01|2025-12-02|2025-12-03|2025-12-04|2025-12-05|2025-12-08|2025-12-09|2025-12-10|2025-12-11|2025-12-12|2025-12-15|2025-12-16|2025-12-17|2025-12-18|2025-12-19|2025-12-22|2025-12-23|2025-12-24,2025-12-26 22:31:10,0.0
Brinker International,,2025-11-12|2025-11-13|2025-11-14|2025-11-17|2025-11-18|2025-11-19|2025-11-20|2025-11-21|2025-11-24|2025-11-25|2025-11-26|2025-11-28|2025-12-01|2025-12-02|2025-12-03|2025-12-04|2025-12-05|2025-12-08|2025-12-09|2025-12-10|2025-12-11|2025-12-12|2025-12-15|2025-12-16|2025-12-17|2025-12-18|2025-12-19|2025-12-22|2025-12-23|2025-12-24,2025-12-26 22:31:10,0.0
Charles River Laboratories International,,2025-11-12|2025-11-13|2025-11-14|2025-11-17|2025-11-18|2025-11-19|2025-11-20|2025-11-21|2025-11-24|2025-11-25|2025-11-26|2025-11-28|2025-12-01|2025-12-02|2025-12-03|2025-12-04|2025-12-05|2025-12-08|2025-12-09|2025-12-10|2025-12-11|2025-12-12|2025-12-15|2025-12-16|2025-12-17|2025-12-18|2025-12-19|2025-12-22|2025-12-23|2025-12-24,2025-12-26 22:31:10,0.0
Hyster-Yale,,2025-11-12|2025-11-13|2025-11-14|2025-11-17|2025-11-18|2025-11-19|2025-11-20|2025-11-21|2025-11-24|2025-11-25|2025-11-26|2025-11-28|2025-12-01|2025-12-02|2025-12-03|2025-12-04|2025-12-05|2025-12-08|2025-12-09|2025-12-10|2025-12-11|2025-12-12|2025-12-15|2025-12-16|2025-12-17|2025-12-18|2025-12-19|2025-12-22|2025-12-23|2025-12-24,2025-12-26 22:31:10,0.0
Brighthouse Financial,,2025-11-12|2025-11-13|2025-11-14|2025-11-17|2025-11-18|2025-11-19|2025-11-20|2025-11-21|2025-11-24|2025-11-25|2025-11-26|2025-11-28|2025-12-01|2025-12-02|2025-12-03|2025-12-04|2025-12-05|2025-12-08|2025-12-09|2025-12-10|2025-12-11|2025-12-12|2025-12-15|2025-12-16|2025-12-17|2025-12-18|2025-12-19|2025-12-22|2025-12-23|2025-12-24,2025-12-26 22:31:10,0.0
Service Corp International,,2025-11-12|2025-11-13|2025-11-14|2025-11-17|2025-11-18|2025-11-19|2025-11-20|2025-11-21|2025-11-24|2025-11-25|2025-11-26|2025-11-28|2025-12-01|2025-12-02|2025-12-03|2025-12-04|2025-12-05|2025-12-08|2025-12-09|2025-12-10|2025-12-11|2025-12-12|2025-12-15|2025-12-16|2025-12-17|2025-12-18|2025-12-19|2025-12-22|2025-12-23|2025-12-24,2025-12-26 22:31:10,0.0
CrossAmerica Partners,,2025-11-12|2025-11-13|2025-11-14|2025-11-17|2025-11-18|2025-11-19|2025-11-20|2025-11-21|2025-11-24|2025-11-25|2025-11-26|2025-11-28|2025-12-01|2025-12-02|2025-12-03|2025-12-04|2025-12-05|2025-12-08|2025-12-09|2025-12-10|2025-12-11|2025-12-12|2025-12-15|2025-12-16|2025-12-17|2025-12-18|2025-12-19|2025-12-22|2025-12-23|2025-12-24,2025-12-26 22:31:10,0.0
Cadence,,2025-11-12|2025-11-13|2025-11-14|2025-11-17|2025-11-18|2025-11-19|2025-11-20|2025-11-21|2025-11-24|2025-11-25|2025-11-26|2025-11-28|2025-12-01|2025-12-02|2025-12-03|2025-12-04|2025-12-05|2025-12-08|2025-12-09|2025-12-10|2025-12-11|2025-12-12|2025-12-15|2025-12-16|2025-12-17|2025-12-18|2025-12-19|2025-12-22|2025-12-23|2025-12-24,2025-12-26 22:31:10,0.0
MillerKnoll,,2025-11-12|2025-11-13|2025-11-14|2025-11-17|2025-11-18|2025-11-19|2025-11-20|2025-11-21|2025-11-24|2025-11-25|2025-11-26|2025-11-28|2025-12-01|2025-12-02|2025-12-03|2025-12-04|2025-12-05|2025-12-08|2025-12-09|2025-12-10|2025-12-11|2025-12-12|2025-12-15|2025-12-16|2025-12-17|2025-12-18|2025-12-19|2025-12-22|2025-12-23|2025-12-24,2025-12-26 22:31:10,0.0
Realty Income,,2025-11-12|2025-11-13|2025-11-14|2025-11-17|2025-11-18|2025-11-19|2025-11-20|2025-11-21|2025-11-24|2025-11-25|2025-11-26|2025-11-28|2025-12-01|2025-12-02|2025-12-03|2025-12-04|2025-12-05|2025-12-08|2025-12-09|2025-12-10|2025-12-11|2025-12-12|2025-12-15|2025-12-16|2025-12-17|2025-12-18|2025-12-19|2025-12-22|2025-12-23|2025-12-24,2025-12-26 22:31:10,0.0
Middleby,,2025-11-12|2025-11-13|2025-11-14|2025-11-17|2025-11-18|2025-11-19|2025-11-20|2025-11-21|2025-11-24|2025-11-25|2025-11-26|2025-11-28|2025-12-01|2025-12-02|2025-12-03|2025-12-04|2025-12-05|2025-12-08|2025-12-09|2025-12-10|2025-12-11|2025-12-12|2025-12-15|2025-12-16|2025-12-17|2025-12-18|2025-12-19|2025-12-22|2025-12-23|2025-12-24,2025-12-26 22:31:10,0.0
M/I Homes,,2025-11-12|2025-11-13|2025-11-14|2025-11-17|2025-11-18|2025-11-19|2025-11-20|2025-11-21|2025-11-24|2025-11-25|2025-11-26|2025-11-28|2025-12-01|2025-12-02|2025-12-03|2025-12-04|2025-12-05|2025-12-08|2025-12-09|2025-12-10|2025-12-11|2025-12-12|2025-12-15|2025-12-16|2025-12-17|2025-12-18|2025-12-19|2025-12-22|2025-12-23|2025-12-24,2025-12-26 22:31:10,0.0
Hologic,,2025-11-12|2025-11-13|2025-11-14|2025-11-17|2025-11-18|2025-11-19|2025-11-20|2025-11-21|2025-11-24|2025-11-25|2025-11-26|2025-11-28|2025-12-01|2025-12-02|2025-12-03|2025-12-04|2025-12-05|2025-12-08|2025-12-09|2025-12-10|2025-12-11|2025-12-12|2025-12-15|2025-12-16|2025-12-17|2025-12-18|2025-12-19|2025-12-22|2025-12-23|2025-12-24,2025-12-26 22:31:10,0.0
Alliant Energy,,2025-11-12|2025-11-13|2025-11-14|2025-11-17|2025-11-18|2025-11-19|2025-11-20|2025-11-21|2025-11-24|2025-11-25|2025-11-26|2025-11-28|2025-12-01|2025-12-02|2025-12-03|2025-12-04|2025-12-05|2025-12-08|2025-12-09|2025-12-10|2025-12-11|2025-12-12|2025-12-15|2025-12-16|2025-12-17|2025-12-18|2025-12-19|2025-12-22|2025-12-23|2025-12-24,2025-12-26 22:31:10,0.0
Generac,,2025-11-12|2025-11-13|2025-11-14|2025-11-17|2025-11-18|2025-11-19|2025-11-20|2025-11-21|2025-11-24|2025-11-25|2025-11-26|2025-11-28|2025-12-01|2025-12-02|2025-12-03|2025-12-04|2025-12-05|2025-12-08|2025-12-09|2025-12-10|2025-12-11|2025-12-12|2025-12-15|2025-12-16|2025-12-17|2025-12-18|2025-12-19|2025-12-22|2025-12-23|2025-12-24,2025-12-26 22:31:10,0.0
MSC Industrial Direct,,2025-11-12|2025-11-13|2025-11-14|2025-11-17|2025-11-18|2025-11-19|2025-11-20|2025-11-21|2025-11-24|2025-11-25|2025-11-26|2025-11-28|2025-12-01|2025-12-02|2025-12-03|2025-12-04|2025-12-05|2025-12-08|2025-12-09|2025-12-10|2025-12-11|2025-12-12|2025-12-15|2025-12-16|2025-12-17|2025-12-18|2025-12-19|2025-12-22|2025-12-23|2025-12-24,2025-12-26 22:31:10,0.0
Rocket Companies,,2025-11-12|2025-11-13|2025-11-14|2025-11-17|2025-11-18|2025-11-19|2025-11-20|2025-11-21|2025-11-24|2025-11-25|2025-11-26|2025-11-28|2025-12-01|2025-12-02|2025-12-03|2025-12-04|2025-12-05|2025-12-08|2025-12-09|2025-12-10|2025-12-11|2025-12-12|2025-12-15|2025-12-16|2025-12-17|2025-12-18|2025-12-19|2025-12-22|2025-12-23|2025-12-24,2025-12-26 22:31:10,0.0
Upbound Group,,2025-11-12|2025-11-13|2025-11-14|2025-11-17|2025-11-18|2025-11-19|2025-11-20|2025-11-21|2025-11-24|2025-11-25|2025-11-26|2025-11-28|2025-12-01|2025-12-02|2025-12-03|2025-12-04|2025-12-05|2025-12-08|2025-12-09|2025-12-10|2025-12-11|2025-12-12|2025-12-15|2025-12-16|2025-12-17|2025-12-18|2025-12-19|2025-12-22|2025-12-23|2025-12-24,2025-12-26 22:31:10,0.0
East West Bancorp,,2025-11-12|2025-11-13|2025-11-14|2025-11-17|2025-11-18|2025-11-19|2025-11-20|2025-11-21|2025-11-24|2025-11-25|2025-11-26|2025-11-28|2025-12-01|2025-12-02|2025-12-03|2025-12-04|2025-12-05|2025-12-08|2025-12-09|2025-12-10|2025-12-11|2025-12-12|2025-12-15|2025-12-16|2025-12-17|2025-12-18|2025-12-19|2025-12-22|2025-12-23|2025-12-24,2025-12-26 22:31:10,0.0
Hilton Grand Vacations,,2025-11-12|2025-11-13|2025-11-14|2025-11-17|2025-11-18|2025-11-19|2025-11-20|2025-11-21|2025-11-24|2025-11-25|2025-11-26|2025-11-28|2025-12-01|2025-12-02|2025-12-03|2025-12-04|2025-12-05|2025-12-08|2025-12-09|2025-12-10|2025-12-11|2025-12-12|2025-12-15|2025-12-16|2025-12-17|2025-12-18|2025-12-19|2025-12-22|2025-12-23|2025-12-24,2025-12-26 22:31:10,0.0
Grocery Outlet Holding,,2025-11-12|2025-11-13|2025-11-14|2025-11-17|2025-11-18|2025-11-19|2025-11-20|2025-11-21|2025-11-24|2025-11-25|2025-11-26|2025-11-28|2025-12-01|2025-12-02|2025-12-03|2025-12-04|2025-12-05|2025-12-08|2025-12-09|2025-12-10|2025-12-11|2025-12-12|2025-12-15|2025-12-16|2025-12-17|2025-12-18|2025-12-19|2025-12-22|2025-12-23|2025-12-24,2025-12-26 22:31:10,0.0
Dentsply Sirona,,2025-11-12|2025-11-13|2025-11-14|2025-11-17|2025-11-18|2025-11-19|2025-11-20|2025-11-21|2025-11-24|2025-11-25|2025-11-26|2025-11-28|2025-12-01|2025-12-02|2025-12-03|2025-12-04|2025-12-05|2025-12-08|2025-12-09|2025-12-10|2025-12-11|2025-12-12|2025-12-15|2025-12-16|2025-12-17|2025-12-18|2025-12-19|2025-12-22|2025-12-23|2025-12-24,2025-12-26 22:31:10,0.0
V2X,,2025-11-12|2025-11-13|2025-11-14|2025-11-17|2025-11-18|2025-11-19|2025-11-20|2025-11-21|2025-11-24|2025-11-25|2025-11-26|2025-11-28|2025-12-01|2025-12-02|2025-12-03|2025-12-04|2025-12-05|2025-12-08|2025-12-09|2025-12-10|2025-12-11|2025-12-12|2025-12-15|2025-12-16|2025-12-17|2025-12-18|2025-12-19|2025-12-22|2025-12-23|2025-12-24,2025-12-26 22:31:10,0.0
Crocs,,2025-11-12|2025-11-13|2025-11-14|2025-11-17|2025-11-18|2025-11-19|2025-11-20|2025-11-21|2025-11-24|2025-11-25|2025-11-26|2025-11-28|2025-12-01|2025-12-02|2025-12-03|2025-12-04|2025-12-05|2025-12-08|2025-12-09|2025-12-10|2025-12-11|2025-12-12|2025-12-15|2025-12-16|2025-12-17|2025-12-18|2025-12-19|2025-12-22|2025-12-23|2025-12-24,2025-12-26 22:31:10,0.0
Spectrum Brands,,2025-11-12|2025-11-13|2025-11-14|2025-11-17|2025-11-18|2025-11-19|2025-11-20|2025-11-21|2025-11-24|2025-11-25|2025-11-26|2025-11-28|2025-12-01|2025-12-02|2025-12-03|2025-12-04|2025-12-05|2025-12-08|2025-12-09|2025-12-10|2025-12-11|2025-12-12|2025-12-15|2025-12-16|2025-12-17|2025-12-18|2025-12-19|2025-12-22|2025-12-23|2025-12-24,2025-12-26 22:31:10,0.0
Visteon,,2025-11-12|2025-11-13|2025-11-14|2025-11-17|2025-11-18|2025-11-19|2025-11-20|2025-11-21|2025-11-24|2025-11-25|2025-11-26|2025-11-28|2025-12-01|2025-12-02|2025-12-03|2025-12-04|2025-12-05|2025-12-08|2025-12-09|2025-12-10|2025-12-11|2025-12-12|2025-12-15|2025-12-16|2025-12-17|2025-12-18|2025-12-19|2025-12-22|2025-12-23|2025-12-24,2025-12-26 22:31:10,0.0
Acuity Inc,,2025-11-12|2025-11-13|2025-11-14|2025-11-17|2025-11-18|2025-11-19|2025-11-20|2025-11-21|2025-11-24|2025-11-25|2025-11-26|2025-11-28|2025-12-01|2025-12-02|2025-12-03|2025-12-04|2025-12-05|2025-12-08|2025-12-09|2025-12-10|2025-12-11|2025-12-12|2025-12-15|2025-12-16|2025-12-17|2025-12-18|2025-12-19|2025-12-22|2025-12-23|2025-12-24,2025-12-26 22:31:10,0.0
The Greenbrier Companies,,2025-11-12|2025-11-13|2025-11-14|2025-11-17|2025-11-18|2025-11-19|2025-11-20|2025-11-21|2025-11-24|2025-11-25|2025-11-26|2025-11-28|2025-12-01|2025-12-02|2025-12-03|2025-12-04|2025-12-05|2025-12-08|2025-12-09|2025-12-10|2025-12-11|2025-12-12|2025-12-15|2025-12-16|2025-12-17|2025-12-18|2025-12-19|2025-12-22|2025-12-23|2025-12-24,2025-12-26 22:31:10,0.0
Webster Financial,,2025-11-12|2025-11-13|2025-11-14|2025-11-17|2025-11-18|2025-11-19|2025-11-20|2025-11-21|2025-11-24|2025-11-25|2025-11-26|2025-11-28|2025-12-01|2025-12-02|2025-12-03|2025-12-04|2025-12-05|2025-12-08|2025-12-09|2025-12-10|2025-12-11|2025-12-12|2025-12-15|2025-12-16|2025-12-17|2025-12-18|2025-12-19|2025-12-22|2025-12-23|2025-12-24,2025-12-26 22:31:10,0.0
Cabot Corporation,,2025-11-12|2025-11-13|2025-11-14|2025-11-17|2025-11-18|2025-11-19|2025-11-20|2025-11-21|2025-11-24|2025-11-25|2025-11-26|2025-11-28|2025-12-01|2025-12-02|2025-12-03|2025-12-04|2025-12-05|2025-12-08|2025-12-09|2025-12-10|2025-12-11|2025-12-12|2025-12-15|2025-12-16|2025-12-17|2025-12-18|2025-12-19|2025-12-22|2025-12-23|2025-12-24,2025-12-26 22:31:10,0.0
RXO Inc,,2025-11-12|2025-11-13|2025-11-14|2025-11-17|2025-11-18|2025-11-19|2025-11-20|2025-11-21|2025-11-24|2025-11-25|2025-11-26|2025-11-28|2025-12-01|2025-12-02|2025-12-03|2025-12-04|2025-12-05|2025-12-08|2025-12-09|2025-12-10|2025-12-11|2025-12-12|2025-12-15|2025-12-16|2025-12-17|2025-12-18|2025-12-19|2025-12-22|2025-12-23|2025-12-24,2025-12-26 22:31:10,0.0
Chord Energy,,2025-11-12|2025-11-13|2025-11-14|2025-11-17|2025-11-18|2025-11-19|2025-11-20|2025-11-21|2025-11-24|2025-11-25|2025-11-26|2025-11-28|2025-12-01|2025-12-02|2025-12-03|2025-12-04|2025-12-05|2025-12-08|2025-12-09|2025-12-10|2025-12-11|2025-12-12|2025-12-15|2025-12-16|2025-12-17|2025-12-18|2025-12-19|2025-12-22|2025-12-23|2025-12-24,2025-12-26 22:31:10,0.0
Popular Inc,,2025-11-12|2025-11-13|2025-11-14|2025-11-17|2025-11-18|2025-11-19|2025-11-20|2025-11-21|2025-11-24|2025-11-25|2025-11-26|2025-11-28|2025-12-01|2025-12-02|2025-12-03|2025-12-04|2025-12-05|2025-12-08|2025-12-09|2025-12-10|2025-12-11|2025-12-12|2025-12-15|2025-12-16|2025-12-17|2025-12-18|2025-12-19|2025-12-22|2025-12-23|2025-12-24,2025-12-26 22:31:10,0.0
Garrett Motion Inc,,2025-11-12|2025-11-13|2025-11-14|2025-11-17|2025-11-18|2025-11-19|2025-11-20|2025-11-21|2025-11-24|2025-11-25|2025-11-26|2025-11-28|2025-12-01|2025-12-02|2025-12-03|2025-12-04|2025-12-05|2025-12-08|2025-12-09|2025-12-10|2025-12-11|2025-12-12|2025-12-15|2025-12-16|2025-12-17|2025-12-18|2025-12-19|2025-12-22|2025-12-23|2025-12-24,2025-12-26 22:31:10,0.0
Tutor Perini Corporation,,2025-11-12|2025-11-13|2025-11-14|2025-11-17|2025-11-18|2025-11-19|2025-11-20|2025-11-21|2025-11-24|2025-11-25|2025-11-26|2025-11-28|2025-12-01|2025-12-02|2025-12-03|2025-12-04|2025-12-05|2025-12-08|2025-12-09|2025-12-10|2025-12-11|2025-12-12|2025-12-15|2025-12-16|2025-12-17|2025-12-18|2025-12-19|2025-12-22|2025-12-23|2025-12-24,2025-12-26 22:31:10,0.0
Copart,,2025-11-12|2025-11-13|2025-11-14|2025-11-17|2025-11-18|2025-11-19|2025-11-20|2025-11-21|2025-11-24|2025-11-25|2025-11-26|2025-11-28|2025-12-01|2025-12-02|2025-12-03|2025-12-04|2025-12-05|2025-12-08|2025-12-09|2025-12-10|2025-12-11|2025-12-12|2025-12-15|2025-12-16|2025-12-17|2025-12-18|2025-12-19|2025-12-22|2025-12-23|2025-12-24,2025-12-26 22:31:10,0.0
Toast Inc,,2025-11-12|2025-11-13|2025-11-14|2025-11-17|2025-11-18|2025-11-19|2025-11-20|2025-11-21|2025-11-24|2025-11-25|2025-11-26|2025-11-28|2025-12-01|2025-12-02|2025-12-03|2025-12-04|2025-12-05|2025-12-08|2025-12-09|2025-12-10|2025-12-11|2025-12-12|2025-12-15|2025-12-16|2025-12-17|2025-12-18|2025-12-19|2025-12-22|2025-12-23|2025-12-24,2025-12-26 22:31:10,0.0
Align Technology,,2025-11-12|2025-11-13|2025-11-14|2025-11-17|2025-11-18|2025-11-19|2025-11-20|2025-11-21|2025-11-24|2025-11-25|2025-11-26|2025-11-28|2025-12-01|2025-12-02|2025-12-03|2025-12-04|2025-12-05|2025-12-08|2025-12-09|2025-12-10|2025-12-11|2025-12-12|2025-12-15|2025-12-16|2025-12-17|2025-12-18|2025-12-19|2025-12-22|2025-12-23|2025-12-24,2025-12-26 22:31:10,0.0
A O Smith,,2025-11-12|2025-11-13|2025-11-14|2025-11-17|2025-11-18|2025-11-19|2025-11-20|2025-11-21|2025-11-24|2025-11-25|2025-11-26|2025-11-28|2025-12-01|2025-12-02|2025-12-03|2025-12-04|2025-12-05|2025-12-08|2025-12-09|2025-12-10|2025-12-11|2025-12-12|2025-12-15|2025-12-16|2025-12-17|2025-12-18|2025-12-19|2025-12-22|2025-12-23|2025-12-24,2025-12-26 22:31:10,0.0
TransUnion,,2025-11-12|2025-11-13|2025-11-14|2025-11-17|2025-11-18|2025-11-19|2025-11-20|2025-11-21|2025-11-24|2025-11-25|2025-11-26|2025-11-28|2025-12-01|2025-12-02|2025-12-03|2025-12-04|2025-12-05|2025-12-08|2025-12-09|2025-12-10|2025-12-11|2025-12-12|2025-12-15|2025-12-16|2025-12-17|2025-12-18|2025-12-19|2025-12-22|2025-12-23|2025-12-24,2025-12-26 22:31:10,0.0
NCR Voyix,,2025-11-12|2025-11-13|2025-11-14|2025-11-17|2025-11-18|2025-11-19|2025-11-20|2025-11-21|2025-11-24|2025-11-25|2025-11-26|2025-11-28|2025-12-01|2025-12-02|2025-12-03|2025-12-04|2025-12-05|2025-12-08|2025-12-09|2025-12-10|2025-12-11|2025-12-12|2025-12-15|2025-12-16|2025-12-17|2025-12-18|2025-12-19|2025-12-22|2025-12-23|2025-12-24,2025-12-26 22:31:10,0.0
Akamai Technologies,,2025-11-12|2025-11-13|2025-11-14|2025-11-17|2025-11-18|2025-11-19|2025-11-20|2025-11-21|2025-11-24|2025-11-25|2025-11-26|2025-11-28|2025-12-01|2025-12-02|2025-12-03|2025-12-04|2025-12-05|2025-12-08|2025-12-09|2025-12-10|2025-12-11|2025-12-12|2025-12-15|2025-12-16|2025-12-17|2025-12-18|2025-12-19|2025-12-22|2025-12-23|2025-12-24,2025-12-26 22:31:10,0.0
Trimble Inc,,2025-11-12|2025-11-13|2025-11-14|2025-11-17|2025-11-18|2025-11-19|2025-11-20|2025-11-21|2025-11-24|2025-11-25|2025-11-26|2025-11-28|2025-12-01|2025-12-02|2025-12-03|2025-12-04|2025-12-05|2025-12-08|2025-12-09|2025-12-10|2025-12-11|2025-12-12|2025-12-15|2025-12-16|2025-12-17|2025-12-18|2025-12-19|2025-12-22|2025-12-23|2025-12-24,2025-12-26 22:31:10,0.0
AMN Healthcare Services,,2025-11-12|2025-11-13|2025-11-14|2025-11-17|2025-11-18|2025-11-19|2025-11-20|2025-11-21|2025-11-24|2025-11-25|2025-11-26|2025-11-28|2025-12-01|2025-12-02|2025-12-03|2025-12-04|2025-12-05|2025-12-08|2025-12-09|2025-12-10|2025-12-11|2025-12-12|2025-12-15|2025-12-16|2025-12-17|2025-12-18|2025-12-19|2025-12-22|2025-12-23|2025-12-24,2025-12-26 22:31:10,0.0
Mettler-Toledo International,,2025-11-12|2025-11-13|2025-11-14|2025-11-17|2025-11-18|2025-11-19|2025-11-20|2025-11-21|2025-11-24|2025-11-25|2025-11-26|2025-11-28|2025-12-01|2025-12-02|2025-12-03|2025-12-04|2025-12-05|2025-12-08|2025-12-09|2025-12-10|2025-12-11|2025-12-12|2025-12-15|2025-12-16|2025-12-17|2025-12-18|2025-12-19|2025-12-22|2025-12-23|2025-12-24,2025-12-26 22:31:10,0.0
ScanSource,,2025-11-12|2025-11-13|2025-11-14|2025-11-17|2025-11-18|2025-11-19|2025-11-20|2025-11-21|2025-11-24|2025-11-25|2025-11-26|2025-11-28|2025-12-01|2025-12-02|2025-12-03|2025-12-04|2025-12-05|2025-12-08|2025-12-09|2025-12-10|2025-12-11|2025-12-12|2025-12-15|2025-12-16|2025-12-17|2025-12-18|2025-12-19|2025-12-22|2025-12-23|2025-12-24,2025-12-26 22:31:10,0.0
LCI Industries,,2025-11-12|2025-11-13|2025-11-14|2025-11-17|2025-11-18|2025-11-19|2025-11-20|2025-11-21|2025-11-24|2025-11-25|2025-11-26|2025-11-28|2025-12-01|2025-12-02|2025-12-03|2025-12-04|2025-12-05|2025-12-08|2025-12-09|2025-12-10|2025-12-11|2025-12-12|2025-12-15|2025-12-16|2025-12-17|2025-12-18|2025-12-19|2025-12-22|2025-12-23|2025-12-24,2025-12-26 22:31:10,0.0
Cboe Global Markets,,2025-11-12|2025-11-13|2025-11-14|2025-11-17|2025-11-18|2025-11-19|2025-11-20|2025-11-21|2025-11-24|2025-11-25|2025-11-26|2025-11-28|2025-12-01|2025-12-02|2025-12-03|2025-12-04|2025-12-05|2025-12-08|2025-12-09|2025-12-10|2025-12-11|2025-12-12|2025-12-15|2025-12-16|2025-12-17|2025-12-18|2025-12-19|2025-12-22|2025-12-23|2025-12-24,2025-12-26 22:31:10,0.0
Diebold Nixdorf,,2025-11-12|2025-11-13|2025-11-14|2025-11-17|2025-11-18|2025-11-19|2025-11-20|2025-11-21|2025-11-24|2025-11-25|2025-11-26|2025-11-28|2025-12-01|2025-12-02|2025-12-03|2025-12-04|2025-12-05|2025-12-08|2025-12-09|2025-12-10|2025-12-11|2025-12-12|2025-12-15|2025-12-16|2025-12-17|2025-12-18|2025-12-19|2025-12-22|2025-12-23|2025-12-24,2025-12-26 22:31:10,0.0
Corpay,,2025-11-12|2025-11-13|2025-11-14|2025-11-17|2025-11-18|2025-11-19|2025-11-20|2025-11-21|2025-11-24|2025-11-25|2025-11-26|2025-11-28|2025-12-01|2025-12-02|2025-12-03|2025-12-04|2025-12-05|2025-12-08|2025-12-09|2025-12-10|2025-12-11|2025-12-12|2025-12-15|2025-12-16|2025-12-17|2025-12-18|2025-12-19|2025-12-22|2025-12-23|2025-12-24,2025-12-26 22:31:10,0.0
iHeartMedia,,2025-11-12|2025-11-13|2025-11-14|2025-11-17|2025-11-18|2025-11-19|2025-11-20|2025-11-21|2025-11-24|2025-11-25|2025-11-26|2025-11-28|2025-12-01|2025-12-02|2025-12-03|2025-12-04|2025-12-05|2025-12-08|2025-12-09|2025-12-10|2025-12-11|2025-12-12|2025-12-15|2025-12-16|2025-12-17|2025-12-18|2025-12-19|2025-12-22|2025-12-23|2025-12-24,2025-12-26 22:31:10,0.0
Dream Finders Homes,,2025-11-12|2025-11-13|2025-11-14|2025-11-17|2025-11-18|2025-11-19|2025-11-20|2025-11-21|2025-11-24|2025-11-25|2025-11-26|2025-11-28|2025-12-01|2025-12-02|2025-12-03|2025-12-04|2025-12-05|2025-12-08|2025-12-09|2025-12-10|2025-12-11|2025-12-12|2025-12-15|2025-12-16|2025-12-17|2025-12-18|2025-12-19|2025-12-22|2025-12-23|2025-12-24,2025-12-26 22:31:10,0.0
Boyd Gaming,,2025-11-12|2025-11-13|2025-11-14|2025-11-17|2025-11-18|2025-11-19|2025-11-20|2025-11-21|2025-11-24|2025-11-25|2025-11-26|2025-11-28|2025-12-01|2025-12-02|2025-12-03|2025-12-04|2025-12-05|2025-12-08|2025-12-09|2025-12-10|2025-12-11|2025-12-12|2025-12-15|2025-12-16|2025-12-17|2025-12-18|2025-12-19|2025-12-22|2025-12-23|2025-12-24,2025-12-26 22:31:10,0.0
Ensign Group,,2025-11-12|2025-11-13|2025-11-14|2025-11-17|2025-11-18|2025-11-19|2025-11-20|2025-11-21|2025-11-24|2025-11-25|2025-11-26|2025-11-28|2025-12-01|2025-12-02|2025-12-03|2025-12-04|2025-12-05|2025-12-08|2025-12-09|2025-12-10|2025-12-11|2025-12-12|2025-12-15|2025-12-16|2025-12-17|2025-12-18|2025-12-19|2025-12-22|2025-12-23|2025-12-24,2025-12-26 22:31:10,0.0
Sally Beauty,,2025-11-12|2025-11-13|2025-11-14|2025-11-17|2025-11-18|2025-11-19|2025-11-20|2025-11-21|2025-11-24|2025-11-25|2025-11-26|2025-11-28|2025-12-01|2025-12-02|2025-12-03|2025-12-04|2025-12-05|2025-12-08|2025-12-09|2025-12-10|2025-12-11|2025-12-12|2025-12-15|2025-12-16|2025-12-17|2025-12-18|2025-12-19|2025-12-22|2025-12-23|2025-12-24,2025-12-26 22:31:10,0.0
Conduent,,2025-11-12|2025-11-13|2025-11-14|2025-11-17|2025-11-18|2025-11-19|2025-11-20|2025-11-21|2025-11-24|2025-11-25|2025-11-26|2025-11-28|2025-12-01|2025-12-02|2025-12-03|2025-12-04|2025-12-05|2025-12-08|2025-12-09|2025-12-10|2025-12-11|2025-12-12|2025-12-15|2025-12-16|2025-12-17|2025-12-18|2025-12-19|2025-12-22|2025-12-23|2025-12-24,2025-12-26 22:31:10,0.0
Sylvamo,,2025-11-12|2025-11-13|2025-11-14|2025-11-17|2025-11-18|2025-11-19|2025-11-20|2025-11-21|2025-11-24|2025-11-25|2025-11-26|2025-11-28|2025-12-01|2025-12-02|2025-12-03|2025-12-04|2025-12-05|2025-12-08|2025-12-09|2025-12-10|2025-12-11|2025-12-12|2025-12-15|2025-12-16|2025-12-17|2025-12-18|2025-12-19|2025-12-22|2025-12-23|2025-12-24,2025-12-26 22:31:10,0.0
Tri Pointe Homes,,2025-11-12|2025-11-13|2025-11-14|2025-11-17|2025-11-18|2025-11-19|2025-11-20|2025-11-21|2025-11-24|2025-11-25|2025-11-26|2025-11-28|2025-12-01|2025-12-02|2025-12-03|2025-12-04|2025-12-05|2025-12-08|2025-12-09|2025-12-10|2025-12-11|2025-12-12|2025-12-15|2025-12-16|2025-12-17|2025-12-18|2025-12-19|2025-12-22|2025-12-23|2025-12-24,2025-12-26 22:31:10,0.0
EnerSys,,2025-11-12|2025-11-13|2025-11-14|2025-11-17|2025-11-18|2025-11-19|2025-11-20|2025-11-21|2025-11-24|2025-11-25|2025-11-26|2025-11-28|2025-12-01|2025-12-02|2025-12-03|2025-12-04|2025-12-05|2025-12-08|2025-12-09|2025-12-10|2025-12-11|2025-12-12|2025-12-15|2025-12-16|2025-12-17|2025-12-18|2025-12-19|2025-12-22|2025-12-23|2025-12-24,2025-12-26 22:31:10,0.0
Incyte,,2025-11-12|2025-11-13|2025-11-14|2025-11-17|2025-11-18|2025-11-19|2025-11-20|2025-11-21|2025-11-24|2025-11-25|2025-11-26|2025-11-28|2025-12-01|2025-12-02|2025-12-03|2025-12-04|2025-12-05|2025-12-08|2025-12-09|2025-12-10|2025-12-11|2025-12-12|2025-12-15|2025-12-16|2025-12-17|2025-12-18|2025-12-19|2025-12-22|2025-12-23|2025-12-24,2025-12-26 22:31:10,0.0
Century Communities,,2025-11-12|2025-11-13|2025-11-14|2025-11-17|2025-11-18|2025-11-19|2025-11-20|2025-11-21|2025-11-24|2025-11-25|2025-11-26|2025-11-28|2025-12-01|2025-12-02|2025-12-03|2025-12-04|2025-12-05|2025-12-08|2025-12-09|2025-12-10|2025-12-11|2025-12-12|2025-12-15|2025-12-16|2025-12-17|2025-12-18|2025-12-19|2025-12-22|2025-12-23|2025-12-24,2025-12-26 22:31:10,0.0
Rithm Capital,,2025-11-12|2025-11-13|2025-11-14|2025-11-17|2025-11-18|2025-11-19|2025-11-20|2025-11-21|2025-11-24|2025-11-25|2025-11-26|2025-11-28|2025-12-01|2025-12-02|2025-12-03|2025-12-04|2025-12-05|2025-12-08|2025-12-09|2025-12-10|2025-12-11|2025-12-12|2025-12-15|2025-12-16|2025-12-17|2025-12-18|2025-12-19|2025-12-22|2025-12-23|2025-12-24,2025-12-26 22:31:10,0.0
Euronet Worldwide,,2025-11-12|2025-11-13|2025-11-14|2025-11-17|2025-11-18|2025-11-19|2025-11-20|2025-11-21|2025-11-24|2025-11-25|2025-11-26|2025-11-28|2025-12-01|2025-12-02|2025-12-03|2025-12-04|2025-12-05|2025-12-08|2025-12-09|2025-12-10|2025-12-11|2025-12-12|2025-12-15|2025-12-16|2025-12-17|2025-12-18|2025-12-19|2025-12-22|2025-12-23|2025-12-24,2025-12-26 22:31:10,0.0
Hawaiian Electric Industries,,2025-11-12|2025-11-13|2025-11-14|2025-11-17|2025-11-18|2025-11-19|2025-11-20|2025-11-21|2025-11-24|2025-11-25|2025-11-26|2025-11-28|2025-12-01|2025-12-02|2025-12-03|2025-12-04|2025-12-05|2025-12-08|2025-12-09|2025-12-10|2025-12-11|2025-12-12|2025-12-15|2025-12-16|2025-12-17|2025-12-18|2025-12-19|2025-12-22|2025-12-23|2025-12-24,2025-12-26 22:31:10,0.0
DraftKings,,2025-11-12|2025-11-13|2025-11-14|2025-11-17|2025-11-18|2025-11-19|2025-11-20|2025-11-21|2025-11-24|2025-11-25|2025-11-26|2025-11-28|2025-12-01|2025-12-02|2025-12-03|2025-12-04|2025-12-05|2025-12-08|2025-12-09|2025-12-10|2025-12-11|2025-12-12|2025-12-15|2025-12-16|2025-12-17|2025-12-18|2025-12-19|2025-12-22|2025-12-23|2025-12-24,2025-12-26 22:31:10,0.0
IDEXX Laboratories,,2025-11-12|2025-11-13|2025-11-14|2025-11-17|2025-11-18|2025-11-19|2025-11-20|2025-11-21|2025-11-24|2025-11-25|2025-11-26|2025-11-28|2025-12-01|2025-12-02|2025-12-03|2025-12-04|2025-12-05|2025-12-08|2025-12-09|2025-12-10|2025-12-11|2025-12-12|2025-12-15|2025-12-16|2025-12-17|2025-12-18|2025-12-19|2025-12-22|2025-12-23|2025-12-24,2025-12-26 22:31:10,0.0
MYR Group,,2025-11-12|2025-11-13|2025-11-14|2025-11-17|2025-11-18|2025-11-19|2025-11-20|2025-11-21|2025-11-24|2025-11-25|2025-11-26|2025-11-28|2025-12-01|2025-12-02|2025-12-03|2025-12-04|2025-12-05|2025-12-08|2025-12-09|2025-12-10|2025-12-11|2025-12-12|2025-12-15|2025-12-16|2025-12-17|2025-12-18|2025-12-19|2025-12-22|2025-12-23|2025-12-24,2025-12-26 22:31:10,0.0
Deckers Outdoor,,2025-11-12|2025-11-13|2025-11-14|2025-11-17|2025-11-18|2025-11-19|2025-11-20|2025-11-21|2025-11-24|2025-11-25|2025-11-26|2025-11-28|2025-12-01|2025-12-02|2025-12-03|2025-12-04|2025-12-05|2025-12-08|2025-12-09|2025-12-10|2025-12-11|2025-12-12|2025-12-15|2025-12-16|2025-12-17|2025-12-18|2025-12-19|2025-12-22|2025-12-23|2025-12-24,2025-12-26 22:31:10,0.0
DexCom,,2025-11-12|2025-11-13|2025-11-14|2025-11-17|2025-11-18|2025-11-19|2025-11-20|2025-11-21|2025-11-24|2025-11-25|2025-11-26|2025-11-28|2025-12-01|2025-12-02|2025-12-03|2025-12-04|2025-12-05|2025-12-08|2025-12-09|2025-12-10|2025-12-11|2025-12-12|2025-12-15|2025-12-16|2025-12-17|2025-12-18|2025-12-19|2025-12-22|2025-12-23|2025-12-24,2025-12-26 22:31:10,0.0
MKS Instruments,,2025-11-12|2025-11-13|2025-11-14|2025-11-17|2025-11-18|2025-11-19|2025-11-20|2025-11-21|2025-11-24|2025-11-25|2025-11-26|2025-11-28|2025-12-01|2025-12-02|2025-12-03|2025-12-04|2025-12-05|2025-12-08|2025-12-09|2025-12-10|2025-12-11|2025-12-12|2025-12-15|2025-12-16|2025-12-17|2025-12-18|2025-12-19|2025-12-22|2025-12-23|2025-12-24,2025-12-26 22:31:10,0.0
VICI Properties,,2025-11-12|2025-11-13|2025-11-14|2025-11-17|2025-11-18|2025-11-19|2025-11-20|2025-11-21|2025-11-24|2025-11-25|2025-11-26|2025-11-28|2025-12-01|2025-12-02|2025-12-03|2025-12-04|2025-12-05|2025-12-08|2025-12-09|2025-12-10|2025-12-11|2025-12-12|2025-12-15|2025-12-16|2025-12-17|2025-12-18|2025-12-19|2025-12-22|2025-12-23|2025-12-24,2025-12-26 22:31:10,0.0
Cooper Cos,,2025-11-12|2025-11-13|2025-11-14|2025-11-17|2025-11-18|2025-11-19|2025-11-20|2025-11-21|2025-11-24|2025-11-25|2025-11-26|2025-11-28|2025-12-01|2025-12-02|2025-12-03|2025-12-04|2025-12-05|2025-12-08|2025-12-09|2025-12-10|2025-12-11|2025-12-12|2025-12-15|2025-12-16|2025-12-17|2025-12-18|2025-12-19|2025-12-22|2025-12-23|2025-12-24,2025-12-26 22:31:10,0.0
Frontier Airlines,,2025-11-12|2025-11-13|2025-11-14|2025-11-17|2025-11-18|2025-11-19|2025-11-20|2025-11-21|2025-11-24|2025-11-25|2025-11-26|2025-11-28|2025-12-01|2025-12-02|2025-12-03|2025-12-04|2025-12-05|2025-12-08|2025-12-09|2025-12-10|2025-12-11|2025-12-12|2025-12-15|2025-12-16|2025-12-17|2025-12-18|2025-12-19|2025-12-22|2025-12-23|2025-12-24,2025-12-26 22:31:10,0.0
Qorvo,,2025-11-12|2025-11-13|2025-11-14|2025-11-17|2025-11-18|2025-11-19|2025-11-20|2025-11-21|2025-11-24|2025-11-25|2025-11-26|2025-11-28|2025-12-01|2025-12-02|2025-12-03|2025-12-04|2025-12-05|2025-12-08|2025-12-09|2025-12-10|2025-12-11|2025-12-12|2025-12-15|2025-12-16|2025-12-17|2025-12-18|2025-12-19|2025-12-22|2025-12-23|2025-12-24,2025-12-26 22:31:10,0.0
Five Below,,2025-11-12|2025-11-13|2025-11-14|2025-11-17|2025-11-18|2025-11-19|2025-11-20|2025-11-21|2025-11-24|2025-11-25|2025-11-26|2025-11-28|2025-12-01|2025-12-02|2025-12-03|2025-12-04|2025-12-05|2025-12-08|2025-12-09|2025-12-10|2025-12-11|2025-12-12|2025-12-15|2025-12-16|2025-12-17|2025-12-18|2025-12-19|2025-12-22|2025-12-23|2025-12-24,2025-12-26 22:31:10,0.0
TreeHouse Foods,,2025-11-12|2025-11-13|2025-11-14|2025-11-17|2025-11-18|2025-11-19|2025-11-20|2025-11-21|2025-11-24|2025-11-25|2025-11-26|2025-11-28|2025-12-01|2025-12-02|2025-12-03|2025-12-04|2025-12-05|2025-12-08|2025-12-09|2025-12-10|2025-12-11|2025-12-12|2025-12-15|2025-12-16|2025-12-17|2025-12-18|2025-12-19|2025-12-22|2025-12-23|2025-12-24,2025-12-26 22:31:10,0.0
Scotts Miracle-Gro,,2025-11-12|2025-11-13|2025-11-14|2025-11-17|2025-11-18|2025-11-19|2025-11-20|2025-11-21|2025-11-24|2025-11-25|2025-11-26|2025-11-28|2025-12-01|2025-12-02|2025-12-03|2025-12-04|2025-12-05|2025-12-08|2025-12-09|2025-12-10|2025-12-11|2025-12-12|2025-12-15|2025-12-16|2025-12-17|2025-12-18|2025-12-19|2025-12-22|2025-12-23|2025-12-24,2025-12-26 22:31:10,0.0
Atlassian,,2025-11-12|2025-11-13|2025-11-14|2025-11-17|2025-11-18|2025-11-19|2025-11-20|2025-11-21|2025-11-24|2025-11-25|2025-11-26|2025-11-28|2025-12-01|2025-12-02|2025-12-03|2025-12-04|2025-12-05|2025-12-08|2025-12-09|2025-12-10|2025-12-11|2025-12-12|2025-12-15|2025-12-16|2025-12-17|2025-12-18|2025-12-19|2025-12-22|2025-12-23|2025-12-24,2025-12-26 22:31:10,0.0
Entegris,,2025-11-12|2025-11-13|2025-11-14|2025-11-17|2025-11-18|2025-11-19|2025-11-20|2025-11-21|2025-11-24|2025-11-25|2025-11-26|2025-11-28|2025-12-01|2025-12-02|2025-12-03|2025-12-04|2025-12-05|2025-12-08|2025-12-09|2025-12-10|2025-12-11|2025-12-12|2025-12-15|2025-12-16|2025-12-17|2025-12-18|2025-12-19|2025-12-22|2025-12-23|2025-12-24,2025-12-26 22:31:10,0.0
Atkore,,2025-11-12|2025-11-13|2025-11-14|2025-11-17|2025-11-18|2025-11-19|2025-11-20|2025-11-21|2025-11-24|2025-11-25|2025-11-26|2025-11-28|2025-12-01|2025-12-02|2025-12-03|2025-12-04|2025-12-05|2025-12-08|2025-12-09|2025-12-10|2025-12-11|2025-12-12|2025-12-15|2025-12-16|2025-12-17|2025-12-18|2025-12-19|2025-12-22|2025-12-23|2025-12-24,2025-12-26 22:31:10,0.0
HB Fuller,,2025-11-12|2025-11-13|2025-11-14|2025-11-17|2025-11-18|2025-11-19|2025-11-20|2025-11-21|2025-11-24|2025-11-25|2025-11-26|2025-11-28|2025-12-01|2025-12-02|2025-12-03|2025-12-04|2025-12-05|2025-12-08|2025-12-09|2025-12-10|2025-12-11|2025-12-12|2025-12-15|2025-12-16|2025-12-17|2025-12-18|2025-12-19|2025-12-22|2025-12-23|2025-12-24,2025-12-26 22:31:10,0.0
Granite Construction,,2025-11-12|2025-11-13|2025-11-14|2025-11-17|2025-11-18|2025-11-19|2025-11-20|2025-11-21|2025-11-24|2025-11-25|2025-11-26|2025-11-28|2025-12-01|2025-12-02|2025-12-03|2025-12-04|2025-12-05|2025-12-08|2025-12-09|2025-12-10|2025-12-11|2025-12-12|2025-12-15|2025-12-16|2025-12-17|2025-12-18|2025-12-19|2025-12-22|2025-12-23|2025-12-24,2025-12-26 22:31:10,0.0
Winnebago Industries,,2025-11-12|2025-11-13|2025-11-14|2025-11-17|2025-11-18|2025-11-19|2025-11-20|2025-11-21|2025-11-24|2025-11-25|2025-11-26|2025-11-28|2025-12-01|2025-12-02|2025-12-03|2025-12-04|2025-12-05|2025-12-08|2025-12-09|2025-12-10|2025-12-11|2025-12-12|2025-12-15|2025-12-16|2025-12-17|2025-12-18|2025-12-19|2025-12-22|2025-12-23|2025-12-24,2025-12-26 22:31:10,0.0
FTI Consulting,,2025-11-12|2025-11-13|2025-11-14|2025-11-17|2025-11-18|2025-11-19|2025-11-20|2025-11-21|2025-11-24|2025-11-25|2025-11-26|2025-11-28|2025-12-01|2025-12-02|2025-12-03|2025-12-04|2025-12-05|2025-12-08|2025-12-09|2025-12-10|2025-12-11|2025-12-12|2025-12-15|2025-12-16|2025-12-17|2025-12-18|2025-12-19|2025-12-22|2025-12-23|2025-12-24,2025-12-26 22:31:10,0.0
AptarGroup,,2025-11-12|2025-11-13|2025-11-14|2025-11-17|2025-11-18|2025-11-19|2025-11-20|2025-11-21|2025-11-24|2025-11-25|2025-11-26|2025-11-28|2025-12-01|2025-12-02|2025-12-03|2025-12-04|2025-12-05|2025-12-08|2025-12-09|2025-12-10|2025-12-11|2025-12-12|2025-12-15|2025-12-16|2025-12-17|2025-12-18|2025-12-19|2025-12-22|2025-12-23|2025-12-24,2025-12-26 22:31:10,0.0
Columbia Sportswear,,2025-11-12|2025-11-13|2025-11-14|2025-11-17|2025-11-18|2025-11-19|2025-11-20|2025-11-21|2025-11-24|2025-11-25|2025-11-26|2025-11-28|2025-12-01|2025-12-02|2025-12-03|2025-12-04|2025-12-05|2025-12-08|2025-12-09|2025-12-10|2025-12-11|2025-12-12|2025-12-15|2025-12-16|2025-12-17|2025-12-18|2025-12-19|2025-12-22|2025-12-23|2025-12-24,2025-12-26 22:31:10,0.0
Roku,,2025-11-12|2025-11-13|2025-11-14|2025-11-17|2025-11-18|2025-11-19|2025-11-20|2025-11-21|2025-11-24|2025-11-25|2025-11-26|2025-11-28|2025-12-01|2025-12-02|2025-12-03|2025-12-04|2025-12-05|2025-12-08|2025-12-09|2025-12-10|2025-12-11|2025-12-12|2025-12-15|2025-12-16|2025-12-17|2025-12-18|2025-12-19|2025-12-22|2025-12-23|2025-12-24,2025-12-26 22:31:10,0.0
Civitas Resources,,2025-11-12|2025-11-13|2025-11-14|2025-11-17|2025-11-18|2025-11-19|2025-11-20|2025-11-21|2025-11-24|2025-11-25|2025-11-26|2025-11-28|2025-12-01|2025-12-02|2025-12-03|2025-12-04|2025-12-05|2025-12-08|2025-12-09|2025-12-10|2025-12-11|2025-12-12|2025-12-15|2025-12-16|2025-12-17|2025-12-18|2025-12-19|2025-12-22|2025-12-23|2025-12-24,2025-12-26 22:31:10,0.0
Alpha Metallurgical Resources,,2025-11-12|2025-11-13|2025-11-14|2025-11-17|2025-11-18|2025-11-19|2025-11-20|2025-11-21|2025-11-24|2025-11-25|2025-11-26|2025-11-28|2025-12-01|2025-12-02|2025-12-03|2025-12-04|2025-12-05|2025-12-08|2025-12-09|2025-12-10|2025-12-11|2025-12-12|2025-12-15|2025-12-16|2025-12-17|2025-12-18|2025-12-19|2025-12-22|2025-12-23|2025-12-24,2025-12-26 22:31:10,0.0
Patrick Industries,,2025-11-12|2025-11-13|2025-11-14|2025-11-17|2025-11-18|2025-11-19|2025-11-20|2025-11-21|2025-11-24|2025-11-25|2025-11-26|2025-11-28|2025-12-01|2025-12-02|2025-12-03|2025-12-04|2025-12-05|2025-12-08|2025-12-09|2025-12-10|2025-12-11|2025-12-12|2025-12-15|2025-12-16|2025-12-17|2025-12-18|2025-12-19|2025-12-22|2025-12-23|2025-12-24,2025-12-26 22:31:10,0.0
Murphy Oil,,2025-11-12|2025-11-13|2025-11-14|2025-11-17|2025-11-18|2025-11-19|2025-11-20|2025-11-21|2025-11-24|2025-11-25|2025-11-26|2025-11-28|2025-12-01|2025-12-02|2025-12-03|2025-12-04|2025-12-05|2025-12-08|2025-12-09|2025-12-10|2025-12-11|2025-12-12|2025-12-15|2025-12-16|2025-12-17|2025-12-18|2025-12-19|2025-12-22|2025-12-23|2025-12-24,2025-12-26 22:31:10,0.0
Synovus Financial,,2025-11-12|2025-11-13|2025-11-14|2025-11-17|2025-11-18|2025-11-19|2025-11-20|2025-11-21|2025-11-24|2025-11-25|2025-11-26|2025-11-28|2025-12-01|2025-12-02|2025-12-03|2025-12-04|2025-12-05|2025-12-08|2025-12-09|2025-12-10|2025-12-11|2025-12-12|2025-12-15|2025-12-16|2025-12-17|2025-12-18|2025-12-19|2025-12-22|2025-12-23|2025-12-24,2025-12-26 22:31:10,0.0
Cracker Barrel,,2025-11-12|2025-11-13|2025-11-14|2025-11-17|2025-11-18|2025-11-19|2025-11-20|2025-11-21|2025-11-24|2025-11-25|2025-11-26|2025-11-28|2025-12-01|2025-12-02|2025-12-03|2025-12-04|2025-12-05|2025-12-08|2025-12-09|2025-12-10|2025-12-11|2025-12-12|2025-12-15|2025-12-16|2025-12-17|2025-12-18|2025-12-19|2025-12-22|2025-12-23|2025-12-24,2025-12-26 22:31:10,0.0
Cheesecake Factory,,2025-11-12|2025-11-13|2025-11-14|2025-11-17|2025-11-18|2025-11-19|2025-11-20|2025-11-21|2025-11-24|2025-11-25|2025-11-26|2025-11-28|2025-12-01|2025-12-02|2025-12-03|2025-12-04|2025-12-05|2025-12-08|2025-12-09|2025-12-10|2025-12-11|2025-12-12|2025-12-15|2025-12-16|2025-12-17|2025-12-18|2025-12-19|2025-12-22|2025-12-23|2025-12-24,2025-12-26 22:31:10,0.0
CNX Resources,,2025-11-12|2025-11-13|2025-11-14|2025-11-17|2025-11-18|2025-11-19|2025-11-20|2025-11-21|2025-11-24|2025-11-25|2025-11-26|2025-11-28|2025-12-01|2025-12-02|2025-12-03|2025-12-04|2025-12-05|2025-12-08|2025-12-09|2025-12-10|2025-12-11|2025-12-12|2025-12-15|2025-12-16|2025-12-17|2025-12-18|2025-12-19|2025-12-22|2025-12-23|2025-12-24,2025-12-26 22:31:10,0.0
Chefs Warehouse,,2025-11-12|2025-11-13|2025-11-14|2025-11-17|2025-11-18|2025-11-19|2025-11-20|2025-11-21|2025-11-24|2025-11-25|2025-11-26|2025-11-28|2025-12-01|2025-12-02|2025-12-03|2025-12-04|2025-12-05|2025-12-08|2025-12-09|2025-12-10|2025-12-11|2025-12-12|2025-12-15|2025-12-16|2025-12-17|2025-12-18|2025-12-19|2025-12-22|2025-12-23|2025-12-24,2025-12-26 22:31:10,0.0
Donaldson Company,,2025-11-12|2025-11-13|2025-11-14|2025-11-17|2025-11-18|2025-11-19|2025-11-20|2025-11-21|2025-11-24|2025-11-25|2025-11-26|2025-11-28|2025-12-01|2025-12-02|2025-12-03|2025-12-04|2025-12-05|2025-12-08|2025-12-09|2025-12-10|2025-12-11|2025-12-12|2025-12-15|2025-12-16|2025-12-17|2025-12-18|2025-12-19|2025-12-22|2025-12-23|2025-12-24,2025-12-26 22:31:10,0.0
Mueller Industries,,2025-11-12|2025-11-13|2025-11-14|2025-11-17|2025-11-18|2025-11-19|2025-11-20|2025-11-21|2025-11-24|2025-11-25|2025-11-26|2025-11-28|2025-12-01|2025-12-02|2025-12-03|2025-12-04|2025-12-05|2025-12-08|2025-12-09|2025-12-10|2025-12-11|2025-12-12|2025-12-15|2025-12-16|2025-12-17|2025-12-18|2025-12-19|2025-12-22|2025-12-23|2025-12-24,2025-12-26 22:31:10,0.0
MRC Global,,2025-09-26|2025-09-29|2025-09-30|2025-10-01|2025-10-02|2025-10-03|2025-10-06|2025-10-07|2025-10-08|2025-10-09|2025-10-10|2025-10-13|2025-10-14|2025-10-15|2025-10-16|2025-10-17|2025-10-20|2025-10-21|2025-10-22|2025-10-23|2025-10-24|2025-10-27|2025-10-28|2025-10-29|2025-10-30|2025-10-31|2025-11-03|2025-11-04|2025-11-05|2025-11-06,2025-12-26 22:31:10,0.0
Chart Industries,,2025-11-12|2025-11-13|2025-11-14|2025-11-17|2025-11-18|2025-11-19|2025-11-20|2025-11-21|2025-11-24|2025-11-25|2025-11-26|2025-11-28|2025-12-01|2025-12-02|2025-12-03|2025-12-04|2025-12-05|2025-12-08|2025-12-09|2025-12-10|2025-12-11|2025-12-12|2025-12-15|2025-12-16|2025-12-17|2025-12-18|2025-12-19|2025-12-22|2025-12-23|2025-12-24,2025-12-26 22:31:10,0.0
Alight Solutions,,2025-11-12|2025-11-13|2025-11-14|2025-11-17|2025-11-18|2025-11-19|2025-11-20|2025-11-21|2025-11-24|2025-11-25|2025-11-26|2025-11-28|2025-12-01|2025-12-02|2025-12-03|2025-12-04|2025-12-05|2025-12-08|2025-12-09|2025-12-10|2025-12-11|2025-12-12|2025-12-15|2025-12-16|2025-12-17|2025-12-18|2025-12-19|2025-12-22|2025-12-23|2025-12-24,2025-12-26 22:31:10,0.0
Vishay Intertechnology,,2025-11-12|2025-11-13|2025-11-14|2025-11-17|2025-11-18|2025-11-19|2025-11-20|2025-11-21|2025-11-24|2025-11-25|2025-11-26|2025-11-28|2025-12-01|2025-12-02|2025-12-03|2025-12-04|2025-12-05|2025-12-08|2025-12-09|2025-12-10|2025-12-11|2025-12-12|2025-12-15|2025-12-16|2025-12-17|2025-12-18|2025-12-19|2025-12-22|2025-12-23|2025-12-24,2025-12-26 22:31:10,0.0
Range Resources,,2025-11-12|2025-11-13|2025-11-14|2025-11-17|2025-11-18|2025-11-19|2025-11-20|2025-11-21|2025-11-24|2025-11-25|2025-11-26|2025-11-28|2025-12-01|2025-12-02|2025-12-03|2025-12-04|2025-12-05|2025-12-08|2025-12-09|2025-12-10|2025-12-11|2025-12-12|2025-12-15|2025-12-16|2025-12-17|2025-12-18|2025-12-19|2025-12-22|2025-12-23|2025-12-24,2025-12-26 22:31:10,0.0
Valley National Bancorp,,2025-11-12|2025-11-13|2025-11-14|2025-11-17|2025-11-18|2025-11-19|2025-11-20|2025-11-21|2025-11-24|2025-11-25|2025-11-26|2025-11-28|2025-12-01|2025-12-02|2025-12-03|2025-12-04|2025-12-05|2025-12-08|2025-12-09|2025-12-10|2025-12-11|2025-12-12|2025-12-15|2025-12-16|2025-12-17|2025-12-18|2025-12-19|2025-12-22|2025-12-23|2025-12-24,2025-12-26 22:31:10,0.0
Match Group,,2025-11-12|2025-11-13|2025-11-14|2025-11-17|2025-11-18|2025-11-19|2025-11-20|2025-11-21|2025-11-24|2025-11-25|2025-11-26|2025-11-28|2025-12-01|2025-12-02|2025-12-03|2025-12-04|2025-12-05|2025-12-08|2025-12-09|2025-12-10|2025-12-11|2025-12-12|2025-12-15|2025-12-16|2025-12-17|2025-12-18|2025-12-19|2025-12-22|2025-12-23|2025-12-24,2025-12-26 22:31:10,0.0
Gen Digital,,2025-11-12|2025-11-13|2025-11-14|2025-11-17|2025-11-18|2025-11-19|2025-11-20|2025-11-21|2025-11-24|2025-11-25|2025-11-26|2025-11-28|2025-12-01|2025-12-02|2025-12-03|2025-12-04|2025-12-05|2025-12-08|2025-12-09|2025-12-10|2025-12-11|2025-12-12|2025-12-15|2025-12-16|2025-12-17|2025-12-18|2025-12-19|2025-12-22|2025-12-23|2025-12-24,2025-12-26 22:31:10,0.0
Wintrust Financial,,2025-11-12|2025-11-13|2025-11-14|2025-11-17|2025-11-18|2025-11-19|2025-11-20|2025-11-21|2025-11-24|2025-11-25|2025-11-26|2025-11-28|2025-12-01|2025-12-02|2025-12-03|2025-12-04|2025-12-05|2025-12-08|2025-12-09|2025-12-10|2025-12-11|2025-12-12|2025-12-15|2025-12-16|2025-12-17|2025-12-18|2025-12-19|2025-12-22|2025-12-23|2025-12-24,2025-12-26 22:31:10,0.0
First Solar,,2025-11-12|2025-11-13|2025-11-14|2025-11-17|2025-11-18|2025-11-19|2025-11-20|2025-11-21|2025-11-24|2025-11-25|2025-11-26|2025-11-28|2025-12-01|2025-12-02|2025-12-03|2025-12-04|2025-12-05|2025-12-08|2025-12-09|2025-12-10|2025-12-11|2025-12-12|2025-12-15|2025-12-16|2025-12-17|2025-12-18|2025-12-19|2025-12-22|2025-12-23|2025-12-24,2025-12-26 22:31:10,0.0
Central Garden & Pet,,2025-11-12|2025-11-13|2025-11-14|2025-11-17|2025-11-18|2025-11-19|2025-11-20|2025-11-21|2025-11-24|2025-11-25|2025-11-26|2025-11-28|2025-12-01|2025-12-02|2025-12-03|2025-12-04|2025-12-05|2025-12-08|2025-12-09|2025-12-10|2025-12-11|2025-12-12|2025-12-15|2025-12-16|2025-12-17|2025-12-18|2025-12-19|2025-12-22|2025-12-23|2025-12-24,2025-12-26 22:31:10,0.0
Green Plains Inc,,2025-11-12|2025-11-13|2025-11-14|2025-11-17|2025-11-18|2025-11-19|2025-11-20|2025-11-21|2025-11-24|2025-11-25|2025-11-26|2025-11-28|2025-12-01|2025-12-02|2025-12-03|2025-12-04|2025-12-05|2025-12-08|2025-12-09|2025-12-10|2025-12-11|2025-12-12|2025-12-15|2025-12-16|2025-12-17|2025-12-18|2025-12-19|2025-12-22|2025-12-23|2025-12-24,2025-12-26 22:31:10,0.0
Werner Enterprises,,2025-11-12|2025-11-13|2025-11-14|2025-11-17|2025-11-18|2025-11-19|2025-11-20|2025-11-21|2025-11-24|2025-11-25|2025-11-26|2025-11-28|2025-12-01|2025-12-02|2025-12-03|2025-12-04|2025-12-05|2025-12-08|2025-12-09|2025-12-10|2025-12-11|2025-12-12|2025-12-15|2025-12-16|2025-12-17|2025-12-18|2025-12-19|2025-12-22|2025-12-23|2025-12-24,2025-12-26 22:31:10,0.0
AppLovin,,2025-11-12|2025-11-13|2025-11-14|2025-11-17|2025-11-18|2025-11-19|2025-11-20|2025-11-21|2025-11-24|2025-11-25|2025-11-26|2025-11-28|2025-12-01|2025-12-02|2025-12-03|2025-12-04|2025-12-05|2025-12-08|2025-12-09|2025-12-10|2025-12-11|2025-12-12|2025-12-15|2025-12-16|2025-12-17|2025-12-18|2025-12-19|2025-12-22|2025-12-23|2025-12-24,2025-12-26 22:31:10,0.0
ITT,,2025-11-12|2025-11-13|2025-11-14|2025-11-17|2025-11-18|2025-11-19|2025-11-20|2025-11-21|2025-11-24|2025-11-25|2025-11-26|2025-11-28|2025-12-01|2025-12-02|2025-12-03|2025-12-04|2025-12-05|2025-12-08|2025-12-09|2025-12-10|2025-12-11|2025-12-12|2025-12-15|2025-12-16|2025-12-17|2025-12-18|2025-12-19|2025-12-22|2025-12-23|2025-12-24,2025-12-26 22:31:10,0.0
Herc Rentals,,2025-11-12|2025-11-13|2025-11-14|2025-11-17|2025-11-18|2025-11-19|2025-11-20|2025-11-21|2025-11-24|2025-11-25|2025-11-26|2025-11-28|2025-12-01|2025-12-02|2025-12-03|2025-12-04|2025-12-05|2025-12-08|2025-12-09|2025-12-10|2025-12-11|2025-12-12|2025-12-15|2025-12-16|2025-12-17|2025-12-18|2025-12-19|2025-12-22|2025-12-23|2025-12-24,2025-12-26 22:31:10,0.0
Gray Television,,2025-11-12|2025-11-13|2025-11-14|2025-11-17|2025-11-18|2025-11-19|2025-11-20|2025-11-21|2025-11-24|2025-11-25|2025-11-26|2025-11-28|2025-12-01|2025-12-02|2025-12-03|2025-12-04|2025-12-05|2025-12-08|2025-12-09|2025-12-10|2025-12-11|2025-12-12|2025-12-15|2025-12-16|2025-12-17|2025-12-18|2025-12-19|2025-12-22|2025-12-23|2025-12-24,2025-12-26 22:31:10,0.0
IDEX,,2025-11-12|2025-11-13|2025-11-14|2025-11-17|2025-11-18|2025-11-19|2025-11-20|2025-11-21|2025-11-24|2025-11-25|2025-11-26|2025-11-28|2025-12-01|2025-12-02|2025-12-03|2025-12-04|2025-12-05|2025-12-08|2025-12-09|2025-12-10|2025-12-11|2025-12-12|2025-12-15|2025-12-16|2025-12-17|2025-12-18|2025-12-19|2025-12-22|2025-12-23|2025-12-24,2025-12-26 22:31:10,0.0
Boston Properties,,2025-11-12|2025-11-13|2025-11-14|2025-11-17|2025-11-18|2025-11-19|2025-11-20|2025-11-21|2025-11-24|2025-11-25|2025-11-26|2025-11-28|2025-12-01|2025-12-02|2025-12-03|2025-12-04|2025-12-05|2025-12-08|2025-12-09|2025-12-10|2025-12-11|2025-12-12|2025-12-15|2025-12-16|2025-12-17|2025-12-18|2025-12-19|2025-12-22|2025-12-23|2025-12-24,2025-12-26 22:31:10,0.0
Pitney Bowes,,2025-11-12|2025-11-13|2025-11-14|2025-11-17|2025-11-18|2025-11-19|2025-11-20|2025-11-21|2025-11-24|2025-11-25|2025-11-26|2025-11-28|2025-12-01|2025-12-02|2025-12-03|2025-12-04|2025-12-05|2025-12-08|2025-12-09|2025-12-10|2025-12-11|2025-12-12|2025-12-15|2025-12-16|2025-12-17|2025-12-18|2025-12-19|2025-12-22|2025-12-23|2025-12-24,2025-12-26 22:31:10,0.0
Steelcase,,2025-10-28|2025-10-29|2025-10-30|2025-10-31|2025-11-03|2025-11-04|2025-11-05|2025-11-06|2025-11-07|2025-11-10|2025-11-11|2025-11-12|2025-11-13|2025-11-14|2025-11-17|2025-11-18|2025-11-19|2025-11-20|2025-11-21|2025-11-24|2025-11-25|2025-11-26|2025-11-28|2025-12-01|2025-12-02|2025-12-03|2025-12-04|2025-12-05|2025-12-08|2025-12-09,2025-12-26 22:31:10,0.0
Sun Communities,,2025-11-12|2025-11-13|2025-11-14|2025-11-17|2025-11-18|2025-11-19|2025-11-20|2025-11-21|2025-11-24|2025-11-25|2025-11-26|2025-11-28|2025-12-01|2025-12-02|2025-12-03|2025-12-04|2025-12-05|2025-12-08|2025-12-09|2025-12-10|2025-12-11|2025-12-12|2025-12-15|2025-12-16|2025-12-17|2025-12-18|2025-12-19|2025-12-22|2025-12-23|2025-12-24,2025-12-26 22:31:10,0.0
AdaptHealth,,2025-11-12|2025-11-13|2025-11-14|2025-11-17|2025-11-18|2025-11-19|2025-11-20|2025-11-21|2025-11-24|2025-11-25|2025-11-26|2025-11-28|2025-12-01|2025-12-02|2025-12-03|2025-12-04|2025-12-05|2025-12-08|2025-12-09|2025-12-10|2025-12-11|2025-12-12|2025-12-15|2025-12-16|2025-12-17|2025-12-18|2025-12-19|2025-12-22|2025-12-23|2025-12-24,2025-12-26 22:31:10,0.0
Genesis Energy,,2025-11-12|2025-11-13|2025-11-14|2025-11-17|2025-11-18|2025-11-19|2025-11-20|2025-11-21|2025-11-24|2025-11-25|2025-11-26|2025-11-28|2025-12-01|2025-12-02|2025-12-03|2025-12-04|2025-12-05|2025-12-08|2025-12-09|2025-12-10|2025-12-11|2025-12-12|2025-12-15|2025-12-16|2025-12-17|2025-12-18|2025-12-19|2025-12-22|2025-12-23|2025-12-24,2025-12-26 22:31:10,0.0
Jackson Financial,,2025-11-12|2025-11-13|2025-11-14|2025-11-17|2025-11-18|2025-11-19|2025-11-20|2025-11-21|2025-11-24|2025-11-25|2025-11-26|2025-11-28|2025-12-01|2025-12-02|2025-12-03|2025-12-04|2025-12-05|2025-12-08|2025-12-09|2025-12-10|2025-12-11|2025-12-12|2025-12-15|2025-12-16|2025-12-17|2025-12-18|2025-12-19|2025-12-22|2025-12-23|2025-12-24,2025-12-26 22:31:10,0.0
FirstCash,,2025-11-12|2025-11-13|2025-11-14|2025-11-17|2025-11-18|2025-11-19|2025-11-20|2025-11-21|2025-11-24|2025-11-25|2025-11-26|2025-11-28|2025-12-01|2025-12-02|2025-12-03|2025-12-04|2025-12-05|2025-12-08|2025-12-09|2025-12-10|2025-12-11|2025-12-12|2025-12-15|2025-12-16|2025-12-17|2025-12-18|2025-12-19|2025-12-22|2025-12-23|2025-12-24,2025-12-26 22:31:10,0.0
Cal-Maine Foods,,2025-11-12|2025-11-13|2025-11-14|2025-11-17|2025-11-18|2025-11-19|2025-11-20|2025-11-21|2025-11-24|2025-11-25|2025-11-26|2025-11-28|2025-12-01|2025-12-02|2025-12-03|2025-12-04|2025-12-05|2025-12-08|2025-12-09|2025-12-10|2025-12-11|2025-12-12|2025-12-15|2025-12-16|2025-12-17|2025-12-18|2025-12-19|2025-12-22|2025-12-23|2025-12-24,2025-12-26 22:31:10,0.0
Avient,,2025-11-12|2025-11-13|2025-11-14|2025-11-17|2025-11-18|2025-11-19|2025-11-20|2025-11-21|2025-11-24|2025-11-25|2025-11-26|2025-11-28|2025-12-01|2025-12-02|2025-12-03|2025-12-04|2025-12-05|2025-12-08|2025-12-09|2025-12-10|2025-12-11|2025-12-12|2025-12-15|2025-12-16|2025-12-17|2025-12-18|2025-12-19|2025-12-22|2025-12-23|2025-12-24,2025-12-26 22:31:10,0.0
BlueLinx,,2025-11-12|2025-11-13|2025-11-14|2025-11-17|2025-11-18|2025-11-19|2025-11-20|2025-11-21|2025-11-24|2025-11-25|2025-11-26|2025-11-28|2025-12-01|2025-12-02|2025-12-03|2025-12-04|2025-12-05|2025-12-08|2025-12-09|2025-12-10|2025-12-11|2025-12-12|2025-12-15|2025-12-16|2025-12-17|2025-12-18|2025-12-19|2025-12-22|2025-12-23|2025-12-24,2025-12-26 22:31:10,0.0
Sinclair,,2025-11-12|2025-11-13|2025-11-14|2025-11-17|2025-11-18|2025-11-19|2025-11-20|2025-11-21|2025-11-24|2025-11-25|2025-11-26|2025-11-28|2025-12-01|2025-12-02|2025-12-03|2025-12-04|2025-12-05|2025-12-08|2025-12-09|2025-12-10|2025-12-11|2025-12-12|2025-12-15|2025-12-16|2025-12-17|2025-12-18|2025-12-19|2025-12-22|2025-12-23|2025-12-24,2025-12-26 22:31:10,0.0
BOK Financial,,2025-11-12|2025-11-13|2025-11-14|2025-11-17|2025-11-18|2025-11-19|2025-11-20|2025-11-21|2025-11-24|2025-11-25|2025-11-26|2025-11-28|2025-12-01|2025-12-02|2025-12-03|2025-12-04|2025-12-05|2025-12-08|2025-12-09|2025-12-10|2025-12-11|2025-12-12|2025-12-15|2025-12-16|2025-12-17|2025-12-18|2025-12-19|2025-12-22|2025-12-23|2025-12-24,2025-12-26 22:31:10,0.0
Permian Resources,,2025-11-12|2025-11-13|2025-11-14|2025-11-17|2025-11-18|2025-11-19|2025-11-20|2025-11-21|2025-11-24|2025-11-25|2025-11-26|2025-11-28|2025-12-01|2025-12-02|2025-12-03|2025-12-04|2025-12-05|2025-12-08|2025-12-09|2025-12-10|2025-12-11|2025-12-12|2025-12-15|2025-12-16|2025-12-17|2025-12-18|2025-12-19|2025-12-22|2025-12-23|2025-12-24,2025-12-26 22:31:10,0.0
PACS Group,,2025-11-12|2025-11-13|2025-11-14|2025-11-17|2025-11-18|2025-11-19|2025-11-20|2025-11-21|2025-11-24|2025-11-25|2025-11-26|2025-11-28|2025-12-01|2025-12-02|2025-12-03|2025-12-04|2025-12-05|2025-12-08|2025-12-09|2025-12-10|2025-12-11|2025-12-12|2025-12-15|2025-12-16|2025-12-17|2025-12-18|2025-12-19|2025-12-22|2025-12-23|2025-12-24,2025-12-26 22:31:10,0.0
Coinbase Global,,2025-11-12|2025-11-13|2025-11-14|2025-11-17|2025-11-18|2025-11-19|2025-11-20|2025-11-21|2025-11-24|2025-11-25|2025-11-26|2025-11-28|2025-12-01|2025-12-02|2025-12-03|2025-12-04|2025-12-05|2025-12-08|2025-12-09|2025-12-10|2025-12-11|2025-12-12|2025-12-15|2025-12-16|2025-12-17|2025-12-18|2025-12-19|2025-12-22|2025-12-23|2025-12-24,2025-12-26 22:31:10,0.0
Western Midstream Partners,,2025-11-12|2025-11-13|2025-11-14|2025-11-17|2025-11-18|2025-11-19|2025-11-20|2025-11-21|2025-11-24|2025-11-25|2025-11-26|2025-11-28|2025-12-01|2025-12-02|2025-12-03|2025-12-04|2025-12-05|2025-12-08|2025-12-09|2025-12-10|2025-12-11|2025-12-12|2025-12-15|2025-12-16|2025-12-17|2025-12-18|2025-12-19|2025-12-22|2025-12-23|2025-12-24,2025-12-26 22:31:10,0.0
G-III Apparel Group,,2025-11-12|2025-11-13|2025-11-14|2025-11-17|2025-11-18|2025-11-19|2025-11-20|2025-11-21|2025-11-24|2025-11-25|2025-11-26|2025-11-28|2025-12-01|2025-12-02|2025-12-03|2025-12-04|2025-12-05|2025-12-08|2025-12-09|2025-12-10|2025-12-11|2025-12-12|2025-12-15|2025-12-16|2025-12-17|2025-12-18|2025-12-19|2025-12-22|2025-12-23|2025-12-24,2025-12-26 22:31:10,0.0
Vontier,,2025-11-12|2025-11-13|2025-11-14|2025-11-17|2025-11-18|2025-11-19|2025-11-20|2025-11-21|2025-11-24|2025-11-25|2025-11-26|2025-11-28|2025-12-01|2025-12-02|2025-12-03|2025-12-04|2025-12-05|2025-12-08|2025-12-09|2025-12-10|2025-12-11|2025-12-12|2025-12-15|2025-12-16|2025-12-17|2025-12-18|2025-12-19|2025-12-22|2025-12-23|2025-12-24,2025-12-26 22:31:10,0.0
Matson Inc,,2025-11-12|2025-11-13|2025-11-14|2025-11-17|2025-11-18|2025-11-19|2025-11-20|2025-11-21|2025-11-24|2025-11-25|2025-11-26|2025-11-28|2025-12-01|2025-12-02|2025-12-03|2025-12-04|2025-12-05|2025-12-08|2025-12-09|2025-12-10|2025-12-11|2025-12-12|2025-12-15|2025-12-16|2025-12-17|2025-12-18|2025-12-19|2025-12-22|2025-12-23|2025-12-24,2025-12-26 22:31:10,0.0
Kirby Corporation,,2025-11-12|2025-11-13|2025-11-14|2025-11-17|2025-11-18|2025-11-19|2025-11-20|2025-11-21|2025-11-24|2025-11-25|2025-11-26|2025-11-28|2025-12-01|2025-12-02|2025-12-03|2025-12-04|2025-12-05|2025-12-08|2025-12-09|2025-12-10|2025-12-11|2025-12-12|2025-12-15|2025-12-16|2025-12-17|2025-12-18|2025-12-19|2025-12-22|2025-12-23|2025-12-24,2025-12-26 22:31:10,0.0
Kaiser Aluminum,,2025-11-12|2025-11-13|2025-11-14|2025-11-17|2025-11-18|2025-11-19|2025-11-20|2025-11-21|2025-11-24|2025-11-25|2025-11-26|2025-11-28|2025-12-01|2025-12-02|2025-12-03|2025-12-04|2025-12-05|2025-12-08|2025-12-09|2025-12-10|2025-12-11|2025-12-12|2025-12-15|2025-12-16|2025-12-17|2025-12-18|2025-12-19|2025-12-22|2025-12-23|2025-12-24,2025-12-26 22:31:10,0.0
Designer Brands,,2025-11-12|2025-11-13|2025-11-14|2025-11-17|2025-11-18|2025-11-19|2025-11-20|2025-11-21|2025-11-24|2025-11-25|2025-11-26|2025-11-28|2025-12-01|2025-12-02|2025-12-03|2025-12-04|2025-12-05|2025-12-08|2025-12-09|2025-12-10|2025-12-11|2025-12-12|2025-12-15|2025-12-16|2025-12-17|2025-12-18|2025-12-19|2025-12-22|2025-12-23|2025-12-24,2025-12-26 22:31:10,0.0
Rollins Inc,,2025-11-12|2025-11-13|2025-11-14|2025-11-17|2025-11-18|2025-11-19|2025-11-20|2025-11-21|2025-11-24|2025-11-25|2025-11-26|2025-11-28|2025-12-01|2025-12-02|2025-12-03|2025-12-04|2025-12-05|2025-12-08|2025-12-09|2025-12-10|2025-12-11|2025-12-12|2025-12-15|2025-12-16|2025-12-17|2025-12-18|2025-12-19|2025-12-22|2025-12-23|2025-12-24,2025-12-26 22:31:10,0.0
Advanced Drainage Systems,,2025-11-12|2025-11-13|2025-11-14|2025-11-17|2025-11-18|2025-11-19|2025-11-20|2025-11-21|2025-11-24|2025-11-25|2025-11-26|2025-11-28|2025-12-01|2025-12-02|2025-12-03|2025-12-04|2025-12-05|2025-12-08|2025-12-09|2025-12-10|2025-12-11|2025-12-12|2025-12-15|2025-12-16|2025-12-17|2025-12-18|2025-12-19|2025-12-22|2025-12-23|2025-12-24,2025-12-26 22:31:10,0.0
Cinemark,,2025-11-12|2025-11-13|2025-11-14|2025-11-17|2025-11-18|2025-11-19|2025-11-20|2025-11-21|2025-11-24|2025-11-25|2025-11-26|2025-11-28|2025-12-01|2025-12-02|2025-12-03|2025-12-04|2025-12-05|2025-12-08|2025-12-09|2025-12-10|2025-12-11|2025-12-12|2025-12-15|2025-12-16|2025-12-17|2025-12-18|2025-12-19|2025-12-22|2025-12-23|2025-12-24,2025-12-26 22:31:10,0.0
CrowdStrike,,2025-11-12|2025-11-13|2025-11-14|2025-11-17|2025-11-18|2025-11-19|2025-11-20|2025-11-21|2025-11-24|2025-11-25|2025-11-26|2025-11-28|2025-12-01|2025-12-02|2025-12-03|2025-12-04|2025-12-05|2025-12-08|2025-12-09|2025-12-10|2025-12-11|2025-12-12|2025-12-15|2025-12-16|2025-12-17|2025-12-18|2025-12-19|2025-12-22|2025-12-23|2025-12-24,2025-12-26 22:31:10,0.0
Pinterest,,2025-11-12|2025-11-13|2025-11-14|2025-11-17|2025-11-18|2025-11-19|2025-11-20|2025-11-21|2025-11-24|2025-11-25|2025-11-26|2025-11-28|2025-12-01|2025-12-02|2025-12-03|2025-12-04|2025-12-05|2025-12-08|2025-12-09|2025-12-10|2025-12-11|2025-12-12|2025-12-15|2025-12-16|2025-12-17|2025-12-18|2025-12-19|2025-12-22|2025-12-23|2025-12-24,2025-12-26 22:31:10,0.0
Instacart,,2025-11-12|2025-11-13|2025-11-14|2025-11-17|2025-11-18|2025-11-19|2025-11-20|2025-11-21|2025-11-24|2025-11-25|2025-11-26|2025-11-28|2025-12-01|2025-12-02|2025-12-03|2025-12-04|2025-12-05|2025-12-08|2025-12-09|2025-12-10|2025-12-11|2025-12-12|2025-12-15|2025-12-16|2025-12-17|2025-12-18|2025-12-19|2025-12-22|2025-12-23|2025-12-24,2025-12-26 22:31:10,0.0
Hillenbrand,,2025-11-12|2025-11-13|2025-11-14|2025-11-17|2025-11-18|2025-11-19|2025-11-20|2025-11-21|2025-11-24|2025-11-25|2025-11-26|2025-11-28|2025-12-01|2025-12-02|2025-12-03|2025-12-04|2025-12-05|2025-12-08|2025-12-09|2025-12-10|2025-12-11|2025-12-12|2025-12-15|2025-12-16|2025-12-17|2025-12-18|2025-12-19|2025-12-22|2025-12-23|2025-12-24,2025-12-26 22:31:10,0.0
Allison Transmission,,2025-11-12|2025-11-13|2025-11-14|2025-11-17|2025-11-18|2025-11-19|2025-11-20|2025-11-21|2025-11-24|2025-11-25|2025-11-26|2025-11-28|2025-12-01|2025-12-02|2025-12-03|2025-12-04|2025-12-05|2025-12-08|2025-12-09|2025-12-10|2025-12-11|2025-12-12|2025-12-15|2025-12-16|2025-12-17|2025-12-18|2025-12-19|2025-12-22|2025-12-23|2025-12-24,2025-12-26 22:31:10,0.0
Restoration Hardware,,2025-11-12|2025-11-13|2025-11-14|2025-11-17|2025-11-18|2025-11-19|2025-11-20|2025-11-21|2025-11-24|2025-11-25|2025-11-26|2025-11-28|2025-12-01|2025-12-02|2025-12-03|2025-12-04|2025-12-05|2025-12-08|2025-12-09|2025-12-10|2025-12-11|2025-12-12|2025-12-15|2025-12-16|2025-12-17|2025-12-18|2025-12-19|2025-12-22|2025-12-23|2025-12-24,2025-12-26 22:31:10,0.0
Brookdale Senior Living,,2025-11-12|2025-11-13|2025-11-14|2025-11-17|2025-11-18|2025-11-19|2025-11-20|2025-11-21|2025-11-24|2025-11-25|2025-11-26|2025-11-28|2025-12-01|2025-12-02|2025-12-03|2025-12-04|2025-12-05|2025-12-08|2025-12-09|2025-12-10|2025-12-11|2025-12-12|2025-12-15|2025-12-16|2025-12-17|2025-12-18|2025-12-19|2025-12-22|2025-12-23|2025-12-24,2025-12-26 22:31:10,0.0
QuidelOrtho,,2025-11-12|2025-11-13|2025-11-14|2025-11-17|2025-11-18|2025-11-19|2025-11-20|2025-11-21|2025-11-24|2025-11-25|2025-11-26|2025-11-28|2025-12-01|2025-12-02|2025-12-03|2025-12-04|2025-12-05|2025-12-08|2025-12-09|2025-12-10|2025-12-11|2025-12-12|2025-12-15|2025-12-16|2025-12-17|2025-12-18|2025-12-19|2025-12-22|2025-12-23|2025-12-24,2025-12-26 22:31:10,0.0
Trinity Industries,,2025-11-12|2025-11-13|2025-11-14|2025-11-17|2025-11-18|2025-11-19|2025-11-20|2025-11-21|2025-11-24|2025-11-25|2025-11-26|2025-11-28|2025-12-01|2025-12-02|2025-12-03|2025-12-04|2025-12-05|2025-12-08|2025-12-09|2025-12-10|2025-12-11|2025-12-12|2025-12-15|2025-12-16|2025-12-17|2025-12-18|2025-12-19|2025-12-22|2025-12-23|2025-12-24,2025-12-26 22:31:10,0.0
Teleflex,,2025-11-12|2025-11-13|2025-11-14|2025-11-17|2025-11-18|2025-11-19|2025-11-20|2025-11-21|2025-11-24|2025-11-25|2025-11-26|2025-11-28|2025-12-01|2025-12-02|2025-12-03|2025-12-04|2025-12-05|2025-12-08|2025-12-09|2025-12-10|2025-12-11|2025-12-12|2025-12-15|2025-12-16|2025-12-17|2025-12-18|2025-12-19|2025-12-22|2025-12-23|2025-12-24,2025-12-26 22:31:10,0.0
HEICO,,2025-11-12|2025-11-13|2025-11-14|2025-11-17|2025-11-18|2025-11-19|2025-11-20|2025-11-21|2025-11-24|2025-11-25|2025-11-26|2025-11-28|2025-12-01|2025-12-02|2025-12-03|2025-12-04|2025-12-05|2025-12-08|2025-12-09|2025-12-10|2025-12-11|2025-12-12|2025-12-15|2025-12-16|2025-12-17|2025-12-18|2025-12-19|2025-12-22|2025-12-23|2025-12-24,2025-12-26 22:31:10,0.0
Bruker,,2025-11-12|2025-11-13|2025-11-14|2025-11-17|2025-11-18|2025-11-19|2025-11-20|2025-11-21|2025-11-24|2025-11-25|2025-11-26|2025-11-28|2025-12-01|2025-12-02|2025-12-03|2025-12-04|2025-12-05|2025-12-08|2025-12-09|2025-12-10|2025-12-11|2025-12-12|2025-12-15|2025-12-16|2025-12-17|2025-12-18|2025-12-19|2025-12-22|2025-12-23|2025-12-24,2025-12-26 22:31:10,0.0
Carlyle Group,,2025-11-12|2025-11-13|2025-11-14|2025-11-17|2025-11-18|2025-11-19|2025-11-20|2025-11-21|2025-11-24|2025-11-25|2025-11-26|2025-11-28|2025-12-01|2025-12-02|2025-12-03|2025-12-04|2025-12-05|2025-12-08|2025-12-09|2025-12-10|2025-12-11|2025-12-12|2025-12-15|2025-12-16|2025-12-17|2025-12-18|2025-12-19|2025-12-22|2025-12-23|2025-12-24,2025-12-26 22:31:10,0.0
Energizer Holdings,,2025-11-12|2025-11-13|2025-11-14|2025-11-17|2025-11-18|2025-11-19|2025-11-20|2025-11-21|2025-11-24|2025-11-25|2025-11-26|2025-11-28|2025-12-01|2025-12-02|2025-12-03|2025-12-04|2025-12-05|2025-12-08|2025-12-09|2025-12-10|2025-12-11|2025-12-12|2025-12-15|2025-12-16|2025-12-17|2025-12-18|2025-12-19|2025-12-22|2025-12-23|2025-12-24,2025-12-26 22:31:10,0.0
Rackspace Technology,,2025-11-12|2025-11-13|2025-11-14|2025-11-17|2025-11-18|2025-11-19|2025-11-20|2025-11-21|2025-11-24|2025-11-25|2025-11-26|2025-11-28|2025-12-01|2025-12-02|2025-12-03|2025-12-04|2025-12-05|2025-12-08|2025-12-09|2025-12-10|2025-12-11|2025-12-12|2025-12-15|2025-12-16|2025-12-17|2025-12-18|2025-12-19|2025-12-22|2025-12-23|2025-12-24,2025-12-26 22:31:10,0.0
Waters Corporation,,2025-11-12|2025-11-13|2025-11-14|2025-11-17|2025-11-18|2025-11-19|2025-11-20|2025-11-21|2025-11-24|2025-11-25|2025-11-26|2025-11-28|2025-12-01|2025-12-02|2025-12-03|2025-12-04|2025-12-05|2025-12-08|2025-12-09|2025-12-10|2025-12-11|2025-12-12|2025-12-15|2025-12-16|2025-12-17|2025-12-18|2025-12-19|2025-12-22|2025-12-23|2025-12-24,2025-12-26 22:31:10,0.0
West Pharmaceutical Services,,2025-11-12|2025-11-13|2025-11-14|2025-11-17|2025-11-18|2025-11-19|2025-11-20|2025-11-21|2025-11-24|2025-11-25|2025-11-26|2025-11-28|2025-12-01|2025-12-02|2025-12-03|2025-12-04|2025-12-05|2025-12-08|2025-12-09|2025-12-10|2025-12-11|2025-12-12|2025-12-15|2025-12-16|2025-12-17|2025-12-18|2025-12-19|2025-12-22|2025-12-23|2025-12-24,2025-12-26 22:31:10,0.0
Carters Inc,,2025-11-12|2025-11-13|2025-11-14|2025-11-17|2025-11-18|2025-11-19|2025-11-20|2025-11-21|2025-11-24|2025-11-25|2025-11-26|2025-11-28|2025-12-01|2025-12-02|2025-12-03|2025-12-04|2025-12-05|2025-12-08|2025-12-09|2025-12-10|2025-12-11|2025-12-12|2025-12-15|2025-12-16|2025-12-17|2025-12-18|2025-12-19|2025-12-22|2025-12-23|2025-12-24,2025-12-26 22:31:10,0.0
SkyWest,,2025-11-12|2025-11-13|2025-11-14|2025-11-17|2025-11-18|2025-11-19|2025-11-20|2025-11-21|2025-11-24|2025-11-25|2025-11-26|2025-11-28|2025-12-01|2025-12-02|2025-12-03|2025-12-04|2025-12-05|2025-12-08|2025-12-09|2025-12-10|2025-12-11|2025-12-12|2025-12-15|2025-12-16|2025-12-17|2025-12-18|2025-12-19|2025-12-22|2025-12-23|2025-12-24,2025-12-26 22:31:10,0.0
Acadia Healthcare,,2025-11-12|2025-11-13|2025-11-14|2025-11-17|2025-11-18|2025-11-19|2025-11-20|2025-11-21|2025-11-24|2025-11-25|2025-11-26|2025-11-28|2025-12-01|2025-12-02|2025-12-03|2025-12-04|2025-12-05|2025-12-08|2025-12-09|2025-12-10|2025-12-11|2025-12-12|2025-12-15|2025-12-16|2025-12-17|2025-12-18|2025-12-19|2025-12-22|2025-12-23|2025-12-24,2025-12-26 22:31:10,0.0
Revvity,,2025-11-12|2025-11-13|2025-11-14|2025-11-17|2025-11-18|2025-11-19|2025-11-20|2025-11-21|2025-11-24|2025-11-25|2025-11-26|2025-11-28|2025-12-01|2025-12-02|2025-12-03|2025-12-04|2025-12-05|2025-12-08|2025-12-09|2025-12-10|2025-12-11|2025-12-12|2025-12-15|2025-12-16|2025-12-17|2025-12-18|2025-12-19|2025-12-22|2025-12-23|2025-12-24,2025-12-26 22:31:10,0.0
Portland General Electric,,2025-11-12|2025-11-13|2025-11-14|2025-11-17|2025-11-18|2025-11-19|2025-11-20|2025-11-21|2025-11-24|2025-11-25|2025-11-26|2025-11-28|2025-12-01|2025-12-02|2025-12-03|2025-12-04|2025-12-05|2025-12-08|2025-12-09|2025-12-10|2025-12-11|2025-12-12|2025-12-15|2025-12-16|2025-12-17|2025-12-18|2025-12-19|2025-12-22|2025-12-23|2025-12-24,2025-12-26 22:31:10,0.0
Woodward Inc,,2025-11-12|2025-11-13|2025-11-14|2025-11-17|2025-11-18|2025-11-19|2025-11-20|2025-11-21|2025-11-24|2025-11-25|2025-11-26|2025-11-28|2025-12-01|2025-12-02|2025-12-03|2025-12-04|2025-12-05|2025-12-08|2025-12-09|2025-12-10|2025-12-11|2025-12-12|2025-12-15|2025-12-16|2025-12-17|2025-12-18|2025-12-19|2025-12-22|2025-12-23|2025-12-24,2025-12-26 22:31:10,0.0
TEGNA,,2025-11-12|2025-11-13|2025-11-14|2025-11-17|2025-11-18|2025-11-19|2025-11-20|2025-11-21|2025-11-24|2025-11-25|2025-11-26|2025-11-28|2025-12-01|2025-12-02|2025-12-03|2025-12-04|2025-12-05|2025-12-08|2025-12-09|2025-12-10|2025-12-11|2025-12-12|2025-12-15|2025-12-16|2025-12-17|2025-12-18|2025-12-19|2025-12-22|2025-12-23|2025-12-24,2025-12-26 22:31:10,0.0
Sabre Corporation,,2025-11-12|2025-11-13|2025-11-14|2025-11-17|2025-11-18|2025-11-19|2025-11-20|2025-11-21|2025-11-24|2025-11-25|2025-11-26|2025-11-28|2025-12-01|2025-12-02|2025-12-03|2025-12-04|2025-12-05|2025-12-08|2025-12-09|2025-12-10|2025-12-11|2025-12-12|2025-12-15|2025-12-16|2025-12-17|2025-12-18|2025-12-19|2025-12-22|2025-12-23|2025-12-24,2025-12-26 22:31:10,0.0
Light & Wonder,,2025-11-12|2025-11-13|2025-11-14|2025-11-17|2025-11-18|2025-11-19|2025-11-20|2025-11-21|2025-11-24|2025-11-25|2025-11-26|2025-11-28|2025-12-01|2025-12-02|2025-12-03|2025-12-04|2025-12-05|2025-12-08|2025-12-09|2025-12-10|2025-12-11|2025-12-12|2025-12-15|2025-12-16|2025-12-17|2025-12-18|2025-12-19|2025-12-22|2025-12-23|2025-12-24,2025-12-26 22:31:10,0.0
Vail Resorts,,2025-11-12|2025-11-13|2025-11-14|2025-11-17|2025-11-18|2025-11-19|2025-11-20|2025-11-21|2025-11-24|2025-11-25|2025-11-26|2025-11-28|2025-12-01|2025-12-02|2025-12-03|2025-12-04|2025-12-05|2025-12-08|2025-12-09|2025-12-10|2025-12-11|2025-12-12|2025-12-15|2025-12-16|2025-12-17|2025-12-18|2025-12-19|2025-12-22|2025-12-23|2025-12-24,2025-12-26 22:31:10,0.0
PennyMac Financial Services,,2025-11-12|2025-11-13|2025-11-14|2025-11-17|2025-11-18|2025-11-19|2025-11-20|2025-11-21|2025-11-24|2025-11-25|2025-11-26|2025-11-28|2025-12-01|2025-12-02|2025-12-03|2025-12-04|2025-12-05|2025-12-08|2025-12-09|2025-12-10|2025-12-11|2025-12-12|2025-12-15|2025-12-16|2025-12-17|2025-12-18|2025-12-19|2025-12-22|2025-12-23|2025-12-24,2025-12-26 22:31:10,0.0
Saia Inc,,2025-11-12|2025-11-13|2025-11-14|2025-11-17|2025-11-18|2025-11-19|2025-11-20|2025-11-21|2025-11-24|2025-11-25|2025-11-26|2025-11-28|2025-12-01|2025-12-02|2025-12-03|2025-12-04|2025-12-05|2025-12-08|2025-12-09|2025-12-10|2025-12-11|2025-12-12|2025-12-15|2025-12-16|2025-12-17|2025-12-18|2025-12-19|2025-12-22|2025-12-23|2025-12-24,2025-12-26 22:31:10,0.0
Equity Residential,,2025-11-12|2025-11-13|2025-11-14|2025-11-17|2025-11-18|2025-11-19|2025-11-20|2025-11-21|2025-11-24|2025-11-25|2025-11-26|2025-11-28|2025-12-01|2025-12-02|2025-12-03|2025-12-04|2025-12-05|2025-12-08|2025-12-09|2025-12-10|2025-12-11|2025-12-12|2025-12-15|2025-12-16|2025-12-17|2025-12-18|2025-12-19|2025-12-22|2025-12-23|2025-12-24,2025-12-26 22:31:10,0.0
Helmerich & Payne,,2025-11-12|2025-11-13|2025-11-14|2025-11-17|2025-11-18|2025-11-19|2025-11-20|2025-11-21|2025-11-24|2025-11-25|2025-11-26|2025-11-28|2025-12-01|2025-12-02|2025-12-03|2025-12-04|2025-12-05|2025-12-08|2025-12-09|2025-12-10|2025-12-11|2025-12-12|2025-12-15|2025-12-16|2025-12-17|2025-12-18|2025-12-19|2025-12-22|2025-12-23|2025-12-24,2025-12-26 22:31:10,0.0
Korn Ferry,,2025-11-12|2025-11-13|2025-11-14|2025-11-17|2025-11-18|2025-11-19|2025-11-20|2025-11-21|2025-11-24|2025-11-25|2025-11-26|2025-11-28|2025-12-01|2025-12-02|2025-12-03|2025-12-04|2025-12-05|2025-12-08|2025-12-09|2025-12-10|2025-12-11|2025-12-12|2025-12-15|2025-12-16|2025-12-17|2025-12-18|2025-12-19|2025-12-22|2025-12-23|2025-12-24,2025-12-26 22:31:10,0.0
PC Connection Inc,,2025-11-12|2025-11-13|2025-11-14|2025-11-17|2025-11-18|2025-11-19|2025-11-20|2025-11-21|2025-11-24|2025-11-25|2025-11-26|2025-11-28|2025-12-01|2025-12-02|2025-12-03|2025-12-04|2025-12-05|2025-12-08|2025-12-09|2025-12-10|2025-12-11|2025-12-12|2025-12-15|2025-12-16|2025-12-17|2025-12-18|2025-12-19|2025-12-22|2025-12-23|2025-12-24,2025-12-26 22:31:10,0.0
Curtiss-Wright,,2025-11-12|2025-11-13|2025-11-14|2025-11-17|2025-11-18|2025-11-19|2025-11-20|2025-11-21|2025-11-24|2025-11-25|2025-11-26|2025-11-28|2025-12-01|2025-12-02|2025-12-03|2025-12-04|2025-12-05|2025-12-08|2025-12-09|2025-12-10|2025-12-11|2025-12-12|2025-12-15|2025-12-16|2025-12-17|2025-12-18|2025-12-19|2025-12-22|2025-12-23|2025-12-24,2025-12-26 22:31:10,0.0
Sallie Mae,,2025-11-12|2025-11-13|2025-11-14|2025-11-17|2025-11-18|2025-11-19|2025-11-20|2025-11-21|2025-11-24|2025-11-25|2025-11-26|2025-11-28|2025-12-01|2025-12-02|2025-12-03|2025-12-04|2025-12-05|2025-12-08|2025-12-09|2025-12-10|2025-12-11|2025-12-12|2025-12-15|2025-12-16|2025-12-17|2025-12-18|2025-12-19|2025-12-22|2025-12-23|2025-12-24,2025-12-26 22:31:10,0.0
Benchmark Electronics,,2025-11-12|2025-11-13|2025-11-14|2025-11-17|2025-11-18|2025-11-19|2025-11-20|2025-11-21|2025-11-24|2025-11-25|2025-11-26|2025-11-28|2025-12-01|2025-12-02|2025-12-03|2025-12-04|2025-12-05|2025-12-08|2025-12-09|2025-12-10|2025-12-11|2025-12-12|2025-12-15|2025-12-16|2025-12-17|2025-12-18|2025-12-19|2025-12-22|2025-12-23|2025-12-24,2025-12-26 22:31:10,0.0
Pure Storage,,2025-11-12|2025-11-13|2025-11-14|2025-11-17|2025-11-18|2025-11-19|2025-11-20|2025-11-21|2025-11-24|2025-11-25|2025-11-26|2025-11-28|2025-12-01|2025-12-02|2025-12-03|2025-12-04|2025-12-05|2025-12-08|2025-12-09|2025-12-10|2025-12-11|2025-12-12|2025-12-15|2025-12-16|2025-12-17|2025-12-18|2025-12-19|2025-12-22|2025-12-23|2025-12-24,2025-12-26 22:31:10,0.0
Knife River Corporation,,2025-11-12|2025-11-13|2025-11-14|2025-11-17|2025-11-18|2025-11-19|2025-11-20|2025-11-21|2025-11-24|2025-11-25|2025-11-26|2025-11-28|2025-12-01|2025-12-02|2025-12-03|2025-12-04|2025-12-05|2025-12-08|2025-12-09|2025-12-10|2025-12-11|2025-12-12|2025-12-15|2025-12-16|2025-12-17|2025-12-18|2025-12-19|2025-12-22|2025-12-23|2025-12-24,2025-12-26 22:31:10,0.0
Caleres Inc,,2025-11-12|2025-11-13|2025-11-14|2025-11-17|2025-11-18|2025-11-19|2025-11-20|2025-11-21|2025-11-24|2025-11-25|2025-11-26|2025-11-28|2025-12-01|2025-12-02|2025-12-03|2025-12-04|2025-12-05|2025-12-08|2025-12-09|2025-12-10|2025-12-11|2025-12-12|2025-12-15|2025-12-16|2025-12-17|2025-12-18|2025-12-19|2025-12-22|2025-12-23|2025-12-24,2025-12-26 22:31:10,0.0
BrightView Holdings,,2025-11-12|2025-11-13|2025-11-14|2025-11-17|2025-11-18|2025-11-19|2025-11-20|2025-11-21|2025-11-24|2025-11-25|2025-11-26|2025-11-28|2025-12-01|2025-12-02|2025-12-03|2025-12-04|2025-12-05|2025-12-08|2025-12-09|2025-12-10|2025-12-11|2025-12-12|2025-12-15|2025-12-16|2025-12-17|2025-12-18|2025-12-19|2025-12-22|2025-12-23|2025-12-24,2025-12-26 22:31:10,0.0
Cooper-Standard,,2025-11-12|2025-11-13|2025-11-14|2025-11-17|2025-11-18|2025-11-19|2025-11-20|2025-11-21|2025-11-24|2025-11-25|2025-11-26|2025-11-28|2025-12-01|2025-12-02|2025-12-03|2025-12-04|2025-12-05|2025-12-08|2025-12-09|2025-12-10|2025-12-11|2025-12-12|2025-12-15|2025-12-16|2025-12-17|2025-12-18|2025-12-19|2025-12-22|2025-12-23|2025-12-24,2025-12-26 22:31:10,0.0
Primerica,,2025-11-12|2025-11-13|2025-11-14|2025-11-17|2025-11-18|2025-11-19|2025-11-20|2025-11-21|2025-11-24|2025-11-25|2025-11-26|2025-11-28|2025-12-01|2025-12-02|2025-12-03|2025-12-04|2025-12-05|2025-12-08|2025-12-09|2025-12-10|2025-12-11|2025-12-12|2025-12-15|2025-12-16|2025-12-17|2025-12-18|2025-12-19|2025-12-22|2025-12-23|2025-12-24,2025-12-26 22:31:10,0.0
F5,,2025-11-12|2025-11-13|2025-11-14|2025-11-17|2025-11-18|2025-11-19|2025-11-20|2025-11-21|2025-11-24|2025-11-25|2025-11-26|2025-11-28|2025-12-01|2025-12-02|2025-12-03|2025-12-04|2025-12-05|2025-12-08|2025-12-09|2025-12-10|2025-12-11|2025-12-12|2025-12-15|2025-12-16|2025-12-17|2025-12-18|2025-12-19|2025-12-22|2025-12-23|2025-12-24,2025-12-26 22:31:10,0.0
Matador Resources,,2025-11-12|2025-11-13|2025-11-14|2025-11-17|2025-11-18|2025-11-19|2025-11-20|2025-11-21|2025-11-24|2025-11-25|2025-11-26|2025-11-28|2025-12-01|2025-12-02|2025-12-03|2025-12-04|2025-12-05|2025-12-08|2025-12-09|2025-12-10|2025-12-11|2025-12-12|2025-12-15|2025-12-16|2025-12-17|2025-12-18|2025-12-19|2025-12-22|2025-12-23|2025-12-24,2025-12-26 22:31:10,0.0
Snowflake Inc,,2025-11-12|2025-11-13|2025-11-14|2025-11-17|2025-11-18|2025-11-19|2025-11-20|2025-11-21|2025-11-24|2025-11-25|2025-11-26|2025-11-28|2025-12-01|2025-12-02|2025-12-03|2025-12-04|2025-12-05|2025-12-08|2025-12-09|2025-12-10|2025-12-11|2025-12-12|2025-12-15|2025-12-16|2025-12-17|2025-12-18|2025-12-19|2025-12-22|2025-12-23|2025-12-24,2025-12-26 22:31:10,0.0
Viasat,,2025-11-12|2025-11-13|2025-11-14|2025-11-17|2025-11-18|2025-11-19|2025-11-20|2025-11-21|2025-11-24|2025-11-25|2025-11-26|2025-11-28|2025-12-01|2025-12-02|2025-12-03|2025-12-04|2025-12-05|2025-12-08|2025-12-09|2025-12-10|2025-12-11|2025-12-12|2025-12-15|2025-12-16|2025-12-17|2025-12-18|2025-12-19|2025-12-22|2025-12-23|2025-12-24,2025-12-26 22:31:10,0.0
California Resources,,2025-11-12|2025-11-13|2025-11-14|2025-11-17|2025-11-18|2025-11-19|2025-11-20|2025-11-21|2025-11-24|2025-11-25|2025-11-26|2025-11-28|2025-12-01|2025-12-02|2025-12-03|2025-12-04|2025-12-05|2025-12-08|2025-12-09|2025-12-10|2025-12-11|2025-12-12|2025-12-15|2025-12-16|2025-12-17|2025-12-18|2025-12-19|2025-12-22|2025-12-23|2025-12-24,2025-12-26 22:31:10,0.0
Peloton Interactive,,2025-11-12|2025-11-13|2025-11-14|2025-11-17|2025-11-18|2025-11-19|2025-11-20|2025-11-21|2025-11-24|2025-11-25|2025-11-26|2025-11-28|2025-12-01|2025-12-02|2025-12-03|2025-12-04|2025-12-05|2025-12-08|2025-12-09|2025-12-10|2025-12-11|2025-12-12|2025-12-15|2025-12-16|2025-12-17|2025-12-18|2025-12-19|2025-12-22|2025-12-23|2025-12-24,2025-12-26 22:31:10,0.0
Roblox,,2025-11-12|2025-11-13|2025-11-14|2025-11-17|2025-11-18|2025-11-19|2025-11-20|2025-11-21|2025-11-24|2025-11-25|2025-11-26|2025-11-28|2025-12-01|2025-12-02|2025-12-03|2025-12-04|2025-12-05|2025-12-08|2025-12-09|2025-12-10|2025-12-11|2025-12-12|2025-12-15|2025-12-16|2025-12-17|2025-12-18|2025-12-19|2025-12-22|2025-12-23|2025-12-24,2025-12-26 22:31:10,0.0
Installed Building Products,,2025-11-12|2025-11-13|2025-11-14|2025-11-17|2025-11-18|2025-11-19|2025-11-20|2025-11-21|2025-11-24|2025-11-25|2025-11-26|2025-11-28|2025-12-01|2025-12-02|2025-12-03|2025-12-04|2025-12-05|2025-12-08|2025-12-09|2025-12-10|2025-12-11|2025-12-12|2025-12-15|2025-12-16|2025-12-17|2025-12-18|2025-12-19|2025-12-22|2025-12-23|2025-12-24,2025-12-26 22:31:10,0.0
First National of Nebraska,,2025-11-12|2025-11-13|2025-11-14|2025-11-17|2025-11-18|2025-11-19|2025-11-20|2025-11-21|2025-11-24|2025-11-25|2025-11-26|2025-11-28|2025-12-01|2025-12-02|2025-12-03|2025-12-04|2025-12-05|2025-12-08|2025-12-09|2025-12-10|2025-12-11|2025-12-12|2025-12-15|2025-12-16|2025-12-17|2025-12-18|2025-12-19|2025-12-22|2025-12-23|2025-12-24,2025-12-26 22:31:10,0.0
Guess Inc,,2025-11-12|2025-11-13|2025-11-14|2025-11-17|2025-11-18|2025-11-19|2025-11-20|2025-11-21|2025-11-24|2025-11-25|2025-11-26|2025-11-28|2025-12-01|2025-12-02|2025-12-03|2025-12-04|2025-12-05|2025-12-08|2025-12-09|2025-12-10|2025-12-11|2025-12-12|2025-12-15|2025-12-16|2025-12-17|2025-12-18|2025-12-19|2025-12-22|2025-12-23|2025-12-24,2025-12-26 22:31:10,0.0
ESAB,,2025-11-12|2025-11-13|2025-11-14|2025-11-17|2025-11-18|2025-11-19|2025-11-20|2025-11-21|2025-11-24|2025-11-25|2025-11-26|2025-11-28|2025-12-01|2025-12-02|2025-12-03|2025-12-04|2025-12-05|2025-12-08|2025-12-09|2025-12-10|2025-12-11|2025-12-12|2025-12-15|2025-12-16|2025-12-17|2025-12-18|2025-12-19|2025-12-22|2025-12-23|2025-12-24,2025-12-26 22:31:10,0.0
AvalonBay Communities,,2025-11-12|2025-11-13|2025-11-14|2025-11-17|2025-11-18|2025-11-19|2025-11-20|2025-11-21|2025-11-24|2025-11-25|2025-11-26|2025-11-28|2025-12-01|2025-12-02|2025-12-03|2025-12-04|2025-12-05|2025-12-08|2025-12-09|2025-12-10|2025-12-11|2025-12-12|2025-12-15|2025-12-16|2025-12-17|2025-12-18|2025-12-19|2025-12-22|2025-12-23|2025-12-24,2025-12-26 22:31:10,0.0
DocuSign,,2025-11-12|2025-11-13|2025-11-14|2025-11-17|2025-11-18|2025-11-19|2025-11-20|2025-11-21|2025-11-24|2025-11-25|2025-11-26|2025-11-28|2025-12-01|2025-12-02|2025-12-03|2025-12-04|2025-12-05|2025-12-08|2025-12-09|2025-12-10|2025-12-11|2025-12-12|2025-12-15|2025-12-16|2025-12-17|2025-12-18|2025-12-19|2025-12-22|2025-12-23|2025-12-24,2025-12-26 22:31:10,0.0
Titan Machinery,,2025-11-12|2025-11-13|2025-11-14|2025-11-17|2025-11-18|2025-11-19|2025-11-20|2025-11-21|2025-11-24|2025-11-25|2025-11-26|2025-11-28|2025-12-01|2025-12-02|2025-12-03|2025-12-04|2025-12-05|2025-12-08|2025-12-09|2025-12-10|2025-12-11|2025-12-12|2025-12-15|2025-12-16|2025-12-17|2025-12-18|2025-12-19|2025-12-22|2025-12-23|2025-12-24,2025-12-26 22:31:10,0.0
ModivCare,,2025-11-21|2025-11-24|2025-11-25|2025-11-26|2025-11-28|2025-12-01|2025-12-02|2025-12-03|2025-12-04|2025-12-05|2025-12-08|2025-12-09|2025-12-10|2025-12-11|2025-12-12|2025-12-15|2025-12-16|2025-12-17|2025-12-18|2025-12-19|2025-12-22|2025-12-23|2025-12-24,2025-12-26 22:31:10,0.0
Hovnanian Enterprises,,2025-11-12|2025-11-13|2025-11-14|2025-11-17|2025-11-18|2025-11-19|2025-11-20|2025-11-21|2025-11-24|2025-11-25|2025-11-26|2025-11-28|2025-12-01|2025-12-02|2025-12-03|2025-12-04|2025-12-05|2025-12-08|2025-12-09|2025-12-10|2025-12-11|2025-12-12|2025-12-15|2025-12-16|2025-12-17|2025-12-18|2025-12-19|2025-12-22|2025-12-23|2025-12-24,2025-12-26 22:31:10,0.0
Etsy,,2025-11-12|2025-11-13|2025-11-14|2025-11-17|2025-11-18|2025-11-19|2025-11-20|2025-11-21|2025-11-24|2025-11-25|2025-11-26|2025-11-28|2025-12-01|2025-12-02|2025-12-03|2025-12-04|2025-12-05|2025-12-08|2025-12-09|2025-12-10|2025-12-11|2025-12-12|2025-12-15|2025-12-16|2025-12-17|2025-12-18|2025-12-19|2025-12-22|2025-12-23|2025-12-24,2025-12-26 22:31:10,0.0
Surgery Partners,,2025-11-12|2025-11-13|2025-11-14|2025-11-17|2025-11-18|2025-11-19|2025-11-20|2025-11-21|2025-11-24|2025-11-25|2025-11-26|2025-11-28|2025-12-01|2025-12-02|2025-12-03|2025-12-04|2025-12-05|2025-12-08|2025-12-09|2025-12-10|2025-12-11|2025-12-12|2025-12-15|2025-12-16|2025-12-17|2025-12-18|2025-12-19|2025-12-22|2025-12-23|2025-12-24,2025-12-26 22:31:10,0.0
Columbia Banking System,,2025-11-12|2025-11-13|2025-11-14|2025-11-17|2025-11-18|2025-11-19|2025-11-20|2025-11-21|2025-11-24|2025-11-25|2025-11-26|2025-11-28|2025-12-01|2025-12-02|2025-12-03|2025-12-04|2025-12-05|2025-12-08|2025-12-09|2025-12-10|2025-12-11|2025-12-12|2025-12-15|2025-12-16|2025-12-17|2025-12-18|2025-12-19|2025-12-22|2025-12-23|2025-12-24,2025-12-26 22:31:10,0.0
Verisk Analytics,,2025-11-12|2025-11-13|2025-11-14|2025-11-17|2025-11-18|2025-11-19|2025-11-20|2025-11-21|2025-11-24|2025-11-25|2025-11-26|2025-11-28|2025-12-01|2025-12-02|2025-12-03|2025-12-04|2025-12-05|2025-12-08|2025-12-09|2025-12-10|2025-12-11|2025-12-12|2025-12-15|2025-12-16|2025-12-17|2025-12-18|2025-12-19|2025-12-22|2025-12-23|2025-12-24,2025-12-26 22:31:10,0.0
MasterBrand,,2025-11-12|2025-11-13|2025-11-14|2025-11-17|2025-11-18|2025-11-19|2025-11-20|2025-11-21|2025-11-24|2025-11-25|2025-11-26|2025-11-28|2025-12-01|2025-12-02|2025-12-03|2025-12-04|2025-12-05|2025-12-08|2025-12-09|2025-12-10|2025-12-11|2025-12-12|2025-12-15|2025-12-16|2025-12-17|2025-12-18|2025-12-19|2025-12-22|2025-12-23|2025-12-24,2025-12-26 22:31:10,0.0
AMC Networks,,2025-11-12|2025-11-13|2025-11-14|2025-11-17|2025-11-18|2025-11-19|2025-11-20|2025-11-21|2025-11-24|2025-11-25|2025-11-26|2025-11-28|2025-12-01|2025-12-02|2025-12-03|2025-12-04|2025-12-05|2025-12-08|2025-12-09|2025-12-10|2025-12-11|2025-12-12|2025-12-15|2025-12-16|2025-12-17|2025-12-18|2025-12-19|2025-12-22|2025-12-23|2025-12-24,2025-12-26 22:31:10,0.0
SBA Communications,,2025-11-12|2025-11-13|2025-11-14|2025-11-17|2025-11-18|2025-11-19|2025-11-20|2025-11-21|2025-11-24|2025-11-25|2025-11-26|2025-11-28|2025-12-01|2025-12-02|2025-12-03|2025-12-04|2025-12-05|2025-12-08|2025-12-09|2025-12-10|2025-12-11|2025-12-12|2025-12-15|2025-12-16|2025-12-17|2025-12-18|2025-12-19|2025-12-22|2025-12-23|2025-12-24,2025-12-26 22:31:10,0.0
Americold Realty Trust,,2025-11-12|2025-11-13|2025-11-14|2025-11-17|2025-11-18|2025-11-19|2025-11-20|2025-11-21|2025-11-24|2025-11-25|2025-11-26|2025-11-28|2025-12-01|2025-12-02|2025-12-03|2025-12-04|2025-12-05|2025-12-08|2025-12-09|2025-12-10|2025-12-11|2025-12-12|2025-12-15|2025-12-16|2025-12-17|2025-12-18|2025-12-19|2025-12-22|2025-12-23|2025-12-24,2025-12-26 22:31:10,0.0
NewMarket Corporation,,2025-11-12|2025-11-13|2025-11-14|2025-11-17|2025-11-18|2025-11-19|2025-11-20|2025-11-21|2025-11-24|2025-11-25|2025-11-26|2025-11-28|2025-12-01|2025-12-02|2025-12-03|2025-12-04|2025-12-05|2025-12-08|2025-12-09|2025-12-10|2025-12-11|2025-12-12|2025-12-15|2025-12-16|2025-12-17|2025-12-18|2025-12-19|2025-12-22|2025-12-23|2025-12-24,2025-12-26 22:31:10,0.0
Park Hotels & Resorts,,2025-11-12|2025-11-13|2025-11-14|2025-11-17|2025-11-18|2025-11-19|2025-11-20|2025-11-21|2025-11-24|2025-11-25|2025-11-26|2025-11-28|2025-12-01|2025-12-02|2025-12-03|2025-12-04|2025-12-05|2025-12-08|2025-12-09|2025-12-10|2025-12-11|2025-12-12|2025-12-15|2025-12-16|2025-12-17|2025-12-18|2025-12-19|2025-12-22|2025-12-23|2025-12-24,2025-12-26 22:31:10,0.0
Alexandria Real Estate Equities,,2025-11-12|2025-11-13|2025-11-14|2025-11-17|2025-11-18|2025-11-19|2025-11-20|2025-11-21|2025-11-24|2025-11-25|2025-11-26|2025-11-28|2025-12-01|2025-12-02|2025-12-03|2025-12-04|2025-12-05|2025-12-08|2025-12-09|2025-12-10|2025-12-11|2025-12-12|2025-12-15|2025-12-16|2025-12-17|2025-12-18|2025-12-19|2025-12-22|2025-12-23|2025-12-24,2025-12-26 22:31:10,0.0
Griffon Corporation,,2025-11-12|2025-11-13|2025-11-14|2025-11-17|2025-11-18|2025-11-19|2025-11-20|2025-11-21|2025-11-24|2025-11-25|2025-11-26|2025-11-28|2025-12-01|2025-12-02|2025-12-03|2025-12-04|2025-12-05|2025-12-08|2025-12-09|2025-12-10|2025-12-11|2025-12-12|2025-12-15|2025-12-16|2025-12-17|2025-12-18|2025-12-19|2025-12-22|2025-12-23|2025-12-24,2025-12-26 22:31:10,0.0
Air Lease,,2025-11-12|2025-11-13|2025-11-14|2025-11-17|2025-11-18|2025-11-19|2025-11-20|2025-11-21|2025-11-24|2025-11-25|2025-11-26|2025-11-28|2025-12-01|2025-12-02|2025-12-03|2025-12-04|2025-12-05|2025-12-08|2025-12-09|2025-12-10|2025-12-11|2025-12-12|2025-12-15|2025-12-16|2025-12-17|2025-12-18|2025-12-19|2025-12-22|2025-12-23|2025-12-24,2025-12-26 22:31:10,0.0
UL Solutions,,2025-11-12|2025-11-13|2025-11-14|2025-11-17|2025-11-18|2025-11-19|2025-11-20|2025-11-21|2025-11-24|2025-11-25|2025-11-26|2025-11-28|2025-12-01|2025-12-02|2025-12-03|2025-12-04|2025-12-05|2025-12-08|2025-12-09|2025-12-10|2025-12-11|2025-12-12|2025-12-15|2025-12-16|2025-12-17|2025-12-18|2025-12-19|2025-12-22|2025-12-23|2025-12-24,2025-12-26 22:31:10,0.0
Teradyne,,2025-11-12|2025-11-13|2025-11-14|2025-11-17|2025-11-18|2025-11-19|2025-11-20|2025-11-21|2025-11-24|2025-11-25|2025-11-26|2025-11-28|2025-12-01|2025-12-02|2025-12-03|2025-12-04|2025-12-05|2025-12-08|2025-12-09|2025-12-10|2025-12-11|2025-12-12|2025-12-15|2025-12-16|2025-12-17|2025-12-18|2025-12-19|2025-12-22|2025-12-23|2025-12-24,2025-12-26 22:31:10,0.0
OGE Energy,,2025-11-12|2025-11-13|2025-11-14|2025-11-17|2025-11-18|2025-11-19|2025-11-20|2025-11-21|2025-11-24|2025-11-25|2025-11-26|2025-11-28|2025-12-01|2025-12-02|2025-12-03|2025-12-04|2025-12-05|2025-12-08|2025-12-09|2025-12-10|2025-12-11|2025-12-12|2025-12-15|2025-12-16|2025-12-17|2025-12-18|2025-12-19|2025-12-22|2025-12-23|2025-12-24,2025-12-26 22:31:10,0.0
Bio-Rad Laboratories,,2025-11-12|2025-11-13|2025-11-14|2025-11-17|2025-11-18|2025-11-19|2025-11-20|2025-11-21|2025-11-24|2025-11-25|2025-11-26|2025-11-28|2025-12-01|2025-12-02|2025-12-03|2025-12-04|2025-12-05|2025-12-08|2025-12-09|2025-12-10|2025-12-11|2025-12-12|2025-12-15|2025-12-16|2025-12-17|2025-12-18|2025-12-19|2025-12-22|2025-12-23|2025-12-24,2025-12-26 22:31:10,0.0
Spire Inc,,2025-11-12|2025-11-13|2025-11-14|2025-11-17|2025-11-18|2025-11-19|2025-11-20|2025-11-21|2025-11-24|2025-11-25|2025-11-26|2025-11-28|2025-12-01|2025-12-02|2025-12-03|2025-12-04|2025-12-05|2025-12-08|2025-12-09|2025-12-10|2025-12-11|2025-12-12|2025-12-15|2025-12-16|2025-12-17|2025-12-18|2025-12-19|2025-12-22|2025-12-23|2025-12-24,2025-12-26 22:31:10,0.0
Gannett,,2025-11-12|2025-11-13|2025-11-14|2025-11-17|2025-11-18|2025-11-19|2025-11-20|2025-11-21|2025-11-24|2025-11-25|2025-11-26|2025-11-28|2025-12-01|2025-12-02|2025-12-03|2025-12-04|2025-12-05|2025-12-08|2025-12-09|2025-12-10|2025-12-11|2025-12-12|2025-12-15|2025-12-16|2025-12-17|2025-12-18|2025-12-19|2025-12-22|2025-12-23|2025-12-24,2025-12-26 22:31:10,0.0
Stericycle,,2025-11-25,2025-12-26 22:31:10,0.0
Cullen Frost Bankers,,2025-11-12|2025-11-13|2025-11-14|2025-11-17|2025-11-18|2025-11-19|2025-11-20|2025-11-21|2025-11-24|2025-11-25|2025-11-26|2025-11-28|2025-12-01|2025-12-02|2025-12-03|2025-12-04|2025-12-05|2025-12-08|2025-12-09|2025-12-10|2025-12-11|2025-12-12|2025-12-15|2025-12-16|2025-12-17|2025-12-18|2025-12-19|2025-12-22|2025-12-23|2025-12-24,2025-12-26 22:31:10,0.0
Extra Space Storage,,2025-11-12|2025-11-13|2025-11-14|2025-11-17|2025-11-18|2025-11-19|2025-11-20|2025-11-21|2025-11-24|2025-11-25|2025-11-26|2025-11-28|2025-12-01|2025-12-02|2025-12-03|2025-12-04|2025-12-05|2025-12-08|2025-12-09|2025-12-10|2025-12-11|2025-12-12|2025-12-15|2025-12-16|2025-12-17|2025-12-18|2025-12-19|2025-12-22|2025-12-23|2025-12-24,2025-12-26 22:31:10,0.0
REV Group,,2025-11-12|2025-11-13|2025-11-14|2025-11-17|2025-11-18|2025-11-19|2025-11-20|2025-11-21|2025-11-24|2025-11-25|2025-11-26|2025-11-28|2025-12-01|2025-12-02|2025-12-03|2025-12-04|2025-12-05|2025-12-08|2025-12-09|2025-12-10|2025-12-11|2025-12-12|2025-12-15|2025-12-16|2025-12-17|2025-12-18|2025-12-19|2025-12-22|2025-12-23|2025-12-24,2025-12-26 22:31:10,0.0
ProFrac Holding,,2025-11-12|2025-11-13|2025-11-14|2025-11-17|2025-11-18|2025-11-19|2025-11-20|2025-11-21|2025-11-24|2025-11-25|2025-11-26|2025-11-28|2025-12-01|2025-12-02|2025-12-03|2025-12-04|2025-12-05|2025-12-08|2025-12-09|2025-12-10|2025-12-11|2025-12-12|2025-12-15|2025-12-16|2025-12-17|2025-12-18|2025-12-19|2025-12-22|2025-12-23|2025-12-24,2025-12-26 22:31:10,0.0
Nordson,,2025-11-12|2025-11-13|2025-11-14|2025-11-17|2025-11-18|2025-11-19|2025-11-20|2025-11-21|2025-11-24|2025-11-25|2025-11-26|2025-11-28|2025-12-01|2025-12-02|2025-12-03|2025-12-04|2025-12-05|2025-12-08|2025-12-09|2025-12-10|2025-12-11|2025-12-12|2025-12-15|2025-12-16|2025-12-17|2025-12-18|2025-12-19|2025-12-22|2025-12-23|2025-12-24,2025-12-26 22:31:10,0.0
Valvoline Inc,,2025-11-12|2025-11-13|2025-11-14|2025-11-17|2025-11-18|2025-11-19|2025-11-20|2025-11-21|2025-11-24|2025-11-25|2025-11-26|2025-11-28|2025-12-01|2025-12-02|2025-12-03|2025-12-04|2025-12-05|2025-12-08|2025-12-09|2025-12-10|2025-12-11|2025-12-12|2025-12-15|2025-12-16|2025-12-17|2025-12-18|2025-12-19|2025-12-22|2025-12-23|2025-12-24,2025-12-26 22:31:10,0.0
Kontoor Brands,,2025-11-12|2025-11-13|2025-11-14|2025-11-17|2025-11-18|2025-11-19|2025-11-20|2025-11-21|2025-11-24|2025-11-25|2025-11-26|2025-11-28|2025-12-01|2025-12-02|2025-12-03|2025-12-04|2025-12-05|2025-12-08|2025-12-09|2025-12-10|2025-12-11|2025-12-12|2025-12-15|2025-12-16|2025-12-17|2025-12-18|2025-12-19|2025-12-22|2025-12-23|2025-12-24,2025-12-26 22:31:10,0.0
Skyline Champion,,2025-11-12|2025-11-13|2025-11-14|2025-11-17|2025-11-18|2025-11-19|2025-11-20|2025-11-21|2025-11-24|2025-11-25|2025-11-26|2025-11-28|2025-12-01|2025-12-02|2025-12-03|2025-12-04|2025-12-05|2025-12-08|2025-12-09|2025-12-10|2025-12-11|2025-12-12|2025-12-15|2025-12-16|2025-12-17|2025-12-18|2025-12-19|2025-12-22|2025-12-23|2025-12-24,2025-12-26 22:31:10,0.0
Teladoc Health,,2025-11-12|2025-11-13|2025-11-14|2025-11-17|2025-11-18|2025-11-19|2025-11-20|2025-11-21|2025-11-24|2025-11-25|2025-11-26|2025-11-28|2025-12-01|2025-12-02|2025-12-03|2025-12-04|2025-12-05|2025-12-08|2025-12-09|2025-12-10|2025-12-11|2025-12-12|2025-12-15|2025-12-16|2025-12-17|2025-12-18|2025-12-19|2025-12-22|2025-12-23|2025-12-24,2025-12-26 22:31:10,0.0
Louisiana-Pacific Corporation,,2025-11-12|2025-11-13|2025-11-14|2025-11-17|2025-11-18|2025-11-19|2025-11-20|2025-11-21|2025-11-24|2025-11-25|2025-11-26|2025-11-28|2025-12-01|2025-12-02|2025-12-03|2025-12-04|2025-12-05|2025-12-08|2025-12-09|2025-12-10|2025-12-11|2025-12-12|2025-12-15|2025-12-16|2025-12-17|2025-12-18|2025-12-19|2025-12-22|2025-12-23|2025-12-24,2025-12-26 22:31:10,0.0
Universal Corporation,,2025-11-12|2025-11-13|2025-11-14|2025-11-17|2025-11-18|2025-11-19|2025-11-20|2025-11-21|2025-11-24|2025-11-25|2025-11-26|2025-11-28|2025-12-01|2025-12-02|2025-12-03|2025-12-04|2025-12-05|2025-12-08|2025-12-09|2025-12-10|2025-12-11|2025-12-12|2025-12-15|2025-12-16|2025-12-17|2025-12-18|2025-12-19|2025-12-22|2025-12-23|2025-12-24,2025-12-26 22:31:10,0.0
Playtika Holding,,2025-11-12|2025-11-13|2025-11-14|2025-11-17|2025-11-18|2025-11-19|2025-11-20|2025-11-21|2025-11-24|2025-11-25|2025-11-26|2025-11-28|2025-12-01|2025-12-02|2025-12-03|2025-12-04|2025-12-05|2025-12-08|2025-12-09|2025-12-10|2025-12-11|2025-12-12|2025-12-15|2025-12-16|2025-12-17|2025-12-18|2025-12-19|2025-12-22|2025-12-23|2025-12-24,2025-12-26 22:31:10,0.0
Alliance Resource Partners,,2025-11-12|2025-11-13|2025-11-14|2025-11-17|2025-11-18|2025-11-19|2025-11-20|2025-11-21|2025-11-24|2025-11-25|2025-11-26|2025-11-28|2025-12-01|2025-12-02|2025-12-03|2025-12-04|2025-12-05|2025-12-08|2025-12-09|2025-12-10|2025-12-11|2025-12-12|2025-12-15|2025-12-16|2025-12-17|2025-12-18|2025-12-19|2025-12-22|2025-12-23|2025-12-24,2025-12-26 22:31:10,0.0
Envista,,2025-11-12|2025-11-13|2025-11-14|2025-11-17|2025-11-18|2025-11-19|2025-11-20|2025-11-21|2025-11-24|2025-11-25|2025-11-26|2025-11-28|2025-12-01|2025-12-02|2025-12-03|2025-12-04|2025-12-05|2025-12-08|2025-12-09|2025-12-10|2025-12-11|2025-12-12|2025-12-15|2025-12-16|2025-12-17|2025-12-18|2025-12-19|2025-12-22|2025-12-23|2025-12-24,2025-12-26 22:31:10,0.0
Shift4 Payments,,2025-11-12|2025-11-13|2025-11-14|2025-11-17|2025-11-18|2025-11-19|2025-11-20|2025-11-21|2025-11-24|2025-11-25|2025-11-26|2025-11-28|2025-12-01|2025-12-02|2025-12-03|2025-12-04|2025-12-05|2025-12-08|2025-12-09|2025-12-10|2025-12-11|2025-12-12|2025-12-15|2025-12-16|2025-12-17|2025-12-18|2025-12-19|2025-12-22|2025-12-23|2025-12-24,2025-12-26 22:31:10,0.0
Talen Energy,,2025-11-12|2025-11-13|2025-11-14|2025-11-17|2025-11-18|2025-11-19|2025-11-20|2025-11-21|2025-11-24|2025-11-25|2025-11-26|2025-11-28|2025-12-01|2025-12-02|2025-12-03|2025-12-04|2025-12-05|2025-12-08|2025-12-09|2025-12-10|2025-12-11|2025-12-12|2025-12-15|2025-12-16|2025-12-17|2025-12-18|2025-12-19|2025-12-22|2025-12-23|2025-12-24,2025-12-26 22:31:10,0.0
