company,trends_history,date_history,last_updated,avg_interest
DTE Energy,53|68|63|70|66|59|67|65|70|65|68|65|67|68|55|62|71|60|70|100|74|79|72|72|65|69|68|72|66|65,2025-11-04|2025-11-05|2025-11-06|2025-11-07|2025-11-10|2025-11-11|2025-11-12|2025-11-13|2025-11-14|2025-11-17|2025-11-18|2025-11-19|2025-11-20|2025-11-21|2025-11-24|2025-11-25|2025-11-26|2025-11-28|2025-12-01|2025-12-02|2025-12-03|2025-12-04|2025-12-05|2025-12-08|2025-12-09|2025-12-10|2025-12-11|2025-12-12|2025-12-15|2025-12-16,2025-12-17 18:16:57,67.8
Equitable Holdings,0|0|0|0|0|0|0|0|0|0|0|0|0|0|0|0|0|0|0|0|53|89|0|96|86|92|100|0|59|62,2025-11-04|2025-11-05|2025-11-06|2025-11-07|2025-11-10|2025-11-11|2025-11-12|2025-11-13|2025-11-14|2025-11-17|2025-11-18|2025-11-19|2025-11-20|2025-11-21|2025-11-24|2025-11-25|2025-11-26|2025-11-28|2025-12-01|2025-12-02|2025-12-03|2025-12-04|2025-12-05|2025-12-08|2025-12-09|2025-12-10|2025-12-11|2025-12-12|2025-12-15|2025-12-16,2025-12-17 18:17:00,21.2
DuPont de Nemours,0|0|100|0|0|0|0|0|0|0|0|0|0|0|0|0|0|0|0|0|7|9|11|15|12|9|11|8|11|8,2025-11-04|2025-11-05|2025-11-06|2025-11-07|2025-11-10|2025-11-11|2025-11-12|2025-11-13|2025-11-14|2025-11-17|2025-11-18|2025-11-19|2025-11-20|2025-11-21|2025-11-24|2025-11-25|2025-11-26|2025-11-28|2025-12-01|2025-12-02|2025-12-03|2025-12-04|2025-12-05|2025-12-08|2025-12-09|2025-12-10|2025-12-11|2025-12-12|2025-12-15|2025-12-16,2025-12-17 18:17:03,6.7
LPL Financial,75|91|67|93|86|82|90|100|87|75|68|79|74|76|62|67|79|69|40|78|74|84|83|74|74|81|85|87|69|75,2025-11-03|2025-11-04|2025-11-05|2025-11-06|2025-11-07|2025-11-10|2025-11-11|2025-11-12|2025-11-13|2025-11-14|2025-11-17|2025-11-18|2025-11-19|2025-11-20|2025-11-21|2025-11-24|2025-11-25|2025-11-26|2025-11-28|2025-12-01|2025-12-02|2025-12-03|2025-12-04|2025-12-05|2025-12-08|2025-12-09|2025-12-10|2025-12-11|2025-12-15|2025-12-16,2025-12-17 18:17:06,77.5
Citizens Financial Group,0|0|86|0|100|0|0|0|0|74|0|0|80|0|0|0|0|0|0|0|53|43|40|40|45|32|35|31|30|28,2025-11-04|2025-11-05|2025-11-06|2025-11-07|2025-11-10|2025-11-11|2025-11-12|2025-11-13|2025-11-14|2025-11-17|2025-11-18|2025-11-19|2025-11-20|2025-11-21|2025-11-24|2025-11-25|2025-11-26|2025-11-28|2025-12-01|2025-12-02|2025-12-03|2025-12-04|2025-12-05|2025-12-08|2025-12-09|2025-12-10|2025-12-11|2025-12-12|2025-12-15|2025-12-16,2025-12-17 18:17:10,23.9
MasTec,90|70|81|54|78|84|76|49|51|68|61|72|56|76|69|79|61|0|25|59|62|100|66|62|70|69|68|54|61|61,2025-11-04|2025-11-05|2025-11-06|2025-11-07|2025-11-10|2025-11-11|2025-11-12|2025-11-13|2025-11-14|2025-11-17|2025-11-18|2025-11-19|2025-11-20|2025-11-21|2025-11-24|2025-11-25|2025-11-26|2025-11-28|2025-12-01|2025-12-02|2025-12-03|2025-12-04|2025-12-05|2025-12-08|2025-12-09|2025-12-10|2025-12-11|2025-12-12|2025-12-15|2025-12-16,2025-12-17 18:17:13,64.4
AES,85|87|93|88|84|90|85|86|90|85|84|84|89|94|82|79|89|61|100|89|86|83|84|83|87|89|89|79|77|77,2025-11-04|2025-11-05|2025-11-06|2025-11-07|2025-11-10|2025-11-11|2025-11-12|2025-11-13|2025-11-14|2025-11-17|2025-11-18|2025-11-19|2025-11-20|2025-11-21|2025-11-24|2025-11-25|2025-11-26|2025-11-28|2025-12-01|2025-12-02|2025-12-03|2025-12-04|2025-12-05|2025-12-08|2025-12-09|2025-12-10|2025-12-11|2025-12-12|2025-12-15|2025-12-16,2025-12-17 18:17:17,85.3
Norfolk Southern,92|76|92|100|87|79|88|85|97|97|87|97|92|98|73|80|96|51|79|100|73|76|73|75|69|77|78|67|70|68,2025-11-04|2025-11-05|2025-11-06|2025-11-07|2025-11-10|2025-11-11|2025-11-12|2025-11-13|2025-11-14|2025-11-17|2025-11-18|2025-11-19|2025-11-20|2025-11-21|2025-11-24|2025-11-25|2025-11-26|2025-11-28|2025-12-01|2025-12-02|2025-12-03|2025-12-04|2025-12-05|2025-12-08|2025-12-09|2025-12-10|2025-12-11|2025-12-12|2025-12-15|2025-12-16,2025-12-17 18:17:19,82.4
Air Products & Chemicals,0|0|0|0|0|0|0|0|0|0|0|0|0|0|0|0|0|0|0|0|0|0|0|100|0|0|0|0|0|0,2025-11-04|2025-11-05|2025-11-06|2025-11-07|2025-11-10|2025-11-11|2025-11-12|2025-11-13|2025-11-14|2025-11-17|2025-11-18|2025-11-19|2025-11-20|2025-11-21|2025-11-24|2025-11-25|2025-11-26|2025-11-28|2025-12-01|2025-12-02|2025-12-03|2025-12-04|2025-12-05|2025-12-08|2025-12-09|2025-12-10|2025-12-11|2025-12-12|2025-12-15|2025-12-16,2025-12-17 18:17:23,3.3
JB Hunt Transport Services,0|0|0|0|0|0|100|0|0|0|0|0|0|0|0|0|0|0|0|0|0|0|0|0|0|0|0|0|0|0,2025-11-04|2025-11-05|2025-11-06|2025-11-07|2025-11-10|2025-11-11|2025-11-12|2025-11-13|2025-11-14|2025-11-17|2025-11-18|2025-11-19|2025-11-20|2025-11-21|2025-11-24|2025-11-25|2025-11-26|2025-11-28|2025-12-01|2025-12-02|2025-12-03|2025-12-04|2025-12-05|2025-12-08|2025-12-09|2025-12-10|2025-12-11|2025-12-12|2025-12-15|2025-12-16,2025-12-17 18:17:25,3.3
Ball Corporation,59|44|42|47|100|41|88|0|43|53|60|76|47|0|48|43|0|0|100|40|20|30|19|23|26|23|27|28|25|22,2025-11-04|2025-11-05|2025-11-06|2025-11-07|2025-11-10|2025-11-11|2025-11-12|2025-11-13|2025-11-14|2025-11-17|2025-11-18|2025-11-19|2025-11-20|2025-11-21|2025-11-24|2025-11-25|2025-11-26|2025-11-28|2025-12-01|2025-12-02|2025-12-03|2025-12-04|2025-12-05|2025-12-08|2025-12-09|2025-12-10|2025-12-11|2025-12-12|2025-12-15|2025-12-16,2025-12-17 18:17:30,39.1
Conagra Brands,85|69|0|0|66|100|85|0|0|0|0|81|0|88|0|0|96|0|0|0|52|55|54|63|64|51|43|40|46|49,2025-11-04|2025-11-05|2025-11-06|2025-11-07|2025-11-10|2025-11-11|2025-11-12|2025-11-13|2025-11-14|2025-11-17|2025-11-18|2025-11-19|2025-11-20|2025-11-21|2025-11-24|2025-11-25|2025-11-26|2025-11-28|2025-12-01|2025-12-02|2025-12-03|2025-12-04|2025-12-05|2025-12-08|2025-12-09|2025-12-10|2025-12-11|2025-12-12|2025-12-15|2025-12-16,2025-12-17 18:17:33,39.6
Huntington Bancshares,0|0|0|0|0|0|0|0|0|0|0|0|0|0|0|0|0|0|0|0|16|7|9|12|11|10|13|10|13|11,2025-11-04|2025-11-05|2025-11-06|2025-11-07|2025-11-10|2025-11-11|2025-11-12|2025-11-13|2025-11-14|2025-11-17|2025-11-18|2025-11-19|2025-11-20|2025-11-21|2025-11-24|2025-11-25|2025-11-26|2025-11-28|2025-12-01|2025-12-02|2025-12-03|2025-12-04|2025-12-05|2025-12-08|2025-12-09|2025-12-10|2025-12-11|2025-12-12|2025-12-15|2025-12-16,2025-12-17 18:17:37,3.7
Hormel Foods,100|95|96|50|63|70|59|68|0|0|65|0|0|0|0|72|74|0|52|0|40|64|49|45|42|56|35|36|35|39,2025-11-04|2025-11-05|2025-11-06|2025-11-07|2025-11-10|2025-11-11|2025-11-12|2025-11-13|2025-11-14|2025-11-17|2025-11-18|2025-11-19|2025-11-20|2025-11-21|2025-11-24|2025-11-25|2025-11-26|2025-11-28|2025-12-01|2025-12-02|2025-12-03|2025-12-04|2025-12-05|2025-12-08|2025-12-09|2025-12-10|2025-12-11|2025-12-12|2025-12-15|2025-12-16,2025-12-17 18:17:41,43.5
Eversource Energy,0|51|0|0|0|0|66|0|0|0|0|100|0|0|0|0|68|0|50|0|34|38|30|29|34|31|35|30|28|32,2025-11-04|2025-11-05|2025-11-06|2025-11-07|2025-11-10|2025-11-11|2025-11-12|2025-11-13|2025-11-14|2025-11-17|2025-11-18|2025-11-19|2025-11-20|2025-11-21|2025-11-24|2025-11-25|2025-11-26|2025-11-28|2025-12-01|2025-12-02|2025-12-03|2025-12-04|2025-12-05|2025-12-08|2025-12-09|2025-12-10|2025-12-11|2025-12-12|2025-12-15|2025-12-16,2025-12-17 18:17:44,21.9
Alcoa Corporation,0|0|0|0|0|0|0|0|0|0|0|0|0|0|0|0|0|0|0|0|98|100|51|48|71|0|43|0|0|0,2025-11-04|2025-11-05|2025-11-06|2025-11-07|2025-11-10|2025-11-11|2025-11-12|2025-11-13|2025-11-14|2025-11-17|2025-11-18|2025-11-19|2025-11-20|2025-11-21|2025-11-24|2025-11-25|2025-11-26|2025-11-28|2025-12-01|2025-12-02|2025-12-03|2025-12-04|2025-12-05|2025-12-08|2025-12-09|2025-12-10|2025-12-11|2025-12-12|2025-12-15|2025-12-16,2025-12-17 18:17:47,13.7
Entergy,77|68|79|70|90|67|70|72|71|70|71|69|84|67|63|72|60|55|81|100|73|76|62|65|63|73|79|61|75|59,2025-11-04|2025-11-05|2025-11-06|2025-11-07|2025-11-10|2025-11-11|2025-11-12|2025-11-13|2025-11-14|2025-11-17|2025-11-18|2025-11-19|2025-11-20|2025-11-21|2025-11-24|2025-11-25|2025-11-26|2025-11-28|2025-12-01|2025-12-02|2025-12-03|2025-12-04|2025-12-05|2025-12-08|2025-12-09|2025-12-10|2025-12-11|2025-12-12|2025-12-15|2025-12-16,2025-12-17 18:17:51,71.4
Assurant,96|86|80|87|77|85|80|88|80|77|88|100|78|67|98|78|74|69|89|87|89|84|79|79|85|81|79|75|82|86,2025-11-04|2025-11-05|2025-11-06|2025-11-07|2025-11-10|2025-11-11|2025-11-12|2025-11-13|2025-11-14|2025-11-17|2025-11-18|2025-11-19|2025-11-20|2025-11-21|2025-11-24|2025-11-25|2025-11-26|2025-11-28|2025-12-01|2025-12-02|2025-12-03|2025-12-04|2025-12-05|2025-12-08|2025-12-09|2025-12-10|2025-12-11|2025-12-12|2025-12-15|2025-12-16,2025-12-17 18:17:55,82.8
Chewy,73|68|71|78|76|79|72|74|74|76|74|74|77|75|83|78|79|100|88|86|83|83|83|82|82|84|78|81|84|83,2025-11-04|2025-11-05|2025-11-06|2025-11-07|2025-11-10|2025-11-11|2025-11-12|2025-11-13|2025-11-14|2025-11-17|2025-11-18|2025-11-19|2025-11-20|2025-11-21|2025-11-24|2025-11-25|2025-11-26|2025-11-28|2025-12-01|2025-12-02|2025-12-03|2025-12-04|2025-12-05|2025-12-08|2025-12-09|2025-12-10|2025-12-11|2025-12-12|2025-12-15|2025-12-16,2025-12-17 18:17:57,79.3
Wayfair,56|58|56|57|61|68|57|59|56|63|64|59|62|61|67|63|65|100|77|68|58|54|50|59|54|52|51|50|50|50,2025-11-04|2025-11-05|2025-11-06|2025-11-07|2025-11-10|2025-11-11|2025-11-12|2025-11-13|2025-11-14|2025-11-17|2025-11-18|2025-11-19|2025-11-20|2025-11-21|2025-11-24|2025-11-25|2025-11-26|2025-11-28|2025-12-01|2025-12-02|2025-12-03|2025-12-04|2025-12-05|2025-12-08|2025-12-09|2025-12-10|2025-12-11|2025-12-12|2025-12-15|2025-12-16,2025-12-17 18:18:01,60.2
Avis Budget,92|86|88|88|60|78|76|76|68|80|83|89|78|72|84|81|94|100|91|92|77|63|61|63|72|67|62|66|68|67,2025-11-04|2025-11-05|2025-11-06|2025-11-07|2025-11-10|2025-11-11|2025-11-12|2025-11-13|2025-11-14|2025-11-17|2025-11-18|2025-11-19|2025-11-20|2025-11-21|2025-11-24|2025-11-25|2025-11-26|2025-11-28|2025-12-01|2025-12-02|2025-12-03|2025-12-04|2025-12-05|2025-12-08|2025-12-09|2025-12-10|2025-12-11|2025-12-12|2025-12-15|2025-12-16,2025-12-17 18:18:05,77.4
Intercontinental Exchange,100|91|86|62|68|0|0|95|93|70|68|0|77|78|0|99|0|88|0|90|91|38|41|26|37|40|33|34|31|48,2025-11-03|2025-11-04|2025-11-05|2025-11-06|2025-11-07|2025-11-10|2025-11-11|2025-11-12|2025-11-13|2025-11-14|2025-11-17|2025-11-18|2025-11-19|2025-11-20|2025-11-21|2025-11-24|2025-11-25|2025-11-26|2025-11-28|2025-12-01|2025-12-02|2025-12-03|2025-12-04|2025-12-05|2025-12-08|2025-12-09|2025-12-10|2025-12-11|2025-12-15|2025-12-16,2025-12-17 18:18:09,52.8
Alaska Air,76|84|96|99|92|71|73|67|70|74|71|74|76|71|72|74|76|68|87|100|83|72|68|63|61|64|62|62|66|65,2025-11-04|2025-11-05|2025-11-06|2025-11-07|2025-11-10|2025-11-11|2025-11-12|2025-11-13|2025-11-14|2025-11-17|2025-11-18|2025-11-19|2025-11-20|2025-11-21|2025-11-24|2025-11-25|2025-11-26|2025-11-28|2025-12-01|2025-12-02|2025-12-03|2025-12-04|2025-12-05|2025-12-08|2025-12-09|2025-12-10|2025-12-11|2025-12-12|2025-12-15|2025-12-16,2025-12-17 18:18:13,74.6
GXO Logistics,52|82|63|92|48|59|68|51|72|0|57|80|70|0|100|0|75|0|0|90|46|49|40|43|43|51|47|44|48|45,2025-11-04|2025-11-05|2025-11-06|2025-11-07|2025-11-10|2025-11-11|2025-11-12|2025-11-13|2025-11-14|2025-11-17|2025-11-18|2025-11-19|2025-11-20|2025-11-21|2025-11-24|2025-11-25|2025-11-26|2025-11-28|2025-12-01|2025-12-02|2025-12-03|2025-12-04|2025-12-05|2025-12-08|2025-12-09|2025-12-10|2025-12-11|2025-12-12|2025-12-15|2025-12-16,2025-12-17 18:18:17,50.5
AGCO,90|70|75|65|88|100|92|86|77|67|90|88|79|83|58|45|55|32|50|65|33|30|28|32|34|32|33|35|33|31,2025-11-04|2025-11-05|2025-11-06|2025-11-07|2025-11-10|2025-11-11|2025-11-12|2025-11-13|2025-11-14|2025-11-17|2025-11-18|2025-11-19|2025-11-20|2025-11-21|2025-11-24|2025-11-25|2025-11-26|2025-11-28|2025-12-01|2025-12-02|2025-12-03|2025-12-04|2025-12-05|2025-12-08|2025-12-09|2025-12-10|2025-12-11|2025-12-12|2025-12-15|2025-12-16,2025-12-17 18:18:20,59.2
Molson Coors Beverage,0|0|0|0|0|0|0|0|0|0|0|0|0|0|0|0|0|0|0|0|0|100|92|64|86|63|0|64|66|0,2025-11-04|2025-11-05|2025-11-06|2025-11-07|2025-11-10|2025-11-11|2025-11-12|2025-11-13|2025-11-14|2025-11-17|2025-11-18|2025-11-19|2025-11-20|2025-11-21|2025-11-24|2025-11-25|2025-11-26|2025-11-28|2025-12-01|2025-12-02|2025-12-03|2025-12-04|2025-12-05|2025-12-08|2025-12-09|2025-12-10|2025-12-11|2025-12-12|2025-12-15|2025-12-16,2025-12-17 18:18:24,17.8
Arthur J Gallagher,0|0|0|0|0|0|0|0|0|0|0|100|0|0|0|0|0|0|0|0|33|33|28|33|31|36|27|30|25|28,2025-11-04|2025-11-05|2025-11-06|2025-11-07|2025-11-10|2025-11-11|2025-11-12|2025-11-13|2025-11-14|2025-11-17|2025-11-18|2025-11-19|2025-11-20|2025-11-21|2025-11-24|2025-11-25|2025-11-26|2025-11-28|2025-12-01|2025-12-02|2025-12-03|2025-12-04|2025-12-05|2025-12-08|2025-12-09|2025-12-10|2025-12-11|2025-12-12|2025-12-15|2025-12-16,2025-12-17 18:18:27,13.5
Huntington Ingalls Industries,0|0|0|0|0|0|0|0|0|0|0|0|0|0|0|0|0|0|0|0|0|48|100|91|71|81|80|84|69|83,2025-11-03|2025-11-04|2025-11-05|2025-11-06|2025-11-07|2025-11-10|2025-11-11|2025-11-12|2025-11-13|2025-11-14|2025-11-17|2025-11-18|2025-11-19|2025-11-20|2025-11-21|2025-11-24|2025-11-25|2025-11-26|2025-11-28|2025-12-01|2025-12-02|2025-12-03|2025-12-04|2025-12-05|2025-12-08|2025-12-09|2025-12-10|2025-12-11|2025-12-15|2025-12-16,2025-12-17 18:18:29,23.6
International Flavors & Fragrances,0|0|0|0|0|0|0|0|0|0|0|0|0|0|0|0|0|0|0|0|0|0|0|0|0|70|0|100|0|0,2025-11-04|2025-11-05|2025-11-06|2025-11-07|2025-11-10|2025-11-11|2025-11-12|2025-11-13|2025-11-14|2025-11-17|2025-11-18|2025-11-19|2025-11-20|2025-11-21|2025-11-24|2025-11-25|2025-11-26|2025-11-28|2025-12-01|2025-12-02|2025-12-03|2025-12-04|2025-12-05|2025-12-08|2025-12-09|2025-12-10|2025-12-11|2025-12-12|2025-12-15|2025-12-16,2025-12-17 18:18:33,5.7
Darden Restaurants,65|59|75|59|70|60|73|64|73|100|66|56|50|52|55|0|84|87|79|60|59|61|60|61|76|68|65|69|72|77,2025-11-04|2025-11-05|2025-11-06|2025-11-07|2025-11-10|2025-11-11|2025-11-12|2025-11-13|2025-11-14|2025-11-17|2025-11-18|2025-11-19|2025-11-20|2025-11-21|2025-11-24|2025-11-25|2025-11-26|2025-11-28|2025-12-01|2025-12-02|2025-12-03|2025-12-04|2025-12-05|2025-12-08|2025-12-09|2025-12-10|2025-12-11|2025-12-12|2025-12-15|2025-12-16,2025-12-17 18:18:37,65.2
CIncinnati Financial,89|69|0|0|74|74|58|69|70|98|69|0|86|64|66|58|0|73|77|0|48|42|39|41|46|48|45|44|40|48,2025-11-04|2025-11-05|2025-11-06|2025-11-07|2025-11-10|2025-11-11|2025-11-12|2025-11-13|2025-11-14|2025-11-17|2025-11-18|2025-11-19|2025-11-20|2025-11-21|2025-11-24|2025-11-25|2025-11-26|2025-11-28|2025-12-01|2025-12-02|2025-12-03|2025-12-04|2025-12-05|2025-12-08|2025-12-09|2025-12-10|2025-12-11|2025-12-12|2025-12-15|2025-12-16,2025-12-17 18:18:41,51.2
Chipotle Mexican Grill,50|58|75|57|67|54|81|68|65|52|68|69|70|55|61|72|100|45|49|63|62|51|48|56|60|72|58|58|56|60,2025-11-04|2025-11-05|2025-11-06|2025-11-07|2025-11-10|2025-11-11|2025-11-12|2025-11-13|2025-11-14|2025-11-17|2025-11-18|2025-11-19|2025-11-20|2025-11-21|2025-11-24|2025-11-25|2025-11-26|2025-11-28|2025-12-01|2025-12-02|2025-12-03|2025-12-04|2025-12-05|2025-12-08|2025-12-09|2025-12-10|2025-12-11|2025-12-12|2025-12-15|2025-12-16,2025-12-17 18:18:44,62.0
Yum China,100|0|0|0|0|0|0|0|0|65|0|0|0|0|0|0|0|0|0|0|16|13|15|13|18|16|17|21|19|12,2025-11-04|2025-11-05|2025-11-06|2025-11-07|2025-11-10|2025-11-11|2025-11-12|2025-11-13|2025-11-14|2025-11-17|2025-11-18|2025-11-19|2025-11-20|2025-11-21|2025-11-24|2025-11-25|2025-11-26|2025-11-28|2025-12-01|2025-12-02|2025-12-03|2025-12-04|2025-12-05|2025-12-08|2025-12-09|2025-12-10|2025-12-11|2025-12-12|2025-12-15|2025-12-16,2025-12-17 18:18:48,10.8
Las Vegas Sands,69|0|59|0|66|76|0|0|0|0|83|0|0|0|67|66|0|0|100|0|33|32|37|40|34|32|34|33|46|36,2025-11-04|2025-11-05|2025-11-06|2025-11-07|2025-11-10|2025-11-11|2025-11-12|2025-11-13|2025-11-14|2025-11-17|2025-11-18|2025-11-19|2025-11-20|2025-11-21|2025-11-24|2025-11-25|2025-11-26|2025-11-28|2025-12-01|2025-12-02|2025-12-03|2025-12-04|2025-12-05|2025-12-08|2025-12-09|2025-12-10|2025-12-11|2025-12-12|2025-12-15|2025-12-16,2025-12-17 18:18:52,31.4
Ulta Beauty,30|31|29|32|35|35|37|34|31|35|31|34|35|37|40|51|50|57|100|57|51|38|38|43|42|43|44|48|54|55,2025-11-03|2025-11-04|2025-11-05|2025-11-06|2025-11-07|2025-11-10|2025-11-11|2025-11-12|2025-11-13|2025-11-14|2025-11-17|2025-11-18|2025-11-19|2025-11-20|2025-11-21|2025-11-24|2025-11-25|2025-11-26|2025-11-28|2025-12-01|2025-12-02|2025-12-03|2025-12-04|2025-12-05|2025-12-08|2025-12-09|2025-12-10|2025-12-11|2025-12-15|2025-12-16,2025-12-17 18:18:56,42.6
Caesars Entertainment,58|55|51|57|67|0|64|70|64|48|71|100|49|58|0|81|58|0|75|0|40|39|36|40|43|34|35|37|37|42,2025-11-04|2025-11-05|2025-11-06|2025-11-07|2025-11-10|2025-11-11|2025-11-12|2025-11-13|2025-11-14|2025-11-17|2025-11-18|2025-11-19|2025-11-20|2025-11-21|2025-11-24|2025-11-25|2025-11-26|2025-11-28|2025-12-01|2025-12-02|2025-12-03|2025-12-04|2025-12-05|2025-12-08|2025-12-09|2025-12-10|2025-12-11|2025-12-12|2025-12-15|2025-12-16,2025-12-17 18:19:00,47.0
The Andersons Inc,0|0|0|0|0|0|0|0|0|0|0|0|0|0|0|0|0|0|0|0|61|0|0|0|0|100|0|0|0|0,2025-11-04|2025-11-05|2025-11-06|2025-11-07|2025-11-10|2025-11-11|2025-11-12|2025-11-13|2025-11-14|2025-11-17|2025-11-18|2025-11-19|2025-11-20|2025-11-21|2025-11-24|2025-11-25|2025-11-26|2025-11-28|2025-12-01|2025-12-02|2025-12-03|2025-12-04|2025-12-05|2025-12-08|2025-12-09|2025-12-10|2025-12-11|2025-12-12|2025-12-15|2025-12-16,2025-12-17 18:19:04,5.4
Hershey,62|56|61|64|62|62|60|59|62|61|61|62|57|64|61|63|65|68|62|67|67|75|73|77|75|78|80|86|78|84,2025-11-04|2025-11-05|2025-11-06|2025-11-07|2025-11-10|2025-11-11|2025-11-12|2025-11-13|2025-11-14|2025-11-17|2025-11-18|2025-11-19|2025-11-20|2025-11-21|2025-11-24|2025-11-25|2025-11-26|2025-11-28|2025-12-01|2025-12-02|2025-12-03|2025-12-04|2025-12-05|2025-12-08|2025-12-09|2025-12-10|2025-12-11|2025-12-12|2025-12-15|2025-12-16,2025-12-17 18:19:08,67.1
Hilton Worldwide,0|0|0|0|0|0|0|68|0|0|72|76|96|0|0|0|0|0|64|0|12|13|10|15|13|16|13|15|13|11,2025-11-04|2025-11-05|2025-11-06|2025-11-07|2025-11-10|2025-11-11|2025-11-12|2025-11-13|2025-11-14|2025-11-17|2025-11-18|2025-11-19|2025-11-20|2025-11-21|2025-11-24|2025-11-25|2025-11-26|2025-11-28|2025-12-01|2025-12-02|2025-12-03|2025-12-04|2025-12-05|2025-12-08|2025-12-09|2025-12-10|2025-12-11|2025-12-12|2025-12-15|2025-12-16,2025-12-17 18:19:12,16.9
The Mosaic Company,0|0|0|0|0|0|0|0|0|0|100|0|0|0|0|0|0|0|0|0|25|21|19|19|21|17|26|12|30|29,2025-11-04|2025-11-05|2025-11-06|2025-11-07|2025-11-10|2025-11-11|2025-11-12|2025-11-13|2025-11-14|2025-11-17|2025-11-18|2025-11-19|2025-11-20|2025-11-21|2025-11-24|2025-11-25|2025-11-26|2025-11-28|2025-12-01|2025-12-02|2025-12-03|2025-12-04|2025-12-05|2025-12-08|2025-12-09|2025-12-10|2025-12-11|2025-12-12|2025-12-15|2025-12-16,2025-12-17 18:19:16,10.6
Airbnb,,2025-11-04|2025-11-05|2025-11-06|2025-11-07|2025-11-10|2025-11-11|2025-11-12|2025-11-13|2025-11-14|2025-11-17|2025-11-18|2025-11-19|2025-11-20|2025-11-21|2025-11-24|2025-11-25|2025-11-26|2025-11-28|2025-12-01|2025-12-02|2025-12-03|2025-12-04|2025-12-05|2025-12-08|2025-12-09|2025-12-10|2025-12-11|2025-12-12|2025-12-15|2025-12-16,2025-12-17 18:19:51,0.0
Diamondback Energy,,2025-11-04|2025-11-05|2025-11-06|2025-11-07|2025-11-10|2025-11-11|2025-11-12|2025-11-13|2025-11-14|2025-11-17|2025-11-18|2025-11-19|2025-11-20|2025-11-21|2025-11-24|2025-11-25|2025-11-26|2025-11-28|2025-12-01|2025-12-02|2025-12-03|2025-12-04|2025-12-05|2025-12-08|2025-12-09|2025-12-10|2025-12-11|2025-12-12|2025-12-15|2025-12-16,2025-12-17 18:20:33,0.0
American Tower,,2025-11-04|2025-11-05|2025-11-06|2025-11-07|2025-11-10|2025-11-11|2025-11-12|2025-11-13|2025-11-14|2025-11-17|2025-11-18|2025-11-19|2025-11-20|2025-11-21|2025-11-24|2025-11-25|2025-11-26|2025-11-28|2025-12-01|2025-12-02|2025-12-03|2025-12-04|2025-12-05|2025-12-08|2025-12-09|2025-12-10|2025-12-11|2025-12-12|2025-12-15|2025-12-16,2025-12-17 18:20:43,0.0
Vertex Pharmaceuticals,,2025-11-04|2025-11-05|2025-11-06|2025-11-07|2025-11-10|2025-11-11|2025-11-12|2025-11-13|2025-11-14|2025-11-17|2025-11-18|2025-11-19|2025-11-20|2025-11-21|2025-11-24|2025-11-25|2025-11-26|2025-11-28|2025-12-01|2025-12-02|2025-12-03|2025-12-04|2025-12-05|2025-12-08|2025-12-09|2025-12-10|2025-12-11|2025-12-12|2025-12-15|2025-12-16,2025-12-17 18:20:43,0.0
ServiceNow,,2025-11-04|2025-11-05|2025-11-06|2025-11-07|2025-11-10|2025-11-11|2025-11-12|2025-11-13|2025-11-14|2025-11-17|2025-11-18|2025-11-19|2025-11-20|2025-11-21|2025-11-24|2025-11-25|2025-11-26|2025-11-28|2025-12-01|2025-12-02|2025-12-03|2025-12-04|2025-12-05|2025-12-08|2025-12-09|2025-12-10|2025-12-11|2025-12-12|2025-12-15|2025-12-16,2025-12-17 18:20:43,0.0
Owens Corning,,2025-11-03|2025-11-04|2025-11-05|2025-11-06|2025-11-07|2025-11-10|2025-11-11|2025-11-12|2025-11-13|2025-11-14|2025-11-17|2025-11-18|2025-11-19|2025-11-20|2025-11-21|2025-11-24|2025-11-25|2025-11-26|2025-11-28|2025-12-01|2025-12-02|2025-12-03|2025-12-04|2025-12-05|2025-12-08|2025-12-09|2025-12-10|2025-12-11|2025-12-15|2025-12-16,2025-12-17 18:20:43,0.0
Advance Auto Parts,,2025-11-04|2025-11-05|2025-11-06|2025-11-07|2025-11-10|2025-11-11|2025-11-12|2025-11-13|2025-11-14|2025-11-17|2025-11-18|2025-11-19|2025-11-20|2025-11-21|2025-11-24|2025-11-25|2025-11-26|2025-11-28|2025-12-01|2025-12-02|2025-12-03|2025-12-04|2025-12-05|2025-12-08|2025-12-09|2025-12-10|2025-12-11|2025-12-12|2025-12-15|2025-12-16,2025-12-17 18:20:43,0.0
Toll Brothers,,2025-11-04|2025-11-05|2025-11-06|2025-11-07|2025-11-10|2025-11-11|2025-11-12|2025-11-13|2025-11-14|2025-11-17|2025-11-18|2025-11-19|2025-11-20|2025-11-21|2025-11-24|2025-11-25|2025-11-26|2025-11-28|2025-12-01|2025-12-02|2025-12-03|2025-12-04|2025-12-05|2025-12-08|2025-12-09|2025-12-10|2025-12-11|2025-12-12|2025-12-15|2025-12-16,2025-12-17 18:20:43,0.0
Mohawk Industries,,2025-11-04|2025-11-05|2025-11-06|2025-11-07|2025-11-10|2025-11-11|2025-11-12|2025-11-13|2025-11-14|2025-11-17|2025-11-18|2025-11-19|2025-11-20|2025-11-21|2025-11-24|2025-11-25|2025-11-26|2025-11-28|2025-12-01|2025-12-02|2025-12-03|2025-12-04|2025-12-05|2025-12-08|2025-12-09|2025-12-10|2025-12-11|2025-12-12|2025-12-15|2025-12-16,2025-12-17 18:20:43,0.0
Motorola Solutions,,2025-11-04|2025-11-05|2025-11-06|2025-11-07|2025-11-10|2025-11-11|2025-11-12|2025-11-13|2025-11-14|2025-11-17|2025-11-18|2025-11-19|2025-11-20|2025-11-21|2025-11-24|2025-11-25|2025-11-26|2025-11-28|2025-12-01|2025-12-02|2025-12-03|2025-12-04|2025-12-05|2025-12-08|2025-12-09|2025-12-10|2025-12-11|2025-12-12|2025-12-15|2025-12-16,2025-12-17 18:20:43,0.0
Oshkosh Corporation,,2025-11-04|2025-11-05|2025-11-06|2025-11-07|2025-11-10|2025-11-11|2025-11-12|2025-11-13|2025-11-14|2025-11-17|2025-11-18|2025-11-19|2025-11-20|2025-11-21|2025-11-24|2025-11-25|2025-11-26|2025-11-28|2025-12-01|2025-12-02|2025-12-03|2025-12-04|2025-12-05|2025-12-08|2025-12-09|2025-12-10|2025-12-11|2025-12-12|2025-12-15|2025-12-16,2025-12-17 18:20:43,0.0
DoorDash,,2025-11-04|2025-11-05|2025-11-06|2025-11-07|2025-11-10|2025-11-11|2025-11-12|2025-11-13|2025-11-14|2025-11-17|2025-11-18|2025-11-19|2025-11-20|2025-11-21|2025-11-24|2025-11-25|2025-11-26|2025-11-28|2025-12-01|2025-12-02|2025-12-03|2025-12-04|2025-12-05|2025-12-08|2025-12-09|2025-12-10|2025-12-11|2025-12-12|2025-12-15|2025-12-16,2025-12-17 18:20:43,0.0
Owens & Minor,,2025-11-04|2025-11-05|2025-11-06|2025-11-07|2025-11-10|2025-11-11|2025-11-12|2025-11-13|2025-11-14|2025-11-17|2025-11-18|2025-11-19|2025-11-20|2025-11-21|2025-11-24|2025-11-25|2025-11-26|2025-11-28|2025-12-01|2025-12-02|2025-12-03|2025-12-04|2025-12-05|2025-12-08|2025-12-09|2025-12-10|2025-12-11|2025-12-12|2025-12-15|2025-12-16,2025-12-17 18:20:43,0.0
NVR Inc,,2025-11-04|2025-11-05|2025-11-06|2025-11-07|2025-11-10|2025-11-11|2025-11-12|2025-11-13|2025-11-14|2025-11-17|2025-11-18|2025-11-19|2025-11-20|2025-11-21|2025-11-24|2025-11-25|2025-11-26|2025-11-28|2025-12-01|2025-12-02|2025-12-03|2025-12-04|2025-12-05|2025-12-08|2025-12-09|2025-12-10|2025-12-11|2025-12-12|2025-12-15|2025-12-16,2025-12-17 18:20:43,0.0
Interpublic Group,,2025-10-16|2025-10-17|2025-10-20|2025-10-21|2025-10-22|2025-10-23|2025-10-24|2025-10-27|2025-10-28|2025-10-29|2025-10-30|2025-10-31|2025-11-03|2025-11-04|2025-11-05|2025-11-06|2025-11-07|2025-11-10|2025-11-11|2025-11-12|2025-11-13|2025-11-14|2025-11-17|2025-11-18|2025-11-19|2025-11-20|2025-11-21|2025-11-24|2025-11-25|2025-11-26,2025-12-17 18:20:43,0.0
Booz Allen Hamilton,,2025-11-03|2025-11-04|2025-11-05|2025-11-06|2025-11-07|2025-11-10|2025-11-11|2025-11-12|2025-11-13|2025-11-14|2025-11-17|2025-11-18|2025-11-19|2025-11-20|2025-11-21|2025-11-24|2025-11-25|2025-11-26|2025-11-28|2025-12-01|2025-12-02|2025-12-03|2025-12-04|2025-12-05|2025-12-08|2025-12-09|2025-12-10|2025-12-11|2025-12-15|2025-12-16,2025-12-17 18:20:43,0.0
Burlington Stores,,2025-11-04|2025-11-05|2025-11-06|2025-11-07|2025-11-10|2025-11-11|2025-11-12|2025-11-13|2025-11-14|2025-11-17|2025-11-18|2025-11-19|2025-11-20|2025-11-21|2025-11-24|2025-11-25|2025-11-26|2025-11-28|2025-12-01|2025-12-02|2025-12-03|2025-12-04|2025-12-05|2025-12-08|2025-12-09|2025-12-10|2025-12-11|2025-12-12|2025-12-15|2025-12-16,2025-12-17 18:20:43,0.0
Expeditors International of Washington,,2025-11-04|2025-11-05|2025-11-06|2025-11-07|2025-11-10|2025-11-11|2025-11-12|2025-11-13|2025-11-14|2025-11-17|2025-11-18|2025-11-19|2025-11-20|2025-11-21|2025-11-24|2025-11-25|2025-11-26|2025-11-28|2025-12-01|2025-12-02|2025-12-03|2025-12-04|2025-12-05|2025-12-08|2025-12-09|2025-12-10|2025-12-11|2025-12-12|2025-12-15|2025-12-16,2025-12-17 18:20:43,0.0
Lululemon athletica,,2025-11-04|2025-11-05|2025-11-06|2025-11-07|2025-11-10|2025-11-11|2025-11-12|2025-11-13|2025-11-14|2025-11-17|2025-11-18|2025-11-19|2025-11-20|2025-11-21|2025-11-24|2025-11-25|2025-11-26|2025-11-28|2025-12-01|2025-12-02|2025-12-03|2025-12-04|2025-12-05|2025-12-08|2025-12-09|2025-12-10|2025-12-11|2025-12-12|2025-12-15|2025-12-16,2025-12-17 18:20:43,0.0
Fidelity National Information Services,,2025-11-04|2025-11-05|2025-11-06|2025-11-07|2025-11-10|2025-11-11|2025-11-12|2025-11-13|2025-11-14|2025-11-17|2025-11-18|2025-11-19|2025-11-20|2025-11-21|2025-11-24|2025-11-25|2025-11-26|2025-11-28|2025-12-01|2025-12-02|2025-12-03|2025-12-04|2025-12-05|2025-12-08|2025-12-09|2025-12-10|2025-12-11|2025-12-12|2025-12-15|2025-12-16,2025-12-17 18:20:43,0.0
Jefferies Financial,,2025-11-04|2025-11-05|2025-11-06|2025-11-07|2025-11-10|2025-11-11|2025-11-12|2025-11-13|2025-11-14|2025-11-17|2025-11-18|2025-11-19|2025-11-20|2025-11-21|2025-11-24|2025-11-25|2025-11-26|2025-11-28|2025-12-01|2025-12-02|2025-12-03|2025-12-04|2025-12-05|2025-12-08|2025-12-09|2025-12-10|2025-12-11|2025-12-12|2025-12-15|2025-12-16,2025-12-17 18:20:43,0.0
Williams Companies,,2025-11-04|2025-11-05|2025-11-06|2025-11-07|2025-11-10|2025-11-11|2025-11-12|2025-11-13|2025-11-14|2025-11-17|2025-11-18|2025-11-19|2025-11-20|2025-11-21|2025-11-24|2025-11-25|2025-11-26|2025-11-28|2025-12-01|2025-12-02|2025-12-03|2025-12-04|2025-12-05|2025-12-08|2025-12-09|2025-12-10|2025-12-11|2025-12-12|2025-12-15|2025-12-16,2025-12-17 18:20:43,0.0
VF Corporation,,2025-11-04|2025-11-05|2025-11-06|2025-11-07|2025-11-10|2025-11-11|2025-11-12|2025-11-13|2025-11-14|2025-11-17|2025-11-18|2025-11-19|2025-11-20|2025-11-21|2025-11-24|2025-11-25|2025-11-26|2025-11-28|2025-12-01|2025-12-02|2025-12-03|2025-12-04|2025-12-05|2025-12-08|2025-12-09|2025-12-10|2025-12-11|2025-12-12|2025-12-15|2025-12-16,2025-12-17 18:20:43,0.0
Autoliv,,2025-11-04|2025-11-05|2025-11-06|2025-11-07|2025-11-10|2025-11-11|2025-11-12|2025-11-13|2025-11-14|2025-11-17|2025-11-18|2025-11-19|2025-11-20|2025-11-21|2025-11-24|2025-11-25|2025-11-26|2025-11-28|2025-12-01|2025-12-02|2025-12-03|2025-12-04|2025-12-05|2025-12-08|2025-12-09|2025-12-10|2025-12-11|2025-12-12|2025-12-15|2025-12-16,2025-12-17 18:20:43,0.0
Westinghouse Air Brake Technologies,,2025-11-04|2025-11-05|2025-11-06|2025-11-07|2025-11-10|2025-11-11|2025-11-12|2025-11-13|2025-11-14|2025-11-17|2025-11-18|2025-11-19|2025-11-20|2025-11-21|2025-11-24|2025-11-25|2025-11-26|2025-11-28|2025-12-01|2025-12-02|2025-12-03|2025-12-04|2025-12-05|2025-12-08|2025-12-09|2025-12-10|2025-12-11|2025-12-12|2025-12-15|2025-12-16,2025-12-17 18:20:43,0.0
Public Service Enterprise Group,,2025-11-04|2025-11-05|2025-11-06|2025-11-07|2025-11-10|2025-11-11|2025-11-12|2025-11-13|2025-11-14|2025-11-17|2025-11-18|2025-11-19|2025-11-20|2025-11-21|2025-11-24|2025-11-25|2025-11-26|2025-11-28|2025-12-01|2025-12-02|2025-12-03|2025-12-04|2025-12-05|2025-12-08|2025-12-09|2025-12-10|2025-12-11|2025-12-12|2025-12-15|2025-12-16,2025-12-17 18:20:43,0.0
Ebay,,2025-11-04|2025-11-05|2025-11-06|2025-11-07|2025-11-10|2025-11-11|2025-11-12|2025-11-13|2025-11-14|2025-11-17|2025-11-18|2025-11-19|2025-11-20|2025-11-21|2025-11-24|2025-11-25|2025-11-26|2025-11-28|2025-12-01|2025-12-02|2025-12-03|2025-12-04|2025-12-05|2025-12-08|2025-12-09|2025-12-10|2025-12-11|2025-12-12|2025-12-15|2025-12-16,2025-12-17 18:20:43,0.0
Celanese,,2025-11-04|2025-11-05|2025-11-06|2025-11-07|2025-11-10|2025-11-11|2025-11-12|2025-11-13|2025-11-14|2025-11-17|2025-11-18|2025-11-19|2025-11-20|2025-11-21|2025-11-24|2025-11-25|2025-11-26|2025-11-28|2025-12-01|2025-12-02|2025-12-03|2025-12-04|2025-12-05|2025-12-08|2025-12-09|2025-12-10|2025-12-11|2025-12-12|2025-12-15|2025-12-16,2025-12-17 18:20:43,0.0
Global Payments,,2025-11-04|2025-11-05|2025-11-06|2025-11-07|2025-11-10|2025-11-11|2025-11-12|2025-11-13|2025-11-14|2025-11-17|2025-11-18|2025-11-19|2025-11-20|2025-11-21|2025-11-24|2025-11-25|2025-11-26|2025-11-28|2025-12-01|2025-12-02|2025-12-03|2025-12-04|2025-12-05|2025-12-08|2025-12-09|2025-12-10|2025-12-11|2025-12-12|2025-12-15|2025-12-16,2025-12-17 18:20:43,0.0
News Corp,,2025-11-04|2025-11-05|2025-11-06|2025-11-07|2025-11-10|2025-11-11|2025-11-12|2025-11-13|2025-11-14|2025-11-17|2025-11-18|2025-11-19|2025-11-20|2025-11-21|2025-11-24|2025-11-25|2025-11-26|2025-11-28|2025-12-01|2025-12-02|2025-12-03|2025-12-04|2025-12-05|2025-12-08|2025-12-09|2025-12-10|2025-12-11|2025-12-12|2025-12-15|2025-12-16,2025-12-17 18:20:43,0.0
THOR Industries,,2025-11-04|2025-11-05|2025-11-06|2025-11-07|2025-11-10|2025-11-11|2025-11-12|2025-11-13|2025-11-14|2025-11-17|2025-11-18|2025-11-19|2025-11-20|2025-11-21|2025-11-24|2025-11-25|2025-11-26|2025-11-28|2025-12-01|2025-12-02|2025-12-03|2025-12-04|2025-12-05|2025-12-08|2025-12-09|2025-12-10|2025-12-11|2025-12-12|2025-12-15|2025-12-16,2025-12-17 18:20:43,0.0
Icahn Enterprises,,2025-11-04|2025-11-05|2025-11-06|2025-11-07|2025-11-10|2025-11-11|2025-11-12|2025-11-13|2025-11-14|2025-11-17|2025-11-18|2025-11-19|2025-11-20|2025-11-21|2025-11-24|2025-11-25|2025-11-26|2025-11-28|2025-12-01|2025-12-02|2025-12-03|2025-12-04|2025-12-05|2025-12-08|2025-12-09|2025-12-10|2025-12-11|2025-12-12|2025-12-15|2025-12-16,2025-12-17 18:20:43,0.0
Constellation Brands,,2025-11-04|2025-11-05|2025-11-06|2025-11-07|2025-11-10|2025-11-11|2025-11-12|2025-11-13|2025-11-14|2025-11-17|2025-11-18|2025-11-19|2025-11-20|2025-11-21|2025-11-24|2025-11-25|2025-11-26|2025-11-28|2025-12-01|2025-12-02|2025-12-03|2025-12-04|2025-12-05|2025-12-08|2025-12-09|2025-12-10|2025-12-11|2025-12-12|2025-12-15|2025-12-16,2025-12-17 18:20:43,0.0
Quest Diagnostics,,2025-11-04|2025-11-05|2025-11-06|2025-11-07|2025-11-10|2025-11-11|2025-11-12|2025-11-13|2025-11-14|2025-11-17|2025-11-18|2025-11-19|2025-11-20|2025-11-21|2025-11-24|2025-11-25|2025-11-26|2025-11-28|2025-12-01|2025-12-02|2025-12-03|2025-12-04|2025-12-05|2025-12-08|2025-12-09|2025-12-10|2025-12-11|2025-12-12|2025-12-15|2025-12-16,2025-12-17 18:20:43,0.0
KLA,,2025-11-04|2025-11-05|2025-11-06|2025-11-07|2025-11-10|2025-11-11|2025-11-12|2025-11-13|2025-11-14|2025-11-17|2025-11-18|2025-11-19|2025-11-20|2025-11-21|2025-11-24|2025-11-25|2025-11-26|2025-11-28|2025-12-01|2025-12-02|2025-12-03|2025-12-04|2025-12-05|2025-12-08|2025-12-09|2025-12-10|2025-12-11|2025-12-12|2025-12-15|2025-12-16,2025-12-17 18:20:43,0.0
QXO Building Products,,2025-11-04|2025-11-05|2025-11-06|2025-11-07|2025-11-10|2025-11-11|2025-11-12|2025-11-13|2025-11-14|2025-11-17|2025-11-18|2025-11-19|2025-11-20|2025-11-21|2025-11-24|2025-11-25|2025-11-26|2025-11-28|2025-12-01|2025-12-02|2025-12-03|2025-12-04|2025-12-05|2025-12-08|2025-12-09|2025-12-10|2025-12-11|2025-12-12|2025-12-15|2025-12-16,2025-12-17 18:20:43,0.0
APA,,2025-11-04|2025-11-05|2025-11-06|2025-11-07|2025-11-10|2025-11-11|2025-11-12|2025-11-13|2025-11-14|2025-11-17|2025-11-18|2025-11-19|2025-11-20|2025-11-21|2025-11-24|2025-11-25|2025-11-26|2025-11-28|2025-12-01|2025-12-02|2025-12-03|2025-12-04|2025-12-05|2025-12-08|2025-12-09|2025-12-10|2025-12-11|2025-12-12|2025-12-15|2025-12-16,2025-12-17 18:20:43,0.0
A-Mark Precious Metals,,2025-11-04|2025-11-05|2025-11-06|2025-11-07|2025-11-10|2025-11-11|2025-11-12|2025-11-13|2025-11-14|2025-11-17|2025-11-18|2025-11-19|2025-11-20|2025-11-21|2025-11-24|2025-11-25|2025-11-26|2025-11-28|2025-12-01|2025-12-02|2025-12-03|2025-12-04|2025-12-05|2025-12-08|2025-12-09|2025-12-10|2025-12-11|2025-12-12|2025-12-15|2025-12-16,2025-12-17 18:20:43,0.0
Biogen,,2025-11-04|2025-11-05|2025-11-06|2025-11-07|2025-11-10|2025-11-11|2025-11-12|2025-11-13|2025-11-14|2025-11-17|2025-11-18|2025-11-19|2025-11-20|2025-11-21|2025-11-24|2025-11-25|2025-11-26|2025-11-28|2025-12-01|2025-12-02|2025-12-03|2025-12-04|2025-12-05|2025-12-08|2025-12-09|2025-12-10|2025-12-11|2025-12-12|2025-12-15|2025-12-16,2025-12-17 18:20:43,0.0
Campbell Soup,,2025-11-04|2025-11-05|2025-11-06|2025-11-07|2025-11-10|2025-11-11|2025-11-12|2025-11-13|2025-11-14|2025-11-17|2025-11-18|2025-11-19|2025-11-20|2025-11-21|2025-11-24|2025-11-25|2025-11-26|2025-11-28|2025-12-01|2025-12-02|2025-12-03|2025-12-04|2025-12-05|2025-12-08|2025-12-09|2025-12-10|2025-12-11|2025-12-12|2025-12-15|2025-12-16,2025-12-17 18:20:43,0.0
Concentrix,,2025-11-04|2025-11-05|2025-11-06|2025-11-07|2025-11-10|2025-11-11|2025-11-12|2025-11-13|2025-11-14|2025-11-17|2025-11-18|2025-11-19|2025-11-20|2025-11-21|2025-11-24|2025-11-25|2025-11-26|2025-11-28|2025-12-01|2025-12-02|2025-12-03|2025-12-04|2025-12-05|2025-12-08|2025-12-09|2025-12-10|2025-12-11|2025-12-12|2025-12-15|2025-12-16,2025-12-17 18:20:43,0.0
Cintas,,2025-11-04|2025-11-05|2025-11-06|2025-11-07|2025-11-10|2025-11-11|2025-11-12|2025-11-13|2025-11-14|2025-11-17|2025-11-18|2025-11-19|2025-11-20|2025-11-21|2025-11-24|2025-11-25|2025-11-26|2025-11-28|2025-12-01|2025-12-02|2025-12-03|2025-12-04|2025-12-05|2025-12-08|2025-12-09|2025-12-10|2025-12-11|2025-12-12|2025-12-15|2025-12-16,2025-12-17 18:20:43,0.0
Analog Devices,,2025-11-04|2025-11-05|2025-11-06|2025-11-07|2025-11-10|2025-11-11|2025-11-12|2025-11-13|2025-11-14|2025-11-17|2025-11-18|2025-11-19|2025-11-20|2025-11-21|2025-11-24|2025-11-25|2025-11-26|2025-11-28|2025-12-01|2025-12-02|2025-12-03|2025-12-04|2025-12-05|2025-12-08|2025-12-09|2025-12-10|2025-12-11|2025-12-12|2025-12-15|2025-12-16,2025-12-17 18:20:43,0.0
Eastman Chemical,,2025-11-04|2025-11-05|2025-11-06|2025-11-07|2025-11-10|2025-11-11|2025-11-12|2025-11-13|2025-11-14|2025-11-17|2025-11-18|2025-11-19|2025-11-20|2025-11-21|2025-11-24|2025-11-25|2025-11-26|2025-11-28|2025-12-01|2025-12-02|2025-12-03|2025-12-04|2025-12-05|2025-12-08|2025-12-09|2025-12-10|2025-12-11|2025-12-12|2025-12-15|2025-12-16,2025-12-17 18:20:43,0.0
Interactive Brokers,,2025-11-03|2025-11-04|2025-11-05|2025-11-06|2025-11-07|2025-11-10|2025-11-11|2025-11-12|2025-11-13|2025-11-14|2025-11-17|2025-11-18|2025-11-19|2025-11-20|2025-11-21|2025-11-24|2025-11-25|2025-11-26|2025-11-28|2025-12-01|2025-12-02|2025-12-03|2025-12-04|2025-12-05|2025-12-08|2025-12-09|2025-12-10|2025-12-11|2025-12-15|2025-12-16,2025-12-17 18:20:43,0.0
Regions Financial,,2025-11-04|2025-11-05|2025-11-06|2025-11-07|2025-11-10|2025-11-11|2025-11-12|2025-11-13|2025-11-14|2025-11-17|2025-11-18|2025-11-19|2025-11-20|2025-11-21|2025-11-24|2025-11-25|2025-11-26|2025-11-28|2025-12-01|2025-12-02|2025-12-03|2025-12-04|2025-12-05|2025-12-08|2025-12-09|2025-12-10|2025-12-11|2025-12-12|2025-12-15|2025-12-16,2025-12-17 18:20:43,0.0
JetBlue Airways,,2025-11-04|2025-11-05|2025-11-06|2025-11-07|2025-11-10|2025-11-11|2025-11-12|2025-11-13|2025-11-14|2025-11-17|2025-11-18|2025-11-19|2025-11-20|2025-11-21|2025-11-24|2025-11-25|2025-11-26|2025-11-28|2025-12-01|2025-12-02|2025-12-03|2025-12-04|2025-12-05|2025-12-08|2025-12-09|2025-12-10|2025-12-11|2025-12-12|2025-12-15|2025-12-16,2025-12-17 18:20:43,0.0
Zoetis,,2025-11-04|2025-11-05|2025-11-06|2025-11-07|2025-11-10|2025-11-11|2025-11-12|2025-11-13|2025-11-14|2025-11-17|2025-11-18|2025-11-19|2025-11-20|2025-11-21|2025-11-24|2025-11-25|2025-11-26|2025-11-28|2025-12-01|2025-12-02|2025-12-03|2025-12-04|2025-12-05|2025-12-08|2025-12-09|2025-12-10|2025-12-11|2025-12-12|2025-12-15|2025-12-16,2025-12-17 18:20:43,0.0
KeyCorp,,2025-11-04|2025-11-05|2025-11-06|2025-11-07|2025-11-10|2025-11-11|2025-11-12|2025-11-13|2025-11-14|2025-11-17|2025-11-18|2025-11-19|2025-11-20|2025-11-21|2025-11-24|2025-11-25|2025-11-26|2025-11-28|2025-12-01|2025-12-02|2025-12-03|2025-12-04|2025-12-05|2025-12-08|2025-12-09|2025-12-10|2025-12-11|2025-12-12|2025-12-15|2025-12-16,2025-12-17 18:20:43,0.0
Oscar Health,,2025-11-04|2025-11-05|2025-11-06|2025-11-07|2025-11-10|2025-11-11|2025-11-12|2025-11-13|2025-11-14|2025-11-17|2025-11-18|2025-11-19|2025-11-20|2025-11-21|2025-11-24|2025-11-25|2025-11-26|2025-11-28|2025-12-01|2025-12-02|2025-12-03|2025-12-04|2025-12-05|2025-12-08|2025-12-09|2025-12-10|2025-12-11|2025-12-12|2025-12-15|2025-12-16,2025-12-17 18:20:43,0.0
Ovintiv,,2025-11-04|2025-11-05|2025-11-06|2025-11-07|2025-11-10|2025-11-11|2025-11-12|2025-11-13|2025-11-14|2025-11-17|2025-11-18|2025-11-19|2025-11-20|2025-11-21|2025-11-24|2025-11-25|2025-11-26|2025-11-28|2025-12-01|2025-12-02|2025-12-03|2025-12-04|2025-12-05|2025-12-08|2025-12-09|2025-12-10|2025-12-11|2025-12-12|2025-12-15|2025-12-16,2025-12-17 18:20:43,0.0
Seaboard,,2025-11-04|2025-11-05|2025-11-06|2025-11-07|2025-11-10|2025-11-11|2025-11-12|2025-11-13|2025-11-14|2025-11-17|2025-11-18|2025-11-19|2025-11-20|2025-11-21|2025-11-24|2025-11-25|2025-11-26|2025-11-28|2025-12-01|2025-12-02|2025-12-03|2025-12-04|2025-12-05|2025-12-08|2025-12-09|2025-12-10|2025-12-11|2025-12-12|2025-12-15|2025-12-16,2025-12-17 18:20:43,0.0
Hertz,,2025-11-04|2025-11-05|2025-11-06|2025-11-07|2025-11-10|2025-11-11|2025-11-12|2025-11-13|2025-11-14|2025-11-17|2025-11-18|2025-11-19|2025-11-20|2025-11-21|2025-11-24|2025-11-25|2025-11-26|2025-11-28|2025-12-01|2025-12-02|2025-12-03|2025-12-04|2025-12-05|2025-12-08|2025-12-09|2025-12-10|2025-12-11|2025-12-12|2025-12-15|2025-12-16,2025-12-17 18:20:43,0.0
Altice USA,,2025-11-04|2025-11-05|2025-11-06|2025-11-07|2025-11-10|2025-11-11|2025-11-12|2025-11-13|2025-11-14|2025-11-17|2025-11-18|2025-11-19|2025-11-20|2025-11-21|2025-11-24|2025-11-25|2025-11-26|2025-11-28|2025-12-01|2025-12-02|2025-12-03|2025-12-04|2025-12-05|2025-12-08|2025-12-09|2025-12-10|2025-12-11|2025-12-12|2025-12-15|2025-12-16,2025-12-17 18:20:43,0.0
NOV,,2025-11-04|2025-11-05|2025-11-06|2025-11-07|2025-11-10|2025-11-11|2025-11-12|2025-11-13|2025-11-14|2025-11-17|2025-11-18|2025-11-19|2025-11-20|2025-11-21|2025-11-24|2025-11-25|2025-11-26|2025-11-28|2025-12-01|2025-12-02|2025-12-03|2025-12-04|2025-12-05|2025-12-08|2025-12-09|2025-12-10|2025-12-11|2025-12-12|2025-12-15|2025-12-16,2025-12-17 18:20:43,0.0
Graphic Packaging,,2025-11-04|2025-11-05|2025-11-06|2025-11-07|2025-11-10|2025-11-11|2025-11-12|2025-11-13|2025-11-14|2025-11-17|2025-11-18|2025-11-19|2025-11-20|2025-11-21|2025-11-24|2025-11-25|2025-11-26|2025-11-28|2025-12-01|2025-12-02|2025-12-03|2025-12-04|2025-12-05|2025-12-08|2025-12-09|2025-12-10|2025-12-11|2025-12-12|2025-12-15|2025-12-16,2025-12-17 18:20:43,0.0
Avery Dennison,,2025-11-04|2025-11-05|2025-11-06|2025-11-07|2025-11-10|2025-11-11|2025-11-12|2025-11-13|2025-11-14|2025-11-17|2025-11-18|2025-11-19|2025-11-20|2025-11-21|2025-11-24|2025-11-25|2025-11-26|2025-11-28|2025-12-01|2025-12-02|2025-12-03|2025-12-04|2025-12-05|2025-12-08|2025-12-09|2025-12-10|2025-12-11|2025-12-12|2025-12-15|2025-12-16,2025-12-17 18:20:43,0.0
Equinix,,2025-11-04|2025-11-05|2025-11-06|2025-11-07|2025-11-10|2025-11-11|2025-11-12|2025-11-13|2025-11-14|2025-11-17|2025-11-18|2025-11-19|2025-11-20|2025-11-21|2025-11-24|2025-11-25|2025-11-26|2025-11-28|2025-12-01|2025-12-02|2025-12-03|2025-12-04|2025-12-05|2025-12-08|2025-12-09|2025-12-10|2025-12-11|2025-12-12|2025-12-15|2025-12-16,2025-12-17 18:20:43,0.0
Insight Enterprises,,2025-11-04|2025-11-05|2025-11-06|2025-11-07|2025-11-10|2025-11-11|2025-11-12|2025-11-13|2025-11-14|2025-11-17|2025-11-18|2025-11-19|2025-11-20|2025-11-21|2025-11-24|2025-11-25|2025-11-26|2025-11-28|2025-12-01|2025-12-02|2025-12-03|2025-12-04|2025-12-05|2025-12-08|2025-12-09|2025-12-10|2025-12-11|2025-12-12|2025-12-15|2025-12-16,2025-12-17 18:20:43,0.0
Sirius XM,,2025-11-04|2025-11-05|2025-11-06|2025-11-07|2025-11-10|2025-11-11|2025-11-12|2025-11-13|2025-11-14|2025-11-17|2025-11-18|2025-11-19|2025-11-20|2025-11-21|2025-11-24|2025-11-25|2025-11-26|2025-11-28|2025-12-01|2025-12-02|2025-12-03|2025-12-04|2025-12-05|2025-12-08|2025-12-09|2025-12-10|2025-12-11|2025-12-12|2025-12-15|2025-12-16,2025-12-17 18:20:43,0.0
PVH,,2025-11-04|2025-11-05|2025-11-06|2025-11-07|2025-11-10|2025-11-11|2025-11-12|2025-11-13|2025-11-14|2025-11-17|2025-11-18|2025-11-19|2025-11-20|2025-11-21|2025-11-24|2025-11-25|2025-11-26|2025-11-28|2025-12-01|2025-12-02|2025-12-03|2025-12-04|2025-12-05|2025-12-08|2025-12-09|2025-12-10|2025-12-11|2025-12-12|2025-12-15|2025-12-16,2025-12-17 18:20:43,0.0
CenterPoint Energy,,2025-11-04|2025-11-05|2025-11-06|2025-11-07|2025-11-10|2025-11-11|2025-11-12|2025-11-13|2025-11-14|2025-11-17|2025-11-18|2025-11-19|2025-11-20|2025-11-21|2025-11-24|2025-11-25|2025-11-26|2025-11-28|2025-12-01|2025-12-02|2025-12-03|2025-12-04|2025-12-05|2025-12-08|2025-12-09|2025-12-10|2025-12-11|2025-12-12|2025-12-15|2025-12-16,2025-12-17 18:20:43,0.0
WEC Energy,,2025-11-04|2025-11-05|2025-11-06|2025-11-07|2025-11-10|2025-11-11|2025-11-12|2025-11-13|2025-11-14|2025-11-17|2025-11-18|2025-11-19|2025-11-20|2025-11-21|2025-11-24|2025-11-25|2025-11-26|2025-11-28|2025-12-01|2025-12-02|2025-12-03|2025-12-04|2025-12-05|2025-12-08|2025-12-09|2025-12-10|2025-12-11|2025-12-12|2025-12-15|2025-12-16,2025-12-17 18:20:43,0.0
Xylem Inc,,2025-11-04|2025-11-05|2025-11-06|2025-11-07|2025-11-10|2025-11-11|2025-11-12|2025-11-13|2025-11-14|2025-11-17|2025-11-18|2025-11-19|2025-11-20|2025-11-21|2025-11-24|2025-11-25|2025-11-26|2025-11-28|2025-12-01|2025-12-02|2025-12-03|2025-12-04|2025-12-05|2025-12-08|2025-12-09|2025-12-10|2025-12-11|2025-12-12|2025-12-15|2025-12-16,2025-12-17 18:20:43,0.0
Franklin Resources,,2025-11-04|2025-11-05|2025-11-06|2025-11-07|2025-11-10|2025-11-11|2025-11-12|2025-11-13|2025-11-14|2025-11-17|2025-11-18|2025-11-19|2025-11-20|2025-11-21|2025-11-24|2025-11-25|2025-11-26|2025-11-28|2025-12-01|2025-12-02|2025-12-03|2025-12-04|2025-12-05|2025-12-08|2025-12-09|2025-12-10|2025-12-11|2025-12-12|2025-12-15|2025-12-16,2025-12-17 18:20:43,0.0
PPL Corporation,,2025-11-04|2025-11-05|2025-11-06|2025-11-07|2025-11-10|2025-11-11|2025-11-12|2025-11-13|2025-11-14|2025-11-17|2025-11-18|2025-11-19|2025-11-20|2025-11-21|2025-11-24|2025-11-25|2025-11-26|2025-11-28|2025-12-01|2025-12-02|2025-12-03|2025-12-04|2025-12-05|2025-12-08|2025-12-09|2025-12-10|2025-12-11|2025-12-12|2025-12-15|2025-12-16,2025-12-17 18:20:43,0.0
Workday,,2025-11-04|2025-11-05|2025-11-06|2025-11-07|2025-11-10|2025-11-11|2025-11-12|2025-11-13|2025-11-14|2025-11-17|2025-11-18|2025-11-19|2025-11-20|2025-11-21|2025-11-24|2025-11-25|2025-11-26|2025-11-28|2025-12-01|2025-12-02|2025-12-03|2025-12-04|2025-12-05|2025-12-08|2025-12-09|2025-12-10|2025-12-11|2025-12-12|2025-12-15|2025-12-16,2025-12-17 18:20:43,0.0
Dover Corporation,,2025-11-04|2025-11-05|2025-11-06|2025-11-07|2025-11-10|2025-11-11|2025-11-12|2025-11-13|2025-11-14|2025-11-17|2025-11-18|2025-11-19|2025-11-20|2025-11-21|2025-11-24|2025-11-25|2025-11-26|2025-11-28|2025-12-01|2025-12-02|2025-12-03|2025-12-04|2025-12-05|2025-12-08|2025-12-09|2025-12-10|2025-12-11|2025-12-12|2025-12-15|2025-12-16,2025-12-17 18:20:43,0.0
Packaging Corp of America,,2025-11-04|2025-11-05|2025-11-06|2025-11-07|2025-11-10|2025-11-11|2025-11-12|2025-11-13|2025-11-14|2025-11-17|2025-11-18|2025-11-19|2025-11-20|2025-11-21|2025-11-24|2025-11-25|2025-11-26|2025-11-28|2025-12-01|2025-12-02|2025-12-03|2025-12-04|2025-12-05|2025-12-08|2025-12-09|2025-12-10|2025-12-11|2025-12-12|2025-12-15|2025-12-16,2025-12-17 18:20:43,0.0
ABM Industries,,2025-11-04|2025-11-05|2025-11-06|2025-11-07|2025-11-10|2025-11-11|2025-11-12|2025-11-13|2025-11-14|2025-11-17|2025-11-18|2025-11-19|2025-11-20|2025-11-21|2025-11-24|2025-11-25|2025-11-26|2025-11-28|2025-12-01|2025-12-02|2025-12-03|2025-12-04|2025-12-05|2025-12-08|2025-12-09|2025-12-10|2025-12-11|2025-12-12|2025-12-15|2025-12-16,2025-12-17 18:20:43,0.0
Intuitive Surgical,,2025-11-04|2025-11-05|2025-11-06|2025-11-07|2025-11-10|2025-11-11|2025-11-12|2025-11-13|2025-11-14|2025-11-17|2025-11-18|2025-11-19|2025-11-20|2025-11-21|2025-11-24|2025-11-25|2025-11-26|2025-11-28|2025-12-01|2025-12-02|2025-12-03|2025-12-04|2025-12-05|2025-12-08|2025-12-09|2025-12-10|2025-12-11|2025-12-12|2025-12-15|2025-12-16,2025-12-17 18:20:43,0.0
American Financial Group,,2025-11-04|2025-11-05|2025-11-06|2025-11-07|2025-11-10|2025-11-11|2025-11-12|2025-11-13|2025-11-14|2025-11-17|2025-11-18|2025-11-19|2025-11-20|2025-11-21|2025-11-24|2025-11-25|2025-11-26|2025-11-28|2025-12-01|2025-12-02|2025-12-03|2025-12-04|2025-12-05|2025-12-08|2025-12-09|2025-12-10|2025-12-11|2025-12-12|2025-12-15|2025-12-16,2025-12-17 18:20:43,0.0
Rockwell Automation,,2025-11-04|2025-11-05|2025-11-06|2025-11-07|2025-11-10|2025-11-11|2025-11-12|2025-11-13|2025-11-14|2025-11-17|2025-11-18|2025-11-19|2025-11-20|2025-11-21|2025-11-24|2025-11-25|2025-11-26|2025-11-28|2025-12-01|2025-12-02|2025-12-03|2025-12-04|2025-12-05|2025-12-08|2025-12-09|2025-12-10|2025-12-11|2025-12-12|2025-12-15|2025-12-16,2025-12-17 18:20:43,0.0
Solventum,,2025-11-04|2025-11-05|2025-11-06|2025-11-07|2025-11-10|2025-11-11|2025-11-12|2025-11-13|2025-11-14|2025-11-17|2025-11-18|2025-11-19|2025-11-20|2025-11-21|2025-11-24|2025-11-25|2025-11-26|2025-11-28|2025-12-01|2025-12-02|2025-12-03|2025-12-04|2025-12-05|2025-12-08|2025-12-09|2025-12-10|2025-12-11|2025-12-12|2025-12-15|2025-12-16,2025-12-17 18:20:43,0.0
Old Republic International,,2025-11-04|2025-11-05|2025-11-06|2025-11-07|2025-11-10|2025-11-11|2025-11-12|2025-11-13|2025-11-14|2025-11-17|2025-11-18|2025-11-19|2025-11-20|2025-11-21|2025-11-24|2025-11-25|2025-11-26|2025-11-28|2025-12-01|2025-12-02|2025-12-03|2025-12-04|2025-12-05|2025-12-08|2025-12-09|2025-12-10|2025-12-11|2025-12-12|2025-12-15|2025-12-16,2025-12-17 18:20:43,0.0
Prologis,,2025-11-04|2025-11-05|2025-11-06|2025-11-07|2025-11-10|2025-11-11|2025-11-12|2025-11-13|2025-11-14|2025-11-17|2025-11-18|2025-11-19|2025-11-20|2025-11-21|2025-11-24|2025-11-25|2025-11-26|2025-11-28|2025-12-01|2025-12-02|2025-12-03|2025-12-04|2025-12-05|2025-12-08|2025-12-09|2025-12-10|2025-12-11|2025-12-12|2025-12-15|2025-12-16,2025-12-17 18:20:43,0.0
JM Smucker,,2025-11-04|2025-11-05|2025-11-06|2025-11-07|2025-11-10|2025-11-11|2025-11-12|2025-11-13|2025-11-14|2025-11-17|2025-11-18|2025-11-19|2025-11-20|2025-11-21|2025-11-24|2025-11-25|2025-11-26|2025-11-28|2025-12-01|2025-12-02|2025-12-03|2025-12-04|2025-12-05|2025-12-08|2025-12-09|2025-12-10|2025-12-11|2025-12-12|2025-12-15|2025-12-16,2025-12-17 18:20:43,0.0
Taylor Morrison Home,,2025-11-04|2025-11-05|2025-11-06|2025-11-07|2025-11-10|2025-11-11|2025-11-12|2025-11-13|2025-11-14|2025-11-17|2025-11-18|2025-11-19|2025-11-20|2025-11-21|2025-11-24|2025-11-25|2025-11-26|2025-11-28|2025-12-01|2025-12-02|2025-12-03|2025-12-04|2025-12-05|2025-12-08|2025-12-09|2025-12-10|2025-12-11|2025-12-12|2025-12-15|2025-12-16,2025-12-17 18:20:43,0.0
XPO,,2025-11-04|2025-11-05|2025-11-06|2025-11-07|2025-11-10|2025-11-11|2025-11-12|2025-11-13|2025-11-14|2025-11-17|2025-11-18|2025-11-19|2025-11-20|2025-11-21|2025-11-24|2025-11-25|2025-11-26|2025-11-28|2025-12-01|2025-12-02|2025-12-03|2025-12-04|2025-12-05|2025-12-08|2025-12-09|2025-12-10|2025-12-11|2025-12-12|2025-12-15|2025-12-16,2025-12-17 18:20:43,0.0
Voya Financial,,2025-11-04|2025-11-05|2025-11-06|2025-11-07|2025-11-10|2025-11-11|2025-11-12|2025-11-13|2025-11-14|2025-11-17|2025-11-18|2025-11-19|2025-11-20|2025-11-21|2025-11-24|2025-11-25|2025-11-26|2025-11-28|2025-12-01|2025-12-02|2025-12-03|2025-12-04|2025-12-05|2025-12-08|2025-12-09|2025-12-10|2025-12-11|2025-12-12|2025-12-15|2025-12-16,2025-12-17 18:20:43,0.0
Palo Alto Networks,,2025-11-04|2025-11-05|2025-11-06|2025-11-07|2025-11-10|2025-11-11|2025-11-12|2025-11-13|2025-11-14|2025-11-17|2025-11-18|2025-11-19|2025-11-20|2025-11-21|2025-11-24|2025-11-25|2025-11-26|2025-11-28|2025-12-01|2025-12-02|2025-12-03|2025-12-04|2025-12-05|2025-12-08|2025-12-09|2025-12-10|2025-12-11|2025-12-12|2025-12-15|2025-12-16,2025-12-17 18:20:43,0.0
Vertiv,,2025-11-04|2025-11-05|2025-11-06|2025-11-07|2025-11-10|2025-11-11|2025-11-12|2025-11-13|2025-11-14|2025-11-17|2025-11-18|2025-11-19|2025-11-20|2025-11-21|2025-11-24|2025-11-25|2025-11-26|2025-11-28|2025-12-01|2025-12-02|2025-12-03|2025-12-04|2025-12-05|2025-12-08|2025-12-09|2025-12-10|2025-12-11|2025-12-12|2025-12-15|2025-12-16,2025-12-17 18:20:43,0.0
Welltower,,2025-11-04|2025-11-05|2025-11-06|2025-11-07|2025-11-10|2025-11-11|2025-11-12|2025-11-13|2025-11-14|2025-11-17|2025-11-18|2025-11-19|2025-11-20|2025-11-21|2025-11-24|2025-11-25|2025-11-26|2025-11-28|2025-12-01|2025-12-02|2025-12-03|2025-12-04|2025-12-05|2025-12-08|2025-12-09|2025-12-10|2025-12-11|2025-12-12|2025-12-15|2025-12-16,2025-12-17 18:20:43,0.0
Par Pacific,,2025-11-04|2025-11-05|2025-11-06|2025-11-07|2025-11-10|2025-11-11|2025-11-12|2025-11-13|2025-11-14|2025-11-17|2025-11-18|2025-11-19|2025-11-20|2025-11-21|2025-11-24|2025-11-25|2025-11-26|2025-11-28|2025-12-01|2025-12-02|2025-12-03|2025-12-04|2025-12-05|2025-12-08|2025-12-09|2025-12-10|2025-12-11|2025-12-12|2025-12-15|2025-12-16,2025-12-17 18:20:43,0.0
TransDigm,,2025-11-03|2025-11-04|2025-11-05|2025-11-06|2025-11-07|2025-11-10|2025-11-11|2025-11-12|2025-11-13|2025-11-14|2025-11-17|2025-11-18|2025-11-19|2025-11-20|2025-11-21|2025-11-24|2025-11-25|2025-11-26|2025-11-28|2025-12-01|2025-12-02|2025-12-03|2025-12-04|2025-12-05|2025-12-08|2025-12-09|2025-12-10|2025-12-11|2025-12-15|2025-12-16,2025-12-17 18:20:43,0.0
Commercial Metals,,2025-11-04|2025-11-05|2025-11-06|2025-11-07|2025-11-10|2025-11-11|2025-11-12|2025-11-13|2025-11-14|2025-11-17|2025-11-18|2025-11-19|2025-11-20|2025-11-21|2025-11-24|2025-11-25|2025-11-26|2025-11-28|2025-12-01|2025-12-02|2025-12-03|2025-12-04|2025-12-05|2025-12-08|2025-12-09|2025-12-10|2025-12-11|2025-12-12|2025-12-15|2025-12-16,2025-12-17 18:20:43,0.0
Post Holdings,,2025-11-04|2025-11-05|2025-11-06|2025-11-07|2025-11-10|2025-11-11|2025-11-12|2025-11-13|2025-11-14|2025-11-17|2025-11-18|2025-11-19|2025-11-20|2025-11-21|2025-11-24|2025-11-25|2025-11-26|2025-11-28|2025-12-01|2025-12-02|2025-12-03|2025-12-04|2025-12-05|2025-12-08|2025-12-09|2025-12-10|2025-12-11|2025-12-12|2025-12-15|2025-12-16,2025-12-17 18:20:43,0.0
Masco,,2025-11-04|2025-11-05|2025-11-06|2025-11-07|2025-11-10|2025-11-11|2025-11-12|2025-11-13|2025-11-14|2025-11-17|2025-11-18|2025-11-19|2025-11-20|2025-11-21|2025-11-24|2025-11-25|2025-11-26|2025-11-28|2025-12-01|2025-12-02|2025-12-03|2025-12-04|2025-12-05|2025-12-08|2025-12-09|2025-12-10|2025-12-11|2025-12-12|2025-12-15|2025-12-16,2025-12-17 18:20:43,0.0
Rush Enterprises,,2025-11-04|2025-11-05|2025-11-06|2025-11-07|2025-11-10|2025-11-11|2025-11-12|2025-11-13|2025-11-14|2025-11-17|2025-11-18|2025-11-19|2025-11-20|2025-11-21|2025-11-24|2025-11-25|2025-11-26|2025-11-28|2025-12-01|2025-12-02|2025-12-03|2025-12-04|2025-12-05|2025-12-08|2025-12-09|2025-12-10|2025-12-11|2025-12-12|2025-12-15|2025-12-16,2025-12-17 18:20:43,0.0
KBR,,2025-11-03|2025-11-04|2025-11-05|2025-11-06|2025-11-07|2025-11-10|2025-11-11|2025-11-12|2025-11-13|2025-11-14|2025-11-17|2025-11-18|2025-11-19|2025-11-20|2025-11-21|2025-11-24|2025-11-25|2025-11-26|2025-11-28|2025-12-01|2025-12-02|2025-12-03|2025-12-04|2025-12-05|2025-12-08|2025-12-09|2025-12-10|2025-12-11|2025-12-15|2025-12-16,2025-12-17 18:20:43,0.0
Sprouts Farmers Market,,2025-11-04|2025-11-05|2025-11-06|2025-11-07|2025-11-10|2025-11-11|2025-11-12|2025-11-13|2025-11-14|2025-11-17|2025-11-18|2025-11-19|2025-11-20|2025-11-21|2025-11-24|2025-11-25|2025-11-26|2025-11-28|2025-12-01|2025-12-02|2025-12-03|2025-12-04|2025-12-05|2025-12-08|2025-12-09|2025-12-10|2025-12-11|2025-12-12|2025-12-15|2025-12-16,2025-12-17 18:20:43,0.0
Williams-Sonoma,,2025-11-04|2025-11-05|2025-11-06|2025-11-07|2025-11-10|2025-11-11|2025-11-12|2025-11-13|2025-11-14|2025-11-17|2025-11-18|2025-11-19|2025-11-20|2025-11-21|2025-11-24|2025-11-25|2025-11-26|2025-11-28|2025-12-01|2025-12-02|2025-12-03|2025-12-04|2025-12-05|2025-12-08|2025-12-09|2025-12-10|2025-12-11|2025-12-12|2025-12-15|2025-12-16,2025-12-17 18:20:43,0.0
Zimmer Biomet,,2025-11-04|2025-11-05|2025-11-06|2025-11-07|2025-11-10|2025-11-11|2025-11-12|2025-11-13|2025-11-14|2025-11-17|2025-11-18|2025-11-19|2025-11-20|2025-11-21|2025-11-24|2025-11-25|2025-11-26|2025-11-28|2025-12-01|2025-12-02|2025-12-03|2025-12-04|2025-12-05|2025-12-08|2025-12-09|2025-12-10|2025-12-11|2025-12-12|2025-12-15|2025-12-16,2025-12-17 18:20:43,0.0
CACI International,,2025-11-04|2025-11-05|2025-11-06|2025-11-07|2025-11-10|2025-11-11|2025-11-12|2025-11-13|2025-11-14|2025-11-17|2025-11-18|2025-11-19|2025-11-20|2025-11-21|2025-11-24|2025-11-25|2025-11-26|2025-11-28|2025-12-01|2025-12-02|2025-12-03|2025-12-04|2025-12-05|2025-12-08|2025-12-09|2025-12-10|2025-12-11|2025-12-12|2025-12-15|2025-12-16,2025-12-17 18:20:43,0.0
Microchip Technology,,2025-11-04|2025-11-05|2025-11-06|2025-11-07|2025-11-10|2025-11-11|2025-11-12|2025-11-13|2025-11-14|2025-11-17|2025-11-18|2025-11-19|2025-11-20|2025-11-21|2025-11-24|2025-11-25|2025-11-26|2025-11-28|2025-12-01|2025-12-02|2025-12-03|2025-12-04|2025-12-05|2025-12-08|2025-12-09|2025-12-10|2025-12-11|2025-12-12|2025-12-15|2025-12-16,2025-12-17 18:20:43,0.0
Watsco,,2025-11-04|2025-11-05|2025-11-06|2025-11-07|2025-11-10|2025-11-11|2025-11-12|2025-11-13|2025-11-14|2025-11-17|2025-11-18|2025-11-19|2025-11-20|2025-11-21|2025-11-24|2025-11-25|2025-11-26|2025-11-28|2025-12-01|2025-12-02|2025-12-03|2025-12-04|2025-12-05|2025-12-08|2025-12-09|2025-12-10|2025-12-11|2025-12-12|2025-12-15|2025-12-16,2025-12-17 18:20:43,0.0
Newell Brands,,2025-11-04|2025-11-05|2025-11-06|2025-11-07|2025-11-10|2025-11-11|2025-11-12|2025-11-13|2025-11-14|2025-11-17|2025-11-18|2025-11-19|2025-11-20|2025-11-21|2025-11-24|2025-11-25|2025-11-26|2025-11-28|2025-12-01|2025-12-02|2025-12-03|2025-12-04|2025-12-05|2025-12-08|2025-12-09|2025-12-10|2025-12-11|2025-12-12|2025-12-15|2025-12-16,2025-12-17 18:20:43,0.0
ARKO,,2025-11-04|2025-11-05|2025-11-06|2025-11-07|2025-11-10|2025-11-11|2025-11-12|2025-11-13|2025-11-14|2025-11-17|2025-11-18|2025-11-19|2025-11-20|2025-11-21|2025-11-24|2025-11-25|2025-11-26|2025-11-28|2025-12-01|2025-12-02|2025-12-03|2025-12-04|2025-12-05|2025-12-08|2025-12-09|2025-12-10|2025-12-11|2025-12-12|2025-12-15|2025-12-16,2025-12-17 18:20:43,0.0
Sanmina,,2025-11-04|2025-11-05|2025-11-06|2025-11-07|2025-11-10|2025-11-11|2025-11-12|2025-11-13|2025-11-14|2025-11-17|2025-11-18|2025-11-19|2025-11-20|2025-11-21|2025-11-24|2025-11-25|2025-11-26|2025-11-28|2025-12-01|2025-12-02|2025-12-03|2025-12-04|2025-12-05|2025-12-08|2025-12-09|2025-12-10|2025-12-11|2025-12-12|2025-12-15|2025-12-16,2025-12-17 18:20:43,0.0
Electronic Arts,,2025-11-04|2025-11-05|2025-11-06|2025-11-07|2025-11-10|2025-11-11|2025-11-12|2025-11-13|2025-11-14|2025-11-17|2025-11-18|2025-11-19|2025-11-20|2025-11-21|2025-11-24|2025-11-25|2025-11-26|2025-11-28|2025-12-01|2025-12-02|2025-12-03|2025-12-04|2025-12-05|2025-12-08|2025-12-09|2025-12-10|2025-12-11|2025-12-12|2025-12-15|2025-12-16,2025-12-17 18:20:43,0.0
Yum Brands,,2025-11-04|2025-11-05|2025-11-06|2025-11-07|2025-11-10|2025-11-11|2025-11-12|2025-11-13|2025-11-14|2025-11-17|2025-11-18|2025-11-19|2025-11-20|2025-11-21|2025-11-24|2025-11-25|2025-11-26|2025-11-28|2025-12-01|2025-12-02|2025-12-03|2025-12-04|2025-12-05|2025-12-08|2025-12-09|2025-12-10|2025-12-11|2025-12-12|2025-12-15|2025-12-16,2025-12-17 18:20:43,0.0
Fastenal,,2025-11-04|2025-11-05|2025-11-06|2025-11-07|2025-11-10|2025-11-11|2025-11-12|2025-11-13|2025-11-14|2025-11-17|2025-11-18|2025-11-19|2025-11-20|2025-11-21|2025-11-24|2025-11-25|2025-11-26|2025-11-28|2025-12-01|2025-12-02|2025-12-03|2025-12-04|2025-12-05|2025-12-08|2025-12-09|2025-12-10|2025-12-11|2025-12-12|2025-12-15|2025-12-16,2025-12-17 18:20:43,0.0
CMS Energy,,2025-11-04|2025-11-05|2025-11-06|2025-11-07|2025-11-10|2025-11-11|2025-11-12|2025-11-13|2025-11-14|2025-11-17|2025-11-18|2025-11-19|2025-11-20|2025-11-21|2025-11-24|2025-11-25|2025-11-26|2025-11-28|2025-12-01|2025-12-02|2025-12-03|2025-12-04|2025-12-05|2025-12-08|2025-12-09|2025-12-10|2025-12-11|2025-12-12|2025-12-15|2025-12-16,2025-12-17 18:20:43,0.0
Monster Beverage,,2025-11-04|2025-11-05|2025-11-06|2025-11-07|2025-11-10|2025-11-11|2025-11-12|2025-11-13|2025-11-14|2025-11-17|2025-11-18|2025-11-19|2025-11-20|2025-11-21|2025-11-24|2025-11-25|2025-11-26|2025-11-28|2025-12-01|2025-12-02|2025-12-03|2025-12-04|2025-12-05|2025-12-08|2025-12-09|2025-12-10|2025-12-11|2025-12-12|2025-12-15|2025-12-16,2025-12-17 18:20:43,0.0
Science Applications International,,2025-11-04|2025-11-05|2025-11-06|2025-11-07|2025-11-10|2025-11-11|2025-11-12|2025-11-13|2025-11-14|2025-11-17|2025-11-18|2025-11-19|2025-11-20|2025-11-21|2025-11-24|2025-11-25|2025-11-26|2025-11-28|2025-12-01|2025-12-02|2025-12-03|2025-12-04|2025-12-05|2025-12-08|2025-12-09|2025-12-10|2025-12-11|2025-12-12|2025-12-15|2025-12-16,2025-12-17 18:20:43,0.0
Core & Main,,2025-11-04|2025-11-05|2025-11-06|2025-11-07|2025-11-10|2025-11-11|2025-11-12|2025-11-13|2025-11-14|2025-11-17|2025-11-18|2025-11-19|2025-11-20|2025-11-21|2025-11-24|2025-11-25|2025-11-26|2025-11-28|2025-12-01|2025-12-02|2025-12-03|2025-12-04|2025-12-05|2025-12-08|2025-12-09|2025-12-10|2025-12-11|2025-12-12|2025-12-15|2025-12-16,2025-12-17 18:20:43,0.0
Howmet Aerospace,,2025-11-04|2025-11-05|2025-11-06|2025-11-07|2025-11-10|2025-11-11|2025-11-12|2025-11-13|2025-11-14|2025-11-17|2025-11-18|2025-11-19|2025-11-20|2025-11-21|2025-11-24|2025-11-25|2025-11-26|2025-11-28|2025-12-01|2025-12-02|2025-12-03|2025-12-04|2025-12-05|2025-12-08|2025-12-09|2025-12-10|2025-12-11|2025-12-12|2025-12-15|2025-12-16,2025-12-17 18:20:43,0.0
Ingredion,,2025-11-04|2025-11-05|2025-11-06|2025-11-07|2025-11-10|2025-11-11|2025-11-12|2025-11-13|2025-11-14|2025-11-17|2025-11-18|2025-11-19|2025-11-20|2025-11-21|2025-11-24|2025-11-25|2025-11-26|2025-11-28|2025-12-01|2025-12-02|2025-12-03|2025-12-04|2025-12-05|2025-12-08|2025-12-09|2025-12-10|2025-12-11|2025-12-12|2025-12-15|2025-12-16,2025-12-17 18:20:43,0.0
Vulcan Materials,,2025-11-04|2025-11-05|2025-11-06|2025-11-07|2025-11-10|2025-11-11|2025-11-12|2025-11-13|2025-11-14|2025-11-17|2025-11-18|2025-11-19|2025-11-20|2025-11-21|2025-11-24|2025-11-25|2025-11-26|2025-11-28|2025-12-01|2025-12-02|2025-12-03|2025-12-04|2025-12-05|2025-12-08|2025-12-09|2025-12-10|2025-12-11|2025-12-12|2025-12-15|2025-12-16,2025-12-17 18:20:43,0.0
Smurfit Westrock,,2025-11-04|2025-11-05|2025-11-06|2025-11-07|2025-11-10|2025-11-11|2025-11-12|2025-11-13|2025-11-14|2025-11-17|2025-11-18|2025-11-19|2025-11-20|2025-11-21|2025-11-24|2025-11-25|2025-11-26|2025-11-28|2025-12-01|2025-12-02|2025-12-03|2025-12-04|2025-12-05|2025-12-08|2025-12-09|2025-12-10|2025-12-11|2025-12-12|2025-12-15|2025-12-16,2025-12-17 18:20:43,0.0
Crown Holdings,,2025-11-04|2025-11-05|2025-11-06|2025-11-07|2025-11-10|2025-11-11|2025-11-12|2025-11-13|2025-11-14|2025-11-17|2025-11-18|2025-11-19|2025-11-20|2025-11-21|2025-11-24|2025-11-25|2025-11-26|2025-11-28|2025-12-01|2025-12-02|2025-12-03|2025-12-04|2025-12-05|2025-12-08|2025-12-09|2025-12-10|2025-12-11|2025-12-12|2025-12-15|2025-12-16,2025-12-17 18:20:43,0.0
Dana Incorporated,,2025-11-03|2025-11-04|2025-11-05|2025-11-06|2025-11-07|2025-11-10|2025-11-11|2025-11-12|2025-11-13|2025-11-14|2025-11-17|2025-11-18|2025-11-19|2025-11-20|2025-11-21|2025-11-24|2025-11-25|2025-11-26|2025-11-28|2025-12-01|2025-12-02|2025-12-03|2025-12-04|2025-12-05|2025-12-08|2025-12-09|2025-12-10|2025-12-11|2025-12-15|2025-12-16,2025-12-17 18:20:43,0.0
Albemarle Corporation,,2025-11-04|2025-11-05|2025-11-06|2025-11-07|2025-11-10|2025-11-11|2025-11-12|2025-11-13|2025-11-14|2025-11-17|2025-11-18|2025-11-19|2025-11-20|2025-11-21|2025-11-24|2025-11-25|2025-11-26|2025-11-28|2025-12-01|2025-12-02|2025-12-03|2025-12-04|2025-12-05|2025-12-08|2025-12-09|2025-12-10|2025-12-11|2025-12-12|2025-12-15|2025-12-16,2025-12-17 18:20:43,0.0
Polaris Inc,,2025-11-04|2025-11-05|2025-11-06|2025-11-07|2025-11-10|2025-11-11|2025-11-12|2025-11-13|2025-11-14|2025-11-17|2025-11-18|2025-11-19|2025-11-20|2025-11-21|2025-11-24|2025-11-25|2025-11-26|2025-11-28|2025-12-01|2025-12-02|2025-12-03|2025-12-04|2025-12-05|2025-12-08|2025-12-09|2025-12-10|2025-12-11|2025-12-12|2025-12-15|2025-12-16,2025-12-17 18:20:43,0.0
UGI Utilities Inc,,2025-11-04|2025-11-05|2025-11-06|2025-11-07|2025-11-10|2025-11-11|2025-11-12|2025-11-13|2025-11-14|2025-11-17|2025-11-18|2025-11-19|2025-11-20|2025-11-21|2025-11-24|2025-11-25|2025-11-26|2025-11-28|2025-12-01|2025-12-02|2025-12-03|2025-12-04|2025-12-05|2025-12-08|2025-12-09|2025-12-10|2025-12-11|2025-12-12|2025-12-15|2025-12-16,2025-12-17 18:20:43,0.0
Expand Energy Corporation,,2025-11-04|2025-11-05|2025-11-06|2025-11-07|2025-11-10|2025-11-11|2025-11-12|2025-11-13|2025-11-14|2025-11-17|2025-11-18|2025-11-19|2025-11-20|2025-11-21|2025-11-24|2025-11-25|2025-11-26|2025-11-28|2025-12-01|2025-12-02|2025-12-03|2025-12-04|2025-12-05|2025-12-08|2025-12-09|2025-12-10|2025-12-11|2025-12-12|2025-12-15|2025-12-16,2025-12-17 18:20:43,0.0
NGL Energy Partners,,2025-11-04|2025-11-05|2025-11-06|2025-11-07|2025-11-10|2025-11-11|2025-11-12|2025-11-13|2025-11-14|2025-11-17|2025-11-18|2025-11-19|2025-11-20|2025-11-21|2025-11-24|2025-11-25|2025-11-26|2025-11-28|2025-12-01|2025-12-02|2025-12-03|2025-12-04|2025-12-05|2025-12-08|2025-12-09|2025-12-10|2025-12-11|2025-12-12|2025-12-15|2025-12-16,2025-12-17 18:20:43,0.0
ON Semiconductor,,2025-11-04|2025-11-05|2025-11-06|2025-11-07|2025-11-10|2025-11-11|2025-11-12|2025-11-13|2025-11-14|2025-11-17|2025-11-18|2025-11-19|2025-11-20|2025-11-21|2025-11-24|2025-11-25|2025-11-26|2025-11-28|2025-12-01|2025-12-02|2025-12-03|2025-12-04|2025-12-05|2025-12-08|2025-12-09|2025-12-10|2025-12-11|2025-12-12|2025-12-15|2025-12-16,2025-12-17 18:20:43,0.0
Flagstar Financial,,2025-11-04|2025-11-05|2025-11-06|2025-11-07|2025-11-10|2025-11-11|2025-11-12|2025-11-13|2025-11-14|2025-11-17|2025-11-18|2025-11-19|2025-11-20|2025-11-21|2025-11-24|2025-11-25|2025-11-26|2025-11-28|2025-12-01|2025-12-02|2025-12-03|2025-12-04|2025-12-05|2025-12-08|2025-12-09|2025-12-10|2025-12-11|2025-12-12|2025-12-15|2025-12-16,2025-12-17 18:20:43,0.0
ODP Business Solutions,,2025-11-04|2025-11-05|2025-11-06|2025-11-07|2025-11-10|2025-11-11|2025-11-12|2025-11-13|2025-11-14|2025-11-17|2025-11-18|2025-11-19|2025-11-20|2025-11-21|2025-11-24|2025-11-25|2025-11-26|2025-11-28|2025-12-01|2025-12-02|2025-12-03|2025-12-04|2025-12-05|2025-12-08|2025-12-09|2025-12-10|2025-12-11|2025-12-12|2025-12-15|2025-12-16,2025-12-17 18:20:43,0.0
Weyerhaeuser,,2025-11-04|2025-11-05|2025-11-06|2025-11-07|2025-11-10|2025-11-11|2025-11-12|2025-11-13|2025-11-14|2025-11-17|2025-11-18|2025-11-19|2025-11-20|2025-11-21|2025-11-24|2025-11-25|2025-11-26|2025-11-28|2025-12-01|2025-12-02|2025-12-03|2025-12-04|2025-12-05|2025-12-08|2025-12-09|2025-12-10|2025-12-11|2025-12-12|2025-12-15|2025-12-16,2025-12-17 18:20:43,0.0
Genworth Financial,,2025-11-04|2025-11-05|2025-11-06|2025-11-07|2025-11-10|2025-11-11|2025-11-12|2025-11-13|2025-11-14|2025-11-17|2025-11-18|2025-11-19|2025-11-20|2025-11-21|2025-11-24|2025-11-25|2025-11-26|2025-11-28|2025-12-01|2025-12-02|2025-12-03|2025-12-04|2025-12-05|2025-12-08|2025-12-09|2025-12-10|2025-12-11|2025-12-12|2025-12-15|2025-12-16,2025-12-17 18:20:43,0.0
Bath & Body Works,,2025-11-04|2025-11-05|2025-11-06|2025-11-07|2025-11-10|2025-11-11|2025-11-12|2025-11-13|2025-11-14|2025-11-17|2025-11-18|2025-11-19|2025-11-20|2025-11-21|2025-11-24|2025-11-25|2025-11-26|2025-11-28|2025-12-01|2025-12-02|2025-12-03|2025-12-04|2025-12-05|2025-12-08|2025-12-09|2025-12-10|2025-12-11|2025-12-12|2025-12-15|2025-12-16,2025-12-17 18:20:43,0.0
Clorox,,2025-11-04|2025-11-05|2025-11-06|2025-11-07|2025-11-10|2025-11-11|2025-11-12|2025-11-13|2025-11-14|2025-11-17|2025-11-18|2025-11-19|2025-11-20|2025-11-21|2025-11-24|2025-11-25|2025-11-26|2025-11-28|2025-12-01|2025-12-02|2025-12-03|2025-12-04|2025-12-05|2025-12-08|2025-12-09|2025-12-10|2025-12-11|2025-12-12|2025-12-15|2025-12-16,2025-12-17 18:20:43,0.0
RPM International,,2025-11-04|2025-11-05|2025-11-06|2025-11-07|2025-11-10|2025-11-11|2025-11-12|2025-11-13|2025-11-14|2025-11-17|2025-11-18|2025-11-19|2025-11-20|2025-11-21|2025-11-24|2025-11-25|2025-11-26|2025-11-28|2025-12-01|2025-12-02|2025-12-03|2025-12-04|2025-12-05|2025-12-08|2025-12-09|2025-12-10|2025-12-11|2025-12-12|2025-12-15|2025-12-16,2025-12-17 18:20:43,0.0
UFP Industries,,2025-11-04|2025-11-05|2025-11-06|2025-11-07|2025-11-10|2025-11-11|2025-11-12|2025-11-13|2025-11-14|2025-11-17|2025-11-18|2025-11-19|2025-11-20|2025-11-21|2025-11-24|2025-11-25|2025-11-26|2025-11-28|2025-12-01|2025-12-02|2025-12-03|2025-12-04|2025-12-05|2025-12-08|2025-12-09|2025-12-10|2025-12-11|2025-12-12|2025-12-15|2025-12-16,2025-12-17 18:20:43,0.0
Ameren,,2025-11-04|2025-11-05|2025-11-06|2025-11-07|2025-11-10|2025-11-11|2025-11-12|2025-11-13|2025-11-14|2025-11-17|2025-11-18|2025-11-19|2025-11-20|2025-11-21|2025-11-24|2025-11-25|2025-11-26|2025-11-28|2025-12-01|2025-12-02|2025-12-03|2025-12-04|2025-12-05|2025-12-08|2025-12-09|2025-12-10|2025-12-11|2025-12-12|2025-12-15|2025-12-16,2025-12-17 18:20:43,0.0
Knight Swift Transportation,,2025-11-04|2025-11-05|2025-11-06|2025-11-07|2025-11-10|2025-11-11|2025-11-12|2025-11-13|2025-11-14|2025-11-17|2025-11-18|2025-11-19|2025-11-20|2025-11-21|2025-11-24|2025-11-25|2025-11-26|2025-11-28|2025-12-01|2025-12-02|2025-12-03|2025-12-04|2025-12-05|2025-12-08|2025-12-09|2025-12-10|2025-12-11|2025-12-12|2025-12-15|2025-12-16,2025-12-17 18:20:43,0.0
Super Micro Computer,,2025-11-04|2025-11-05|2025-11-06|2025-11-07|2025-11-10|2025-11-11|2025-11-12|2025-11-13|2025-11-14|2025-11-17|2025-11-18|2025-11-19|2025-11-20|2025-11-21|2025-11-24|2025-11-25|2025-11-26|2025-11-28|2025-12-01|2025-12-02|2025-12-03|2025-12-04|2025-12-05|2025-12-08|2025-12-09|2025-12-10|2025-12-11|2025-12-12|2025-12-15|2025-12-16,2025-12-17 18:20:43,0.0
O-I Glass,,2025-11-04|2025-11-05|2025-11-06|2025-11-07|2025-11-10|2025-11-11|2025-11-12|2025-11-13|2025-11-14|2025-11-17|2025-11-18|2025-11-19|2025-11-20|2025-11-21|2025-11-24|2025-11-25|2025-11-26|2025-11-28|2025-12-01|2025-12-02|2025-12-03|2025-12-04|2025-12-05|2025-12-08|2025-12-09|2025-12-10|2025-12-11|2025-12-12|2025-12-15|2025-12-16,2025-12-17 18:20:43,0.0
CommScope,,2025-11-04|2025-11-05|2025-11-06|2025-11-07|2025-11-10|2025-11-11|2025-11-12|2025-11-13|2025-11-14|2025-11-17|2025-11-18|2025-11-19|2025-11-20|2025-11-21|2025-11-24|2025-11-25|2025-11-26|2025-11-28|2025-12-01|2025-12-02|2025-12-03|2025-12-04|2025-12-05|2025-12-08|2025-12-09|2025-12-10|2025-12-11|2025-12-12|2025-12-15|2025-12-16,2025-12-17 18:20:43,0.0
Crown Castle,,2025-11-04|2025-11-05|2025-11-06|2025-11-07|2025-11-10|2025-11-11|2025-11-12|2025-11-13|2025-11-14|2025-11-17|2025-11-18|2025-11-19|2025-11-20|2025-11-21|2025-11-24|2025-11-25|2025-11-26|2025-11-28|2025-12-01|2025-12-02|2025-12-03|2025-12-04|2025-12-05|2025-12-08|2025-12-09|2025-12-10|2025-12-11|2025-12-12|2025-12-15|2025-12-16,2025-12-17 18:20:43,0.0
Avantor,,2025-11-04|2025-11-05|2025-11-06|2025-11-07|2025-11-10|2025-11-11|2025-11-12|2025-11-13|2025-11-14|2025-11-17|2025-11-18|2025-11-19|2025-11-20|2025-11-21|2025-11-24|2025-11-25|2025-11-26|2025-11-28|2025-12-01|2025-12-02|2025-12-03|2025-12-04|2025-12-05|2025-12-08|2025-12-09|2025-12-10|2025-12-11|2025-12-12|2025-12-15|2025-12-16,2025-12-17 18:20:43,0.0
Opendoor Technologies,,2025-11-04|2025-11-05|2025-11-06|2025-11-07|2025-11-10|2025-11-11|2025-11-12|2025-11-13|2025-11-14|2025-11-17|2025-11-18|2025-11-19|2025-11-20|2025-11-21|2025-11-24|2025-11-25|2025-11-26|2025-11-28|2025-12-01|2025-12-02|2025-12-03|2025-12-04|2025-12-05|2025-12-08|2025-12-09|2025-12-10|2025-12-11|2025-12-12|2025-12-15|2025-12-16,2025-12-17 18:20:43,0.0
APi Group,,2025-11-04|2025-11-05|2025-11-06|2025-11-07|2025-11-10|2025-11-11|2025-11-12|2025-11-13|2025-11-14|2025-11-17|2025-11-18|2025-11-19|2025-11-20|2025-11-21|2025-11-24|2025-11-25|2025-11-26|2025-11-28|2025-12-01|2025-12-02|2025-12-03|2025-12-04|2025-12-05|2025-12-08|2025-12-09|2025-12-10|2025-12-11|2025-12-12|2025-12-15|2025-12-16,2025-12-17 18:20:43,0.0
EQT,,2025-11-04|2025-11-05|2025-11-06|2025-11-07|2025-11-10|2025-11-11|2025-11-12|2025-11-13|2025-11-14|2025-11-17|2025-11-18|2025-11-19|2025-11-20|2025-11-21|2025-11-24|2025-11-25|2025-11-26|2025-11-28|2025-12-01|2025-12-02|2025-12-03|2025-12-04|2025-12-05|2025-12-08|2025-12-09|2025-12-10|2025-12-11|2025-12-12|2025-12-15|2025-12-16,2025-12-17 18:20:43,0.0
Xerox,,2025-11-04|2025-11-05|2025-11-06|2025-11-07|2025-11-10|2025-11-11|2025-11-12|2025-11-13|2025-11-14|2025-11-17|2025-11-18|2025-11-19|2025-11-20|2025-11-21|2025-11-24|2025-11-25|2025-11-26|2025-11-28|2025-12-01|2025-12-02|2025-12-03|2025-12-04|2025-12-05|2025-12-08|2025-12-09|2025-12-10|2025-12-11|2025-12-12|2025-12-15|2025-12-16,2025-12-17 18:20:43,0.0
Ingersoll Rand,,2025-11-04|2025-11-05|2025-11-06|2025-11-07|2025-11-10|2025-11-11|2025-11-12|2025-11-13|2025-11-14|2025-11-17|2025-11-18|2025-11-19|2025-11-20|2025-11-21|2025-11-24|2025-11-25|2025-11-26|2025-11-28|2025-12-01|2025-12-02|2025-12-03|2025-12-04|2025-12-05|2025-12-08|2025-12-09|2025-12-10|2025-12-11|2025-12-12|2025-12-15|2025-12-16,2025-12-17 18:20:43,0.0
Dillards,,2025-11-04|2025-11-05|2025-11-06|2025-11-07|2025-11-10|2025-11-11|2025-11-12|2025-11-13|2025-11-14|2025-11-17|2025-11-18|2025-11-19|2025-11-20|2025-11-21|2025-11-24|2025-11-25|2025-11-26|2025-11-28|2025-12-01|2025-12-02|2025-12-03|2025-12-04|2025-12-05|2025-12-08|2025-12-09|2025-12-10|2025-12-11|2025-12-12|2025-12-15|2025-12-16,2025-12-17 18:20:43,0.0
Martin Marietta Materials,,2025-11-04|2025-11-05|2025-11-06|2025-11-07|2025-11-10|2025-11-11|2025-11-12|2025-11-13|2025-11-14|2025-11-17|2025-11-18|2025-11-19|2025-11-20|2025-11-21|2025-11-24|2025-11-25|2025-11-26|2025-11-28|2025-12-01|2025-12-02|2025-12-03|2025-12-04|2025-12-05|2025-12-08|2025-12-09|2025-12-10|2025-12-11|2025-12-12|2025-12-15|2025-12-16,2025-12-17 18:20:43,0.0
Moderna,,2025-11-04|2025-11-05|2025-11-06|2025-11-07|2025-11-10|2025-11-11|2025-11-12|2025-11-13|2025-11-14|2025-11-17|2025-11-18|2025-11-19|2025-11-20|2025-11-21|2025-11-24|2025-11-25|2025-11-26|2025-11-28|2025-12-01|2025-12-02|2025-12-03|2025-12-04|2025-12-05|2025-12-08|2025-12-09|2025-12-10|2025-12-11|2025-12-12|2025-12-15|2025-12-16,2025-12-17 18:20:43,0.0
Boise Cascade,,2025-11-04|2025-11-05|2025-11-06|2025-11-07|2025-11-10|2025-11-11|2025-11-12|2025-11-13|2025-11-14|2025-11-17|2025-11-18|2025-11-19|2025-11-20|2025-11-21|2025-11-24|2025-11-25|2025-11-26|2025-11-28|2025-12-01|2025-12-02|2025-12-03|2025-12-04|2025-12-05|2025-12-08|2025-12-09|2025-12-10|2025-12-11|2025-12-12|2025-12-15|2025-12-16,2025-12-17 18:20:43,0.0
Agilent Technologies,,2025-11-04|2025-11-05|2025-11-06|2025-11-07|2025-11-10|2025-11-11|2025-11-12|2025-11-13|2025-11-14|2025-11-17|2025-11-18|2025-11-19|2025-11-20|2025-11-21|2025-11-24|2025-11-25|2025-11-26|2025-11-28|2025-12-01|2025-12-02|2025-12-03|2025-12-04|2025-12-05|2025-12-08|2025-12-09|2025-12-10|2025-12-11|2025-12-12|2025-12-15|2025-12-16,2025-12-17 18:20:43,0.0
Olin Corporation,,2025-11-04|2025-11-05|2025-11-06|2025-11-07|2025-11-10|2025-11-11|2025-11-12|2025-11-13|2025-11-14|2025-11-17|2025-11-18|2025-11-19|2025-11-20|2025-11-21|2025-11-24|2025-11-25|2025-11-26|2025-11-28|2025-12-01|2025-12-02|2025-12-03|2025-12-04|2025-12-05|2025-12-08|2025-12-09|2025-12-10|2025-12-11|2025-12-12|2025-12-15|2025-12-16,2025-12-17 18:20:43,0.0
Darling Ingredients,,2025-11-04|2025-11-05|2025-11-06|2025-11-07|2025-11-10|2025-11-11|2025-11-12|2025-11-13|2025-11-14|2025-11-17|2025-11-18|2025-11-19|2025-11-20|2025-11-21|2025-11-24|2025-11-25|2025-11-26|2025-11-28|2025-12-01|2025-12-02|2025-12-03|2025-12-04|2025-12-05|2025-12-08|2025-12-09|2025-12-10|2025-12-11|2025-12-12|2025-12-15|2025-12-16,2025-12-17 18:20:43,0.0
Sonoco Products,,2025-11-04|2025-11-05|2025-11-06|2025-11-07|2025-11-10|2025-11-11|2025-11-12|2025-11-13|2025-11-14|2025-11-17|2025-11-18|2025-11-19|2025-11-20|2025-11-21|2025-11-24|2025-11-25|2025-11-26|2025-11-28|2025-12-01|2025-12-02|2025-12-03|2025-12-04|2025-12-05|2025-12-08|2025-12-09|2025-12-10|2025-12-11|2025-12-12|2025-12-15|2025-12-16,2025-12-17 18:20:43,0.0
Hyatt Hotels,,2025-11-03|2025-11-04|2025-11-05|2025-11-06|2025-11-07|2025-11-10|2025-11-11|2025-11-12|2025-11-13|2025-11-14|2025-11-17|2025-11-18|2025-11-19|2025-11-20|2025-11-21|2025-11-24|2025-11-25|2025-11-26|2025-11-28|2025-12-01|2025-12-02|2025-12-03|2025-12-04|2025-12-05|2025-12-08|2025-12-09|2025-12-10|2025-12-11|2025-12-15|2025-12-16,2025-12-17 18:20:43,0.0
Select Medical Holdings,,2025-11-03|2025-11-04|2025-11-05|2025-11-06|2025-11-07|2025-11-10|2025-11-11|2025-11-12|2025-11-13|2025-11-14|2025-11-17|2025-11-18|2025-11-19|2025-11-20|2025-11-21|2025-11-24|2025-11-25|2025-11-26|2025-11-28|2025-12-01|2025-12-02|2025-12-03|2025-12-04|2025-12-05|2025-12-08|2025-12-09|2025-12-10|2025-12-11|2025-12-15|2025-12-16,2025-12-17 18:20:43,0.0
McCormick & Company,,2025-11-04|2025-11-05|2025-11-06|2025-11-07|2025-11-10|2025-11-11|2025-11-12|2025-11-13|2025-11-14|2025-11-17|2025-11-18|2025-11-19|2025-11-20|2025-11-21|2025-11-24|2025-11-25|2025-11-26|2025-11-28|2025-12-01|2025-12-02|2025-12-03|2025-12-04|2025-12-05|2025-12-08|2025-12-09|2025-12-10|2025-12-11|2025-12-12|2025-12-15|2025-12-16,2025-12-17 18:20:43,0.0
Tapestry,,2025-11-04|2025-11-05|2025-11-06|2025-11-07|2025-11-10|2025-11-11|2025-11-12|2025-11-13|2025-11-14|2025-11-17|2025-11-18|2025-11-19|2025-11-20|2025-11-21|2025-11-24|2025-11-25|2025-11-26|2025-11-28|2025-12-01|2025-12-02|2025-12-03|2025-12-04|2025-12-05|2025-12-08|2025-12-09|2025-12-10|2025-12-11|2025-12-12|2025-12-15|2025-12-16,2025-12-17 18:20:43,0.0
CF Industries,,2025-11-03|2025-11-04|2025-11-05|2025-11-06|2025-11-07|2025-11-10|2025-11-11|2025-11-12|2025-11-13|2025-11-14|2025-11-17|2025-11-18|2025-11-19|2025-11-20|2025-11-21|2025-11-24|2025-11-25|2025-11-26|2025-11-28|2025-12-01|2025-12-02|2025-12-03|2025-12-04|2025-12-05|2025-12-08|2025-12-09|2025-12-10|2025-12-11|2025-12-15|2025-12-16,2025-12-17 18:20:43,0.0
Ametek,,2025-11-04|2025-11-05|2025-11-06|2025-11-07|2025-11-10|2025-11-11|2025-11-12|2025-11-13|2025-11-14|2025-11-17|2025-11-18|2025-11-19|2025-11-20|2025-11-21|2025-11-24|2025-11-25|2025-11-26|2025-11-28|2025-12-01|2025-12-02|2025-12-03|2025-12-04|2025-12-05|2025-12-08|2025-12-09|2025-12-10|2025-12-11|2025-12-12|2025-12-15|2025-12-16,2025-12-17 18:20:43,0.0
Wynn Resorts,,2025-11-04|2025-11-05|2025-11-06|2025-11-07|2025-11-10|2025-11-11|2025-11-12|2025-11-13|2025-11-14|2025-11-17|2025-11-18|2025-11-19|2025-11-20|2025-11-21|2025-11-24|2025-11-25|2025-11-26|2025-11-28|2025-12-01|2025-12-02|2025-12-03|2025-12-04|2025-12-05|2025-12-08|2025-12-09|2025-12-10|2025-12-11|2025-12-12|2025-12-15|2025-12-16,2025-12-17 18:20:43,0.0
Amkor Technology,,2025-11-04|2025-11-05|2025-11-06|2025-11-07|2025-11-10|2025-11-11|2025-11-12|2025-11-13|2025-11-14|2025-11-17|2025-11-18|2025-11-19|2025-11-20|2025-11-21|2025-11-24|2025-11-25|2025-11-26|2025-11-28|2025-12-01|2025-12-02|2025-12-03|2025-12-04|2025-12-05|2025-12-08|2025-12-09|2025-12-10|2025-12-11|2025-12-12|2025-12-15|2025-12-16,2025-12-17 18:20:43,0.0
Insperity,,2025-11-04|2025-11-05|2025-11-06|2025-11-07|2025-11-10|2025-11-11|2025-11-12|2025-11-13|2025-11-14|2025-11-17|2025-11-18|2025-11-19|2025-11-20|2025-11-21|2025-11-24|2025-11-25|2025-11-26|2025-11-28|2025-12-01|2025-12-02|2025-12-03|2025-12-04|2025-12-05|2025-12-08|2025-12-09|2025-12-10|2025-12-11|2025-12-12|2025-12-15|2025-12-16,2025-12-17 18:20:43,0.0
T Rowe Price,,2025-11-04|2025-11-05|2025-11-06|2025-11-07|2025-11-10|2025-11-11|2025-11-12|2025-11-13|2025-11-14|2025-11-17|2025-11-18|2025-11-19|2025-11-20|2025-11-21|2025-11-24|2025-11-25|2025-11-26|2025-11-28|2025-12-01|2025-12-02|2025-12-03|2025-12-04|2025-12-05|2025-12-08|2025-12-09|2025-12-10|2025-12-11|2025-12-12|2025-12-15|2025-12-16,2025-12-17 18:20:43,0.0
Ralph Lauren,,2025-11-04|2025-11-05|2025-11-06|2025-11-07|2025-11-10|2025-11-11|2025-11-12|2025-11-13|2025-11-14|2025-11-17|2025-11-18|2025-11-19|2025-11-20|2025-11-21|2025-11-24|2025-11-25|2025-11-26|2025-11-28|2025-12-01|2025-12-02|2025-12-03|2025-12-04|2025-12-05|2025-12-08|2025-12-09|2025-12-10|2025-12-11|2025-12-12|2025-12-15|2025-12-16,2025-12-17 18:20:43,0.0
KB Home,,2025-11-04|2025-11-05|2025-11-06|2025-11-07|2025-11-10|2025-11-11|2025-11-12|2025-11-13|2025-11-14|2025-11-17|2025-11-18|2025-11-19|2025-11-20|2025-11-21|2025-11-24|2025-11-25|2025-11-26|2025-11-28|2025-12-01|2025-12-02|2025-12-03|2025-12-04|2025-12-05|2025-12-08|2025-12-09|2025-12-10|2025-12-11|2025-12-12|2025-12-15|2025-12-16,2025-12-17 18:20:43,0.0
Brunswick Corporation,,2025-11-04|2025-11-05|2025-11-06|2025-11-07|2025-11-10|2025-11-11|2025-11-12|2025-11-13|2025-11-14|2025-11-17|2025-11-18|2025-11-19|2025-11-20|2025-11-21|2025-11-24|2025-11-25|2025-11-26|2025-11-28|2025-12-01|2025-12-02|2025-12-03|2025-12-04|2025-12-05|2025-12-08|2025-12-09|2025-12-10|2025-12-11|2025-12-12|2025-12-15|2025-12-16,2025-12-17 18:20:43,0.0
Robert Half,,2025-11-04|2025-11-05|2025-11-06|2025-11-07|2025-11-10|2025-11-11|2025-11-12|2025-11-13|2025-11-14|2025-11-17|2025-11-18|2025-11-19|2025-11-20|2025-11-21|2025-11-24|2025-11-25|2025-11-26|2025-11-28|2025-12-01|2025-12-02|2025-12-03|2025-12-04|2025-12-05|2025-12-08|2025-12-09|2025-12-10|2025-12-11|2025-12-12|2025-12-15|2025-12-16,2025-12-17 18:20:43,0.0
PENN Entertainment,,2025-11-04|2025-11-05|2025-11-06|2025-11-07|2025-11-10|2025-11-11|2025-11-12|2025-11-13|2025-11-14|2025-11-17|2025-11-18|2025-11-19|2025-11-20|2025-11-21|2025-11-24|2025-11-25|2025-11-26|2025-11-28|2025-12-01|2025-12-02|2025-12-03|2025-12-04|2025-12-05|2025-12-08|2025-12-09|2025-12-10|2025-12-11|2025-12-12|2025-12-15|2025-12-16,2025-12-17 18:20:43,0.0
NetApp,,2025-11-04|2025-11-05|2025-11-06|2025-11-07|2025-11-10|2025-11-11|2025-11-12|2025-11-13|2025-11-14|2025-11-17|2025-11-18|2025-11-19|2025-11-20|2025-11-21|2025-11-24|2025-11-25|2025-11-26|2025-11-28|2025-12-01|2025-12-02|2025-12-03|2025-12-04|2025-12-05|2025-12-08|2025-12-09|2025-12-10|2025-12-11|2025-12-12|2025-12-15|2025-12-16,2025-12-17 18:20:43,0.0
Organon,,2025-11-04|2025-11-05|2025-11-06|2025-11-07|2025-11-10|2025-11-11|2025-11-12|2025-11-13|2025-11-14|2025-11-17|2025-11-18|2025-11-19|2025-11-20|2025-11-21|2025-11-24|2025-11-25|2025-11-26|2025-11-28|2025-12-01|2025-12-02|2025-12-03|2025-12-04|2025-12-05|2025-12-08|2025-12-09|2025-12-10|2025-12-11|2025-12-12|2025-12-15|2025-12-16,2025-12-17 18:20:43,0.0
Petco Health and Wellness,,2025-11-04|2025-11-05|2025-11-06|2025-11-07|2025-11-10|2025-11-11|2025-11-12|2025-11-13|2025-11-14|2025-11-17|2025-11-18|2025-11-19|2025-11-20|2025-11-21|2025-11-24|2025-11-25|2025-11-26|2025-11-28|2025-12-01|2025-12-02|2025-12-03|2025-12-04|2025-12-05|2025-12-08|2025-12-09|2025-12-10|2025-12-11|2025-12-12|2025-12-15|2025-12-16,2025-12-17 18:20:43,0.0
Regal Rexnord,,2025-11-04|2025-11-05|2025-11-06|2025-11-07|2025-11-10|2025-11-11|2025-11-12|2025-11-13|2025-11-14|2025-11-17|2025-11-18|2025-11-19|2025-11-20|2025-11-21|2025-11-24|2025-11-25|2025-11-26|2025-11-28|2025-12-01|2025-12-02|2025-12-03|2025-12-04|2025-12-05|2025-12-08|2025-12-09|2025-12-10|2025-12-11|2025-12-12|2025-12-15|2025-12-16,2025-12-17 18:20:43,0.0
Resideo Technologies,,2025-11-04|2025-11-05|2025-11-06|2025-11-07|2025-11-10|2025-11-11|2025-11-12|2025-11-13|2025-11-14|2025-11-17|2025-11-18|2025-11-19|2025-11-20|2025-11-21|2025-11-24|2025-11-25|2025-11-26|2025-11-28|2025-12-01|2025-12-02|2025-12-03|2025-12-04|2025-12-05|2025-12-08|2025-12-09|2025-12-10|2025-12-11|2025-12-12|2025-12-15|2025-12-16,2025-12-17 18:20:43,0.0
Camping World,,2025-11-04|2025-11-05|2025-11-06|2025-11-07|2025-11-10|2025-11-11|2025-11-12|2025-11-13|2025-11-14|2025-11-17|2025-11-18|2025-11-19|2025-11-20|2025-11-21|2025-11-24|2025-11-25|2025-11-26|2025-11-28|2025-12-01|2025-12-02|2025-12-03|2025-12-04|2025-12-05|2025-12-08|2025-12-09|2025-12-10|2025-12-11|2025-12-12|2025-12-15|2025-12-16,2025-12-17 18:20:43,0.0
Huntsman Corporation,,2025-11-04|2025-11-05|2025-11-06|2025-11-07|2025-11-10|2025-11-11|2025-11-12|2025-11-13|2025-11-14|2025-11-17|2025-11-18|2025-11-19|2025-11-20|2025-11-21|2025-11-24|2025-11-25|2025-11-26|2025-11-28|2025-12-01|2025-12-02|2025-12-03|2025-12-04|2025-12-05|2025-12-08|2025-12-09|2025-12-10|2025-12-11|2025-12-12|2025-12-15|2025-12-16,2025-12-17 18:20:43,0.0
Victorias Secret,,2025-11-04|2025-11-05|2025-11-06|2025-11-07|2025-11-10|2025-11-11|2025-11-12|2025-11-13|2025-11-14|2025-11-17|2025-11-18|2025-11-19|2025-11-20|2025-11-21|2025-11-24|2025-11-25|2025-11-26|2025-11-28|2025-12-01|2025-12-02|2025-12-03|2025-12-04|2025-12-05|2025-12-08|2025-12-09|2025-12-10|2025-12-11|2025-12-12|2025-12-15|2025-12-16,2025-12-17 18:20:43,0.0
Levi Strauss,,2025-11-04|2025-11-05|2025-11-06|2025-11-07|2025-11-10|2025-11-11|2025-11-12|2025-11-13|2025-11-14|2025-11-17|2025-11-18|2025-11-19|2025-11-20|2025-11-21|2025-11-24|2025-11-25|2025-11-26|2025-11-28|2025-12-01|2025-12-02|2025-12-03|2025-12-04|2025-12-05|2025-12-08|2025-12-09|2025-12-10|2025-12-11|2025-12-12|2025-12-15|2025-12-16,2025-12-17 18:20:43,0.0
Roper Technologies,,2025-11-04|2025-11-05|2025-11-06|2025-11-07|2025-11-10|2025-11-11|2025-11-12|2025-11-13|2025-11-14|2025-11-17|2025-11-18|2025-11-19|2025-11-20|2025-11-21|2025-11-24|2025-11-25|2025-11-26|2025-11-28|2025-12-01|2025-12-02|2025-12-03|2025-12-04|2025-12-05|2025-12-08|2025-12-09|2025-12-10|2025-12-11|2025-12-12|2025-12-15|2025-12-16,2025-12-17 18:20:43,0.0
Academy Sports and Outdoors,,2025-11-04|2025-11-05|2025-11-06|2025-11-07|2025-11-10|2025-11-11|2025-11-12|2025-11-13|2025-11-14|2025-11-17|2025-11-18|2025-11-19|2025-11-20|2025-11-21|2025-11-24|2025-11-25|2025-11-26|2025-11-28|2025-12-01|2025-12-02|2025-12-03|2025-12-04|2025-12-05|2025-12-08|2025-12-09|2025-12-10|2025-12-11|2025-12-12|2025-12-15|2025-12-16,2025-12-17 18:20:43,0.0
Meritage Homes,,2025-11-04|2025-11-05|2025-11-06|2025-11-07|2025-11-10|2025-11-11|2025-11-12|2025-11-13|2025-11-14|2025-11-17|2025-11-18|2025-11-19|2025-11-20|2025-11-21|2025-11-24|2025-11-25|2025-11-26|2025-11-28|2025-12-01|2025-12-02|2025-12-03|2025-12-04|2025-12-05|2025-12-08|2025-12-09|2025-12-10|2025-12-11|2025-12-12|2025-12-15|2025-12-16,2025-12-17 18:20:43,0.0
American Axle & Manufacturing,,2025-11-04|2025-11-05|2025-11-06|2025-11-07|2025-11-10|2025-11-11|2025-11-12|2025-11-13|2025-11-14|2025-11-17|2025-11-18|2025-11-19|2025-11-20|2025-11-21|2025-11-24|2025-11-25|2025-11-26|2025-11-28|2025-12-01|2025-12-02|2025-12-03|2025-12-04|2025-12-05|2025-12-08|2025-12-09|2025-12-10|2025-12-11|2025-12-12|2025-12-15|2025-12-16,2025-12-17 18:20:43,0.0
Fortive,,2025-11-04|2025-11-05|2025-11-06|2025-11-07|2025-11-10|2025-11-11|2025-11-12|2025-11-13|2025-11-14|2025-11-17|2025-11-18|2025-11-19|2025-11-20|2025-11-21|2025-11-24|2025-11-25|2025-11-26|2025-11-28|2025-12-01|2025-12-02|2025-12-03|2025-12-04|2025-12-05|2025-12-08|2025-12-09|2025-12-10|2025-12-11|2025-12-12|2025-12-15|2025-12-16,2025-12-17 18:20:43,0.0
Nasdaq Inc,,2025-11-04|2025-11-05|2025-11-06|2025-11-07|2025-11-10|2025-11-11|2025-11-12|2025-11-13|2025-11-14|2025-11-17|2025-11-18|2025-11-19|2025-11-20|2025-11-21|2025-11-24|2025-11-25|2025-11-26|2025-11-28|2025-12-01|2025-12-02|2025-12-03|2025-12-04|2025-12-05|2025-12-08|2025-12-09|2025-12-10|2025-12-11|2025-12-12|2025-12-15|2025-12-16,2025-12-17 18:20:43,0.0
Broadridge Financial Solutions,,2025-11-04|2025-11-05|2025-11-06|2025-11-07|2025-11-10|2025-11-11|2025-11-12|2025-11-13|2025-11-14|2025-11-17|2025-11-18|2025-11-19|2025-11-20|2025-11-21|2025-11-24|2025-11-25|2025-11-26|2025-11-28|2025-12-01|2025-12-02|2025-12-03|2025-12-04|2025-12-05|2025-12-08|2025-12-09|2025-12-10|2025-12-11|2025-12-12|2025-12-15|2025-12-16,2025-12-17 18:20:43,0.0
Spirit AeroSystems,,2025-10-24|2025-10-27|2025-10-28|2025-10-29|2025-10-30|2025-10-31|2025-11-03|2025-11-04|2025-11-05|2025-11-06|2025-11-07|2025-11-10|2025-11-11|2025-11-12|2025-11-13|2025-11-14|2025-11-17|2025-11-18|2025-11-19|2025-11-20|2025-11-21|2025-11-24|2025-11-25|2025-11-26|2025-11-28|2025-12-01|2025-12-02|2025-12-03|2025-12-04|2025-12-05,2025-12-17 18:20:43,0.0
Warner Music Group,,2025-11-04|2025-11-05|2025-11-06|2025-11-07|2025-11-10|2025-11-11|2025-11-12|2025-11-13|2025-11-14|2025-11-17|2025-11-18|2025-11-19|2025-11-20|2025-11-21|2025-11-24|2025-11-25|2025-11-26|2025-11-28|2025-12-01|2025-12-02|2025-12-03|2025-12-04|2025-12-05|2025-12-08|2025-12-09|2025-12-10|2025-12-11|2025-12-12|2025-12-15|2025-12-16,2025-12-17 18:20:43,0.0
Chemours,,2025-11-04|2025-11-05|2025-11-06|2025-11-07|2025-11-10|2025-11-11|2025-11-12|2025-11-13|2025-11-14|2025-11-17|2025-11-18|2025-11-19|2025-11-20|2025-11-21|2025-11-24|2025-11-25|2025-11-26|2025-11-28|2025-12-01|2025-12-02|2025-12-03|2025-12-04|2025-12-05|2025-12-08|2025-12-09|2025-12-10|2025-12-11|2025-12-12|2025-12-15|2025-12-16,2025-12-17 18:20:43,0.0
ADT,,2025-11-04|2025-11-05|2025-11-06|2025-11-07|2025-11-10|2025-11-11|2025-11-12|2025-11-13|2025-11-14|2025-11-17|2025-11-18|2025-11-19|2025-11-20|2025-11-21|2025-11-24|2025-11-25|2025-11-26|2025-11-28|2025-12-01|2025-12-02|2025-12-03|2025-12-04|2025-12-05|2025-12-08|2025-12-09|2025-12-10|2025-12-11|2025-12-12|2025-12-15|2025-12-16,2025-12-17 18:20:43,0.0
Edwards Lifesciences,,2025-11-04|2025-11-05|2025-11-06|2025-11-07|2025-11-10|2025-11-11|2025-11-12|2025-11-13|2025-11-14|2025-11-17|2025-11-18|2025-11-19|2025-11-20|2025-11-21|2025-11-24|2025-11-25|2025-11-26|2025-11-28|2025-12-01|2025-12-02|2025-12-03|2025-12-04|2025-12-05|2025-12-08|2025-12-09|2025-12-10|2025-12-11|2025-12-12|2025-12-15|2025-12-16,2025-12-17 18:20:43,0.0
First American Financial,,2025-11-03|2025-11-04|2025-11-05|2025-11-06|2025-11-07|2025-11-10|2025-11-11|2025-11-12|2025-11-13|2025-11-14|2025-11-17|2025-11-18|2025-11-19|2025-11-20|2025-11-21|2025-11-24|2025-11-25|2025-11-26|2025-11-28|2025-12-01|2025-12-02|2025-12-03|2025-12-04|2025-12-05|2025-12-08|2025-12-09|2025-12-10|2025-12-11|2025-12-15|2025-12-16,2025-12-17 18:20:43,0.0
Hanover Insurance Group,,2025-11-04|2025-11-05|2025-11-06|2025-11-07|2025-11-10|2025-11-11|2025-11-12|2025-11-13|2025-11-14|2025-11-17|2025-11-18|2025-11-19|2025-11-20|2025-11-21|2025-11-24|2025-11-25|2025-11-26|2025-11-28|2025-12-01|2025-12-02|2025-12-03|2025-12-04|2025-12-05|2025-12-08|2025-12-09|2025-12-10|2025-12-11|2025-12-12|2025-12-15|2025-12-16,2025-12-17 18:20:43,0.0
Silgan,,2025-11-04|2025-11-05|2025-11-06|2025-11-07|2025-11-10|2025-11-11|2025-11-12|2025-11-13|2025-11-14|2025-11-17|2025-11-18|2025-11-19|2025-11-20|2025-11-21|2025-11-24|2025-11-25|2025-11-26|2025-11-28|2025-12-01|2025-12-02|2025-12-03|2025-12-04|2025-12-05|2025-12-08|2025-12-09|2025-12-10|2025-12-11|2025-12-12|2025-12-15|2025-12-16,2025-12-17 18:20:43,0.0
Moodys Corporation,,2025-11-04|2025-11-05|2025-11-06|2025-11-07|2025-11-10|2025-11-11|2025-11-12|2025-11-13|2025-11-14|2025-11-17|2025-11-18|2025-11-19|2025-11-20|2025-11-21|2025-11-24|2025-11-25|2025-11-26|2025-11-28|2025-12-01|2025-12-02|2025-12-03|2025-12-04|2025-12-05|2025-12-08|2025-12-09|2025-12-10|2025-12-11|2025-12-12|2025-12-15|2025-12-16,2025-12-17 18:20:43,0.0
Coterra Energy,,2025-11-04|2025-11-05|2025-11-06|2025-11-07|2025-11-10|2025-11-11|2025-11-12|2025-11-13|2025-11-14|2025-11-17|2025-11-18|2025-11-19|2025-11-20|2025-11-21|2025-11-24|2025-11-25|2025-11-26|2025-11-28|2025-12-01|2025-12-02|2025-12-03|2025-12-04|2025-12-05|2025-12-08|2025-12-09|2025-12-10|2025-12-11|2025-12-12|2025-12-15|2025-12-16,2025-12-17 18:20:43,0.0
Gartner,,2025-11-04|2025-11-05|2025-11-06|2025-11-07|2025-11-10|2025-11-11|2025-11-12|2025-11-13|2025-11-14|2025-11-17|2025-11-18|2025-11-19|2025-11-20|2025-11-21|2025-11-24|2025-11-25|2025-11-26|2025-11-28|2025-12-01|2025-12-02|2025-12-03|2025-12-04|2025-12-05|2025-12-08|2025-12-09|2025-12-10|2025-12-11|2025-12-12|2025-12-15|2025-12-16,2025-12-17 18:20:43,0.0
Under Armour,,2025-11-04|2025-11-05|2025-11-06|2025-11-07|2025-11-10|2025-11-11|2025-11-12|2025-11-13|2025-11-14|2025-11-17|2025-11-18|2025-11-19|2025-11-20|2025-11-21|2025-11-24|2025-11-25|2025-11-26|2025-11-28|2025-12-01|2025-12-02|2025-12-03|2025-12-04|2025-12-05|2025-12-08|2025-12-09|2025-12-10|2025-12-11|2025-12-12|2025-12-15|2025-12-16,2025-12-17 18:20:43,0.0
Ingles Markets,,2025-11-04|2025-11-05|2025-11-06|2025-11-07|2025-11-10|2025-11-11|2025-11-12|2025-11-13|2025-11-14|2025-11-17|2025-11-18|2025-11-19|2025-11-20|2025-11-21|2025-11-24|2025-11-25|2025-11-26|2025-11-28|2025-12-01|2025-12-02|2025-12-03|2025-12-04|2025-12-05|2025-12-08|2025-12-09|2025-12-10|2025-12-11|2025-12-12|2025-12-15|2025-12-16,2025-12-17 18:20:43,0.0
Church & Dwight,,2025-11-04|2025-11-05|2025-11-06|2025-11-07|2025-11-10|2025-11-11|2025-11-12|2025-11-13|2025-11-14|2025-11-17|2025-11-18|2025-11-19|2025-11-20|2025-11-21|2025-11-24|2025-11-25|2025-11-26|2025-11-28|2025-12-01|2025-12-02|2025-12-03|2025-12-04|2025-12-05|2025-12-08|2025-12-09|2025-12-10|2025-12-11|2025-12-12|2025-12-15|2025-12-16,2025-12-17 18:20:43,0.0
Old Dominion Freight Line,,2025-11-04|2025-11-05|2025-11-06|2025-11-07|2025-11-10|2025-11-11|2025-11-12|2025-11-13|2025-11-14|2025-11-17|2025-11-18|2025-11-19|2025-11-20|2025-11-21|2025-11-24|2025-11-25|2025-11-26|2025-11-28|2025-12-01|2025-12-02|2025-12-03|2025-12-04|2025-12-05|2025-12-08|2025-12-09|2025-12-10|2025-12-11|2025-12-12|2025-12-15|2025-12-16,2025-12-17 18:20:43,0.0
U-Haul,,2025-11-04|2025-11-05|2025-11-06|2025-11-07|2025-11-10|2025-11-11|2025-11-12|2025-11-13|2025-11-14|2025-11-17|2025-11-18|2025-11-19|2025-11-20|2025-11-21|2025-11-24|2025-11-25|2025-11-26|2025-11-28|2025-12-01|2025-12-02|2025-12-03|2025-12-04|2025-12-05|2025-12-08|2025-12-09|2025-12-10|2025-12-11|2025-12-12|2025-12-15|2025-12-16,2025-12-17 18:20:43,0.0
Arista Networks,,2025-11-04|2025-11-05|2025-11-06|2025-11-07|2025-11-10|2025-11-11|2025-11-12|2025-11-13|2025-11-14|2025-11-17|2025-11-18|2025-11-19|2025-11-20|2025-11-21|2025-11-24|2025-11-25|2025-11-26|2025-11-28|2025-12-01|2025-12-02|2025-12-03|2025-12-04|2025-12-05|2025-12-08|2025-12-09|2025-12-10|2025-12-11|2025-12-12|2025-12-15|2025-12-16,2025-12-17 18:20:43,0.0
Synopsys,,2025-11-04|2025-11-05|2025-11-06|2025-11-07|2025-11-10|2025-11-11|2025-11-12|2025-11-13|2025-11-14|2025-11-17|2025-11-18|2025-11-19|2025-11-20|2025-11-21|2025-11-24|2025-11-25|2025-11-26|2025-11-28|2025-12-01|2025-12-02|2025-12-03|2025-12-04|2025-12-05|2025-12-08|2025-12-09|2025-12-10|2025-12-11|2025-12-12|2025-12-15|2025-12-16,2025-12-17 18:20:43,0.0
Harley-Davidson,,2025-11-04|2025-11-05|2025-11-06|2025-11-07|2025-11-10|2025-11-11|2025-11-12|2025-11-13|2025-11-14|2025-11-17|2025-11-18|2025-11-19|2025-11-20|2025-11-21|2025-11-24|2025-11-25|2025-11-26|2025-11-28|2025-12-01|2025-12-02|2025-12-03|2025-12-04|2025-12-05|2025-12-08|2025-12-09|2025-12-10|2025-12-11|2025-12-12|2025-12-15|2025-12-16,2025-12-17 18:20:43,0.0
Frontier Communications,,2025-11-04|2025-11-05|2025-11-06|2025-11-07|2025-11-10|2025-11-11|2025-11-12|2025-11-13|2025-11-14|2025-11-17|2025-11-18|2025-11-19|2025-11-20|2025-11-21|2025-11-24|2025-11-25|2025-11-26|2025-11-28|2025-12-01|2025-12-02|2025-12-03|2025-12-04|2025-12-05|2025-12-08|2025-12-09|2025-12-10|2025-12-11|2025-12-12|2025-12-15|2025-12-16,2025-12-17 18:20:43,0.0
Primoris Services,,2025-11-03|2025-11-04|2025-11-05|2025-11-06|2025-11-07|2025-11-10|2025-11-11|2025-11-12|2025-11-13|2025-11-14|2025-11-17|2025-11-18|2025-11-19|2025-11-20|2025-11-21|2025-11-24|2025-11-25|2025-11-26|2025-11-28|2025-12-01|2025-12-02|2025-12-03|2025-12-04|2025-12-05|2025-12-08|2025-12-09|2025-12-10|2025-12-11|2025-12-15|2025-12-16,2025-12-17 18:20:43,0.0
Carlisle Companies,,2025-11-04|2025-11-05|2025-11-06|2025-11-07|2025-11-10|2025-11-11|2025-11-12|2025-11-13|2025-11-14|2025-11-17|2025-11-18|2025-11-19|2025-11-20|2025-11-21|2025-11-24|2025-11-25|2025-11-26|2025-11-28|2025-12-01|2025-12-02|2025-12-03|2025-12-04|2025-12-05|2025-12-08|2025-12-09|2025-12-10|2025-12-11|2025-12-12|2025-12-15|2025-12-16,2025-12-17 18:20:43,0.0
Simon Property Group,,2025-11-04|2025-11-05|2025-11-06|2025-11-07|2025-11-10|2025-11-11|2025-11-12|2025-11-13|2025-11-14|2025-11-17|2025-11-18|2025-11-19|2025-11-20|2025-11-21|2025-11-24|2025-11-25|2025-11-26|2025-11-28|2025-12-01|2025-12-02|2025-12-03|2025-12-04|2025-12-05|2025-12-08|2025-12-09|2025-12-10|2025-12-11|2025-12-12|2025-12-15|2025-12-16,2025-12-17 18:20:43,0.0
Hanesbrands,,2025-10-17|2025-10-20|2025-10-21|2025-10-22|2025-10-23|2025-10-24|2025-10-27|2025-10-28|2025-10-29|2025-10-30|2025-10-31|2025-11-03|2025-11-04|2025-11-05|2025-11-06|2025-11-07|2025-11-10|2025-11-11|2025-11-12|2025-11-13|2025-11-14|2025-11-17|2025-11-18|2025-11-19|2025-11-20|2025-11-21|2025-11-24|2025-11-25|2025-11-26|2025-11-28,2025-12-17 18:20:43,0.0
Anywhere Real Estate Inc,,2025-11-04|2025-11-05|2025-11-06|2025-11-07|2025-11-10|2025-11-11|2025-11-12|2025-11-13|2025-11-14|2025-11-17|2025-11-18|2025-11-19|2025-11-20|2025-11-21|2025-11-24|2025-11-25|2025-11-26|2025-11-28|2025-12-01|2025-12-02|2025-12-03|2025-12-04|2025-12-05|2025-12-08|2025-12-09|2025-12-10|2025-12-11|2025-12-12|2025-12-15|2025-12-16,2025-12-17 18:20:43,0.0
Teledyne Technologies,,2025-11-04|2025-11-05|2025-11-06|2025-11-07|2025-11-10|2025-11-11|2025-11-12|2025-11-13|2025-11-14|2025-11-17|2025-11-18|2025-11-19|2025-11-20|2025-11-21|2025-11-24|2025-11-25|2025-11-26|2025-11-28|2025-12-01|2025-12-02|2025-12-03|2025-12-04|2025-12-05|2025-12-08|2025-12-09|2025-12-10|2025-12-11|2025-12-12|2025-12-15|2025-12-16,2025-12-17 18:20:43,0.0
CME Group,,2025-11-04|2025-11-05|2025-11-06|2025-11-07|2025-11-10|2025-11-11|2025-11-12|2025-11-13|2025-11-14|2025-11-17|2025-11-18|2025-11-19|2025-11-20|2025-11-21|2025-11-24|2025-11-25|2025-11-26|2025-11-28|2025-12-01|2025-12-02|2025-12-03|2025-12-04|2025-12-05|2025-12-08|2025-12-09|2025-12-10|2025-12-11|2025-12-12|2025-12-15|2025-12-16,2025-12-17 18:20:43,0.0
Coty,,2025-11-04|2025-11-05|2025-11-06|2025-11-07|2025-11-10|2025-11-11|2025-11-12|2025-11-13|2025-11-14|2025-11-17|2025-11-18|2025-11-19|2025-11-20|2025-11-21|2025-11-24|2025-11-25|2025-11-26|2025-11-28|2025-12-01|2025-12-02|2025-12-03|2025-12-04|2025-12-05|2025-12-08|2025-12-09|2025-12-10|2025-12-11|2025-12-12|2025-12-15|2025-12-16,2025-12-17 18:20:43,0.0
Pool Corporation,,2025-11-04|2025-11-05|2025-11-06|2025-11-07|2025-11-10|2025-11-11|2025-11-12|2025-11-13|2025-11-14|2025-11-17|2025-11-18|2025-11-19|2025-11-20|2025-11-21|2025-11-24|2025-11-25|2025-11-26|2025-11-28|2025-12-01|2025-12-02|2025-12-03|2025-12-04|2025-12-05|2025-12-08|2025-12-09|2025-12-10|2025-12-11|2025-12-12|2025-12-15|2025-12-16,2025-12-17 18:20:43,0.0
Evergy,,2025-11-04|2025-11-05|2025-11-06|2025-11-07|2025-11-10|2025-11-11|2025-11-12|2025-11-13|2025-11-14|2025-11-17|2025-11-18|2025-11-19|2025-11-20|2025-11-21|2025-11-24|2025-11-25|2025-11-26|2025-11-28|2025-12-01|2025-12-02|2025-12-03|2025-12-04|2025-12-05|2025-12-08|2025-12-09|2025-12-10|2025-12-11|2025-12-12|2025-12-15|2025-12-16,2025-12-17 18:20:43,0.0
Marvell Technology,,2025-11-04|2025-11-05|2025-11-06|2025-11-07|2025-11-10|2025-11-11|2025-11-12|2025-11-13|2025-11-14|2025-11-17|2025-11-18|2025-11-19|2025-11-20|2025-11-21|2025-11-24|2025-11-25|2025-11-26|2025-11-28|2025-12-01|2025-12-02|2025-12-03|2025-12-04|2025-12-05|2025-12-08|2025-12-09|2025-12-10|2025-12-11|2025-12-12|2025-12-15|2025-12-16,2025-12-17 18:20:43,0.0
NiSource,,2025-11-04|2025-11-05|2025-11-06|2025-11-07|2025-11-10|2025-11-11|2025-11-12|2025-11-13|2025-11-14|2025-11-17|2025-11-18|2025-11-19|2025-11-20|2025-11-21|2025-11-24|2025-11-25|2025-11-26|2025-11-28|2025-12-01|2025-12-02|2025-12-03|2025-12-04|2025-12-05|2025-12-08|2025-12-09|2025-12-10|2025-12-11|2025-12-12|2025-12-15|2025-12-16,2025-12-17 18:20:43,0.0
SS&C Technologies,,2025-11-03|2025-11-04|2025-11-05|2025-11-06|2025-11-07|2025-11-10|2025-11-11|2025-11-12|2025-11-13|2025-11-14|2025-11-17|2025-11-18|2025-11-19|2025-11-20|2025-11-21|2025-11-24|2025-11-25|2025-11-26|2025-11-28|2025-12-01|2025-12-02|2025-12-03|2025-12-04|2025-12-05|2025-12-08|2025-12-09|2025-12-10|2025-12-11|2025-12-15|2025-12-16,2025-12-17 18:20:43,0.0
Schneider National,,2025-11-04|2025-11-05|2025-11-06|2025-11-07|2025-11-10|2025-11-11|2025-11-12|2025-11-13|2025-11-14|2025-11-17|2025-11-18|2025-11-19|2025-11-20|2025-11-21|2025-11-24|2025-11-25|2025-11-26|2025-11-28|2025-12-01|2025-12-02|2025-12-03|2025-12-04|2025-12-05|2025-12-08|2025-12-09|2025-12-10|2025-12-11|2025-12-12|2025-12-15|2025-12-16,2025-12-17 18:20:43,0.0
Autodesk,,2025-11-04|2025-11-05|2025-11-06|2025-11-07|2025-11-10|2025-11-11|2025-11-12|2025-11-13|2025-11-14|2025-11-17|2025-11-18|2025-11-19|2025-11-20|2025-11-21|2025-11-24|2025-11-25|2025-11-26|2025-11-28|2025-12-01|2025-12-02|2025-12-03|2025-12-04|2025-12-05|2025-12-08|2025-12-09|2025-12-10|2025-12-11|2025-12-12|2025-12-15|2025-12-16,2025-12-17 18:20:43,0.0
Sealed Air Corporation,,2025-11-04|2025-11-05|2025-11-06|2025-11-07|2025-11-10|2025-11-11|2025-11-12|2025-11-13|2025-11-14|2025-11-17|2025-11-18|2025-11-19|2025-11-20|2025-11-21|2025-11-24|2025-11-25|2025-11-26|2025-11-28|2025-12-01|2025-12-02|2025-12-03|2025-12-04|2025-12-05|2025-12-08|2025-12-09|2025-12-10|2025-12-11|2025-12-12|2025-12-15|2025-12-16,2025-12-17 18:20:43,0.0
Iron Mountain,,2025-11-04|2025-11-05|2025-11-06|2025-11-07|2025-11-10|2025-11-11|2025-11-12|2025-11-13|2025-11-14|2025-11-17|2025-11-18|2025-11-19|2025-11-20|2025-11-21|2025-11-24|2025-11-25|2025-11-26|2025-11-28|2025-12-01|2025-12-02|2025-12-03|2025-12-04|2025-12-05|2025-12-08|2025-12-09|2025-12-10|2025-12-11|2025-12-12|2025-12-15|2025-12-16,2025-12-17 18:20:43,0.0
Digital Realty Trust,,2025-11-04|2025-11-05|2025-11-06|2025-11-07|2025-11-10|2025-11-11|2025-11-12|2025-11-13|2025-11-14|2025-11-17|2025-11-18|2025-11-19|2025-11-20|2025-11-21|2025-11-24|2025-11-25|2025-11-26|2025-11-28|2025-12-01|2025-12-02|2025-12-03|2025-12-04|2025-12-05|2025-12-08|2025-12-09|2025-12-10|2025-12-11|2025-12-12|2025-12-15|2025-12-16,2025-12-17 18:20:43,0.0
Keysight Technologies,,2025-11-04|2025-11-05|2025-11-06|2025-11-07|2025-11-10|2025-11-11|2025-11-12|2025-11-13|2025-11-14|2025-11-17|2025-11-18|2025-11-19|2025-11-20|2025-11-21|2025-11-24|2025-11-25|2025-11-26|2025-11-28|2025-12-01|2025-12-02|2025-12-03|2025-12-04|2025-12-05|2025-12-08|2025-12-09|2025-12-10|2025-12-11|2025-12-12|2025-12-15|2025-12-16,2025-12-17 18:20:43,0.0
Globe Life,,2025-11-04|2025-11-05|2025-11-06|2025-11-07|2025-11-10|2025-11-11|2025-11-12|2025-11-13|2025-11-14|2025-11-17|2025-11-18|2025-11-19|2025-11-20|2025-11-21|2025-11-24|2025-11-25|2025-11-26|2025-11-28|2025-12-01|2025-12-02|2025-12-03|2025-12-04|2025-12-05|2025-12-08|2025-12-09|2025-12-10|2025-12-11|2025-12-12|2025-12-15|2025-12-16,2025-12-17 18:20:43,0.0
Parsons Corporation,,2025-11-04|2025-11-05|2025-11-06|2025-11-07|2025-11-10|2025-11-11|2025-11-12|2025-11-13|2025-11-14|2025-11-17|2025-11-18|2025-11-19|2025-11-20|2025-11-21|2025-11-24|2025-11-25|2025-11-26|2025-11-28|2025-12-01|2025-12-02|2025-12-03|2025-12-04|2025-12-05|2025-12-08|2025-12-09|2025-12-10|2025-12-11|2025-12-12|2025-12-15|2025-12-16,2025-12-17 18:20:43,0.0
Mattel,,2025-11-04|2025-11-05|2025-11-06|2025-11-07|2025-11-10|2025-11-11|2025-11-12|2025-11-13|2025-11-14|2025-11-17|2025-11-18|2025-11-19|2025-11-20|2025-11-21|2025-11-24|2025-11-25|2025-11-26|2025-11-28|2025-12-01|2025-12-02|2025-12-03|2025-12-04|2025-12-05|2025-12-08|2025-12-09|2025-12-10|2025-12-11|2025-12-12|2025-12-15|2025-12-16,2025-12-17 18:20:43,0.0
Southwest Gas Holdings,,2025-11-04|2025-11-05|2025-11-06|2025-11-07|2025-11-10|2025-11-11|2025-11-12|2025-11-13|2025-11-14|2025-11-17|2025-11-18|2025-11-19|2025-11-20|2025-11-21|2025-11-24|2025-11-25|2025-11-26|2025-11-28|2025-12-01|2025-12-02|2025-12-03|2025-12-04|2025-12-05|2025-12-08|2025-12-09|2025-12-10|2025-12-11|2025-12-12|2025-12-15|2025-12-16,2025-12-17 18:20:43,0.0
Clean Harbors,,2025-11-04|2025-11-05|2025-11-06|2025-11-07|2025-11-10|2025-11-11|2025-11-12|2025-11-13|2025-11-14|2025-11-17|2025-11-18|2025-11-19|2025-11-20|2025-11-21|2025-11-24|2025-11-25|2025-11-26|2025-11-28|2025-12-01|2025-12-02|2025-12-03|2025-12-04|2025-12-05|2025-12-08|2025-12-09|2025-12-10|2025-12-11|2025-12-12|2025-12-15|2025-12-16,2025-12-17 18:20:43,0.0
Hubbell,,2025-11-04|2025-11-05|2025-11-06|2025-11-07|2025-11-10|2025-11-11|2025-11-12|2025-11-13|2025-11-14|2025-11-17|2025-11-18|2025-11-19|2025-11-20|2025-11-21|2025-11-24|2025-11-25|2025-11-26|2025-11-28|2025-12-01|2025-12-02|2025-12-03|2025-12-04|2025-12-05|2025-12-08|2025-12-09|2025-12-10|2025-12-11|2025-12-12|2025-12-15|2025-12-16,2025-12-17 18:20:43,0.0
Lamb Weston,,2025-11-04|2025-11-05|2025-11-06|2025-11-07|2025-11-10|2025-11-11|2025-11-12|2025-11-13|2025-11-14|2025-11-17|2025-11-18|2025-11-19|2025-11-20|2025-11-21|2025-11-24|2025-11-25|2025-11-26|2025-11-28|2025-12-01|2025-12-02|2025-12-03|2025-12-04|2025-12-05|2025-12-08|2025-12-09|2025-12-10|2025-12-11|2025-12-12|2025-12-15|2025-12-16,2025-12-17 18:20:43,0.0
Take-Two Interactive Software,,2025-11-04|2025-11-05|2025-11-06|2025-11-07|2025-11-10|2025-11-11|2025-11-12|2025-11-13|2025-11-14|2025-11-17|2025-11-18|2025-11-19|2025-11-20|2025-11-21|2025-11-24|2025-11-25|2025-11-26|2025-11-28|2025-12-01|2025-12-02|2025-12-03|2025-12-04|2025-12-05|2025-12-08|2025-12-09|2025-12-10|2025-12-11|2025-12-12|2025-12-15|2025-12-16,2025-12-17 18:20:43,0.0
Landstar System,,2025-11-04|2025-11-05|2025-11-06|2025-11-07|2025-11-10|2025-11-11|2025-11-12|2025-11-13|2025-11-14|2025-11-17|2025-11-18|2025-11-19|2025-11-20|2025-11-21|2025-11-24|2025-11-25|2025-11-26|2025-11-28|2025-12-01|2025-12-02|2025-12-03|2025-12-04|2025-12-05|2025-12-08|2025-12-09|2025-12-10|2025-12-11|2025-12-12|2025-12-15|2025-12-16,2025-12-17 18:20:43,0.0
Host Hotels & Resorts,,2025-11-04|2025-11-05|2025-11-06|2025-11-07|2025-11-10|2025-11-11|2025-11-12|2025-11-13|2025-11-14|2025-11-17|2025-11-18|2025-11-19|2025-11-20|2025-11-21|2025-11-24|2025-11-25|2025-11-26|2025-11-28|2025-12-01|2025-12-02|2025-12-03|2025-12-04|2025-12-05|2025-12-08|2025-12-09|2025-12-10|2025-12-11|2025-12-12|2025-12-15|2025-12-16,2025-12-17 18:20:43,0.0
Fortinet,,2025-11-04|2025-11-05|2025-11-06|2025-11-07|2025-11-10|2025-11-11|2025-11-12|2025-11-13|2025-11-14|2025-11-17|2025-11-18|2025-11-19|2025-11-20|2025-11-21|2025-11-24|2025-11-25|2025-11-26|2025-11-28|2025-12-01|2025-12-02|2025-12-03|2025-12-04|2025-12-05|2025-12-08|2025-12-09|2025-12-10|2025-12-11|2025-12-12|2025-12-15|2025-12-16,2025-12-17 18:20:43,0.0
OneMain,,2025-11-04|2025-11-05|2025-11-06|2025-11-07|2025-11-10|2025-11-11|2025-11-12|2025-11-13|2025-11-14|2025-11-17|2025-11-18|2025-11-19|2025-11-20|2025-11-21|2025-11-24|2025-11-25|2025-11-26|2025-11-28|2025-12-01|2025-12-02|2025-12-03|2025-12-04|2025-12-05|2025-12-08|2025-12-09|2025-12-10|2025-12-11|2025-12-12|2025-12-15|2025-12-16,2025-12-17 18:20:43,0.0
GameStop,,2025-11-04|2025-11-05|2025-11-06|2025-11-07|2025-11-10|2025-11-11|2025-11-12|2025-11-13|2025-11-14|2025-11-17|2025-11-18|2025-11-19|2025-11-20|2025-11-21|2025-11-24|2025-11-25|2025-11-26|2025-11-28|2025-12-01|2025-12-02|2025-12-03|2025-12-04|2025-12-05|2025-12-08|2025-12-09|2025-12-10|2025-12-11|2025-12-12|2025-12-15|2025-12-16,2025-12-17 18:20:43,0.0
Equifax,,2025-11-04|2025-11-05|2025-11-06|2025-11-07|2025-11-10|2025-11-11|2025-11-12|2025-11-13|2025-11-14|2025-11-17|2025-11-18|2025-11-19|2025-11-20|2025-11-21|2025-11-24|2025-11-25|2025-11-26|2025-11-28|2025-12-01|2025-12-02|2025-12-03|2025-12-04|2025-12-05|2025-12-08|2025-12-09|2025-12-10|2025-12-11|2025-12-12|2025-12-15|2025-12-16,2025-12-17 18:20:43,0.0
American Eagle Outfitters,,2025-11-04|2025-11-05|2025-11-06|2025-11-07|2025-11-10|2025-11-11|2025-11-12|2025-11-13|2025-11-14|2025-11-17|2025-11-18|2025-11-19|2025-11-20|2025-11-21|2025-11-24|2025-11-25|2025-11-26|2025-11-28|2025-12-01|2025-12-02|2025-12-03|2025-12-04|2025-12-05|2025-12-08|2025-12-09|2025-12-10|2025-12-11|2025-12-12|2025-12-15|2025-12-16,2025-12-17 18:20:43,0.0
Comerica,,2025-11-04|2025-11-05|2025-11-06|2025-11-07|2025-11-10|2025-11-11|2025-11-12|2025-11-13|2025-11-14|2025-11-17|2025-11-18|2025-11-19|2025-11-20|2025-11-21|2025-11-24|2025-11-25|2025-11-26|2025-11-28|2025-12-01|2025-12-02|2025-12-03|2025-12-04|2025-12-05|2025-12-08|2025-12-09|2025-12-10|2025-12-11|2025-12-12|2025-12-15|2025-12-16,2025-12-17 18:20:43,0.0
Greif,,2025-11-04|2025-11-05|2025-11-06|2025-11-07|2025-11-10|2025-11-11|2025-11-12|2025-11-13|2025-11-14|2025-11-17|2025-11-18|2025-11-19|2025-11-20|2025-11-21|2025-11-24|2025-11-25|2025-11-26|2025-11-28|2025-12-01|2025-12-02|2025-12-03|2025-12-04|2025-12-05|2025-12-08|2025-12-09|2025-12-10|2025-12-11|2025-12-12|2025-12-15|2025-12-16,2025-12-17 18:20:43,0.0
Comfort Systems USA,,2025-11-04|2025-11-05|2025-11-06|2025-11-07|2025-11-10|2025-11-11|2025-11-12|2025-11-13|2025-11-14|2025-11-17|2025-11-18|2025-11-19|2025-11-20|2025-11-21|2025-11-24|2025-11-25|2025-11-26|2025-11-28|2025-12-01|2025-12-02|2025-12-03|2025-12-04|2025-12-05|2025-12-08|2025-12-09|2025-12-10|2025-12-11|2025-12-12|2025-12-15|2025-12-16,2025-12-17 18:20:43,0.0
TopBuild,,2025-11-04|2025-11-05|2025-11-06|2025-11-07|2025-11-10|2025-11-11|2025-11-12|2025-11-13|2025-11-14|2025-11-17|2025-11-18|2025-11-19|2025-11-20|2025-11-21|2025-11-24|2025-11-25|2025-11-26|2025-11-28|2025-12-01|2025-12-02|2025-12-03|2025-12-04|2025-12-05|2025-12-08|2025-12-09|2025-12-10|2025-12-11|2025-12-12|2025-12-15|2025-12-16,2025-12-17 18:20:43,0.0
Bread Financial,,2025-11-04|2025-11-05|2025-11-06|2025-11-07|2025-11-10|2025-11-11|2025-11-12|2025-11-13|2025-11-14|2025-11-17|2025-11-18|2025-11-19|2025-11-20|2025-11-21|2025-11-24|2025-11-25|2025-11-26|2025-11-28|2025-12-01|2025-12-02|2025-12-03|2025-12-04|2025-12-05|2025-12-08|2025-12-09|2025-12-10|2025-12-11|2025-12-12|2025-12-15|2025-12-16,2025-12-17 18:20:43,0.0
Coherent,,2025-11-04|2025-11-05|2025-11-06|2025-11-07|2025-11-10|2025-11-11|2025-11-12|2025-11-13|2025-11-14|2025-11-17|2025-11-18|2025-11-19|2025-11-20|2025-11-21|2025-11-24|2025-11-25|2025-11-26|2025-11-28|2025-12-01|2025-12-02|2025-12-03|2025-12-04|2025-12-05|2025-12-08|2025-12-09|2025-12-10|2025-12-11|2025-12-12|2025-12-15|2025-12-16,2025-12-17 18:20:43,0.0
Telephone & Data Systems,,2025-11-04|2025-11-05|2025-11-06|2025-11-07|2025-11-10|2025-11-11|2025-11-12|2025-11-13|2025-11-14|2025-11-17|2025-11-18|2025-11-19|2025-11-20|2025-11-21|2025-11-24|2025-11-25|2025-11-26|2025-11-28|2025-12-01|2025-12-02|2025-12-03|2025-12-04|2025-12-05|2025-12-08|2025-12-09|2025-12-10|2025-12-11|2025-12-12|2025-12-15|2025-12-16,2025-12-17 18:20:43,0.0
Stifel Financial,,2025-11-04|2025-11-05|2025-11-06|2025-11-07|2025-11-10|2025-11-11|2025-11-12|2025-11-13|2025-11-14|2025-11-17|2025-11-18|2025-11-19|2025-11-20|2025-11-21|2025-11-24|2025-11-25|2025-11-26|2025-11-28|2025-12-01|2025-12-02|2025-12-03|2025-12-04|2025-12-05|2025-12-08|2025-12-09|2025-12-10|2025-12-11|2025-12-12|2025-12-15|2025-12-16,2025-12-17 18:20:43,0.0
Urban Outfitters,,2025-11-04|2025-11-05|2025-11-06|2025-11-07|2025-11-10|2025-11-11|2025-11-12|2025-11-13|2025-11-14|2025-11-17|2025-11-18|2025-11-19|2025-11-20|2025-11-21|2025-11-24|2025-11-25|2025-11-26|2025-11-28|2025-12-01|2025-12-02|2025-12-03|2025-12-04|2025-12-05|2025-12-08|2025-12-09|2025-12-10|2025-12-11|2025-12-12|2025-12-15|2025-12-16,2025-12-17 18:20:43,0.0
Terex,,2025-11-04|2025-11-05|2025-11-06|2025-11-07|2025-11-10|2025-11-11|2025-11-12|2025-11-13|2025-11-14|2025-11-17|2025-11-18|2025-11-19|2025-11-20|2025-11-21|2025-11-24|2025-11-25|2025-11-26|2025-11-28|2025-12-01|2025-12-02|2025-12-03|2025-12-04|2025-12-05|2025-12-08|2025-12-09|2025-12-10|2025-12-11|2025-12-12|2025-12-15|2025-12-16,2025-12-17 18:20:43,0.0
Ryerson Holding,,2025-11-04|2025-11-05|2025-11-06|2025-11-07|2025-11-10|2025-11-11|2025-11-12|2025-11-13|2025-11-14|2025-11-17|2025-11-18|2025-11-19|2025-11-20|2025-11-21|2025-11-24|2025-11-25|2025-11-26|2025-11-28|2025-12-01|2025-12-02|2025-12-03|2025-12-04|2025-12-05|2025-12-08|2025-12-09|2025-12-10|2025-12-11|2025-12-12|2025-12-15|2025-12-16,2025-12-17 18:20:43,0.0
Snap-on,,2025-11-04|2025-11-05|2025-11-06|2025-11-07|2025-11-10|2025-11-11|2025-11-12|2025-11-13|2025-11-14|2025-11-17|2025-11-18|2025-11-19|2025-11-20|2025-11-21|2025-11-24|2025-11-25|2025-11-26|2025-11-28|2025-12-01|2025-12-02|2025-12-03|2025-12-04|2025-12-05|2025-12-08|2025-12-09|2025-12-10|2025-12-11|2025-12-12|2025-12-15|2025-12-16,2025-12-17 18:20:43,0.0
Flowers Foods,,2025-11-04|2025-11-05|2025-11-06|2025-11-07|2025-11-10|2025-11-11|2025-11-12|2025-11-13|2025-11-14|2025-11-17|2025-11-18|2025-11-19|2025-11-20|2025-11-21|2025-11-24|2025-11-25|2025-11-26|2025-11-28|2025-12-01|2025-12-02|2025-12-03|2025-12-04|2025-12-05|2025-12-08|2025-12-09|2025-12-10|2025-12-11|2025-12-12|2025-12-15|2025-12-16,2025-12-17 18:20:43,0.0
First Horizon,,2025-11-04|2025-11-05|2025-11-06|2025-11-07|2025-11-10|2025-11-11|2025-11-12|2025-11-13|2025-11-14|2025-11-17|2025-11-18|2025-11-19|2025-11-20|2025-11-21|2025-11-24|2025-11-25|2025-11-26|2025-11-28|2025-12-01|2025-12-02|2025-12-03|2025-12-04|2025-12-05|2025-12-08|2025-12-09|2025-12-10|2025-12-11|2025-12-12|2025-12-15|2025-12-16,2025-12-17 18:20:43,0.0
Paychex,,2025-11-04|2025-11-05|2025-11-06|2025-11-07|2025-11-10|2025-11-11|2025-11-12|2025-11-13|2025-11-14|2025-11-17|2025-11-18|2025-11-19|2025-11-20|2025-11-21|2025-11-24|2025-11-25|2025-11-26|2025-11-28|2025-12-01|2025-12-02|2025-12-03|2025-12-04|2025-12-05|2025-12-08|2025-12-09|2025-12-10|2025-12-11|2025-12-12|2025-12-15|2025-12-16,2025-12-17 18:20:43,0.0
Hasbro,,2025-11-04|2025-11-05|2025-11-06|2025-11-07|2025-11-10|2025-11-11|2025-11-12|2025-11-13|2025-11-14|2025-11-17|2025-11-18|2025-11-19|2025-11-20|2025-11-21|2025-11-24|2025-11-25|2025-11-26|2025-11-28|2025-12-01|2025-12-02|2025-12-03|2025-12-04|2025-12-05|2025-12-08|2025-12-09|2025-12-10|2025-12-11|2025-12-12|2025-12-15|2025-12-16,2025-12-17 18:20:43,0.0
Ares Management,,2025-11-04|2025-11-05|2025-11-06|2025-11-07|2025-11-10|2025-11-11|2025-11-12|2025-11-13|2025-11-14|2025-11-17|2025-11-18|2025-11-19|2025-11-20|2025-11-21|2025-11-24|2025-11-25|2025-11-26|2025-11-28|2025-12-01|2025-12-02|2025-12-03|2025-12-04|2025-12-05|2025-12-08|2025-12-09|2025-12-10|2025-12-11|2025-12-12|2025-12-15|2025-12-16,2025-12-17 18:20:43,0.0
Lennox International,,2025-11-04|2025-11-05|2025-11-06|2025-11-07|2025-11-10|2025-11-11|2025-11-12|2025-11-13|2025-11-14|2025-11-17|2025-11-18|2025-11-19|2025-11-20|2025-11-21|2025-11-24|2025-11-25|2025-11-26|2025-11-28|2025-12-01|2025-12-02|2025-12-03|2025-12-04|2025-12-05|2025-12-08|2025-12-09|2025-12-10|2025-12-11|2025-12-12|2025-12-15|2025-12-16,2025-12-17 18:20:43,0.0
Peabody Energy,,2025-11-04|2025-11-05|2025-11-06|2025-11-07|2025-11-10|2025-11-11|2025-11-12|2025-11-13|2025-11-14|2025-11-17|2025-11-18|2025-11-19|2025-11-20|2025-11-21|2025-11-24|2025-11-25|2025-11-26|2025-11-28|2025-12-01|2025-12-02|2025-12-03|2025-12-04|2025-12-05|2025-12-08|2025-12-09|2025-12-10|2025-12-11|2025-12-12|2025-12-15|2025-12-16,2025-12-17 18:20:43,0.0
Kemper Corporation,,2025-11-04|2025-11-05|2025-11-06|2025-11-07|2025-11-10|2025-11-11|2025-11-12|2025-11-13|2025-11-14|2025-11-17|2025-11-18|2025-11-19|2025-11-20|2025-11-21|2025-11-24|2025-11-25|2025-11-26|2025-11-28|2025-12-01|2025-12-02|2025-12-03|2025-12-04|2025-12-05|2025-12-08|2025-12-09|2025-12-10|2025-12-11|2025-12-12|2025-12-15|2025-12-16,2025-12-17 18:20:43,0.0
Nexstar Media Group,,2025-11-04|2025-11-05|2025-11-06|2025-11-07|2025-11-10|2025-11-11|2025-11-12|2025-11-13|2025-11-14|2025-11-17|2025-11-18|2025-11-19|2025-11-20|2025-11-21|2025-11-24|2025-11-25|2025-11-26|2025-11-28|2025-12-01|2025-12-02|2025-12-03|2025-12-04|2025-12-05|2025-12-08|2025-12-09|2025-12-10|2025-12-11|2025-12-12|2025-12-15|2025-12-16,2025-12-17 18:20:43,0.0
TriNet Group,,2025-11-04|2025-11-05|2025-11-06|2025-11-07|2025-11-10|2025-11-11|2025-11-12|2025-11-13|2025-11-14|2025-11-17|2025-11-18|2025-11-19|2025-11-20|2025-11-21|2025-11-24|2025-11-25|2025-11-26|2025-11-28|2025-12-01|2025-12-02|2025-12-03|2025-12-04|2025-12-05|2025-12-08|2025-12-09|2025-12-10|2025-12-11|2025-12-12|2025-12-15|2025-12-16,2025-12-17 18:20:43,0.0
Worthington Enterprises,,2025-11-04|2025-11-05|2025-11-06|2025-11-07|2025-11-10|2025-11-11|2025-11-12|2025-11-13|2025-11-14|2025-11-17|2025-11-18|2025-11-19|2025-11-20|2025-11-21|2025-11-24|2025-11-25|2025-11-26|2025-11-28|2025-12-01|2025-12-02|2025-12-03|2025-12-04|2025-12-05|2025-12-08|2025-12-09|2025-12-10|2025-12-11|2025-12-12|2025-12-15|2025-12-16,2025-12-17 18:20:43,0.0
Maximus,,2025-11-04|2025-11-05|2025-11-06|2025-11-07|2025-11-10|2025-11-11|2025-11-12|2025-11-13|2025-11-14|2025-11-17|2025-11-18|2025-11-19|2025-11-20|2025-11-21|2025-11-24|2025-11-25|2025-11-26|2025-11-28|2025-12-01|2025-12-02|2025-12-03|2025-12-04|2025-12-05|2025-12-08|2025-12-09|2025-12-10|2025-12-11|2025-12-12|2025-12-15|2025-12-16,2025-12-17 18:20:43,0.0
Compass Group,,2025-11-04|2025-11-05|2025-11-06|2025-11-07|2025-11-10|2025-11-11|2025-11-12|2025-11-13|2025-11-14|2025-11-17|2025-11-18|2025-11-19|2025-11-20|2025-11-21|2025-11-24|2025-11-25|2025-11-26|2025-11-28|2025-12-01|2025-12-02|2025-12-03|2025-12-04|2025-12-05|2025-12-08|2025-12-09|2025-12-10|2025-12-11|2025-12-12|2025-12-15|2025-12-16,2025-12-17 18:20:43,0.0
Brinks Company,,2025-11-04|2025-11-05|2025-11-06|2025-11-07|2025-11-10|2025-11-11|2025-11-12|2025-11-13|2025-11-14|2025-11-17|2025-11-18|2025-11-19|2025-11-20|2025-11-21|2025-11-24|2025-11-25|2025-11-26|2025-11-28|2025-12-01|2025-12-02|2025-12-03|2025-12-04|2025-12-05|2025-12-08|2025-12-09|2025-12-10|2025-12-11|2025-12-12|2025-12-15|2025-12-16,2025-12-17 18:20:43,0.0
Kelly Services Inc,,2025-11-04|2025-11-05|2025-11-06|2025-11-07|2025-11-10|2025-11-11|2025-11-12|2025-11-13|2025-11-14|2025-11-17|2025-11-18|2025-11-19|2025-11-20|2025-11-21|2025-11-24|2025-11-25|2025-11-26|2025-11-28|2025-12-01|2025-12-02|2025-12-03|2025-12-04|2025-12-05|2025-12-08|2025-12-09|2025-12-10|2025-12-11|2025-12-12|2025-12-15|2025-12-16,2025-12-17 18:20:43,0.0
Navient,,2025-11-04|2025-11-05|2025-11-06|2025-11-07|2025-11-10|2025-11-11|2025-11-12|2025-11-13|2025-11-14|2025-11-17|2025-11-18|2025-11-19|2025-11-20|2025-11-21|2025-11-24|2025-11-25|2025-11-26|2025-11-28|2025-12-01|2025-12-02|2025-12-03|2025-12-04|2025-12-05|2025-12-08|2025-12-09|2025-12-10|2025-12-11|2025-12-12|2025-12-15|2025-12-16,2025-12-17 18:20:43,0.0
AMC Entertainment,,2025-11-04|2025-11-05|2025-11-06|2025-11-07|2025-11-10|2025-11-11|2025-11-12|2025-11-13|2025-11-14|2025-11-17|2025-11-18|2025-11-19|2025-11-20|2025-11-21|2025-11-24|2025-11-25|2025-11-26|2025-11-28|2025-12-01|2025-12-02|2025-12-03|2025-12-04|2025-12-05|2025-12-08|2025-12-09|2025-12-10|2025-12-11|2025-12-12|2025-12-15|2025-12-16,2025-12-17 18:20:43,0.0
