company,trends_history,date_history,last_updated,avg_interest
Compass Group,60|81|65|62|74|59|74|72|69|71|100|85|91|85|75|71|78|77|82|69|70|73|70|71|63|64|77|75|73|69,2025-09-08|2025-09-09|2025-09-10|2025-09-11|2025-09-12|2025-09-15|2025-09-16|2025-09-17|2025-09-18|2025-09-19|2025-09-22|2025-09-23|2025-09-24|2025-09-25|2025-09-26|2025-09-29|2025-09-30|2025-10-01|2025-10-02|2025-10-03|2025-10-06|2025-10-07|2025-10-08|2025-10-09|2025-10-10|2025-10-13|2025-10-14|2025-10-15|2025-10-16|2025-10-17,2025-10-17 22:19:54,73.5
Brinks Company,0|0|0|0|0|0|0|0|0|0|0|0|0|0|0|0|0|0|0|8|8|15|8|10|13|15|13|10|5|9,2025-09-08|2025-09-09|2025-09-10|2025-09-11|2025-09-12|2025-09-15|2025-09-16|2025-09-17|2025-09-18|2025-09-19|2025-09-22|2025-09-23|2025-09-24|2025-09-25|2025-09-26|2025-09-29|2025-09-30|2025-10-01|2025-10-02|2025-10-03|2025-10-06|2025-10-07|2025-10-08|2025-10-09|2025-10-10|2025-10-13|2025-10-14|2025-10-15|2025-10-16|2025-10-17,2025-10-17 22:19:58,3.8
Kelly Services Inc,0|0|0|0|0|0|0|0|0|0|0|0|0|0|0|0|0|0|0|0|94|91|82|100|55|55|78|54|81|69,2025-09-08|2025-09-09|2025-09-10|2025-09-11|2025-09-12|2025-09-15|2025-09-16|2025-09-17|2025-09-18|2025-09-19|2025-09-22|2025-09-23|2025-09-24|2025-09-25|2025-09-26|2025-09-29|2025-09-30|2025-10-01|2025-10-02|2025-10-03|2025-10-06|2025-10-07|2025-10-08|2025-10-09|2025-10-10|2025-10-13|2025-10-14|2025-10-15|2025-10-16|2025-10-17,2025-10-17 22:20:01,25.3
Navient,63|50|55|68|67|90|85|80|61|87|65|73|55|61|89|73|70|76|84|76|64|68|71|71|78|78|83|100|86|72,2025-09-08|2025-09-09|2025-09-10|2025-09-11|2025-09-12|2025-09-15|2025-09-16|2025-09-17|2025-09-18|2025-09-19|2025-09-22|2025-09-23|2025-09-24|2025-09-25|2025-09-26|2025-09-29|2025-09-30|2025-10-01|2025-10-02|2025-10-03|2025-10-06|2025-10-07|2025-10-08|2025-10-09|2025-10-10|2025-10-13|2025-10-14|2025-10-15|2025-10-16|2025-10-17,2025-10-17 22:20:05,73.3
AMC Entertainment,0|0|0|0|0|0|0|0|93|0|0|0|0|100|0|0|0|0|0|41|34|31|31|28|34|26|35|30|31|31,2025-09-08|2025-09-09|2025-09-10|2025-09-11|2025-09-12|2025-09-15|2025-09-16|2025-09-17|2025-09-18|2025-09-19|2025-09-22|2025-09-23|2025-09-24|2025-09-25|2025-09-26|2025-09-29|2025-09-30|2025-10-01|2025-10-02|2025-10-03|2025-10-06|2025-10-07|2025-10-08|2025-10-09|2025-10-10|2025-10-13|2025-10-14|2025-10-15|2025-10-16|2025-10-17,2025-10-17 22:20:08,18.2
Encompass Health,84|87|67|85|95|91|88|87|92|81|98|100|94|84|76|81|89|85|98|76|79|88|90|86|80|87|92|91|90|84,2025-09-08|2025-09-09|2025-09-10|2025-09-11|2025-09-12|2025-09-15|2025-09-16|2025-09-17|2025-09-18|2025-09-19|2025-09-22|2025-09-23|2025-09-24|2025-09-25|2025-09-26|2025-09-29|2025-09-30|2025-10-01|2025-10-02|2025-10-03|2025-10-06|2025-10-07|2025-10-08|2025-10-09|2025-10-10|2025-10-13|2025-10-14|2025-10-15|2025-10-16|2025-10-17,2025-10-17 22:20:12,86.8
Skyworks Solutions,0|0|0|0|0|0|0|0|0|0|0|0|0|0|0|0|0|0|0|65|66|63|86|59|62|69|100|76|72|54,2025-09-08|2025-09-09|2025-09-10|2025-09-11|2025-09-12|2025-09-15|2025-09-16|2025-09-17|2025-09-18|2025-09-19|2025-09-22|2025-09-23|2025-09-24|2025-09-25|2025-09-26|2025-09-29|2025-09-30|2025-10-01|2025-10-02|2025-10-03|2025-10-06|2025-10-07|2025-10-08|2025-10-09|2025-10-10|2025-10-13|2025-10-14|2025-10-15|2025-10-16|2025-10-17,2025-10-17 22:20:15,25.7
Timken,65|80|65|100|49|64|75|65|68|63|81|62|60|72|75|51|64|76|69|60|67|67|73|67|59|72|72|77|72|62,2025-09-08|2025-09-09|2025-09-10|2025-09-11|2025-09-12|2025-09-15|2025-09-16|2025-09-17|2025-09-18|2025-09-19|2025-09-22|2025-09-23|2025-09-24|2025-09-25|2025-09-26|2025-09-29|2025-09-30|2025-10-01|2025-10-02|2025-10-03|2025-10-06|2025-10-07|2025-10-08|2025-10-09|2025-10-10|2025-10-13|2025-10-14|2025-10-15|2025-10-16|2025-10-17,2025-10-17 22:20:19,68.4
Liberty Energy,60|53|0|0|42|0|43|96|51|100|77|70|76|75|66|51|0|76|50|45|49|51|51|47|44|46|57|54|52|84,2025-09-08|2025-09-09|2025-09-10|2025-09-11|2025-09-12|2025-09-15|2025-09-16|2025-09-17|2025-09-18|2025-09-19|2025-09-22|2025-09-23|2025-09-24|2025-09-25|2025-09-26|2025-09-29|2025-09-30|2025-10-01|2025-10-02|2025-10-03|2025-10-06|2025-10-07|2025-10-08|2025-10-09|2025-10-10|2025-10-13|2025-10-14|2025-10-15|2025-10-16|2025-10-17,2025-10-17 22:20:22,52.2
Marriott Vacations Worldwide,0|0|0|0|0|0|0|0|0|0|0|0|0|0|0|0|0|0|0|74|72|82|70|100|57|81|78|63|99|55,2025-09-08|2025-09-09|2025-09-10|2025-09-11|2025-09-12|2025-09-15|2025-09-16|2025-09-17|2025-09-18|2025-09-19|2025-09-22|2025-09-23|2025-09-24|2025-09-25|2025-09-26|2025-09-29|2025-09-30|2025-10-01|2025-10-02|2025-10-03|2025-10-06|2025-10-07|2025-10-08|2025-10-09|2025-10-10|2025-10-13|2025-10-14|2025-10-15|2025-10-16|2025-10-17,2025-10-17 22:20:26,27.7
Leggett & Platt,0|0|100|0|0|0|0|0|0|0|0|0|0|0|0|0|0|0|0|18|19|16|26|16|17|17|22|28|19|23,2025-09-08|2025-09-09|2025-09-10|2025-09-11|2025-09-12|2025-09-15|2025-09-16|2025-09-17|2025-09-18|2025-09-19|2025-09-22|2025-09-23|2025-09-24|2025-09-25|2025-09-26|2025-09-29|2025-09-30|2025-10-01|2025-10-02|2025-10-03|2025-10-06|2025-10-07|2025-10-08|2025-10-09|2025-10-10|2025-10-13|2025-10-14|2025-10-15|2025-10-16|2025-10-17,2025-10-17 22:20:29,10.7
Weis Markets,89|81|66|73|63|63|67|56|79|57|82|66|62|73|73|87|69|60|75|72|63|68|69|70|63|69|64|66|72|70,2025-09-08|2025-09-09|2025-09-10|2025-09-11|2025-09-12|2025-09-15|2025-09-16|2025-09-17|2025-09-18|2025-09-19|2025-09-22|2025-09-23|2025-09-24|2025-09-25|2025-09-26|2025-09-29|2025-09-30|2025-10-01|2025-10-02|2025-10-03|2025-10-06|2025-10-07|2025-10-08|2025-10-09|2025-10-10|2025-10-13|2025-10-14|2025-10-15|2025-10-16|2025-10-17,2025-10-17 22:20:32,69.6
Pinnacle West Capital,0|0|0|0|0|0|0|0|0|0|0|0|0|0|0|0|0|0|0|100|0|0|0|0|0|95|0|95|0|0,2025-09-08|2025-09-09|2025-09-10|2025-09-11|2025-09-12|2025-09-15|2025-09-16|2025-09-17|2025-09-18|2025-09-19|2025-09-22|2025-09-23|2025-09-24|2025-09-25|2025-09-26|2025-09-29|2025-09-30|2025-10-01|2025-10-02|2025-10-03|2025-10-06|2025-10-07|2025-10-08|2025-10-09|2025-10-10|2025-10-13|2025-10-14|2025-10-15|2025-10-16|2025-10-17,2025-10-17 22:20:35,9.7
EPAM Systems,0|0|93|0|0|0|0|0|0|99|0|88|0|0|0|0|100|95|0|11|18|21|23|19|13|13|18|15|13|16,2025-09-08|2025-09-09|2025-09-10|2025-09-11|2025-09-12|2025-09-15|2025-09-16|2025-09-17|2025-09-18|2025-09-19|2025-09-22|2025-09-23|2025-09-24|2025-09-25|2025-09-26|2025-09-29|2025-09-30|2025-10-01|2025-10-02|2025-10-03|2025-10-06|2025-10-07|2025-10-08|2025-10-09|2025-10-10|2025-10-13|2025-10-14|2025-10-15|2025-10-16|2025-10-17,2025-10-17 22:20:39,21.8
Antero Resources,0|0|0|0|0|0|0|0|0|0|0|0|0|0|0|0|0|0|0|75|67|71|78|74|75|100|88|81|91|58,2025-09-08|2025-09-09|2025-09-10|2025-09-11|2025-09-12|2025-09-15|2025-09-16|2025-09-17|2025-09-18|2025-09-19|2025-09-22|2025-09-23|2025-09-24|2025-09-25|2025-09-26|2025-09-29|2025-09-30|2025-10-01|2025-10-02|2025-10-03|2025-10-06|2025-10-07|2025-10-08|2025-10-09|2025-10-10|2025-10-13|2025-10-14|2025-10-15|2025-10-16|2025-10-17,2025-10-17 22:20:42,28.6
Bloomin Brands,89|85|0|91|0|84|87|0|0|0|98|89|100|0|0|0|0|0|91|56|58|64|66|71|59|60|59|49|65|63,2025-09-08|2025-09-09|2025-09-10|2025-09-11|2025-09-12|2025-09-15|2025-09-16|2025-09-17|2025-09-18|2025-09-19|2025-09-22|2025-09-23|2025-09-24|2025-09-25|2025-09-26|2025-09-29|2025-09-30|2025-10-01|2025-10-02|2025-10-03|2025-10-06|2025-10-07|2025-10-08|2025-10-09|2025-10-10|2025-10-13|2025-10-14|2025-10-15|2025-10-16|2025-10-17,2025-10-17 22:20:44,49.5
MDU Resources Group,,2025-09-08|2025-09-09|2025-09-10|2025-09-11|2025-09-12|2025-09-15|2025-09-16|2025-09-17|2025-09-18|2025-09-19|2025-09-22|2025-09-23|2025-09-24|2025-09-25|2025-09-26|2025-09-29|2025-09-30|2025-10-01|2025-10-02|2025-10-03|2025-10-06|2025-10-07|2025-10-08|2025-10-09|2025-10-10|2025-10-13|2025-10-14|2025-10-15|2025-10-16|2025-10-17,2025-10-17 22:20:47,0.0
Texas Roadhouse,44|41|43|43|57|43|39|43|47|58|43|44|42|46|64|46|43|48|44|68|46|43|45|50|73|55|47|46|51|59,2025-09-08|2025-09-09|2025-09-10|2025-09-11|2025-09-12|2025-09-15|2025-09-16|2025-09-17|2025-09-18|2025-09-19|2025-09-22|2025-09-23|2025-09-24|2025-09-25|2025-09-26|2025-09-29|2025-09-30|2025-10-01|2025-10-02|2025-10-03|2025-10-06|2025-10-07|2025-10-08|2025-10-09|2025-10-10|2025-10-13|2025-10-14|2025-10-15|2025-10-16|2025-10-17,2025-10-17 22:20:48,48.7
Mercury General,0|0|0|0|0|0|0|0|0|0|0|100|0|0|0|0|0|74|0|26|24|26|19|27|18|23|24|23|21|25,2025-09-08|2025-09-09|2025-09-10|2025-09-11|2025-09-12|2025-09-15|2025-09-16|2025-09-17|2025-09-18|2025-09-19|2025-09-22|2025-09-23|2025-09-24|2025-09-25|2025-09-26|2025-09-29|2025-09-30|2025-10-01|2025-10-02|2025-10-03|2025-10-06|2025-10-07|2025-10-08|2025-10-09|2025-10-10|2025-10-13|2025-10-14|2025-10-15|2025-10-16|2025-10-17,2025-10-17 22:20:51,14.3
Fortune Brands Innovations,0|0|0|0|0|0|0|0|0|0|0|0|0|0|0|0|0|0|0|10|22|16|13|12|7|15|12|15|14|12,2025-09-08|2025-09-09|2025-09-10|2025-09-11|2025-09-12|2025-09-15|2025-09-16|2025-09-17|2025-09-18|2025-09-19|2025-09-22|2025-09-23|2025-09-24|2025-09-25|2025-09-26|2025-09-29|2025-09-30|2025-10-01|2025-10-02|2025-10-03|2025-10-06|2025-10-07|2025-10-08|2025-10-09|2025-10-10|2025-10-13|2025-10-14|2025-10-15|2025-10-16|2025-10-17,2025-10-17 22:20:55,4.9
Zions Bancorp,0|0|0|0|0|0|0|0|0|0|0|0|0|0|0|0|0|0|0|0|0|5|5|0|0|0|0|4|69|100,2025-09-08|2025-09-09|2025-09-10|2025-09-11|2025-09-12|2025-09-15|2025-09-16|2025-09-17|2025-09-18|2025-09-19|2025-09-22|2025-09-23|2025-09-24|2025-09-25|2025-09-26|2025-09-29|2025-09-30|2025-10-01|2025-10-02|2025-10-03|2025-10-06|2025-10-07|2025-10-08|2025-10-09|2025-10-10|2025-10-13|2025-10-14|2025-10-15|2025-10-16|2025-10-17,2025-10-17 22:20:58,6.1
JELD-WEN Holding,,2025-09-08|2025-09-09|2025-09-10|2025-09-11|2025-09-12|2025-09-15|2025-09-16|2025-09-17|2025-09-18|2025-09-19|2025-09-22|2025-09-23|2025-09-24|2025-09-25|2025-09-26|2025-09-29|2025-09-30|2025-10-01|2025-10-02|2025-10-03|2025-10-06|2025-10-07|2025-10-08|2025-10-09|2025-10-10|2025-10-13|2025-10-14|2025-10-15|2025-10-16|2025-10-17,2025-10-17 22:21:01,0.0
Snap Inc,72|90|0|0|0|0|71|75|0|60|100|56|58|0|62|65|64|77|70|53|53|45|45|46|37|39|45|42|44|45,2025-09-08|2025-09-09|2025-09-10|2025-09-11|2025-09-12|2025-09-15|2025-09-16|2025-09-17|2025-09-18|2025-09-19|2025-09-22|2025-09-23|2025-09-24|2025-09-25|2025-09-26|2025-09-29|2025-09-30|2025-10-01|2025-10-02|2025-10-03|2025-10-06|2025-10-07|2025-10-08|2025-10-09|2025-10-10|2025-10-13|2025-10-14|2025-10-15|2025-10-16|2025-10-17,2025-10-17 22:21:01,47.1
Zebra Technologies,0|50|49|100|0|50|66|51|41|74|0|50|82|53|60|56|35|38|42|31|34|37|37|37|32|31|37|39|41|34,2025-09-08|2025-09-09|2025-09-10|2025-09-11|2025-09-12|2025-09-15|2025-09-16|2025-09-17|2025-09-18|2025-09-19|2025-09-22|2025-09-23|2025-09-24|2025-09-25|2025-09-26|2025-09-29|2025-09-30|2025-10-01|2025-10-02|2025-10-03|2025-10-06|2025-10-07|2025-10-08|2025-10-09|2025-10-10|2025-10-13|2025-10-14|2025-10-15|2025-10-16|2025-10-17,2025-10-17 22:21:04,42.9
Agilon Health,0|0|0|0|0|0|0|0|0|0|0|0|0|0|0|0|0|0|0|20|18|14|20|17|16|24|24|31|27|20,2025-09-08|2025-09-09|2025-09-10|2025-09-11|2025-09-12|2025-09-15|2025-09-16|2025-09-17|2025-09-18|2025-09-19|2025-09-22|2025-09-23|2025-09-24|2025-09-25|2025-09-26|2025-09-29|2025-09-30|2025-10-01|2025-10-02|2025-10-03|2025-10-06|2025-10-07|2025-10-08|2025-10-09|2025-10-10|2025-10-13|2025-10-14|2025-10-15|2025-10-16|2025-10-17,2025-10-17 22:21:07,7.7
Toro Company,0|0|0|0|0|0|0|61|58|0|89|0|91|0|59|0|97|61|100|29|37|38|28|31|29|33|37|37|31|26,2025-09-08|2025-09-09|2025-09-10|2025-09-11|2025-09-12|2025-09-15|2025-09-16|2025-09-17|2025-09-18|2025-09-19|2025-09-22|2025-09-23|2025-09-24|2025-09-25|2025-09-26|2025-09-29|2025-09-30|2025-10-01|2025-10-02|2025-10-03|2025-10-06|2025-10-07|2025-10-08|2025-10-09|2025-10-10|2025-10-13|2025-10-14|2025-10-15|2025-10-16|2025-10-17,2025-10-17 22:21:20,32.4
Zoom Video Communications,0|0|0|0|0|0|0|0|0|0|0|0|0|0|0|0|0|0|0|77|0|0|77|0|0|0|75|100|0|0,2025-09-08|2025-09-09|2025-09-10|2025-09-11|2025-09-12|2025-09-15|2025-09-16|2025-09-17|2025-09-18|2025-09-19|2025-09-22|2025-09-23|2025-09-24|2025-09-25|2025-09-26|2025-09-29|2025-09-30|2025-10-01|2025-10-02|2025-10-03|2025-10-06|2025-10-07|2025-10-08|2025-10-09|2025-10-10|2025-10-13|2025-10-14|2025-10-15|2025-10-16|2025-10-17,2025-10-17 22:21:23,11.0
Tetra Tech,79|0|0|74|80|0|77|65|60|63|54|57|44|0|100|0|75|72|94|51|53|73|53|54|50|48|49|52|54|46,2025-09-08|2025-09-09|2025-09-10|2025-09-11|2025-09-12|2025-09-15|2025-09-16|2025-09-17|2025-09-18|2025-09-19|2025-09-22|2025-09-23|2025-09-24|2025-09-25|2025-09-26|2025-09-29|2025-09-30|2025-10-01|2025-10-02|2025-10-03|2025-10-06|2025-10-07|2025-10-08|2025-10-09|2025-10-10|2025-10-13|2025-10-14|2025-10-15|2025-10-16|2025-10-17,2025-10-17 22:21:26,52.6
Public Storage,68|57|58|51|58|60|57|66|72|67|72|64|69|70|74|75|100|100|93|93|70|63|59|55|58|62|59|56|54|55,2025-09-08|2025-09-09|2025-09-10|2025-09-11|2025-09-12|2025-09-15|2025-09-16|2025-09-17|2025-09-18|2025-09-19|2025-09-22|2025-09-23|2025-09-24|2025-09-25|2025-09-26|2025-09-29|2025-09-30|2025-10-01|2025-10-02|2025-10-03|2025-10-06|2025-10-07|2025-10-08|2025-10-09|2025-10-10|2025-10-13|2025-10-14|2025-10-15|2025-10-16|2025-10-17,2025-10-17 22:21:29,67.2
Illumina Inc,0|0|0|0|0|0|0|0|0|0|100|0|0|0|0|0|0|0|0|0|0|6|0|10|0|0|0|0|0|7,2025-09-08|2025-09-09|2025-09-10|2025-09-11|2025-09-12|2025-09-15|2025-09-16|2025-09-17|2025-09-18|2025-09-19|2025-09-22|2025-09-23|2025-09-24|2025-09-25|2025-09-26|2025-09-29|2025-09-30|2025-10-01|2025-10-02|2025-10-03|2025-10-06|2025-10-07|2025-10-08|2025-10-09|2025-10-10|2025-10-13|2025-10-14|2025-10-15|2025-10-16|2025-10-17,2025-10-17 22:21:33,4.1
Ventas Inc,0|0|0|0|0|0|0|0|0|0|0|0|0|0|0|0|0|0|0|0|0|100|0|0|0|0|0|86|0|0,2025-09-08|2025-09-09|2025-09-10|2025-09-11|2025-09-12|2025-09-15|2025-09-16|2025-09-17|2025-09-18|2025-09-19|2025-09-22|2025-09-23|2025-09-24|2025-09-25|2025-09-26|2025-09-29|2025-09-30|2025-10-01|2025-10-02|2025-10-03|2025-10-06|2025-10-07|2025-10-08|2025-10-09|2025-10-10|2025-10-13|2025-10-14|2025-10-15|2025-10-16|2025-10-17,2025-10-17 22:21:36,6.2
FMC Corporation,0|0|0|0|0|0|0|0|0|0|0|0|0|0|0|0|0|0|0|72|74|69|78|83|72|63|100|53|56|72,2025-09-08|2025-09-09|2025-09-10|2025-09-11|2025-09-12|2025-09-15|2025-09-16|2025-09-17|2025-09-18|2025-09-19|2025-09-22|2025-09-23|2025-09-24|2025-09-25|2025-09-26|2025-09-29|2025-09-30|2025-10-01|2025-10-02|2025-10-03|2025-10-06|2025-10-07|2025-10-08|2025-10-09|2025-10-10|2025-10-13|2025-10-14|2025-10-15|2025-10-16|2025-10-17,2025-10-17 22:21:39,26.4
ArcBest,51|66|55|80|60|86|85|62|71|73|62|87|87|70|45|67|100|76|78|54|51|64|67|60|47|54|57|55|59|47,2025-09-08|2025-09-09|2025-09-10|2025-09-11|2025-09-12|2025-09-15|2025-09-16|2025-09-17|2025-09-18|2025-09-19|2025-09-22|2025-09-23|2025-09-24|2025-09-25|2025-09-26|2025-09-29|2025-09-30|2025-10-01|2025-10-02|2025-10-03|2025-10-06|2025-10-07|2025-10-08|2025-10-09|2025-10-10|2025-10-13|2025-10-14|2025-10-15|2025-10-16|2025-10-17,2025-10-17 22:21:42,65.9
Dominos Pizza Inc,,2025-09-08|2025-09-09|2025-09-10|2025-09-11|2025-09-12|2025-09-15|2025-09-16|2025-09-17|2025-09-18|2025-09-19|2025-09-22|2025-09-23|2025-09-24|2025-09-25|2025-09-26|2025-09-29|2025-09-30|2025-10-01|2025-10-02|2025-10-03|2025-10-06|2025-10-07|2025-10-08|2025-10-09|2025-10-10|2025-10-13|2025-10-14|2025-10-15|2025-10-16|2025-10-17,2025-10-17 22:21:46,0.0
ASGN,0|0|0|0|0|0|100|0|0|0|0|0|0|0|0|0|0|0|0|30|35|32|31|30|32|29|37|34|33|23,2025-09-08|2025-09-09|2025-09-10|2025-09-11|2025-09-12|2025-09-15|2025-09-16|2025-09-17|2025-09-18|2025-09-19|2025-09-22|2025-09-23|2025-09-24|2025-09-25|2025-09-26|2025-09-29|2025-09-30|2025-10-01|2025-10-02|2025-10-03|2025-10-06|2025-10-07|2025-10-08|2025-10-09|2025-10-10|2025-10-13|2025-10-14|2025-10-15|2025-10-16|2025-10-17,2025-10-17 22:21:46,14.9
Rivian Automotive,0|0|0|0|0|0|0|0|0|0|83|0|0|100|0|0|0|0|0|39|26|32|24|23|23|31|23|31|22|24,2025-09-08|2025-09-09|2025-09-10|2025-09-11|2025-09-12|2025-09-15|2025-09-16|2025-09-17|2025-09-18|2025-09-19|2025-09-22|2025-09-23|2025-09-24|2025-09-25|2025-09-26|2025-09-29|2025-09-30|2025-10-01|2025-10-02|2025-10-03|2025-10-06|2025-10-07|2025-10-08|2025-10-09|2025-10-10|2025-10-13|2025-10-14|2025-10-15|2025-10-16|2025-10-17,2025-10-17 22:21:49,16.0
Elanco Animal Health,0|0|0|0|0|0|0|0|0|0|0|0|0|0|0|0|0|0|0|63|52|100|63|61|34|40|71|46|59|44,2025-09-08|2025-09-09|2025-09-10|2025-09-11|2025-09-12|2025-09-15|2025-09-16|2025-09-17|2025-09-18|2025-09-19|2025-09-22|2025-09-23|2025-09-24|2025-09-25|2025-09-26|2025-09-29|2025-09-30|2025-10-01|2025-10-02|2025-10-03|2025-10-06|2025-10-07|2025-10-08|2025-10-09|2025-10-10|2025-10-13|2025-10-14|2025-10-15|2025-10-16|2025-10-17,2025-10-17 22:21:52,21.1
Graham Holdings Company,0|0|0|0|0|0|0|0|0|0|0|0|0|0|0|0|0|0|0|0|0|0|100|0|0|0|0|0|0|100,2025-09-08|2025-09-09|2025-09-10|2025-09-11|2025-09-12|2025-09-15|2025-09-16|2025-09-17|2025-09-18|2025-09-19|2025-09-22|2025-09-23|2025-09-24|2025-09-25|2025-09-26|2025-09-29|2025-09-30|2025-10-01|2025-10-02|2025-10-03|2025-10-06|2025-10-07|2025-10-08|2025-10-09|2025-10-10|2025-10-13|2025-10-14|2025-10-15|2025-10-16|2025-10-17,2025-10-17 22:21:56,6.7
Floor & Decor,100|75|80|57|55|68|70|87|54|56|80|65|83|61|54|78|85|86|76|61|74|77|87|79|78|83|83|76|76|72,2025-09-08|2025-09-09|2025-09-10|2025-09-11|2025-09-12|2025-09-15|2025-09-16|2025-09-17|2025-09-18|2025-09-19|2025-09-22|2025-09-23|2025-09-24|2025-09-25|2025-09-26|2025-09-29|2025-09-30|2025-10-01|2025-10-02|2025-10-03|2025-10-06|2025-10-07|2025-10-08|2025-10-09|2025-10-10|2025-10-13|2025-10-14|2025-10-15|2025-10-16|2025-10-17,2025-10-17 22:22:00,73.9
Applied Industrial Technologies,0|0|62|73|74|0|0|77|0|67|100|0|0|81|85|74|90|92|0|46|47|51|51|63|45|46|46|60|54|46,2025-09-08|2025-09-09|2025-09-10|2025-09-11|2025-09-12|2025-09-15|2025-09-16|2025-09-17|2025-09-18|2025-09-19|2025-09-22|2025-09-23|2025-09-24|2025-09-25|2025-09-26|2025-09-29|2025-09-30|2025-10-01|2025-10-02|2025-10-03|2025-10-06|2025-10-07|2025-10-08|2025-10-09|2025-10-10|2025-10-13|2025-10-14|2025-10-15|2025-10-16|2025-10-17,2025-10-17 22:22:03,47.7
PriceSmart,0|48|77|49|88|72|62|49|67|85|85|62|74|92|85|0|52|100|59|58|66|56|63|56|60|66|59|64|75|60,2025-09-08|2025-09-09|2025-09-10|2025-09-11|2025-09-12|2025-09-15|2025-09-16|2025-09-17|2025-09-18|2025-09-19|2025-09-22|2025-09-23|2025-09-24|2025-09-25|2025-09-26|2025-09-29|2025-09-30|2025-10-01|2025-10-02|2025-10-03|2025-10-06|2025-10-07|2025-10-08|2025-10-09|2025-10-10|2025-10-13|2025-10-14|2025-10-15|2025-10-16|2025-10-17,2025-10-17 22:22:07,63.0
Lyft,78|78|72|70|77|80|77|100|91|87|79|75|72|75|88|81|77|87|82|85|77|80|84|86|86|86|82|77|82|86,2025-09-08|2025-09-09|2025-09-10|2025-09-11|2025-09-12|2025-09-15|2025-09-16|2025-09-17|2025-09-18|2025-09-19|2025-09-22|2025-09-23|2025-09-24|2025-09-25|2025-09-26|2025-09-29|2025-09-30|2025-10-01|2025-10-02|2025-10-03|2025-10-06|2025-10-07|2025-10-08|2025-10-09|2025-10-10|2025-10-13|2025-10-14|2025-10-15|2025-10-16|2025-10-17,2025-10-17 22:22:12,81.2
Ciena,73|40|58|66|47|53|69|55|64|73|100|57|74|59|59|47|41|76|60|48|55|55|61|59|50|47|57|58|63|43,2025-09-08|2025-09-09|2025-09-10|2025-09-11|2025-09-12|2025-09-15|2025-09-16|2025-09-17|2025-09-18|2025-09-19|2025-09-22|2025-09-23|2025-09-24|2025-09-25|2025-09-26|2025-09-29|2025-09-30|2025-10-01|2025-10-02|2025-10-03|2025-10-06|2025-10-07|2025-10-08|2025-10-09|2025-10-10|2025-10-13|2025-10-14|2025-10-15|2025-10-16|2025-10-17,2025-10-17 22:22:15,58.9
IAC,77|74|89|67|61|73|66|80|76|70|88|87|71|82|78|70|95|100|79|69|70|76|77|78|68|71|76|76|72|73,2025-09-08|2025-09-09|2025-09-10|2025-09-11|2025-09-12|2025-09-15|2025-09-16|2025-09-17|2025-09-18|2025-09-19|2025-09-22|2025-09-23|2025-09-24|2025-09-25|2025-09-26|2025-09-29|2025-09-30|2025-10-01|2025-10-02|2025-10-03|2025-10-06|2025-10-07|2025-10-08|2025-10-09|2025-10-10|2025-10-13|2025-10-14|2025-10-15|2025-10-16|2025-10-17,2025-10-17 22:22:17,76.3
Western Union,,2025-09-08|2025-09-09|2025-09-10|2025-09-11|2025-09-12|2025-09-15|2025-09-16|2025-09-17|2025-09-18|2025-09-19|2025-09-22|2025-09-23|2025-09-24|2025-09-25|2025-09-26|2025-09-29|2025-09-30|2025-10-01|2025-10-02|2025-10-03|2025-10-06|2025-10-07|2025-10-08|2025-10-09|2025-10-10|2025-10-13|2025-10-14|2025-10-15|2025-10-16|2025-10-17,2025-10-17 22:22:52,0.0
Flowserve,,2025-09-08|2025-09-09|2025-09-10|2025-09-11|2025-09-12|2025-09-15|2025-09-16|2025-09-17|2025-09-18|2025-09-19|2025-09-22|2025-09-23|2025-09-24|2025-09-25|2025-09-26|2025-09-29|2025-09-30|2025-10-01|2025-10-02|2025-10-03|2025-10-06|2025-10-07|2025-10-08|2025-10-09|2025-10-10|2025-10-13|2025-10-14|2025-10-15|2025-10-16|2025-10-17,2025-10-17 22:23:34,0.0
Western Alliance Bancorp,,2025-09-08|2025-09-09|2025-09-10|2025-09-11|2025-09-12|2025-09-15|2025-09-16|2025-09-17|2025-09-18|2025-09-19|2025-09-22|2025-09-23|2025-09-24|2025-09-25|2025-09-26|2025-09-29|2025-09-30|2025-10-01|2025-10-02|2025-10-03|2025-10-06|2025-10-07|2025-10-08|2025-10-09|2025-10-10|2025-10-13|2025-10-14|2025-10-15|2025-10-16|2025-10-17,2025-10-17 22:23:44,0.0
Option Care Health,,2025-09-08|2025-09-09|2025-09-10|2025-09-11|2025-09-12|2025-09-15|2025-09-16|2025-09-17|2025-09-18|2025-09-19|2025-09-22|2025-09-23|2025-09-24|2025-09-25|2025-09-26|2025-09-29|2025-09-30|2025-10-01|2025-10-02|2025-10-03|2025-10-06|2025-10-07|2025-10-08|2025-10-09|2025-10-10|2025-10-13|2025-10-14|2025-10-15|2025-10-16|2025-10-17,2025-10-17 22:23:44,0.0
SiteOne Landscape Supply,,2025-09-08|2025-09-09|2025-09-10|2025-09-11|2025-09-12|2025-09-15|2025-09-16|2025-09-17|2025-09-18|2025-09-19|2025-09-22|2025-09-23|2025-09-24|2025-09-25|2025-09-26|2025-09-29|2025-09-30|2025-10-01|2025-10-02|2025-10-03|2025-10-06|2025-10-07|2025-10-08|2025-10-09|2025-10-10|2025-10-13|2025-10-14|2025-10-15|2025-10-16|2025-10-17,2025-10-17 22:23:44,0.0
Topgolf Callaway Brands,,2025-09-08|2025-09-09|2025-09-10|2025-09-11|2025-09-12|2025-09-15|2025-09-16|2025-09-17|2025-09-18|2025-09-19|2025-09-22|2025-09-23|2025-09-24|2025-09-25|2025-09-26|2025-09-29|2025-09-30|2025-10-01|2025-10-02|2025-10-03|2025-10-06|2025-10-07|2025-10-08|2025-10-09|2025-10-10|2025-10-13|2025-10-14|2025-10-15|2025-10-16|2025-10-17,2025-10-17 22:23:44,0.0
eXp World,,2025-09-08|2025-09-09|2025-09-10|2025-09-11|2025-09-12|2025-09-15|2025-09-16|2025-09-17|2025-09-18|2025-09-19|2025-09-22|2025-09-23|2025-09-24|2025-09-25|2025-09-26|2025-09-29|2025-09-30|2025-10-01|2025-10-02|2025-10-03|2025-10-06|2025-10-07|2025-10-08|2025-10-09|2025-10-10|2025-10-13|2025-10-14|2025-10-15|2025-10-16|2025-10-17,2025-10-17 22:23:44,0.0
Abercrombie & Fitch,,2025-09-08|2025-09-09|2025-09-10|2025-09-11|2025-09-12|2025-09-15|2025-09-16|2025-09-17|2025-09-18|2025-09-19|2025-09-22|2025-09-23|2025-09-24|2025-09-25|2025-09-26|2025-09-29|2025-09-30|2025-10-01|2025-10-02|2025-10-03|2025-10-06|2025-10-07|2025-10-08|2025-10-09|2025-10-10|2025-10-13|2025-10-14|2025-10-15|2025-10-16|2025-10-17,2025-10-17 22:23:44,0.0
Atmos Energy,,2025-09-08|2025-09-09|2025-09-10|2025-09-11|2025-09-12|2025-09-15|2025-09-16|2025-09-17|2025-09-18|2025-09-19|2025-09-22|2025-09-23|2025-09-24|2025-09-25|2025-09-26|2025-09-29|2025-09-30|2025-10-01|2025-10-02|2025-10-03|2025-10-06|2025-10-07|2025-10-08|2025-10-09|2025-10-10|2025-10-13|2025-10-14|2025-10-15|2025-10-16|2025-10-17,2025-10-17 22:23:44,0.0
Brown & Brown,,2025-09-08|2025-09-09|2025-09-10|2025-09-11|2025-09-12|2025-09-15|2025-09-16|2025-09-17|2025-09-18|2025-09-19|2025-09-22|2025-09-23|2025-09-24|2025-09-25|2025-09-26|2025-09-29|2025-09-30|2025-10-01|2025-10-02|2025-10-03|2025-10-06|2025-10-07|2025-10-08|2025-10-09|2025-10-10|2025-10-13|2025-10-14|2025-10-15|2025-10-16|2025-10-17,2025-10-17 22:23:44,0.0
GoDaddy,,2025-09-08|2025-09-09|2025-09-10|2025-09-11|2025-09-12|2025-09-15|2025-09-16|2025-09-17|2025-09-18|2025-09-19|2025-09-22|2025-09-23|2025-09-24|2025-09-25|2025-09-26|2025-09-29|2025-09-30|2025-10-01|2025-10-02|2025-10-03|2025-10-06|2025-10-07|2025-10-08|2025-10-09|2025-10-10|2025-10-13|2025-10-14|2025-10-15|2025-10-16|2025-10-17,2025-10-17 22:23:44,0.0
American Water Works,,2025-09-08|2025-09-09|2025-09-10|2025-09-11|2025-09-12|2025-09-15|2025-09-16|2025-09-17|2025-09-18|2025-09-19|2025-09-22|2025-09-23|2025-09-24|2025-09-25|2025-09-26|2025-09-29|2025-09-30|2025-10-01|2025-10-02|2025-10-03|2025-10-06|2025-10-07|2025-10-08|2025-10-09|2025-10-10|2025-10-13|2025-10-14|2025-10-15|2025-10-16|2025-10-17,2025-10-17 22:23:44,0.0
Selective Insurance Group,,2025-09-08|2025-09-09|2025-09-10|2025-09-11|2025-09-12|2025-09-15|2025-09-16|2025-09-17|2025-09-18|2025-09-19|2025-09-22|2025-09-23|2025-09-24|2025-09-25|2025-09-26|2025-09-29|2025-09-30|2025-10-01|2025-10-02|2025-10-03|2025-10-06|2025-10-07|2025-10-08|2025-10-09|2025-10-10|2025-10-13|2025-10-14|2025-10-15|2025-10-16|2025-10-17,2025-10-17 22:23:44,0.0
Advantage Solutions,,2025-09-08|2025-09-09|2025-09-10|2025-09-11|2025-09-12|2025-09-15|2025-09-16|2025-09-17|2025-09-18|2025-09-19|2025-09-22|2025-09-23|2025-09-24|2025-09-25|2025-09-26|2025-09-29|2025-09-30|2025-10-01|2025-10-02|2025-10-03|2025-10-06|2025-10-07|2025-10-08|2025-10-09|2025-10-10|2025-10-13|2025-10-14|2025-10-15|2025-10-16|2025-10-17,2025-10-17 22:23:44,0.0
ResMed,,2025-09-08|2025-09-09|2025-09-10|2025-09-11|2025-09-12|2025-09-15|2025-09-16|2025-09-17|2025-09-18|2025-09-19|2025-09-22|2025-09-23|2025-09-24|2025-09-25|2025-09-26|2025-09-29|2025-09-30|2025-10-01|2025-10-02|2025-10-03|2025-10-06|2025-10-07|2025-10-08|2025-10-09|2025-10-10|2025-10-13|2025-10-14|2025-10-15|2025-10-16|2025-10-17,2025-10-17 22:23:44,0.0
Plexus Corp,,2025-09-08|2025-09-09|2025-09-10|2025-09-11|2025-09-12|2025-09-15|2025-09-16|2025-09-17|2025-09-18|2025-09-19|2025-09-22|2025-09-23|2025-09-24|2025-09-25|2025-09-26|2025-09-29|2025-09-30|2025-10-01|2025-10-02|2025-10-03|2025-10-06|2025-10-07|2025-10-08|2025-10-09|2025-10-10|2025-10-13|2025-10-14|2025-10-15|2025-10-16|2025-10-17,2025-10-17 22:23:44,0.0
Hub Group,,2025-09-08|2025-09-09|2025-09-10|2025-09-11|2025-09-12|2025-09-15|2025-09-16|2025-09-17|2025-09-18|2025-09-19|2025-09-22|2025-09-23|2025-09-24|2025-09-25|2025-09-26|2025-09-29|2025-09-30|2025-10-01|2025-10-02|2025-10-03|2025-10-06|2025-10-07|2025-10-08|2025-10-09|2025-10-10|2025-10-13|2025-10-14|2025-10-15|2025-10-16|2025-10-17,2025-10-17 22:23:44,0.0
Lincoln Electric,,2025-09-08|2025-09-09|2025-09-10|2025-09-11|2025-09-12|2025-09-15|2025-09-16|2025-09-17|2025-09-18|2025-09-19|2025-09-22|2025-09-23|2025-09-24|2025-09-25|2025-09-26|2025-09-29|2025-09-30|2025-10-01|2025-10-02|2025-10-03|2025-10-06|2025-10-07|2025-10-08|2025-10-09|2025-10-10|2025-10-13|2025-10-14|2025-10-15|2025-10-16|2025-10-17,2025-10-17 22:23:44,0.0
NCR Atleos,,2025-09-08|2025-09-09|2025-09-10|2025-09-11|2025-09-12|2025-09-15|2025-09-16|2025-09-17|2025-09-18|2025-09-19|2025-09-22|2025-09-23|2025-09-24|2025-09-25|2025-09-26|2025-09-29|2025-09-30|2025-10-01|2025-10-02|2025-10-03|2025-10-06|2025-10-07|2025-10-08|2025-10-09|2025-10-10|2025-10-13|2025-10-14|2025-10-15|2025-10-16|2025-10-17,2025-10-17 22:23:44,0.0
Calumet Inc,,2025-09-08|2025-09-09|2025-09-10|2025-09-11|2025-09-12|2025-09-15|2025-09-16|2025-09-17|2025-09-18|2025-09-19|2025-09-22|2025-09-23|2025-09-24|2025-09-25|2025-09-26|2025-09-29|2025-09-30|2025-10-01|2025-10-02|2025-10-03|2025-10-06|2025-10-07|2025-10-08|2025-10-09|2025-10-10|2025-10-13|2025-10-14|2025-10-15|2025-10-16|2025-10-17,2025-10-17 22:23:44,0.0
Dycom Industries,,2025-09-08|2025-09-09|2025-09-10|2025-09-11|2025-09-12|2025-09-15|2025-09-16|2025-09-17|2025-09-18|2025-09-19|2025-09-22|2025-09-23|2025-09-24|2025-09-25|2025-09-26|2025-09-29|2025-09-30|2025-10-01|2025-10-02|2025-10-03|2025-10-06|2025-10-07|2025-10-08|2025-10-09|2025-10-10|2025-10-13|2025-10-14|2025-10-15|2025-10-16|2025-10-17,2025-10-17 22:23:44,0.0
Valmont Industries,,2025-09-08|2025-09-09|2025-09-10|2025-09-11|2025-09-12|2025-09-15|2025-09-16|2025-09-17|2025-09-18|2025-09-19|2025-09-22|2025-09-23|2025-09-24|2025-09-25|2025-09-26|2025-09-29|2025-09-30|2025-10-01|2025-10-02|2025-10-03|2025-10-06|2025-10-07|2025-10-08|2025-10-09|2025-10-10|2025-10-13|2025-10-14|2025-10-15|2025-10-16|2025-10-17,2025-10-17 22:23:44,0.0
ATI Inc,,2025-09-08|2025-09-09|2025-09-10|2025-09-11|2025-09-12|2025-09-15|2025-09-16|2025-09-17|2025-09-18|2025-09-19|2025-09-22|2025-09-23|2025-09-24|2025-09-25|2025-09-26|2025-09-29|2025-09-30|2025-10-01|2025-10-02|2025-10-03|2025-10-06|2025-10-07|2025-10-08|2025-10-09|2025-10-10|2025-10-13|2025-10-14|2025-10-15|2025-10-16|2025-10-17,2025-10-17 22:23:44,0.0
Twilio,,2025-09-08|2025-09-09|2025-09-10|2025-09-11|2025-09-12|2025-09-15|2025-09-16|2025-09-17|2025-09-18|2025-09-19|2025-09-22|2025-09-23|2025-09-24|2025-09-25|2025-09-26|2025-09-29|2025-09-30|2025-10-01|2025-10-02|2025-10-03|2025-10-06|2025-10-07|2025-10-08|2025-10-09|2025-10-10|2025-10-13|2025-10-14|2025-10-15|2025-10-16|2025-10-17,2025-10-17 22:23:44,0.0
CNO Financial Group,,2025-09-08|2025-09-09|2025-09-10|2025-09-11|2025-09-12|2025-09-15|2025-09-16|2025-09-17|2025-09-18|2025-09-19|2025-09-22|2025-09-23|2025-09-24|2025-09-25|2025-09-26|2025-09-29|2025-09-30|2025-10-01|2025-10-02|2025-10-03|2025-10-06|2025-10-07|2025-10-08|2025-10-09|2025-10-10|2025-10-13|2025-10-14|2025-10-15|2025-10-16|2025-10-17,2025-10-17 22:23:44,0.0
Patterson-UTI Energy,,2025-09-08|2025-09-09|2025-09-10|2025-09-11|2025-09-12|2025-09-15|2025-09-16|2025-09-17|2025-09-18|2025-09-19|2025-09-22|2025-09-23|2025-09-24|2025-09-25|2025-09-26|2025-09-29|2025-09-30|2025-10-01|2025-10-02|2025-10-03|2025-10-06|2025-10-07|2025-10-08|2025-10-09|2025-10-10|2025-10-13|2025-10-14|2025-10-15|2025-10-16|2025-10-17,2025-10-17 22:23:44,0.0
Brinker International,,2025-09-08|2025-09-09|2025-09-10|2025-09-11|2025-09-12|2025-09-15|2025-09-16|2025-09-17|2025-09-18|2025-09-19|2025-09-22|2025-09-23|2025-09-24|2025-09-25|2025-09-26|2025-09-29|2025-09-30|2025-10-01|2025-10-02|2025-10-03|2025-10-06|2025-10-07|2025-10-08|2025-10-09|2025-10-10|2025-10-13|2025-10-14|2025-10-15|2025-10-16|2025-10-17,2025-10-17 22:23:44,0.0
Charles River Laboratories International,,2025-09-08|2025-09-09|2025-09-10|2025-09-11|2025-09-12|2025-09-15|2025-09-16|2025-09-17|2025-09-18|2025-09-19|2025-09-22|2025-09-23|2025-09-24|2025-09-25|2025-09-26|2025-09-29|2025-09-30|2025-10-01|2025-10-02|2025-10-03|2025-10-06|2025-10-07|2025-10-08|2025-10-09|2025-10-10|2025-10-13|2025-10-14|2025-10-15|2025-10-16|2025-10-17,2025-10-17 22:23:44,0.0
Hyster-Yale,,2025-09-08|2025-09-09|2025-09-10|2025-09-11|2025-09-12|2025-09-15|2025-09-16|2025-09-17|2025-09-18|2025-09-19|2025-09-22|2025-09-23|2025-09-24|2025-09-25|2025-09-26|2025-09-29|2025-09-30|2025-10-01|2025-10-02|2025-10-03|2025-10-06|2025-10-07|2025-10-08|2025-10-09|2025-10-10|2025-10-13|2025-10-14|2025-10-15|2025-10-16|2025-10-17,2025-10-17 22:23:44,0.0
Brighthouse Financial,,2025-09-08|2025-09-09|2025-09-10|2025-09-11|2025-09-12|2025-09-15|2025-09-16|2025-09-17|2025-09-18|2025-09-19|2025-09-22|2025-09-23|2025-09-24|2025-09-25|2025-09-26|2025-09-29|2025-09-30|2025-10-01|2025-10-02|2025-10-03|2025-10-06|2025-10-07|2025-10-08|2025-10-09|2025-10-10|2025-10-13|2025-10-14|2025-10-15|2025-10-16|2025-10-17,2025-10-17 22:23:44,0.0
Service Corp International,,2025-09-08|2025-09-09|2025-09-10|2025-09-11|2025-09-12|2025-09-15|2025-09-16|2025-09-17|2025-09-18|2025-09-19|2025-09-22|2025-09-23|2025-09-24|2025-09-25|2025-09-26|2025-09-29|2025-09-30|2025-10-01|2025-10-02|2025-10-03|2025-10-06|2025-10-07|2025-10-08|2025-10-09|2025-10-10|2025-10-13|2025-10-14|2025-10-15|2025-10-16|2025-10-17,2025-10-17 22:23:44,0.0
CrossAmerica Partners,,2025-09-08|2025-09-09|2025-09-10|2025-09-11|2025-09-12|2025-09-15|2025-09-16|2025-09-17|2025-09-18|2025-09-19|2025-09-22|2025-09-23|2025-09-24|2025-09-25|2025-09-26|2025-09-29|2025-09-30|2025-10-01|2025-10-02|2025-10-03|2025-10-06|2025-10-07|2025-10-08|2025-10-09|2025-10-10|2025-10-13|2025-10-14|2025-10-15|2025-10-16|2025-10-17,2025-10-17 22:23:44,0.0
Cadence,,2025-09-08|2025-09-09|2025-09-10|2025-09-11|2025-09-12|2025-09-15|2025-09-16|2025-09-17|2025-09-18|2025-09-19|2025-09-22|2025-09-23|2025-09-24|2025-09-25|2025-09-26|2025-09-29|2025-09-30|2025-10-01|2025-10-02|2025-10-03|2025-10-06|2025-10-07|2025-10-08|2025-10-09|2025-10-10|2025-10-13|2025-10-14|2025-10-15|2025-10-16|2025-10-17,2025-10-17 22:23:44,0.0
MillerKnoll,,2025-09-08|2025-09-09|2025-09-10|2025-09-11|2025-09-12|2025-09-15|2025-09-16|2025-09-17|2025-09-18|2025-09-19|2025-09-22|2025-09-23|2025-09-24|2025-09-25|2025-09-26|2025-09-29|2025-09-30|2025-10-01|2025-10-02|2025-10-03|2025-10-06|2025-10-07|2025-10-08|2025-10-09|2025-10-10|2025-10-13|2025-10-14|2025-10-15|2025-10-16|2025-10-17,2025-10-17 22:23:44,0.0
Realty Income,,2025-09-08|2025-09-09|2025-09-10|2025-09-11|2025-09-12|2025-09-15|2025-09-16|2025-09-17|2025-09-18|2025-09-19|2025-09-22|2025-09-23|2025-09-24|2025-09-25|2025-09-26|2025-09-29|2025-09-30|2025-10-01|2025-10-02|2025-10-03|2025-10-06|2025-10-07|2025-10-08|2025-10-09|2025-10-10|2025-10-13|2025-10-14|2025-10-15|2025-10-16|2025-10-17,2025-10-17 22:23:44,0.0
Middleby,,2025-09-08|2025-09-09|2025-09-10|2025-09-11|2025-09-12|2025-09-15|2025-09-16|2025-09-17|2025-09-18|2025-09-19|2025-09-22|2025-09-23|2025-09-24|2025-09-25|2025-09-26|2025-09-29|2025-09-30|2025-10-01|2025-10-02|2025-10-03|2025-10-06|2025-10-07|2025-10-08|2025-10-09|2025-10-10|2025-10-13|2025-10-14|2025-10-15|2025-10-16|2025-10-17,2025-10-17 22:23:44,0.0
M/I Homes,,2025-09-08|2025-09-09|2025-09-10|2025-09-11|2025-09-12|2025-09-15|2025-09-16|2025-09-17|2025-09-18|2025-09-19|2025-09-22|2025-09-23|2025-09-24|2025-09-25|2025-09-26|2025-09-29|2025-09-30|2025-10-01|2025-10-02|2025-10-03|2025-10-06|2025-10-07|2025-10-08|2025-10-09|2025-10-10|2025-10-13|2025-10-14|2025-10-15|2025-10-16|2025-10-17,2025-10-17 22:23:44,0.0
Hologic,,2025-09-08|2025-09-09|2025-09-10|2025-09-11|2025-09-12|2025-09-15|2025-09-16|2025-09-17|2025-09-18|2025-09-19|2025-09-22|2025-09-23|2025-09-24|2025-09-25|2025-09-26|2025-09-29|2025-09-30|2025-10-01|2025-10-02|2025-10-03|2025-10-06|2025-10-07|2025-10-08|2025-10-09|2025-10-10|2025-10-13|2025-10-14|2025-10-15|2025-10-16|2025-10-17,2025-10-17 22:23:44,0.0
Alliant Energy,,2025-09-08|2025-09-09|2025-09-10|2025-09-11|2025-09-12|2025-09-15|2025-09-16|2025-09-17|2025-09-18|2025-09-19|2025-09-22|2025-09-23|2025-09-24|2025-09-25|2025-09-26|2025-09-29|2025-09-30|2025-10-01|2025-10-02|2025-10-03|2025-10-06|2025-10-07|2025-10-08|2025-10-09|2025-10-10|2025-10-13|2025-10-14|2025-10-15|2025-10-16|2025-10-17,2025-10-17 22:23:44,0.0
Generac,,2025-09-08|2025-09-09|2025-09-10|2025-09-11|2025-09-12|2025-09-15|2025-09-16|2025-09-17|2025-09-18|2025-09-19|2025-09-22|2025-09-23|2025-09-24|2025-09-25|2025-09-26|2025-09-29|2025-09-30|2025-10-01|2025-10-02|2025-10-03|2025-10-06|2025-10-07|2025-10-08|2025-10-09|2025-10-10|2025-10-13|2025-10-14|2025-10-15|2025-10-16|2025-10-17,2025-10-17 22:23:44,0.0
MSC Industrial Direct,,2025-09-08|2025-09-09|2025-09-10|2025-09-11|2025-09-12|2025-09-15|2025-09-16|2025-09-17|2025-09-18|2025-09-19|2025-09-22|2025-09-23|2025-09-24|2025-09-25|2025-09-26|2025-09-29|2025-09-30|2025-10-01|2025-10-02|2025-10-03|2025-10-06|2025-10-07|2025-10-08|2025-10-09|2025-10-10|2025-10-13|2025-10-14|2025-10-15|2025-10-16|2025-10-17,2025-10-17 22:23:44,0.0
Rocket Companies,,2025-09-08|2025-09-09|2025-09-10|2025-09-11|2025-09-12|2025-09-15|2025-09-16|2025-09-17|2025-09-18|2025-09-19|2025-09-22|2025-09-23|2025-09-24|2025-09-25|2025-09-26|2025-09-29|2025-09-30|2025-10-01|2025-10-02|2025-10-03|2025-10-06|2025-10-07|2025-10-08|2025-10-09|2025-10-10|2025-10-13|2025-10-14|2025-10-15|2025-10-16|2025-10-17,2025-10-17 22:23:44,0.0
Upbound Group,,2025-09-08|2025-09-09|2025-09-10|2025-09-11|2025-09-12|2025-09-15|2025-09-16|2025-09-17|2025-09-18|2025-09-19|2025-09-22|2025-09-23|2025-09-24|2025-09-25|2025-09-26|2025-09-29|2025-09-30|2025-10-01|2025-10-02|2025-10-03|2025-10-06|2025-10-07|2025-10-08|2025-10-09|2025-10-10|2025-10-13|2025-10-14|2025-10-15|2025-10-16|2025-10-17,2025-10-17 22:23:44,0.0
East West Bancorp,,2025-09-08|2025-09-09|2025-09-10|2025-09-11|2025-09-12|2025-09-15|2025-09-16|2025-09-17|2025-09-18|2025-09-19|2025-09-22|2025-09-23|2025-09-24|2025-09-25|2025-09-26|2025-09-29|2025-09-30|2025-10-01|2025-10-02|2025-10-03|2025-10-06|2025-10-07|2025-10-08|2025-10-09|2025-10-10|2025-10-13|2025-10-14|2025-10-15|2025-10-16|2025-10-17,2025-10-17 22:23:44,0.0
Hilton Grand Vacations,,2025-09-08|2025-09-09|2025-09-10|2025-09-11|2025-09-12|2025-09-15|2025-09-16|2025-09-17|2025-09-18|2025-09-19|2025-09-22|2025-09-23|2025-09-24|2025-09-25|2025-09-26|2025-09-29|2025-09-30|2025-10-01|2025-10-02|2025-10-03|2025-10-06|2025-10-07|2025-10-08|2025-10-09|2025-10-10|2025-10-13|2025-10-14|2025-10-15|2025-10-16|2025-10-17,2025-10-17 22:23:44,0.0
Grocery Outlet Holding,,2025-09-08|2025-09-09|2025-09-10|2025-09-11|2025-09-12|2025-09-15|2025-09-16|2025-09-17|2025-09-18|2025-09-19|2025-09-22|2025-09-23|2025-09-24|2025-09-25|2025-09-26|2025-09-29|2025-09-30|2025-10-01|2025-10-02|2025-10-03|2025-10-06|2025-10-07|2025-10-08|2025-10-09|2025-10-10|2025-10-13|2025-10-14|2025-10-15|2025-10-16|2025-10-17,2025-10-17 22:23:44,0.0
Dentsply Sirona,,2025-09-08|2025-09-09|2025-09-10|2025-09-11|2025-09-12|2025-09-15|2025-09-16|2025-09-17|2025-09-18|2025-09-19|2025-09-22|2025-09-23|2025-09-24|2025-09-25|2025-09-26|2025-09-29|2025-09-30|2025-10-01|2025-10-02|2025-10-03|2025-10-06|2025-10-07|2025-10-08|2025-10-09|2025-10-10|2025-10-13|2025-10-14|2025-10-15|2025-10-16|2025-10-17,2025-10-17 22:23:44,0.0
V2X,,2025-09-08|2025-09-09|2025-09-10|2025-09-11|2025-09-12|2025-09-15|2025-09-16|2025-09-17|2025-09-18|2025-09-19|2025-09-22|2025-09-23|2025-09-24|2025-09-25|2025-09-26|2025-09-29|2025-09-30|2025-10-01|2025-10-02|2025-10-03|2025-10-06|2025-10-07|2025-10-08|2025-10-09|2025-10-10|2025-10-13|2025-10-14|2025-10-15|2025-10-16|2025-10-17,2025-10-17 22:23:44,0.0
Crocs,,2025-09-08|2025-09-09|2025-09-10|2025-09-11|2025-09-12|2025-09-15|2025-09-16|2025-09-17|2025-09-18|2025-09-19|2025-09-22|2025-09-23|2025-09-24|2025-09-25|2025-09-26|2025-09-29|2025-09-30|2025-10-01|2025-10-02|2025-10-03|2025-10-06|2025-10-07|2025-10-08|2025-10-09|2025-10-10|2025-10-13|2025-10-14|2025-10-15|2025-10-16|2025-10-17,2025-10-17 22:23:44,0.0
Spectrum Brands,,2025-09-08|2025-09-09|2025-09-10|2025-09-11|2025-09-12|2025-09-15|2025-09-16|2025-09-17|2025-09-18|2025-09-19|2025-09-22|2025-09-23|2025-09-24|2025-09-25|2025-09-26|2025-09-29|2025-09-30|2025-10-01|2025-10-02|2025-10-03|2025-10-06|2025-10-07|2025-10-08|2025-10-09|2025-10-10|2025-10-13|2025-10-14|2025-10-15|2025-10-16|2025-10-17,2025-10-17 22:23:44,0.0
Visteon,,2025-09-08|2025-09-09|2025-09-10|2025-09-11|2025-09-12|2025-09-15|2025-09-16|2025-09-17|2025-09-18|2025-09-19|2025-09-22|2025-09-23|2025-09-24|2025-09-25|2025-09-26|2025-09-29|2025-09-30|2025-10-01|2025-10-02|2025-10-03|2025-10-06|2025-10-07|2025-10-08|2025-10-09|2025-10-10|2025-10-13|2025-10-14|2025-10-15|2025-10-16|2025-10-17,2025-10-17 22:23:44,0.0
Acuity Inc,,2025-09-08|2025-09-09|2025-09-10|2025-09-11|2025-09-12|2025-09-15|2025-09-16|2025-09-17|2025-09-18|2025-09-19|2025-09-22|2025-09-23|2025-09-24|2025-09-25|2025-09-26|2025-09-29|2025-09-30|2025-10-01|2025-10-02|2025-10-03|2025-10-06|2025-10-07|2025-10-08|2025-10-09|2025-10-10|2025-10-13|2025-10-14|2025-10-15|2025-10-16|2025-10-17,2025-10-17 22:23:44,0.0
The Greenbrier Companies,,2025-09-08|2025-09-09|2025-09-10|2025-09-11|2025-09-12|2025-09-15|2025-09-16|2025-09-17|2025-09-18|2025-09-19|2025-09-22|2025-09-23|2025-09-24|2025-09-25|2025-09-26|2025-09-29|2025-09-30|2025-10-01|2025-10-02|2025-10-03|2025-10-06|2025-10-07|2025-10-08|2025-10-09|2025-10-10|2025-10-13|2025-10-14|2025-10-15|2025-10-16|2025-10-17,2025-10-17 22:23:44,0.0
Webster Financial,,2025-09-08|2025-09-09|2025-09-10|2025-09-11|2025-09-12|2025-09-15|2025-09-16|2025-09-17|2025-09-18|2025-09-19|2025-09-22|2025-09-23|2025-09-24|2025-09-25|2025-09-26|2025-09-29|2025-09-30|2025-10-01|2025-10-02|2025-10-03|2025-10-06|2025-10-07|2025-10-08|2025-10-09|2025-10-10|2025-10-13|2025-10-14|2025-10-15|2025-10-16|2025-10-17,2025-10-17 22:23:44,0.0
Cabot Corporation,,2025-09-08|2025-09-09|2025-09-10|2025-09-11|2025-09-12|2025-09-15|2025-09-16|2025-09-17|2025-09-18|2025-09-19|2025-09-22|2025-09-23|2025-09-24|2025-09-25|2025-09-26|2025-09-29|2025-09-30|2025-10-01|2025-10-02|2025-10-03|2025-10-06|2025-10-07|2025-10-08|2025-10-09|2025-10-10|2025-10-13|2025-10-14|2025-10-15|2025-10-16|2025-10-17,2025-10-17 22:23:44,0.0
RXO Inc,,2025-09-08|2025-09-09|2025-09-10|2025-09-11|2025-09-12|2025-09-15|2025-09-16|2025-09-17|2025-09-18|2025-09-19|2025-09-22|2025-09-23|2025-09-24|2025-09-25|2025-09-26|2025-09-29|2025-09-30|2025-10-01|2025-10-02|2025-10-03|2025-10-06|2025-10-07|2025-10-08|2025-10-09|2025-10-10|2025-10-13|2025-10-14|2025-10-15|2025-10-16|2025-10-17,2025-10-17 22:23:44,0.0
Chord Energy,,2025-09-08|2025-09-09|2025-09-10|2025-09-11|2025-09-12|2025-09-15|2025-09-16|2025-09-17|2025-09-18|2025-09-19|2025-09-22|2025-09-23|2025-09-24|2025-09-25|2025-09-26|2025-09-29|2025-09-30|2025-10-01|2025-10-02|2025-10-03|2025-10-06|2025-10-07|2025-10-08|2025-10-09|2025-10-10|2025-10-13|2025-10-14|2025-10-15|2025-10-16|2025-10-17,2025-10-17 22:23:44,0.0
Popular Inc,,2025-09-08|2025-09-09|2025-09-10|2025-09-11|2025-09-12|2025-09-15|2025-09-16|2025-09-17|2025-09-18|2025-09-19|2025-09-22|2025-09-23|2025-09-24|2025-09-25|2025-09-26|2025-09-29|2025-09-30|2025-10-01|2025-10-02|2025-10-03|2025-10-06|2025-10-07|2025-10-08|2025-10-09|2025-10-10|2025-10-13|2025-10-14|2025-10-15|2025-10-16|2025-10-17,2025-10-17 22:23:44,0.0
Garrett Motion Inc,,2025-09-08|2025-09-09|2025-09-10|2025-09-11|2025-09-12|2025-09-15|2025-09-16|2025-09-17|2025-09-18|2025-09-19|2025-09-22|2025-09-23|2025-09-24|2025-09-25|2025-09-26|2025-09-29|2025-09-30|2025-10-01|2025-10-02|2025-10-03|2025-10-06|2025-10-07|2025-10-08|2025-10-09|2025-10-10|2025-10-13|2025-10-14|2025-10-15|2025-10-16|2025-10-17,2025-10-17 22:23:44,0.0
Tutor Perini Corporation,,2025-09-08|2025-09-09|2025-09-10|2025-09-11|2025-09-12|2025-09-15|2025-09-16|2025-09-17|2025-09-18|2025-09-19|2025-09-22|2025-09-23|2025-09-24|2025-09-25|2025-09-26|2025-09-29|2025-09-30|2025-10-01|2025-10-02|2025-10-03|2025-10-06|2025-10-07|2025-10-08|2025-10-09|2025-10-10|2025-10-13|2025-10-14|2025-10-15|2025-10-16|2025-10-17,2025-10-17 22:23:44,0.0
Copart,,2025-09-08|2025-09-09|2025-09-10|2025-09-11|2025-09-12|2025-09-15|2025-09-16|2025-09-17|2025-09-18|2025-09-19|2025-09-22|2025-09-23|2025-09-24|2025-09-25|2025-09-26|2025-09-29|2025-09-30|2025-10-01|2025-10-02|2025-10-03|2025-10-06|2025-10-07|2025-10-08|2025-10-09|2025-10-10|2025-10-13|2025-10-14|2025-10-15|2025-10-16|2025-10-17,2025-10-17 22:23:44,0.0
Toast Inc,,2025-09-08|2025-09-09|2025-09-10|2025-09-11|2025-09-12|2025-09-15|2025-09-16|2025-09-17|2025-09-18|2025-09-19|2025-09-22|2025-09-23|2025-09-24|2025-09-25|2025-09-26|2025-09-29|2025-09-30|2025-10-01|2025-10-02|2025-10-03|2025-10-06|2025-10-07|2025-10-08|2025-10-09|2025-10-10|2025-10-13|2025-10-14|2025-10-15|2025-10-16|2025-10-17,2025-10-17 22:23:44,0.0
Align Technology,,2025-09-08|2025-09-09|2025-09-10|2025-09-11|2025-09-12|2025-09-15|2025-09-16|2025-09-17|2025-09-18|2025-09-19|2025-09-22|2025-09-23|2025-09-24|2025-09-25|2025-09-26|2025-09-29|2025-09-30|2025-10-01|2025-10-02|2025-10-03|2025-10-06|2025-10-07|2025-10-08|2025-10-09|2025-10-10|2025-10-13|2025-10-14|2025-10-15|2025-10-16|2025-10-17,2025-10-17 22:23:44,0.0
A O Smith,,2025-09-08|2025-09-09|2025-09-10|2025-09-11|2025-09-12|2025-09-15|2025-09-16|2025-09-17|2025-09-18|2025-09-19|2025-09-22|2025-09-23|2025-09-24|2025-09-25|2025-09-26|2025-09-29|2025-09-30|2025-10-01|2025-10-02|2025-10-03|2025-10-06|2025-10-07|2025-10-08|2025-10-09|2025-10-10|2025-10-13|2025-10-14|2025-10-15|2025-10-16|2025-10-17,2025-10-17 22:23:44,0.0
TransUnion,,2025-09-08|2025-09-09|2025-09-10|2025-09-11|2025-09-12|2025-09-15|2025-09-16|2025-09-17|2025-09-18|2025-09-19|2025-09-22|2025-09-23|2025-09-24|2025-09-25|2025-09-26|2025-09-29|2025-09-30|2025-10-01|2025-10-02|2025-10-03|2025-10-06|2025-10-07|2025-10-08|2025-10-09|2025-10-10|2025-10-13|2025-10-14|2025-10-15|2025-10-16|2025-10-17,2025-10-17 22:23:44,0.0
NCR Voyix,,2025-09-08|2025-09-09|2025-09-10|2025-09-11|2025-09-12|2025-09-15|2025-09-16|2025-09-17|2025-09-18|2025-09-19|2025-09-22|2025-09-23|2025-09-24|2025-09-25|2025-09-26|2025-09-29|2025-09-30|2025-10-01|2025-10-02|2025-10-03|2025-10-06|2025-10-07|2025-10-08|2025-10-09|2025-10-10|2025-10-13|2025-10-14|2025-10-15|2025-10-16|2025-10-17,2025-10-17 22:23:44,0.0
Akamai Technologies,,2025-09-08|2025-09-09|2025-09-10|2025-09-11|2025-09-12|2025-09-15|2025-09-16|2025-09-17|2025-09-18|2025-09-19|2025-09-22|2025-09-23|2025-09-24|2025-09-25|2025-09-26|2025-09-29|2025-09-30|2025-10-01|2025-10-02|2025-10-03|2025-10-06|2025-10-07|2025-10-08|2025-10-09|2025-10-10|2025-10-13|2025-10-14|2025-10-15|2025-10-16|2025-10-17,2025-10-17 22:23:44,0.0
Trimble Inc,,2025-09-08|2025-09-09|2025-09-10|2025-09-11|2025-09-12|2025-09-15|2025-09-16|2025-09-17|2025-09-18|2025-09-19|2025-09-22|2025-09-23|2025-09-24|2025-09-25|2025-09-26|2025-09-29|2025-09-30|2025-10-01|2025-10-02|2025-10-03|2025-10-06|2025-10-07|2025-10-08|2025-10-09|2025-10-10|2025-10-13|2025-10-14|2025-10-15|2025-10-16|2025-10-17,2025-10-17 22:23:44,0.0
AMN Healthcare Services,,2025-09-08|2025-09-09|2025-09-10|2025-09-11|2025-09-12|2025-09-15|2025-09-16|2025-09-17|2025-09-18|2025-09-19|2025-09-22|2025-09-23|2025-09-24|2025-09-25|2025-09-26|2025-09-29|2025-09-30|2025-10-01|2025-10-02|2025-10-03|2025-10-06|2025-10-07|2025-10-08|2025-10-09|2025-10-10|2025-10-13|2025-10-14|2025-10-15|2025-10-16|2025-10-17,2025-10-17 22:23:44,0.0
Mettler-Toledo International,,2025-09-08|2025-09-09|2025-09-10|2025-09-11|2025-09-12|2025-09-15|2025-09-16|2025-09-17|2025-09-18|2025-09-19|2025-09-22|2025-09-23|2025-09-24|2025-09-25|2025-09-26|2025-09-29|2025-09-30|2025-10-01|2025-10-02|2025-10-03|2025-10-06|2025-10-07|2025-10-08|2025-10-09|2025-10-10|2025-10-13|2025-10-14|2025-10-15|2025-10-16|2025-10-17,2025-10-17 22:23:44,0.0
ScanSource,,2025-09-08|2025-09-09|2025-09-10|2025-09-11|2025-09-12|2025-09-15|2025-09-16|2025-09-17|2025-09-18|2025-09-19|2025-09-22|2025-09-23|2025-09-24|2025-09-25|2025-09-26|2025-09-29|2025-09-30|2025-10-01|2025-10-02|2025-10-03|2025-10-06|2025-10-07|2025-10-08|2025-10-09|2025-10-10|2025-10-13|2025-10-14|2025-10-15|2025-10-16|2025-10-17,2025-10-17 22:23:44,0.0
LCI Industries,,2025-09-08|2025-09-09|2025-09-10|2025-09-11|2025-09-12|2025-09-15|2025-09-16|2025-09-17|2025-09-18|2025-09-19|2025-09-22|2025-09-23|2025-09-24|2025-09-25|2025-09-26|2025-09-29|2025-09-30|2025-10-01|2025-10-02|2025-10-03|2025-10-06|2025-10-07|2025-10-08|2025-10-09|2025-10-10|2025-10-13|2025-10-14|2025-10-15|2025-10-16|2025-10-17,2025-10-17 22:23:44,0.0
Cboe Global Markets,,2025-09-08|2025-09-09|2025-09-10|2025-09-11|2025-09-12|2025-09-15|2025-09-16|2025-09-17|2025-09-18|2025-09-19|2025-09-22|2025-09-23|2025-09-24|2025-09-25|2025-09-26|2025-09-29|2025-09-30|2025-10-01|2025-10-02|2025-10-03|2025-10-06|2025-10-07|2025-10-08|2025-10-09|2025-10-10|2025-10-13|2025-10-14|2025-10-15|2025-10-16|2025-10-17,2025-10-17 22:23:44,0.0
Diebold Nixdorf,,2025-09-08|2025-09-09|2025-09-10|2025-09-11|2025-09-12|2025-09-15|2025-09-16|2025-09-17|2025-09-18|2025-09-19|2025-09-22|2025-09-23|2025-09-24|2025-09-25|2025-09-26|2025-09-29|2025-09-30|2025-10-01|2025-10-02|2025-10-03|2025-10-06|2025-10-07|2025-10-08|2025-10-09|2025-10-10|2025-10-13|2025-10-14|2025-10-15|2025-10-16|2025-10-17,2025-10-17 22:23:44,0.0
Corpay,,2025-09-08|2025-09-09|2025-09-10|2025-09-11|2025-09-12|2025-09-15|2025-09-16|2025-09-17|2025-09-18|2025-09-19|2025-09-22|2025-09-23|2025-09-24|2025-09-25|2025-09-26|2025-09-29|2025-09-30|2025-10-01|2025-10-02|2025-10-03|2025-10-06|2025-10-07|2025-10-08|2025-10-09|2025-10-10|2025-10-13|2025-10-14|2025-10-15|2025-10-16|2025-10-17,2025-10-17 22:23:44,0.0
iHeartMedia,,2025-09-08|2025-09-09|2025-09-10|2025-09-11|2025-09-12|2025-09-15|2025-09-16|2025-09-17|2025-09-18|2025-09-19|2025-09-22|2025-09-23|2025-09-24|2025-09-25|2025-09-26|2025-09-29|2025-09-30|2025-10-01|2025-10-02|2025-10-03|2025-10-06|2025-10-07|2025-10-08|2025-10-09|2025-10-10|2025-10-13|2025-10-14|2025-10-15|2025-10-16|2025-10-17,2025-10-17 22:23:44,0.0
Dream Finders Homes,,2025-09-08|2025-09-09|2025-09-10|2025-09-11|2025-09-12|2025-09-15|2025-09-16|2025-09-17|2025-09-18|2025-09-19|2025-09-22|2025-09-23|2025-09-24|2025-09-25|2025-09-26|2025-09-29|2025-09-30|2025-10-01|2025-10-02|2025-10-03|2025-10-06|2025-10-07|2025-10-08|2025-10-09|2025-10-10|2025-10-13|2025-10-14|2025-10-15|2025-10-16|2025-10-17,2025-10-17 22:23:44,0.0
Boyd Gaming,,2025-09-08|2025-09-09|2025-09-10|2025-09-11|2025-09-12|2025-09-15|2025-09-16|2025-09-17|2025-09-18|2025-09-19|2025-09-22|2025-09-23|2025-09-24|2025-09-25|2025-09-26|2025-09-29|2025-09-30|2025-10-01|2025-10-02|2025-10-03|2025-10-06|2025-10-07|2025-10-08|2025-10-09|2025-10-10|2025-10-13|2025-10-14|2025-10-15|2025-10-16|2025-10-17,2025-10-17 22:23:44,0.0
Ensign Group,,2025-09-08|2025-09-09|2025-09-10|2025-09-11|2025-09-12|2025-09-15|2025-09-16|2025-09-17|2025-09-18|2025-09-19|2025-09-22|2025-09-23|2025-09-24|2025-09-25|2025-09-26|2025-09-29|2025-09-30|2025-10-01|2025-10-02|2025-10-03|2025-10-06|2025-10-07|2025-10-08|2025-10-09|2025-10-10|2025-10-13|2025-10-14|2025-10-15|2025-10-16|2025-10-17,2025-10-17 22:23:44,0.0
Sally Beauty,,2025-09-08|2025-09-09|2025-09-10|2025-09-11|2025-09-12|2025-09-15|2025-09-16|2025-09-17|2025-09-18|2025-09-19|2025-09-22|2025-09-23|2025-09-24|2025-09-25|2025-09-26|2025-09-29|2025-09-30|2025-10-01|2025-10-02|2025-10-03|2025-10-06|2025-10-07|2025-10-08|2025-10-09|2025-10-10|2025-10-13|2025-10-14|2025-10-15|2025-10-16|2025-10-17,2025-10-17 22:23:44,0.0
Conduent,,2025-09-08|2025-09-09|2025-09-10|2025-09-11|2025-09-12|2025-09-15|2025-09-16|2025-09-17|2025-09-18|2025-09-19|2025-09-22|2025-09-23|2025-09-24|2025-09-25|2025-09-26|2025-09-29|2025-09-30|2025-10-01|2025-10-02|2025-10-03|2025-10-06|2025-10-07|2025-10-08|2025-10-09|2025-10-10|2025-10-13|2025-10-14|2025-10-15|2025-10-16|2025-10-17,2025-10-17 22:23:44,0.0
Sylvamo,,2025-09-08|2025-09-09|2025-09-10|2025-09-11|2025-09-12|2025-09-15|2025-09-16|2025-09-17|2025-09-18|2025-09-19|2025-09-22|2025-09-23|2025-09-24|2025-09-25|2025-09-26|2025-09-29|2025-09-30|2025-10-01|2025-10-02|2025-10-03|2025-10-06|2025-10-07|2025-10-08|2025-10-09|2025-10-10|2025-10-13|2025-10-14|2025-10-15|2025-10-16|2025-10-17,2025-10-17 22:23:44,0.0
Tri Pointe Homes,,2025-09-08|2025-09-09|2025-09-10|2025-09-11|2025-09-12|2025-09-15|2025-09-16|2025-09-17|2025-09-18|2025-09-19|2025-09-22|2025-09-23|2025-09-24|2025-09-25|2025-09-26|2025-09-29|2025-09-30|2025-10-01|2025-10-02|2025-10-03|2025-10-06|2025-10-07|2025-10-08|2025-10-09|2025-10-10|2025-10-13|2025-10-14|2025-10-15|2025-10-16|2025-10-17,2025-10-17 22:23:44,0.0
EnerSys,,2025-09-08|2025-09-09|2025-09-10|2025-09-11|2025-09-12|2025-09-15|2025-09-16|2025-09-17|2025-09-18|2025-09-19|2025-09-22|2025-09-23|2025-09-24|2025-09-25|2025-09-26|2025-09-29|2025-09-30|2025-10-01|2025-10-02|2025-10-03|2025-10-06|2025-10-07|2025-10-08|2025-10-09|2025-10-10|2025-10-13|2025-10-14|2025-10-15|2025-10-16|2025-10-17,2025-10-17 22:23:44,0.0
Incyte,,2025-09-08|2025-09-09|2025-09-10|2025-09-11|2025-09-12|2025-09-15|2025-09-16|2025-09-17|2025-09-18|2025-09-19|2025-09-22|2025-09-23|2025-09-24|2025-09-25|2025-09-26|2025-09-29|2025-09-30|2025-10-01|2025-10-02|2025-10-03|2025-10-06|2025-10-07|2025-10-08|2025-10-09|2025-10-10|2025-10-13|2025-10-14|2025-10-15|2025-10-16|2025-10-17,2025-10-17 22:23:44,0.0
Century Communities,,2025-09-08|2025-09-09|2025-09-10|2025-09-11|2025-09-12|2025-09-15|2025-09-16|2025-09-17|2025-09-18|2025-09-19|2025-09-22|2025-09-23|2025-09-24|2025-09-25|2025-09-26|2025-09-29|2025-09-30|2025-10-01|2025-10-02|2025-10-03|2025-10-06|2025-10-07|2025-10-08|2025-10-09|2025-10-10|2025-10-13|2025-10-14|2025-10-15|2025-10-16|2025-10-17,2025-10-17 22:23:44,0.0
Rithm Capital,,2025-09-08|2025-09-09|2025-09-10|2025-09-11|2025-09-12|2025-09-15|2025-09-16|2025-09-17|2025-09-18|2025-09-19|2025-09-22|2025-09-23|2025-09-24|2025-09-25|2025-09-26|2025-09-29|2025-09-30|2025-10-01|2025-10-02|2025-10-03|2025-10-06|2025-10-07|2025-10-08|2025-10-09|2025-10-10|2025-10-13|2025-10-14|2025-10-15|2025-10-16|2025-10-17,2025-10-17 22:23:44,0.0
Euronet Worldwide,,2025-09-08|2025-09-09|2025-09-10|2025-09-11|2025-09-12|2025-09-15|2025-09-16|2025-09-17|2025-09-18|2025-09-19|2025-09-22|2025-09-23|2025-09-24|2025-09-25|2025-09-26|2025-09-29|2025-09-30|2025-10-01|2025-10-02|2025-10-03|2025-10-06|2025-10-07|2025-10-08|2025-10-09|2025-10-10|2025-10-13|2025-10-14|2025-10-15|2025-10-16|2025-10-17,2025-10-17 22:23:44,0.0
Hawaiian Electric Industries,,2025-09-08|2025-09-09|2025-09-10|2025-09-11|2025-09-12|2025-09-15|2025-09-16|2025-09-17|2025-09-18|2025-09-19|2025-09-22|2025-09-23|2025-09-24|2025-09-25|2025-09-26|2025-09-29|2025-09-30|2025-10-01|2025-10-02|2025-10-03|2025-10-06|2025-10-07|2025-10-08|2025-10-09|2025-10-10|2025-10-13|2025-10-14|2025-10-15|2025-10-16|2025-10-17,2025-10-17 22:23:44,0.0
DraftKings,,2025-09-08|2025-09-09|2025-09-10|2025-09-11|2025-09-12|2025-09-15|2025-09-16|2025-09-17|2025-09-18|2025-09-19|2025-09-22|2025-09-23|2025-09-24|2025-09-25|2025-09-26|2025-09-29|2025-09-30|2025-10-01|2025-10-02|2025-10-03|2025-10-06|2025-10-07|2025-10-08|2025-10-09|2025-10-10|2025-10-13|2025-10-14|2025-10-15|2025-10-16|2025-10-17,2025-10-17 22:23:44,0.0
IDEXX Laboratories,,2025-09-08|2025-09-09|2025-09-10|2025-09-11|2025-09-12|2025-09-15|2025-09-16|2025-09-17|2025-09-18|2025-09-19|2025-09-22|2025-09-23|2025-09-24|2025-09-25|2025-09-26|2025-09-29|2025-09-30|2025-10-01|2025-10-02|2025-10-03|2025-10-06|2025-10-07|2025-10-08|2025-10-09|2025-10-10|2025-10-13|2025-10-14|2025-10-15|2025-10-16|2025-10-17,2025-10-17 22:23:44,0.0
MYR Group,,2025-09-08|2025-09-09|2025-09-10|2025-09-11|2025-09-12|2025-09-15|2025-09-16|2025-09-17|2025-09-18|2025-09-19|2025-09-22|2025-09-23|2025-09-24|2025-09-25|2025-09-26|2025-09-29|2025-09-30|2025-10-01|2025-10-02|2025-10-03|2025-10-06|2025-10-07|2025-10-08|2025-10-09|2025-10-10|2025-10-13|2025-10-14|2025-10-15|2025-10-16|2025-10-17,2025-10-17 22:23:44,0.0
Deckers Outdoor,,2025-09-08|2025-09-09|2025-09-10|2025-09-11|2025-09-12|2025-09-15|2025-09-16|2025-09-17|2025-09-18|2025-09-19|2025-09-22|2025-09-23|2025-09-24|2025-09-25|2025-09-26|2025-09-29|2025-09-30|2025-10-01|2025-10-02|2025-10-03|2025-10-06|2025-10-07|2025-10-08|2025-10-09|2025-10-10|2025-10-13|2025-10-14|2025-10-15|2025-10-16|2025-10-17,2025-10-17 22:23:44,0.0
DexCom,,2025-09-08|2025-09-09|2025-09-10|2025-09-11|2025-09-12|2025-09-15|2025-09-16|2025-09-17|2025-09-18|2025-09-19|2025-09-22|2025-09-23|2025-09-24|2025-09-25|2025-09-26|2025-09-29|2025-09-30|2025-10-01|2025-10-02|2025-10-03|2025-10-06|2025-10-07|2025-10-08|2025-10-09|2025-10-10|2025-10-13|2025-10-14|2025-10-15|2025-10-16|2025-10-17,2025-10-17 22:23:44,0.0
MKS Instruments,,2025-09-08|2025-09-09|2025-09-10|2025-09-11|2025-09-12|2025-09-15|2025-09-16|2025-09-17|2025-09-18|2025-09-19|2025-09-22|2025-09-23|2025-09-24|2025-09-25|2025-09-26|2025-09-29|2025-09-30|2025-10-01|2025-10-02|2025-10-03|2025-10-06|2025-10-07|2025-10-08|2025-10-09|2025-10-10|2025-10-13|2025-10-14|2025-10-15|2025-10-16|2025-10-17,2025-10-17 22:23:44,0.0
VICI Properties,,2025-09-08|2025-09-09|2025-09-10|2025-09-11|2025-09-12|2025-09-15|2025-09-16|2025-09-17|2025-09-18|2025-09-19|2025-09-22|2025-09-23|2025-09-24|2025-09-25|2025-09-26|2025-09-29|2025-09-30|2025-10-01|2025-10-02|2025-10-03|2025-10-06|2025-10-07|2025-10-08|2025-10-09|2025-10-10|2025-10-13|2025-10-14|2025-10-15|2025-10-16|2025-10-17,2025-10-17 22:23:44,0.0
Cooper Cos,,2025-09-08|2025-09-09|2025-09-10|2025-09-11|2025-09-12|2025-09-15|2025-09-16|2025-09-17|2025-09-18|2025-09-19|2025-09-22|2025-09-23|2025-09-24|2025-09-25|2025-09-26|2025-09-29|2025-09-30|2025-10-01|2025-10-02|2025-10-03|2025-10-06|2025-10-07|2025-10-08|2025-10-09|2025-10-10|2025-10-13|2025-10-14|2025-10-15|2025-10-16|2025-10-17,2025-10-17 22:23:44,0.0
Frontier Airlines,,2025-09-08|2025-09-09|2025-09-10|2025-09-11|2025-09-12|2025-09-15|2025-09-16|2025-09-17|2025-09-18|2025-09-19|2025-09-22|2025-09-23|2025-09-24|2025-09-25|2025-09-26|2025-09-29|2025-09-30|2025-10-01|2025-10-02|2025-10-03|2025-10-06|2025-10-07|2025-10-08|2025-10-09|2025-10-10|2025-10-13|2025-10-14|2025-10-15|2025-10-16|2025-10-17,2025-10-17 22:23:44,0.0
Qorvo,,2025-09-08|2025-09-09|2025-09-10|2025-09-11|2025-09-12|2025-09-15|2025-09-16|2025-09-17|2025-09-18|2025-09-19|2025-09-22|2025-09-23|2025-09-24|2025-09-25|2025-09-26|2025-09-29|2025-09-30|2025-10-01|2025-10-02|2025-10-03|2025-10-06|2025-10-07|2025-10-08|2025-10-09|2025-10-10|2025-10-13|2025-10-14|2025-10-15|2025-10-16|2025-10-17,2025-10-17 22:23:44,0.0
Five Below,,2025-09-08|2025-09-09|2025-09-10|2025-09-11|2025-09-12|2025-09-15|2025-09-16|2025-09-17|2025-09-18|2025-09-19|2025-09-22|2025-09-23|2025-09-24|2025-09-25|2025-09-26|2025-09-29|2025-09-30|2025-10-01|2025-10-02|2025-10-03|2025-10-06|2025-10-07|2025-10-08|2025-10-09|2025-10-10|2025-10-13|2025-10-14|2025-10-15|2025-10-16|2025-10-17,2025-10-17 22:23:44,0.0
TreeHouse Foods,,2025-09-08|2025-09-09|2025-09-10|2025-09-11|2025-09-12|2025-09-15|2025-09-16|2025-09-17|2025-09-18|2025-09-19|2025-09-22|2025-09-23|2025-09-24|2025-09-25|2025-09-26|2025-09-29|2025-09-30|2025-10-01|2025-10-02|2025-10-03|2025-10-06|2025-10-07|2025-10-08|2025-10-09|2025-10-10|2025-10-13|2025-10-14|2025-10-15|2025-10-16|2025-10-17,2025-10-17 22:23:44,0.0
Scotts Miracle-Gro,,2025-09-08|2025-09-09|2025-09-10|2025-09-11|2025-09-12|2025-09-15|2025-09-16|2025-09-17|2025-09-18|2025-09-19|2025-09-22|2025-09-23|2025-09-24|2025-09-25|2025-09-26|2025-09-29|2025-09-30|2025-10-01|2025-10-02|2025-10-03|2025-10-06|2025-10-07|2025-10-08|2025-10-09|2025-10-10|2025-10-13|2025-10-14|2025-10-15|2025-10-16|2025-10-17,2025-10-17 22:23:44,0.0
Atlassian,,2025-09-08|2025-09-09|2025-09-10|2025-09-11|2025-09-12|2025-09-15|2025-09-16|2025-09-17|2025-09-18|2025-09-19|2025-09-22|2025-09-23|2025-09-24|2025-09-25|2025-09-26|2025-09-29|2025-09-30|2025-10-01|2025-10-02|2025-10-03|2025-10-06|2025-10-07|2025-10-08|2025-10-09|2025-10-10|2025-10-13|2025-10-14|2025-10-15|2025-10-16|2025-10-17,2025-10-17 22:23:44,0.0
Entegris,,2025-09-08|2025-09-09|2025-09-10|2025-09-11|2025-09-12|2025-09-15|2025-09-16|2025-09-17|2025-09-18|2025-09-19|2025-09-22|2025-09-23|2025-09-24|2025-09-25|2025-09-26|2025-09-29|2025-09-30|2025-10-01|2025-10-02|2025-10-03|2025-10-06|2025-10-07|2025-10-08|2025-10-09|2025-10-10|2025-10-13|2025-10-14|2025-10-15|2025-10-16|2025-10-17,2025-10-17 22:23:44,0.0
Atkore,,2025-09-08|2025-09-09|2025-09-10|2025-09-11|2025-09-12|2025-09-15|2025-09-16|2025-09-17|2025-09-18|2025-09-19|2025-09-22|2025-09-23|2025-09-24|2025-09-25|2025-09-26|2025-09-29|2025-09-30|2025-10-01|2025-10-02|2025-10-03|2025-10-06|2025-10-07|2025-10-08|2025-10-09|2025-10-10|2025-10-13|2025-10-14|2025-10-15|2025-10-16|2025-10-17,2025-10-17 22:23:44,0.0
HB Fuller,,2025-09-08|2025-09-09|2025-09-10|2025-09-11|2025-09-12|2025-09-15|2025-09-16|2025-09-17|2025-09-18|2025-09-19|2025-09-22|2025-09-23|2025-09-24|2025-09-25|2025-09-26|2025-09-29|2025-09-30|2025-10-01|2025-10-02|2025-10-03|2025-10-06|2025-10-07|2025-10-08|2025-10-09|2025-10-10|2025-10-13|2025-10-14|2025-10-15|2025-10-16|2025-10-17,2025-10-17 22:23:44,0.0
Granite Construction,,2025-09-08|2025-09-09|2025-09-10|2025-09-11|2025-09-12|2025-09-15|2025-09-16|2025-09-17|2025-09-18|2025-09-19|2025-09-22|2025-09-23|2025-09-24|2025-09-25|2025-09-26|2025-09-29|2025-09-30|2025-10-01|2025-10-02|2025-10-03|2025-10-06|2025-10-07|2025-10-08|2025-10-09|2025-10-10|2025-10-13|2025-10-14|2025-10-15|2025-10-16|2025-10-17,2025-10-17 22:23:44,0.0
Winnebago Industries,,2025-09-08|2025-09-09|2025-09-10|2025-09-11|2025-09-12|2025-09-15|2025-09-16|2025-09-17|2025-09-18|2025-09-19|2025-09-22|2025-09-23|2025-09-24|2025-09-25|2025-09-26|2025-09-29|2025-09-30|2025-10-01|2025-10-02|2025-10-03|2025-10-06|2025-10-07|2025-10-08|2025-10-09|2025-10-10|2025-10-13|2025-10-14|2025-10-15|2025-10-16|2025-10-17,2025-10-17 22:23:44,0.0
FTI Consulting,,2025-09-08|2025-09-09|2025-09-10|2025-09-11|2025-09-12|2025-09-15|2025-09-16|2025-09-17|2025-09-18|2025-09-19|2025-09-22|2025-09-23|2025-09-24|2025-09-25|2025-09-26|2025-09-29|2025-09-30|2025-10-01|2025-10-02|2025-10-03|2025-10-06|2025-10-07|2025-10-08|2025-10-09|2025-10-10|2025-10-13|2025-10-14|2025-10-15|2025-10-16|2025-10-17,2025-10-17 22:23:44,0.0
AptarGroup,,2025-09-08|2025-09-09|2025-09-10|2025-09-11|2025-09-12|2025-09-15|2025-09-16|2025-09-17|2025-09-18|2025-09-19|2025-09-22|2025-09-23|2025-09-24|2025-09-25|2025-09-26|2025-09-29|2025-09-30|2025-10-01|2025-10-02|2025-10-03|2025-10-06|2025-10-07|2025-10-08|2025-10-09|2025-10-10|2025-10-13|2025-10-14|2025-10-15|2025-10-16|2025-10-17,2025-10-17 22:23:44,0.0
Columbia Sportswear,,2025-09-08|2025-09-09|2025-09-10|2025-09-11|2025-09-12|2025-09-15|2025-09-16|2025-09-17|2025-09-18|2025-09-19|2025-09-22|2025-09-23|2025-09-24|2025-09-25|2025-09-26|2025-09-29|2025-09-30|2025-10-01|2025-10-02|2025-10-03|2025-10-06|2025-10-07|2025-10-08|2025-10-09|2025-10-10|2025-10-13|2025-10-14|2025-10-15|2025-10-16|2025-10-17,2025-10-17 22:23:44,0.0
Roku,,2025-09-08|2025-09-09|2025-09-10|2025-09-11|2025-09-12|2025-09-15|2025-09-16|2025-09-17|2025-09-18|2025-09-19|2025-09-22|2025-09-23|2025-09-24|2025-09-25|2025-09-26|2025-09-29|2025-09-30|2025-10-01|2025-10-02|2025-10-03|2025-10-06|2025-10-07|2025-10-08|2025-10-09|2025-10-10|2025-10-13|2025-10-14|2025-10-15|2025-10-16|2025-10-17,2025-10-17 22:23:44,0.0
Civitas Resources,,2025-09-08|2025-09-09|2025-09-10|2025-09-11|2025-09-12|2025-09-15|2025-09-16|2025-09-17|2025-09-18|2025-09-19|2025-09-22|2025-09-23|2025-09-24|2025-09-25|2025-09-26|2025-09-29|2025-09-30|2025-10-01|2025-10-02|2025-10-03|2025-10-06|2025-10-07|2025-10-08|2025-10-09|2025-10-10|2025-10-13|2025-10-14|2025-10-15|2025-10-16|2025-10-17,2025-10-17 22:23:44,0.0
Alpha Metallurgical Resources,,2025-09-08|2025-09-09|2025-09-10|2025-09-11|2025-09-12|2025-09-15|2025-09-16|2025-09-17|2025-09-18|2025-09-19|2025-09-22|2025-09-23|2025-09-24|2025-09-25|2025-09-26|2025-09-29|2025-09-30|2025-10-01|2025-10-02|2025-10-03|2025-10-06|2025-10-07|2025-10-08|2025-10-09|2025-10-10|2025-10-13|2025-10-14|2025-10-15|2025-10-16|2025-10-17,2025-10-17 22:23:44,0.0
Patrick Industries,,2025-09-08|2025-09-09|2025-09-10|2025-09-11|2025-09-12|2025-09-15|2025-09-16|2025-09-17|2025-09-18|2025-09-19|2025-09-22|2025-09-23|2025-09-24|2025-09-25|2025-09-26|2025-09-29|2025-09-30|2025-10-01|2025-10-02|2025-10-03|2025-10-06|2025-10-07|2025-10-08|2025-10-09|2025-10-10|2025-10-13|2025-10-14|2025-10-15|2025-10-16|2025-10-17,2025-10-17 22:23:44,0.0
Murphy Oil,,2025-09-08|2025-09-09|2025-09-10|2025-09-11|2025-09-12|2025-09-15|2025-09-16|2025-09-17|2025-09-18|2025-09-19|2025-09-22|2025-09-23|2025-09-24|2025-09-25|2025-09-26|2025-09-29|2025-09-30|2025-10-01|2025-10-02|2025-10-03|2025-10-06|2025-10-07|2025-10-08|2025-10-09|2025-10-10|2025-10-13|2025-10-14|2025-10-15|2025-10-16|2025-10-17,2025-10-17 22:23:44,0.0
Synovus Financial,,2025-09-08|2025-09-09|2025-09-10|2025-09-11|2025-09-12|2025-09-15|2025-09-16|2025-09-17|2025-09-18|2025-09-19|2025-09-22|2025-09-23|2025-09-24|2025-09-25|2025-09-26|2025-09-29|2025-09-30|2025-10-01|2025-10-02|2025-10-03|2025-10-06|2025-10-07|2025-10-08|2025-10-09|2025-10-10|2025-10-13|2025-10-14|2025-10-15|2025-10-16|2025-10-17,2025-10-17 22:23:44,0.0
Cracker Barrel Old Country Store,,2025-09-08|2025-09-09|2025-09-10|2025-09-11|2025-09-12|2025-09-15|2025-09-16|2025-09-17|2025-09-18|2025-09-19|2025-09-22|2025-09-23|2025-09-24|2025-09-25|2025-09-26|2025-09-29|2025-09-30|2025-10-01|2025-10-02|2025-10-03|2025-10-06|2025-10-07|2025-10-08|2025-10-09|2025-10-10|2025-10-13|2025-10-14|2025-10-15|2025-10-16|2025-10-17,2025-10-17 22:23:44,0.0
Cheesecake Factory,,2025-09-08|2025-09-09|2025-09-10|2025-09-11|2025-09-12|2025-09-15|2025-09-16|2025-09-17|2025-09-18|2025-09-19|2025-09-22|2025-09-23|2025-09-24|2025-09-25|2025-09-26|2025-09-29|2025-09-30|2025-10-01|2025-10-02|2025-10-03|2025-10-06|2025-10-07|2025-10-08|2025-10-09|2025-10-10|2025-10-13|2025-10-14|2025-10-15|2025-10-16|2025-10-17,2025-10-17 22:23:44,0.0
CNX Resources,,2025-09-08|2025-09-09|2025-09-10|2025-09-11|2025-09-12|2025-09-15|2025-09-16|2025-09-17|2025-09-18|2025-09-19|2025-09-22|2025-09-23|2025-09-24|2025-09-25|2025-09-26|2025-09-29|2025-09-30|2025-10-01|2025-10-02|2025-10-03|2025-10-06|2025-10-07|2025-10-08|2025-10-09|2025-10-10|2025-10-13|2025-10-14|2025-10-15|2025-10-16|2025-10-17,2025-10-17 22:23:44,0.0
Chefs Warehouse,,2025-09-08|2025-09-09|2025-09-10|2025-09-11|2025-09-12|2025-09-15|2025-09-16|2025-09-17|2025-09-18|2025-09-19|2025-09-22|2025-09-23|2025-09-24|2025-09-25|2025-09-26|2025-09-29|2025-09-30|2025-10-01|2025-10-02|2025-10-03|2025-10-06|2025-10-07|2025-10-08|2025-10-09|2025-10-10|2025-10-13|2025-10-14|2025-10-15|2025-10-16|2025-10-17,2025-10-17 22:23:44,0.0
Donaldson Company,,2025-09-08|2025-09-09|2025-09-10|2025-09-11|2025-09-12|2025-09-15|2025-09-16|2025-09-17|2025-09-18|2025-09-19|2025-09-22|2025-09-23|2025-09-24|2025-09-25|2025-09-26|2025-09-29|2025-09-30|2025-10-01|2025-10-02|2025-10-03|2025-10-06|2025-10-07|2025-10-08|2025-10-09|2025-10-10|2025-10-13|2025-10-14|2025-10-15|2025-10-16|2025-10-17,2025-10-17 22:23:44,0.0
Mueller Industries,,2025-09-08|2025-09-09|2025-09-10|2025-09-11|2025-09-12|2025-09-15|2025-09-16|2025-09-17|2025-09-18|2025-09-19|2025-09-22|2025-09-23|2025-09-24|2025-09-25|2025-09-26|2025-09-29|2025-09-30|2025-10-01|2025-10-02|2025-10-03|2025-10-06|2025-10-07|2025-10-08|2025-10-09|2025-10-10|2025-10-13|2025-10-14|2025-10-15|2025-10-16|2025-10-17,2025-10-17 22:23:44,0.0
MRC Global,,2025-09-08|2025-09-09|2025-09-10|2025-09-11|2025-09-12|2025-09-15|2025-09-16|2025-09-17|2025-09-18|2025-09-19|2025-09-22|2025-09-23|2025-09-24|2025-09-25|2025-09-26|2025-09-29|2025-09-30|2025-10-01|2025-10-02|2025-10-03|2025-10-06|2025-10-07|2025-10-08|2025-10-09|2025-10-10|2025-10-13|2025-10-14|2025-10-15|2025-10-16|2025-10-17,2025-10-17 22:23:44,0.0
Chart Industries,,2025-09-08|2025-09-09|2025-09-10|2025-09-11|2025-09-12|2025-09-15|2025-09-16|2025-09-17|2025-09-18|2025-09-19|2025-09-22|2025-09-23|2025-09-24|2025-09-25|2025-09-26|2025-09-29|2025-09-30|2025-10-01|2025-10-02|2025-10-03|2025-10-06|2025-10-07|2025-10-08|2025-10-09|2025-10-10|2025-10-13|2025-10-14|2025-10-15|2025-10-16|2025-10-17,2025-10-17 22:23:44,0.0
Alight Solutions,,2025-09-08|2025-09-09|2025-09-10|2025-09-11|2025-09-12|2025-09-15|2025-09-16|2025-09-17|2025-09-18|2025-09-19|2025-09-22|2025-09-23|2025-09-24|2025-09-25|2025-09-26|2025-09-29|2025-09-30|2025-10-01|2025-10-02|2025-10-03|2025-10-06|2025-10-07|2025-10-08|2025-10-09|2025-10-10|2025-10-13|2025-10-14|2025-10-15|2025-10-16|2025-10-17,2025-10-17 22:23:44,0.0
Vishay Intertechnology,,2025-09-08|2025-09-09|2025-09-10|2025-09-11|2025-09-12|2025-09-15|2025-09-16|2025-09-17|2025-09-18|2025-09-19|2025-09-22|2025-09-23|2025-09-24|2025-09-25|2025-09-26|2025-09-29|2025-09-30|2025-10-01|2025-10-02|2025-10-03|2025-10-06|2025-10-07|2025-10-08|2025-10-09|2025-10-10|2025-10-13|2025-10-14|2025-10-15|2025-10-16|2025-10-17,2025-10-17 22:23:44,0.0
Range Resources,,2025-09-08|2025-09-09|2025-09-10|2025-09-11|2025-09-12|2025-09-15|2025-09-16|2025-09-17|2025-09-18|2025-09-19|2025-09-22|2025-09-23|2025-09-24|2025-09-25|2025-09-26|2025-09-29|2025-09-30|2025-10-01|2025-10-02|2025-10-03|2025-10-06|2025-10-07|2025-10-08|2025-10-09|2025-10-10|2025-10-13|2025-10-14|2025-10-15|2025-10-16|2025-10-17,2025-10-17 22:23:44,0.0
Valley National Bancorp,,2025-09-08|2025-09-09|2025-09-10|2025-09-11|2025-09-12|2025-09-15|2025-09-16|2025-09-17|2025-09-18|2025-09-19|2025-09-22|2025-09-23|2025-09-24|2025-09-25|2025-09-26|2025-09-29|2025-09-30|2025-10-01|2025-10-02|2025-10-03|2025-10-06|2025-10-07|2025-10-08|2025-10-09|2025-10-10|2025-10-13|2025-10-14|2025-10-15|2025-10-16|2025-10-17,2025-10-17 22:23:44,0.0
Match Group,,2025-09-08|2025-09-09|2025-09-10|2025-09-11|2025-09-12|2025-09-15|2025-09-16|2025-09-17|2025-09-18|2025-09-19|2025-09-22|2025-09-23|2025-09-24|2025-09-25|2025-09-26|2025-09-29|2025-09-30|2025-10-01|2025-10-02|2025-10-03|2025-10-06|2025-10-07|2025-10-08|2025-10-09|2025-10-10|2025-10-13|2025-10-14|2025-10-15|2025-10-16|2025-10-17,2025-10-17 22:23:44,0.0
Gen Digital,,2025-09-08|2025-09-09|2025-09-10|2025-09-11|2025-09-12|2025-09-15|2025-09-16|2025-09-17|2025-09-18|2025-09-19|2025-09-22|2025-09-23|2025-09-24|2025-09-25|2025-09-26|2025-09-29|2025-09-30|2025-10-01|2025-10-02|2025-10-03|2025-10-06|2025-10-07|2025-10-08|2025-10-09|2025-10-10|2025-10-13|2025-10-14|2025-10-15|2025-10-16|2025-10-17,2025-10-17 22:23:44,0.0
Wintrust Financial,,2025-09-08|2025-09-09|2025-09-10|2025-09-11|2025-09-12|2025-09-15|2025-09-16|2025-09-17|2025-09-18|2025-09-19|2025-09-22|2025-09-23|2025-09-24|2025-09-25|2025-09-26|2025-09-29|2025-09-30|2025-10-01|2025-10-02|2025-10-03|2025-10-06|2025-10-07|2025-10-08|2025-10-09|2025-10-10|2025-10-13|2025-10-14|2025-10-15|2025-10-16|2025-10-17,2025-10-17 22:23:44,0.0
First Solar,,2025-09-08|2025-09-09|2025-09-10|2025-09-11|2025-09-12|2025-09-15|2025-09-16|2025-09-17|2025-09-18|2025-09-19|2025-09-22|2025-09-23|2025-09-24|2025-09-25|2025-09-26|2025-09-29|2025-09-30|2025-10-01|2025-10-02|2025-10-03|2025-10-06|2025-10-07|2025-10-08|2025-10-09|2025-10-10|2025-10-13|2025-10-14|2025-10-15|2025-10-16|2025-10-17,2025-10-17 22:23:44,0.0
Central Garden & Pet,,2025-09-08|2025-09-09|2025-09-10|2025-09-11|2025-09-12|2025-09-15|2025-09-16|2025-09-17|2025-09-18|2025-09-19|2025-09-22|2025-09-23|2025-09-24|2025-09-25|2025-09-26|2025-09-29|2025-09-30|2025-10-01|2025-10-02|2025-10-03|2025-10-06|2025-10-07|2025-10-08|2025-10-09|2025-10-10|2025-10-13|2025-10-14|2025-10-15|2025-10-16|2025-10-17,2025-10-17 22:23:44,0.0
Green Plains Inc,,2025-09-08|2025-09-09|2025-09-10|2025-09-11|2025-09-12|2025-09-15|2025-09-16|2025-09-17|2025-09-18|2025-09-19|2025-09-22|2025-09-23|2025-09-24|2025-09-25|2025-09-26|2025-09-29|2025-09-30|2025-10-01|2025-10-02|2025-10-03|2025-10-06|2025-10-07|2025-10-08|2025-10-09|2025-10-10|2025-10-13|2025-10-14|2025-10-15|2025-10-16|2025-10-17,2025-10-17 22:23:44,0.0
Werner Enterprises,,2025-09-08|2025-09-09|2025-09-10|2025-09-11|2025-09-12|2025-09-15|2025-09-16|2025-09-17|2025-09-18|2025-09-19|2025-09-22|2025-09-23|2025-09-24|2025-09-25|2025-09-26|2025-09-29|2025-09-30|2025-10-01|2025-10-02|2025-10-03|2025-10-06|2025-10-07|2025-10-08|2025-10-09|2025-10-10|2025-10-13|2025-10-14|2025-10-15|2025-10-16|2025-10-17,2025-10-17 22:23:44,0.0
AppLovin,,2025-09-08|2025-09-09|2025-09-10|2025-09-11|2025-09-12|2025-09-15|2025-09-16|2025-09-17|2025-09-18|2025-09-19|2025-09-22|2025-09-23|2025-09-24|2025-09-25|2025-09-26|2025-09-29|2025-09-30|2025-10-01|2025-10-02|2025-10-03|2025-10-06|2025-10-07|2025-10-08|2025-10-09|2025-10-10|2025-10-13|2025-10-14|2025-10-15|2025-10-16|2025-10-17,2025-10-17 22:23:44,0.0
ITT,,2025-09-08|2025-09-09|2025-09-10|2025-09-11|2025-09-12|2025-09-15|2025-09-16|2025-09-17|2025-09-18|2025-09-19|2025-09-22|2025-09-23|2025-09-24|2025-09-25|2025-09-26|2025-09-29|2025-09-30|2025-10-01|2025-10-02|2025-10-03|2025-10-06|2025-10-07|2025-10-08|2025-10-09|2025-10-10|2025-10-13|2025-10-14|2025-10-15|2025-10-16|2025-10-17,2025-10-17 22:23:44,0.0
Herc Rentals,,2025-09-08|2025-09-09|2025-09-10|2025-09-11|2025-09-12|2025-09-15|2025-09-16|2025-09-17|2025-09-18|2025-09-19|2025-09-22|2025-09-23|2025-09-24|2025-09-25|2025-09-26|2025-09-29|2025-09-30|2025-10-01|2025-10-02|2025-10-03|2025-10-06|2025-10-07|2025-10-08|2025-10-09|2025-10-10|2025-10-13|2025-10-14|2025-10-15|2025-10-16|2025-10-17,2025-10-17 22:23:44,0.0
Gray Television,,2025-09-08|2025-09-09|2025-09-10|2025-09-11|2025-09-12|2025-09-15|2025-09-16|2025-09-17|2025-09-18|2025-09-19|2025-09-22|2025-09-23|2025-09-24|2025-09-25|2025-09-26|2025-09-29|2025-09-30|2025-10-01|2025-10-02|2025-10-03|2025-10-06|2025-10-07|2025-10-08|2025-10-09|2025-10-10|2025-10-13|2025-10-14|2025-10-15|2025-10-16|2025-10-17,2025-10-17 22:23:44,0.0
IDEX,,2025-09-08|2025-09-09|2025-09-10|2025-09-11|2025-09-12|2025-09-15|2025-09-16|2025-09-17|2025-09-18|2025-09-19|2025-09-22|2025-09-23|2025-09-24|2025-09-25|2025-09-26|2025-09-29|2025-09-30|2025-10-01|2025-10-02|2025-10-03|2025-10-06|2025-10-07|2025-10-08|2025-10-09|2025-10-10|2025-10-13|2025-10-14|2025-10-15|2025-10-16|2025-10-17,2025-10-17 22:23:44,0.0
Boston Properties,,2025-09-08|2025-09-09|2025-09-10|2025-09-11|2025-09-12|2025-09-15|2025-09-16|2025-09-17|2025-09-18|2025-09-19|2025-09-22|2025-09-23|2025-09-24|2025-09-25|2025-09-26|2025-09-29|2025-09-30|2025-10-01|2025-10-02|2025-10-03|2025-10-06|2025-10-07|2025-10-08|2025-10-09|2025-10-10|2025-10-13|2025-10-14|2025-10-15|2025-10-16|2025-10-17,2025-10-17 22:23:44,0.0
Pitney Bowes,,2025-09-08|2025-09-09|2025-09-10|2025-09-11|2025-09-12|2025-09-15|2025-09-16|2025-09-17|2025-09-18|2025-09-19|2025-09-22|2025-09-23|2025-09-24|2025-09-25|2025-09-26|2025-09-29|2025-09-30|2025-10-01|2025-10-02|2025-10-03|2025-10-06|2025-10-07|2025-10-08|2025-10-09|2025-10-10|2025-10-13|2025-10-14|2025-10-15|2025-10-16|2025-10-17,2025-10-17 22:23:44,0.0
Steelcase,,2025-09-08|2025-09-09|2025-09-10|2025-09-11|2025-09-12|2025-09-15|2025-09-16|2025-09-17|2025-09-18|2025-09-19|2025-09-22|2025-09-23|2025-09-24|2025-09-25|2025-09-26|2025-09-29|2025-09-30|2025-10-01|2025-10-02|2025-10-03|2025-10-06|2025-10-07|2025-10-08|2025-10-09|2025-10-10|2025-10-13|2025-10-14|2025-10-15|2025-10-16|2025-10-17,2025-10-17 22:23:44,0.0
Sun Communities,,2025-09-08|2025-09-09|2025-09-10|2025-09-11|2025-09-12|2025-09-15|2025-09-16|2025-09-17|2025-09-18|2025-09-19|2025-09-22|2025-09-23|2025-09-24|2025-09-25|2025-09-26|2025-09-29|2025-09-30|2025-10-01|2025-10-02|2025-10-03|2025-10-06|2025-10-07|2025-10-08|2025-10-09|2025-10-10|2025-10-13|2025-10-14|2025-10-15|2025-10-16|2025-10-17,2025-10-17 22:23:44,0.0
AdaptHealth,,2025-09-08|2025-09-09|2025-09-10|2025-09-11|2025-09-12|2025-09-15|2025-09-16|2025-09-17|2025-09-18|2025-09-19|2025-09-22|2025-09-23|2025-09-24|2025-09-25|2025-09-26|2025-09-29|2025-09-30|2025-10-01|2025-10-02|2025-10-03|2025-10-06|2025-10-07|2025-10-08|2025-10-09|2025-10-10|2025-10-13|2025-10-14|2025-10-15|2025-10-16|2025-10-17,2025-10-17 22:23:44,0.0
Genesis Energy,,2025-09-08|2025-09-09|2025-09-10|2025-09-11|2025-09-12|2025-09-15|2025-09-16|2025-09-17|2025-09-18|2025-09-19|2025-09-22|2025-09-23|2025-09-24|2025-09-25|2025-09-26|2025-09-29|2025-09-30|2025-10-01|2025-10-02|2025-10-03|2025-10-06|2025-10-07|2025-10-08|2025-10-09|2025-10-10|2025-10-13|2025-10-14|2025-10-15|2025-10-16|2025-10-17,2025-10-17 22:23:44,0.0
Jackson Financial,,2025-09-08|2025-09-09|2025-09-10|2025-09-11|2025-09-12|2025-09-15|2025-09-16|2025-09-17|2025-09-18|2025-09-19|2025-09-22|2025-09-23|2025-09-24|2025-09-25|2025-09-26|2025-09-29|2025-09-30|2025-10-01|2025-10-02|2025-10-03|2025-10-06|2025-10-07|2025-10-08|2025-10-09|2025-10-10|2025-10-13|2025-10-14|2025-10-15|2025-10-16|2025-10-17,2025-10-17 22:23:44,0.0
FirstCash,,2025-09-08|2025-09-09|2025-09-10|2025-09-11|2025-09-12|2025-09-15|2025-09-16|2025-09-17|2025-09-18|2025-09-19|2025-09-22|2025-09-23|2025-09-24|2025-09-25|2025-09-26|2025-09-29|2025-09-30|2025-10-01|2025-10-02|2025-10-03|2025-10-06|2025-10-07|2025-10-08|2025-10-09|2025-10-10|2025-10-13|2025-10-14|2025-10-15|2025-10-16|2025-10-17,2025-10-17 22:23:44,0.0
Cal-Maine Foods,,2025-09-08|2025-09-09|2025-09-10|2025-09-11|2025-09-12|2025-09-15|2025-09-16|2025-09-17|2025-09-18|2025-09-19|2025-09-22|2025-09-23|2025-09-24|2025-09-25|2025-09-26|2025-09-29|2025-09-30|2025-10-01|2025-10-02|2025-10-03|2025-10-06|2025-10-07|2025-10-08|2025-10-09|2025-10-10|2025-10-13|2025-10-14|2025-10-15|2025-10-16|2025-10-17,2025-10-17 22:23:44,0.0
Avient,,2025-09-08|2025-09-09|2025-09-10|2025-09-11|2025-09-12|2025-09-15|2025-09-16|2025-09-17|2025-09-18|2025-09-19|2025-09-22|2025-09-23|2025-09-24|2025-09-25|2025-09-26|2025-09-29|2025-09-30|2025-10-01|2025-10-02|2025-10-03|2025-10-06|2025-10-07|2025-10-08|2025-10-09|2025-10-10|2025-10-13|2025-10-14|2025-10-15|2025-10-16|2025-10-17,2025-10-17 22:23:44,0.0
BlueLinx,,2025-09-08|2025-09-09|2025-09-10|2025-09-11|2025-09-12|2025-09-15|2025-09-16|2025-09-17|2025-09-18|2025-09-19|2025-09-22|2025-09-23|2025-09-24|2025-09-25|2025-09-26|2025-09-29|2025-09-30|2025-10-01|2025-10-02|2025-10-03|2025-10-06|2025-10-07|2025-10-08|2025-10-09|2025-10-10|2025-10-13|2025-10-14|2025-10-15|2025-10-16|2025-10-17,2025-10-17 22:23:44,0.0
Sinclair,,2025-09-08|2025-09-09|2025-09-10|2025-09-11|2025-09-12|2025-09-15|2025-09-16|2025-09-17|2025-09-18|2025-09-19|2025-09-22|2025-09-23|2025-09-24|2025-09-25|2025-09-26|2025-09-29|2025-09-30|2025-10-01|2025-10-02|2025-10-03|2025-10-06|2025-10-07|2025-10-08|2025-10-09|2025-10-10|2025-10-13|2025-10-14|2025-10-15|2025-10-16|2025-10-17,2025-10-17 22:23:44,0.0
BOK Financial,,2025-09-08|2025-09-09|2025-09-10|2025-09-11|2025-09-12|2025-09-15|2025-09-16|2025-09-17|2025-09-18|2025-09-19|2025-09-22|2025-09-23|2025-09-24|2025-09-25|2025-09-26|2025-09-29|2025-09-30|2025-10-01|2025-10-02|2025-10-03|2025-10-06|2025-10-07|2025-10-08|2025-10-09|2025-10-10|2025-10-13|2025-10-14|2025-10-15|2025-10-16|2025-10-17,2025-10-17 22:23:44,0.0
Permian Resources,,2025-09-08|2025-09-09|2025-09-10|2025-09-11|2025-09-12|2025-09-15|2025-09-16|2025-09-17|2025-09-18|2025-09-19|2025-09-22|2025-09-23|2025-09-24|2025-09-25|2025-09-26|2025-09-29|2025-09-30|2025-10-01|2025-10-02|2025-10-03|2025-10-06|2025-10-07|2025-10-08|2025-10-09|2025-10-10|2025-10-13|2025-10-14|2025-10-15|2025-10-16|2025-10-17,2025-10-17 22:23:44,0.0
PACS Group,,2025-09-08|2025-09-09|2025-09-10|2025-09-11|2025-09-12|2025-09-15|2025-09-16|2025-09-17|2025-09-18|2025-09-19|2025-09-22|2025-09-23|2025-09-24|2025-09-25|2025-09-26|2025-09-29|2025-09-30|2025-10-01|2025-10-02|2025-10-03|2025-10-06|2025-10-07|2025-10-08|2025-10-09|2025-10-10|2025-10-13|2025-10-14|2025-10-15|2025-10-16|2025-10-17,2025-10-17 22:23:44,0.0
Coinbase Global,,2025-09-08|2025-09-09|2025-09-10|2025-09-11|2025-09-12|2025-09-15|2025-09-16|2025-09-17|2025-09-18|2025-09-19|2025-09-22|2025-09-23|2025-09-24|2025-09-25|2025-09-26|2025-09-29|2025-09-30|2025-10-01|2025-10-02|2025-10-03|2025-10-06|2025-10-07|2025-10-08|2025-10-09|2025-10-10|2025-10-13|2025-10-14|2025-10-15|2025-10-16|2025-10-17,2025-10-17 22:23:44,0.0
Western Midstream Partners,,2025-09-08|2025-09-09|2025-09-10|2025-09-11|2025-09-12|2025-09-15|2025-09-16|2025-09-17|2025-09-18|2025-09-19|2025-09-22|2025-09-23|2025-09-24|2025-09-25|2025-09-26|2025-09-29|2025-09-30|2025-10-01|2025-10-02|2025-10-03|2025-10-06|2025-10-07|2025-10-08|2025-10-09|2025-10-10|2025-10-13|2025-10-14|2025-10-15|2025-10-16|2025-10-17,2025-10-17 22:23:44,0.0
G-III Apparel Group,,2025-09-08|2025-09-09|2025-09-10|2025-09-11|2025-09-12|2025-09-15|2025-09-16|2025-09-17|2025-09-18|2025-09-19|2025-09-22|2025-09-23|2025-09-24|2025-09-25|2025-09-26|2025-09-29|2025-09-30|2025-10-01|2025-10-02|2025-10-03|2025-10-06|2025-10-07|2025-10-08|2025-10-09|2025-10-10|2025-10-13|2025-10-14|2025-10-15|2025-10-16|2025-10-17,2025-10-17 22:23:44,0.0
Vontier,,2025-09-08|2025-09-09|2025-09-10|2025-09-11|2025-09-12|2025-09-15|2025-09-16|2025-09-17|2025-09-18|2025-09-19|2025-09-22|2025-09-23|2025-09-24|2025-09-25|2025-09-26|2025-09-29|2025-09-30|2025-10-01|2025-10-02|2025-10-03|2025-10-06|2025-10-07|2025-10-08|2025-10-09|2025-10-10|2025-10-13|2025-10-14|2025-10-15|2025-10-16|2025-10-17,2025-10-17 22:23:44,0.0
Matson Inc,,2025-09-08|2025-09-09|2025-09-10|2025-09-11|2025-09-12|2025-09-15|2025-09-16|2025-09-17|2025-09-18|2025-09-19|2025-09-22|2025-09-23|2025-09-24|2025-09-25|2025-09-26|2025-09-29|2025-09-30|2025-10-01|2025-10-02|2025-10-03|2025-10-06|2025-10-07|2025-10-08|2025-10-09|2025-10-10|2025-10-13|2025-10-14|2025-10-15|2025-10-16|2025-10-17,2025-10-17 22:23:44,0.0
Kirby Corporation,,2025-09-08|2025-09-09|2025-09-10|2025-09-11|2025-09-12|2025-09-15|2025-09-16|2025-09-17|2025-09-18|2025-09-19|2025-09-22|2025-09-23|2025-09-24|2025-09-25|2025-09-26|2025-09-29|2025-09-30|2025-10-01|2025-10-02|2025-10-03|2025-10-06|2025-10-07|2025-10-08|2025-10-09|2025-10-10|2025-10-13|2025-10-14|2025-10-15|2025-10-16|2025-10-17,2025-10-17 22:23:44,0.0
Kaiser Aluminum,,2025-09-08|2025-09-09|2025-09-10|2025-09-11|2025-09-12|2025-09-15|2025-09-16|2025-09-17|2025-09-18|2025-09-19|2025-09-22|2025-09-23|2025-09-24|2025-09-25|2025-09-26|2025-09-29|2025-09-30|2025-10-01|2025-10-02|2025-10-03|2025-10-06|2025-10-07|2025-10-08|2025-10-09|2025-10-10|2025-10-13|2025-10-14|2025-10-15|2025-10-16|2025-10-17,2025-10-17 22:23:44,0.0
Designer Brands,,2025-09-08|2025-09-09|2025-09-10|2025-09-11|2025-09-12|2025-09-15|2025-09-16|2025-09-17|2025-09-18|2025-09-19|2025-09-22|2025-09-23|2025-09-24|2025-09-25|2025-09-26|2025-09-29|2025-09-30|2025-10-01|2025-10-02|2025-10-03|2025-10-06|2025-10-07|2025-10-08|2025-10-09|2025-10-10|2025-10-13|2025-10-14|2025-10-15|2025-10-16|2025-10-17,2025-10-17 22:23:44,0.0
Rollins Inc,,2025-09-08|2025-09-09|2025-09-10|2025-09-11|2025-09-12|2025-09-15|2025-09-16|2025-09-17|2025-09-18|2025-09-19|2025-09-22|2025-09-23|2025-09-24|2025-09-25|2025-09-26|2025-09-29|2025-09-30|2025-10-01|2025-10-02|2025-10-03|2025-10-06|2025-10-07|2025-10-08|2025-10-09|2025-10-10|2025-10-13|2025-10-14|2025-10-15|2025-10-16|2025-10-17,2025-10-17 22:23:44,0.0
Advanced Drainage Systems,,2025-09-08|2025-09-09|2025-09-10|2025-09-11|2025-09-12|2025-09-15|2025-09-16|2025-09-17|2025-09-18|2025-09-19|2025-09-22|2025-09-23|2025-09-24|2025-09-25|2025-09-26|2025-09-29|2025-09-30|2025-10-01|2025-10-02|2025-10-03|2025-10-06|2025-10-07|2025-10-08|2025-10-09|2025-10-10|2025-10-13|2025-10-14|2025-10-15|2025-10-16|2025-10-17,2025-10-17 22:23:44,0.0
Cinemark,,2025-09-08|2025-09-09|2025-09-10|2025-09-11|2025-09-12|2025-09-15|2025-09-16|2025-09-17|2025-09-18|2025-09-19|2025-09-22|2025-09-23|2025-09-24|2025-09-25|2025-09-26|2025-09-29|2025-09-30|2025-10-01|2025-10-02|2025-10-03|2025-10-06|2025-10-07|2025-10-08|2025-10-09|2025-10-10|2025-10-13|2025-10-14|2025-10-15|2025-10-16|2025-10-17,2025-10-17 22:23:44,0.0
CrowdStrike,,2025-09-08|2025-09-09|2025-09-10|2025-09-11|2025-09-12|2025-09-15|2025-09-16|2025-09-17|2025-09-18|2025-09-19|2025-09-22|2025-09-23|2025-09-24|2025-09-25|2025-09-26|2025-09-29|2025-09-30|2025-10-01|2025-10-02|2025-10-03|2025-10-06|2025-10-07|2025-10-08|2025-10-09|2025-10-10|2025-10-13|2025-10-14|2025-10-15|2025-10-16|2025-10-17,2025-10-17 22:23:44,0.0
Pinterest,,2025-09-08|2025-09-09|2025-09-10|2025-09-11|2025-09-12|2025-09-15|2025-09-16|2025-09-17|2025-09-18|2025-09-19|2025-09-22|2025-09-23|2025-09-24|2025-09-25|2025-09-26|2025-09-29|2025-09-30|2025-10-01|2025-10-02|2025-10-03|2025-10-06|2025-10-07|2025-10-08|2025-10-09|2025-10-10|2025-10-13|2025-10-14|2025-10-15|2025-10-16|2025-10-17,2025-10-17 22:23:44,0.0
Instacart,,2025-09-08|2025-09-09|2025-09-10|2025-09-11|2025-09-12|2025-09-15|2025-09-16|2025-09-17|2025-09-18|2025-09-19|2025-09-22|2025-09-23|2025-09-24|2025-09-25|2025-09-26|2025-09-29|2025-09-30|2025-10-01|2025-10-02|2025-10-03|2025-10-06|2025-10-07|2025-10-08|2025-10-09|2025-10-10|2025-10-13|2025-10-14|2025-10-15|2025-10-16|2025-10-17,2025-10-17 22:23:44,0.0
Hillenbrand,,2025-09-08|2025-09-09|2025-09-10|2025-09-11|2025-09-12|2025-09-15|2025-09-16|2025-09-17|2025-09-18|2025-09-19|2025-09-22|2025-09-23|2025-09-24|2025-09-25|2025-09-26|2025-09-29|2025-09-30|2025-10-01|2025-10-02|2025-10-03|2025-10-06|2025-10-07|2025-10-08|2025-10-09|2025-10-10|2025-10-13|2025-10-14|2025-10-15|2025-10-16|2025-10-17,2025-10-17 22:23:44,0.0
Allison Transmission,,2025-09-08|2025-09-09|2025-09-10|2025-09-11|2025-09-12|2025-09-15|2025-09-16|2025-09-17|2025-09-18|2025-09-19|2025-09-22|2025-09-23|2025-09-24|2025-09-25|2025-09-26|2025-09-29|2025-09-30|2025-10-01|2025-10-02|2025-10-03|2025-10-06|2025-10-07|2025-10-08|2025-10-09|2025-10-10|2025-10-13|2025-10-14|2025-10-15|2025-10-16|2025-10-17,2025-10-17 22:23:44,0.0
Restoration Hardware,,2025-09-08|2025-09-09|2025-09-10|2025-09-11|2025-09-12|2025-09-15|2025-09-16|2025-09-17|2025-09-18|2025-09-19|2025-09-22|2025-09-23|2025-09-24|2025-09-25|2025-09-26|2025-09-29|2025-09-30|2025-10-01|2025-10-02|2025-10-03|2025-10-06|2025-10-07|2025-10-08|2025-10-09|2025-10-10|2025-10-13|2025-10-14|2025-10-15|2025-10-16|2025-10-17,2025-10-17 22:23:44,0.0
Brookdale Senior Living,,2025-09-08|2025-09-09|2025-09-10|2025-09-11|2025-09-12|2025-09-15|2025-09-16|2025-09-17|2025-09-18|2025-09-19|2025-09-22|2025-09-23|2025-09-24|2025-09-25|2025-09-26|2025-09-29|2025-09-30|2025-10-01|2025-10-02|2025-10-03|2025-10-06|2025-10-07|2025-10-08|2025-10-09|2025-10-10|2025-10-13|2025-10-14|2025-10-15|2025-10-16|2025-10-17,2025-10-17 22:23:44,0.0
QuidelOrtho,,2025-09-08|2025-09-09|2025-09-10|2025-09-11|2025-09-12|2025-09-15|2025-09-16|2025-09-17|2025-09-18|2025-09-19|2025-09-22|2025-09-23|2025-09-24|2025-09-25|2025-09-26|2025-09-29|2025-09-30|2025-10-01|2025-10-02|2025-10-03|2025-10-06|2025-10-07|2025-10-08|2025-10-09|2025-10-10|2025-10-13|2025-10-14|2025-10-15|2025-10-16|2025-10-17,2025-10-17 22:23:44,0.0
Trinity Industries,,2025-09-08|2025-09-09|2025-09-10|2025-09-11|2025-09-12|2025-09-15|2025-09-16|2025-09-17|2025-09-18|2025-09-19|2025-09-22|2025-09-23|2025-09-24|2025-09-25|2025-09-26|2025-09-29|2025-09-30|2025-10-01|2025-10-02|2025-10-03|2025-10-06|2025-10-07|2025-10-08|2025-10-09|2025-10-10|2025-10-13|2025-10-14|2025-10-15|2025-10-16|2025-10-17,2025-10-17 22:23:44,0.0
Teleflex,,2025-09-08|2025-09-09|2025-09-10|2025-09-11|2025-09-12|2025-09-15|2025-09-16|2025-09-17|2025-09-18|2025-09-19|2025-09-22|2025-09-23|2025-09-24|2025-09-25|2025-09-26|2025-09-29|2025-09-30|2025-10-01|2025-10-02|2025-10-03|2025-10-06|2025-10-07|2025-10-08|2025-10-09|2025-10-10|2025-10-13|2025-10-14|2025-10-15|2025-10-16|2025-10-17,2025-10-17 22:23:44,0.0
HEICO,,2025-09-08|2025-09-09|2025-09-10|2025-09-11|2025-09-12|2025-09-15|2025-09-16|2025-09-17|2025-09-18|2025-09-19|2025-09-22|2025-09-23|2025-09-24|2025-09-25|2025-09-26|2025-09-29|2025-09-30|2025-10-01|2025-10-02|2025-10-03|2025-10-06|2025-10-07|2025-10-08|2025-10-09|2025-10-10|2025-10-13|2025-10-14|2025-10-15|2025-10-16|2025-10-17,2025-10-17 22:23:44,0.0
Bruker,,2025-09-08|2025-09-09|2025-09-10|2025-09-11|2025-09-12|2025-09-15|2025-09-16|2025-09-17|2025-09-18|2025-09-19|2025-09-22|2025-09-23|2025-09-24|2025-09-25|2025-09-26|2025-09-29|2025-09-30|2025-10-01|2025-10-02|2025-10-03|2025-10-06|2025-10-07|2025-10-08|2025-10-09|2025-10-10|2025-10-13|2025-10-14|2025-10-15|2025-10-16|2025-10-17,2025-10-17 22:23:44,0.0
Carlyle Group,,2025-09-08|2025-09-09|2025-09-10|2025-09-11|2025-09-12|2025-09-15|2025-09-16|2025-09-17|2025-09-18|2025-09-19|2025-09-22|2025-09-23|2025-09-24|2025-09-25|2025-09-26|2025-09-29|2025-09-30|2025-10-01|2025-10-02|2025-10-03|2025-10-06|2025-10-07|2025-10-08|2025-10-09|2025-10-10|2025-10-13|2025-10-14|2025-10-15|2025-10-16|2025-10-17,2025-10-17 22:23:44,0.0
Energizer Holdings,,2025-09-08|2025-09-09|2025-09-10|2025-09-11|2025-09-12|2025-09-15|2025-09-16|2025-09-17|2025-09-18|2025-09-19|2025-09-22|2025-09-23|2025-09-24|2025-09-25|2025-09-26|2025-09-29|2025-09-30|2025-10-01|2025-10-02|2025-10-03|2025-10-06|2025-10-07|2025-10-08|2025-10-09|2025-10-10|2025-10-13|2025-10-14|2025-10-15|2025-10-16|2025-10-17,2025-10-17 22:23:44,0.0
Rackspace Technology,,2025-09-08|2025-09-09|2025-09-10|2025-09-11|2025-09-12|2025-09-15|2025-09-16|2025-09-17|2025-09-18|2025-09-19|2025-09-22|2025-09-23|2025-09-24|2025-09-25|2025-09-26|2025-09-29|2025-09-30|2025-10-01|2025-10-02|2025-10-03|2025-10-06|2025-10-07|2025-10-08|2025-10-09|2025-10-10|2025-10-13|2025-10-14|2025-10-15|2025-10-16|2025-10-17,2025-10-17 22:23:44,0.0
Waters Corporation,,2025-09-08|2025-09-09|2025-09-10|2025-09-11|2025-09-12|2025-09-15|2025-09-16|2025-09-17|2025-09-18|2025-09-19|2025-09-22|2025-09-23|2025-09-24|2025-09-25|2025-09-26|2025-09-29|2025-09-30|2025-10-01|2025-10-02|2025-10-03|2025-10-06|2025-10-07|2025-10-08|2025-10-09|2025-10-10|2025-10-13|2025-10-14|2025-10-15|2025-10-16|2025-10-17,2025-10-17 22:23:44,0.0
West Pharmaceutical Services,,2025-09-08|2025-09-09|2025-09-10|2025-09-11|2025-09-12|2025-09-15|2025-09-16|2025-09-17|2025-09-18|2025-09-19|2025-09-22|2025-09-23|2025-09-24|2025-09-25|2025-09-26|2025-09-29|2025-09-30|2025-10-01|2025-10-02|2025-10-03|2025-10-06|2025-10-07|2025-10-08|2025-10-09|2025-10-10|2025-10-13|2025-10-14|2025-10-15|2025-10-16|2025-10-17,2025-10-17 22:23:44,0.0
Carters Inc,,2025-09-08|2025-09-09|2025-09-10|2025-09-11|2025-09-12|2025-09-15|2025-09-16|2025-09-17|2025-09-18|2025-09-19|2025-09-22|2025-09-23|2025-09-24|2025-09-25|2025-09-26|2025-09-29|2025-09-30|2025-10-01|2025-10-02|2025-10-03|2025-10-06|2025-10-07|2025-10-08|2025-10-09|2025-10-10|2025-10-13|2025-10-14|2025-10-15|2025-10-16|2025-10-17,2025-10-17 22:23:44,0.0
NeueHealth,,2025-08-21|2025-08-22|2025-08-25|2025-08-26|2025-08-27|2025-08-28|2025-08-29|2025-09-02|2025-09-03|2025-09-04|2025-09-05|2025-09-08|2025-09-09|2025-09-10|2025-09-11|2025-09-12|2025-09-15|2025-09-16|2025-09-17|2025-09-18|2025-09-19|2025-09-22|2025-09-23|2025-09-24|2025-09-25|2025-09-26|2025-09-29|2025-09-30|2025-10-01|2025-10-02,2025-10-17 22:23:44,0.0
SkyWest,,2025-09-08|2025-09-09|2025-09-10|2025-09-11|2025-09-12|2025-09-15|2025-09-16|2025-09-17|2025-09-18|2025-09-19|2025-09-22|2025-09-23|2025-09-24|2025-09-25|2025-09-26|2025-09-29|2025-09-30|2025-10-01|2025-10-02|2025-10-03|2025-10-06|2025-10-07|2025-10-08|2025-10-09|2025-10-10|2025-10-13|2025-10-14|2025-10-15|2025-10-16|2025-10-17,2025-10-17 22:23:44,0.0
Acadia Healthcare,,2025-09-08|2025-09-09|2025-09-10|2025-09-11|2025-09-12|2025-09-15|2025-09-16|2025-09-17|2025-09-18|2025-09-19|2025-09-22|2025-09-23|2025-09-24|2025-09-25|2025-09-26|2025-09-29|2025-09-30|2025-10-01|2025-10-02|2025-10-03|2025-10-06|2025-10-07|2025-10-08|2025-10-09|2025-10-10|2025-10-13|2025-10-14|2025-10-15|2025-10-16|2025-10-17,2025-10-17 22:23:44,0.0
Revvity,,2025-09-08|2025-09-09|2025-09-10|2025-09-11|2025-09-12|2025-09-15|2025-09-16|2025-09-17|2025-09-18|2025-09-19|2025-09-22|2025-09-23|2025-09-24|2025-09-25|2025-09-26|2025-09-29|2025-09-30|2025-10-01|2025-10-02|2025-10-03|2025-10-06|2025-10-07|2025-10-08|2025-10-09|2025-10-10|2025-10-13|2025-10-14|2025-10-15|2025-10-16|2025-10-17,2025-10-17 22:23:44,0.0
Portland General Electric,,2025-09-08|2025-09-09|2025-09-10|2025-09-11|2025-09-12|2025-09-15|2025-09-16|2025-09-17|2025-09-18|2025-09-19|2025-09-22|2025-09-23|2025-09-24|2025-09-25|2025-09-26|2025-09-29|2025-09-30|2025-10-01|2025-10-02|2025-10-03|2025-10-06|2025-10-07|2025-10-08|2025-10-09|2025-10-10|2025-10-13|2025-10-14|2025-10-15|2025-10-16|2025-10-17,2025-10-17 22:23:44,0.0
Woodward Inc,,2025-09-08|2025-09-09|2025-09-10|2025-09-11|2025-09-12|2025-09-15|2025-09-16|2025-09-17|2025-09-18|2025-09-19|2025-09-22|2025-09-23|2025-09-24|2025-09-25|2025-09-26|2025-09-29|2025-09-30|2025-10-01|2025-10-02|2025-10-03|2025-10-06|2025-10-07|2025-10-08|2025-10-09|2025-10-10|2025-10-13|2025-10-14|2025-10-15|2025-10-16|2025-10-17,2025-10-17 22:23:44,0.0
TEGNA,,2025-09-08|2025-09-09|2025-09-10|2025-09-11|2025-09-12|2025-09-15|2025-09-16|2025-09-17|2025-09-18|2025-09-19|2025-09-22|2025-09-23|2025-09-24|2025-09-25|2025-09-26|2025-09-29|2025-09-30|2025-10-01|2025-10-02|2025-10-03|2025-10-06|2025-10-07|2025-10-08|2025-10-09|2025-10-10|2025-10-13|2025-10-14|2025-10-15|2025-10-16|2025-10-17,2025-10-17 22:23:44,0.0
Sabre Corporation,,2025-09-08|2025-09-09|2025-09-10|2025-09-11|2025-09-12|2025-09-15|2025-09-16|2025-09-17|2025-09-18|2025-09-19|2025-09-22|2025-09-23|2025-09-24|2025-09-25|2025-09-26|2025-09-29|2025-09-30|2025-10-01|2025-10-02|2025-10-03|2025-10-06|2025-10-07|2025-10-08|2025-10-09|2025-10-10|2025-10-13|2025-10-14|2025-10-15|2025-10-16|2025-10-17,2025-10-17 22:23:44,0.0
Light & Wonder,,2025-09-08|2025-09-09|2025-09-10|2025-09-11|2025-09-12|2025-09-15|2025-09-16|2025-09-17|2025-09-18|2025-09-19|2025-09-22|2025-09-23|2025-09-24|2025-09-25|2025-09-26|2025-09-29|2025-09-30|2025-10-01|2025-10-02|2025-10-03|2025-10-06|2025-10-07|2025-10-08|2025-10-09|2025-10-10|2025-10-13|2025-10-14|2025-10-15|2025-10-16|2025-10-17,2025-10-17 22:23:44,0.0
Vail Resorts,,2025-09-08|2025-09-09|2025-09-10|2025-09-11|2025-09-12|2025-09-15|2025-09-16|2025-09-17|2025-09-18|2025-09-19|2025-09-22|2025-09-23|2025-09-24|2025-09-25|2025-09-26|2025-09-29|2025-09-30|2025-10-01|2025-10-02|2025-10-03|2025-10-06|2025-10-07|2025-10-08|2025-10-09|2025-10-10|2025-10-13|2025-10-14|2025-10-15|2025-10-16|2025-10-17,2025-10-17 22:23:44,0.0
PennyMac Financial Services,,2025-09-08|2025-09-09|2025-09-10|2025-09-11|2025-09-12|2025-09-15|2025-09-16|2025-09-17|2025-09-18|2025-09-19|2025-09-22|2025-09-23|2025-09-24|2025-09-25|2025-09-26|2025-09-29|2025-09-30|2025-10-01|2025-10-02|2025-10-03|2025-10-06|2025-10-07|2025-10-08|2025-10-09|2025-10-10|2025-10-13|2025-10-14|2025-10-15|2025-10-16|2025-10-17,2025-10-17 22:23:44,0.0
Saia Inc,,2025-09-08|2025-09-09|2025-09-10|2025-09-11|2025-09-12|2025-09-15|2025-09-16|2025-09-17|2025-09-18|2025-09-19|2025-09-22|2025-09-23|2025-09-24|2025-09-25|2025-09-26|2025-09-29|2025-09-30|2025-10-01|2025-10-02|2025-10-03|2025-10-06|2025-10-07|2025-10-08|2025-10-09|2025-10-10|2025-10-13|2025-10-14|2025-10-15|2025-10-16|2025-10-17,2025-10-17 22:23:44,0.0
Equity Residential,,2025-09-08|2025-09-09|2025-09-10|2025-09-11|2025-09-12|2025-09-15|2025-09-16|2025-09-17|2025-09-18|2025-09-19|2025-09-22|2025-09-23|2025-09-24|2025-09-25|2025-09-26|2025-09-29|2025-09-30|2025-10-01|2025-10-02|2025-10-03|2025-10-06|2025-10-07|2025-10-08|2025-10-09|2025-10-10|2025-10-13|2025-10-14|2025-10-15|2025-10-16|2025-10-17,2025-10-17 22:23:44,0.0
Helmerich & Payne,,2025-09-08|2025-09-09|2025-09-10|2025-09-11|2025-09-12|2025-09-15|2025-09-16|2025-09-17|2025-09-18|2025-09-19|2025-09-22|2025-09-23|2025-09-24|2025-09-25|2025-09-26|2025-09-29|2025-09-30|2025-10-01|2025-10-02|2025-10-03|2025-10-06|2025-10-07|2025-10-08|2025-10-09|2025-10-10|2025-10-13|2025-10-14|2025-10-15|2025-10-16|2025-10-17,2025-10-17 22:23:44,0.0
Korn Ferry,,2025-09-08|2025-09-09|2025-09-10|2025-09-11|2025-09-12|2025-09-15|2025-09-16|2025-09-17|2025-09-18|2025-09-19|2025-09-22|2025-09-23|2025-09-24|2025-09-25|2025-09-26|2025-09-29|2025-09-30|2025-10-01|2025-10-02|2025-10-03|2025-10-06|2025-10-07|2025-10-08|2025-10-09|2025-10-10|2025-10-13|2025-10-14|2025-10-15|2025-10-16|2025-10-17,2025-10-17 22:23:44,0.0
PC Connection Inc,,2025-09-08|2025-09-09|2025-09-10|2025-09-11|2025-09-12|2025-09-15|2025-09-16|2025-09-17|2025-09-18|2025-09-19|2025-09-22|2025-09-23|2025-09-24|2025-09-25|2025-09-26|2025-09-29|2025-09-30|2025-10-01|2025-10-02|2025-10-03|2025-10-06|2025-10-07|2025-10-08|2025-10-09|2025-10-10|2025-10-13|2025-10-14|2025-10-15|2025-10-16|2025-10-17,2025-10-17 22:23:44,0.0
Curtiss-Wright,,2025-09-08|2025-09-09|2025-09-10|2025-09-11|2025-09-12|2025-09-15|2025-09-16|2025-09-17|2025-09-18|2025-09-19|2025-09-22|2025-09-23|2025-09-24|2025-09-25|2025-09-26|2025-09-29|2025-09-30|2025-10-01|2025-10-02|2025-10-03|2025-10-06|2025-10-07|2025-10-08|2025-10-09|2025-10-10|2025-10-13|2025-10-14|2025-10-15|2025-10-16|2025-10-17,2025-10-17 22:23:44,0.0
Sallie Mae,,2025-09-08|2025-09-09|2025-09-10|2025-09-11|2025-09-12|2025-09-15|2025-09-16|2025-09-17|2025-09-18|2025-09-19|2025-09-22|2025-09-23|2025-09-24|2025-09-25|2025-09-26|2025-09-29|2025-09-30|2025-10-01|2025-10-02|2025-10-03|2025-10-06|2025-10-07|2025-10-08|2025-10-09|2025-10-10|2025-10-13|2025-10-14|2025-10-15|2025-10-16|2025-10-17,2025-10-17 22:23:44,0.0
Benchmark Electronics,,2025-09-08|2025-09-09|2025-09-10|2025-09-11|2025-09-12|2025-09-15|2025-09-16|2025-09-17|2025-09-18|2025-09-19|2025-09-22|2025-09-23|2025-09-24|2025-09-25|2025-09-26|2025-09-29|2025-09-30|2025-10-01|2025-10-02|2025-10-03|2025-10-06|2025-10-07|2025-10-08|2025-10-09|2025-10-10|2025-10-13|2025-10-14|2025-10-15|2025-10-16|2025-10-17,2025-10-17 22:23:44,0.0
Pure Storage,,2025-09-08|2025-09-09|2025-09-10|2025-09-11|2025-09-12|2025-09-15|2025-09-16|2025-09-17|2025-09-18|2025-09-19|2025-09-22|2025-09-23|2025-09-24|2025-09-25|2025-09-26|2025-09-29|2025-09-30|2025-10-01|2025-10-02|2025-10-03|2025-10-06|2025-10-07|2025-10-08|2025-10-09|2025-10-10|2025-10-13|2025-10-14|2025-10-15|2025-10-16|2025-10-17,2025-10-17 22:23:44,0.0
Knife River Corporation,,2025-09-08|2025-09-09|2025-09-10|2025-09-11|2025-09-12|2025-09-15|2025-09-16|2025-09-17|2025-09-18|2025-09-19|2025-09-22|2025-09-23|2025-09-24|2025-09-25|2025-09-26|2025-09-29|2025-09-30|2025-10-01|2025-10-02|2025-10-03|2025-10-06|2025-10-07|2025-10-08|2025-10-09|2025-10-10|2025-10-13|2025-10-14|2025-10-15|2025-10-16|2025-10-17,2025-10-17 22:23:44,0.0
Caleres Inc,,2025-09-08|2025-09-09|2025-09-10|2025-09-11|2025-09-12|2025-09-15|2025-09-16|2025-09-17|2025-09-18|2025-09-19|2025-09-22|2025-09-23|2025-09-24|2025-09-25|2025-09-26|2025-09-29|2025-09-30|2025-10-01|2025-10-02|2025-10-03|2025-10-06|2025-10-07|2025-10-08|2025-10-09|2025-10-10|2025-10-13|2025-10-14|2025-10-15|2025-10-16|2025-10-17,2025-10-17 22:23:44,0.0
BrightView Holdings,,2025-09-08|2025-09-09|2025-09-10|2025-09-11|2025-09-12|2025-09-15|2025-09-16|2025-09-17|2025-09-18|2025-09-19|2025-09-22|2025-09-23|2025-09-24|2025-09-25|2025-09-26|2025-09-29|2025-09-30|2025-10-01|2025-10-02|2025-10-03|2025-10-06|2025-10-07|2025-10-08|2025-10-09|2025-10-10|2025-10-13|2025-10-14|2025-10-15|2025-10-16|2025-10-17,2025-10-17 22:23:44,0.0
Cooper-Standard,,2025-09-08|2025-09-09|2025-09-10|2025-09-11|2025-09-12|2025-09-15|2025-09-16|2025-09-17|2025-09-18|2025-09-19|2025-09-22|2025-09-23|2025-09-24|2025-09-25|2025-09-26|2025-09-29|2025-09-30|2025-10-01|2025-10-02|2025-10-03|2025-10-06|2025-10-07|2025-10-08|2025-10-09|2025-10-10|2025-10-13|2025-10-14|2025-10-15|2025-10-16|2025-10-17,2025-10-17 22:23:44,0.0
Primerica,,2025-09-08|2025-09-09|2025-09-10|2025-09-11|2025-09-12|2025-09-15|2025-09-16|2025-09-17|2025-09-18|2025-09-19|2025-09-22|2025-09-23|2025-09-24|2025-09-25|2025-09-26|2025-09-29|2025-09-30|2025-10-01|2025-10-02|2025-10-03|2025-10-06|2025-10-07|2025-10-08|2025-10-09|2025-10-10|2025-10-13|2025-10-14|2025-10-15|2025-10-16|2025-10-17,2025-10-17 22:23:44,0.0
F5,,2025-09-08|2025-09-09|2025-09-10|2025-09-11|2025-09-12|2025-09-15|2025-09-16|2025-09-17|2025-09-18|2025-09-19|2025-09-22|2025-09-23|2025-09-24|2025-09-25|2025-09-26|2025-09-29|2025-09-30|2025-10-01|2025-10-02|2025-10-03|2025-10-06|2025-10-07|2025-10-08|2025-10-09|2025-10-10|2025-10-13|2025-10-14|2025-10-15|2025-10-16|2025-10-17,2025-10-17 22:23:44,0.0
Matador Resources,,2025-09-08|2025-09-09|2025-09-10|2025-09-11|2025-09-12|2025-09-15|2025-09-16|2025-09-17|2025-09-18|2025-09-19|2025-09-22|2025-09-23|2025-09-24|2025-09-25|2025-09-26|2025-09-29|2025-09-30|2025-10-01|2025-10-02|2025-10-03|2025-10-06|2025-10-07|2025-10-08|2025-10-09|2025-10-10|2025-10-13|2025-10-14|2025-10-15|2025-10-16|2025-10-17,2025-10-17 22:23:44,0.0
Snowflake Inc,,2025-09-08|2025-09-09|2025-09-10|2025-09-11|2025-09-12|2025-09-15|2025-09-16|2025-09-17|2025-09-18|2025-09-19|2025-09-22|2025-09-23|2025-09-24|2025-09-25|2025-09-26|2025-09-29|2025-09-30|2025-10-01|2025-10-02|2025-10-03|2025-10-06|2025-10-07|2025-10-08|2025-10-09|2025-10-10|2025-10-13|2025-10-14|2025-10-15|2025-10-16|2025-10-17,2025-10-17 22:23:44,0.0
Viasat,,2025-09-08|2025-09-09|2025-09-10|2025-09-11|2025-09-12|2025-09-15|2025-09-16|2025-09-17|2025-09-18|2025-09-19|2025-09-22|2025-09-23|2025-09-24|2025-09-25|2025-09-26|2025-09-29|2025-09-30|2025-10-01|2025-10-02|2025-10-03|2025-10-06|2025-10-07|2025-10-08|2025-10-09|2025-10-10|2025-10-13|2025-10-14|2025-10-15|2025-10-16|2025-10-17,2025-10-17 22:23:44,0.0
California Resources,,2025-09-08|2025-09-09|2025-09-10|2025-09-11|2025-09-12|2025-09-15|2025-09-16|2025-09-17|2025-09-18|2025-09-19|2025-09-22|2025-09-23|2025-09-24|2025-09-25|2025-09-26|2025-09-29|2025-09-30|2025-10-01|2025-10-02|2025-10-03|2025-10-06|2025-10-07|2025-10-08|2025-10-09|2025-10-10|2025-10-13|2025-10-14|2025-10-15|2025-10-16|2025-10-17,2025-10-17 22:23:44,0.0
Peloton Interactive,,2025-09-08|2025-09-09|2025-09-10|2025-09-11|2025-09-12|2025-09-15|2025-09-16|2025-09-17|2025-09-18|2025-09-19|2025-09-22|2025-09-23|2025-09-24|2025-09-25|2025-09-26|2025-09-29|2025-09-30|2025-10-01|2025-10-02|2025-10-03|2025-10-06|2025-10-07|2025-10-08|2025-10-09|2025-10-10|2025-10-13|2025-10-14|2025-10-15|2025-10-16|2025-10-17,2025-10-17 22:23:44,0.0
Roblox,,2025-09-08|2025-09-09|2025-09-10|2025-09-11|2025-09-12|2025-09-15|2025-09-16|2025-09-17|2025-09-18|2025-09-19|2025-09-22|2025-09-23|2025-09-24|2025-09-25|2025-09-26|2025-09-29|2025-09-30|2025-10-01|2025-10-02|2025-10-03|2025-10-06|2025-10-07|2025-10-08|2025-10-09|2025-10-10|2025-10-13|2025-10-14|2025-10-15|2025-10-16|2025-10-17,2025-10-17 22:23:44,0.0
Installed Building Products,,2025-09-08|2025-09-09|2025-09-10|2025-09-11|2025-09-12|2025-09-15|2025-09-16|2025-09-17|2025-09-18|2025-09-19|2025-09-22|2025-09-23|2025-09-24|2025-09-25|2025-09-26|2025-09-29|2025-09-30|2025-10-01|2025-10-02|2025-10-03|2025-10-06|2025-10-07|2025-10-08|2025-10-09|2025-10-10|2025-10-13|2025-10-14|2025-10-15|2025-10-16|2025-10-17,2025-10-17 22:23:44,0.0
First National of Nebraska,,2025-09-05|2025-09-08|2025-09-09|2025-09-10|2025-09-11|2025-09-12|2025-09-15|2025-09-16|2025-09-17|2025-09-18|2025-09-19|2025-09-22|2025-09-23|2025-09-24|2025-09-25|2025-09-26|2025-09-29|2025-09-30|2025-10-01|2025-10-02|2025-10-03|2025-10-06|2025-10-07|2025-10-08|2025-10-09|2025-10-10|2025-10-13|2025-10-14|2025-10-15|2025-10-16,2025-10-17 22:23:44,0.0
Guess Inc,,2025-09-08|2025-09-09|2025-09-10|2025-09-11|2025-09-12|2025-09-15|2025-09-16|2025-09-17|2025-09-18|2025-09-19|2025-09-22|2025-09-23|2025-09-24|2025-09-25|2025-09-26|2025-09-29|2025-09-30|2025-10-01|2025-10-02|2025-10-03|2025-10-06|2025-10-07|2025-10-08|2025-10-09|2025-10-10|2025-10-13|2025-10-14|2025-10-15|2025-10-16|2025-10-17,2025-10-17 22:23:44,0.0
ESAB,,2025-09-08|2025-09-09|2025-09-10|2025-09-11|2025-09-12|2025-09-15|2025-09-16|2025-09-17|2025-09-18|2025-09-19|2025-09-22|2025-09-23|2025-09-24|2025-09-25|2025-09-26|2025-09-29|2025-09-30|2025-10-01|2025-10-02|2025-10-03|2025-10-06|2025-10-07|2025-10-08|2025-10-09|2025-10-10|2025-10-13|2025-10-14|2025-10-15|2025-10-16|2025-10-17,2025-10-17 22:23:44,0.0
AvalonBay Communities,,2025-09-08|2025-09-09|2025-09-10|2025-09-11|2025-09-12|2025-09-15|2025-09-16|2025-09-17|2025-09-18|2025-09-19|2025-09-22|2025-09-23|2025-09-24|2025-09-25|2025-09-26|2025-09-29|2025-09-30|2025-10-01|2025-10-02|2025-10-03|2025-10-06|2025-10-07|2025-10-08|2025-10-09|2025-10-10|2025-10-13|2025-10-14|2025-10-15|2025-10-16|2025-10-17,2025-10-17 22:23:44,0.0
DocuSign,,2025-09-08|2025-09-09|2025-09-10|2025-09-11|2025-09-12|2025-09-15|2025-09-16|2025-09-17|2025-09-18|2025-09-19|2025-09-22|2025-09-23|2025-09-24|2025-09-25|2025-09-26|2025-09-29|2025-09-30|2025-10-01|2025-10-02|2025-10-03|2025-10-06|2025-10-07|2025-10-08|2025-10-09|2025-10-10|2025-10-13|2025-10-14|2025-10-15|2025-10-16|2025-10-17,2025-10-17 22:23:44,0.0
Titan Machinery,,2025-09-08|2025-09-09|2025-09-10|2025-09-11|2025-09-12|2025-09-15|2025-09-16|2025-09-17|2025-09-18|2025-09-19|2025-09-22|2025-09-23|2025-09-24|2025-09-25|2025-09-26|2025-09-29|2025-09-30|2025-10-01|2025-10-02|2025-10-03|2025-10-06|2025-10-07|2025-10-08|2025-10-09|2025-10-10|2025-10-13|2025-10-14|2025-10-15|2025-10-16|2025-10-17,2025-10-17 22:23:44,0.0
ModivCare,,2025-09-05|2025-09-08|2025-09-09|2025-09-10|2025-09-11|2025-09-12|2025-09-15|2025-09-16|2025-09-17|2025-09-18|2025-09-19|2025-09-22|2025-09-23|2025-09-24|2025-09-25|2025-09-26|2025-09-29|2025-09-30|2025-10-01|2025-10-02|2025-10-03|2025-10-06|2025-10-07|2025-10-08|2025-10-09|2025-10-10|2025-10-13|2025-10-14|2025-10-15|2025-10-16,2025-10-17 22:23:44,0.0
Hovnanian Enterprises,,2025-09-08|2025-09-09|2025-09-10|2025-09-11|2025-09-12|2025-09-15|2025-09-16|2025-09-17|2025-09-18|2025-09-19|2025-09-22|2025-09-23|2025-09-24|2025-09-25|2025-09-26|2025-09-29|2025-09-30|2025-10-01|2025-10-02|2025-10-03|2025-10-06|2025-10-07|2025-10-08|2025-10-09|2025-10-10|2025-10-13|2025-10-14|2025-10-15|2025-10-16|2025-10-17,2025-10-17 22:23:44,0.0
Etsy,,2025-09-08|2025-09-09|2025-09-10|2025-09-11|2025-09-12|2025-09-15|2025-09-16|2025-09-17|2025-09-18|2025-09-19|2025-09-22|2025-09-23|2025-09-24|2025-09-25|2025-09-26|2025-09-29|2025-09-30|2025-10-01|2025-10-02|2025-10-03|2025-10-06|2025-10-07|2025-10-08|2025-10-09|2025-10-10|2025-10-13|2025-10-14|2025-10-15|2025-10-16|2025-10-17,2025-10-17 22:23:44,0.0
Surgery Partners,,2025-09-08|2025-09-09|2025-09-10|2025-09-11|2025-09-12|2025-09-15|2025-09-16|2025-09-17|2025-09-18|2025-09-19|2025-09-22|2025-09-23|2025-09-24|2025-09-25|2025-09-26|2025-09-29|2025-09-30|2025-10-01|2025-10-02|2025-10-03|2025-10-06|2025-10-07|2025-10-08|2025-10-09|2025-10-10|2025-10-13|2025-10-14|2025-10-15|2025-10-16|2025-10-17,2025-10-17 22:23:44,0.0
Columbia Banking System,,2025-09-08|2025-09-09|2025-09-10|2025-09-11|2025-09-12|2025-09-15|2025-09-16|2025-09-17|2025-09-18|2025-09-19|2025-09-22|2025-09-23|2025-09-24|2025-09-25|2025-09-26|2025-09-29|2025-09-30|2025-10-01|2025-10-02|2025-10-03|2025-10-06|2025-10-07|2025-10-08|2025-10-09|2025-10-10|2025-10-13|2025-10-14|2025-10-15|2025-10-16|2025-10-17,2025-10-17 22:23:44,0.0
Verisk Analytics,,2025-09-08|2025-09-09|2025-09-10|2025-09-11|2025-09-12|2025-09-15|2025-09-16|2025-09-17|2025-09-18|2025-09-19|2025-09-22|2025-09-23|2025-09-24|2025-09-25|2025-09-26|2025-09-29|2025-09-30|2025-10-01|2025-10-02|2025-10-03|2025-10-06|2025-10-07|2025-10-08|2025-10-09|2025-10-10|2025-10-13|2025-10-14|2025-10-15|2025-10-16|2025-10-17,2025-10-17 22:23:44,0.0
MasterBrand,,2025-09-08|2025-09-09|2025-09-10|2025-09-11|2025-09-12|2025-09-15|2025-09-16|2025-09-17|2025-09-18|2025-09-19|2025-09-22|2025-09-23|2025-09-24|2025-09-25|2025-09-26|2025-09-29|2025-09-30|2025-10-01|2025-10-02|2025-10-03|2025-10-06|2025-10-07|2025-10-08|2025-10-09|2025-10-10|2025-10-13|2025-10-14|2025-10-15|2025-10-16|2025-10-17,2025-10-17 22:23:44,0.0
AMC Networks,,2025-09-08|2025-09-09|2025-09-10|2025-09-11|2025-09-12|2025-09-15|2025-09-16|2025-09-17|2025-09-18|2025-09-19|2025-09-22|2025-09-23|2025-09-24|2025-09-25|2025-09-26|2025-09-29|2025-09-30|2025-10-01|2025-10-02|2025-10-03|2025-10-06|2025-10-07|2025-10-08|2025-10-09|2025-10-10|2025-10-13|2025-10-14|2025-10-15|2025-10-16|2025-10-17,2025-10-17 22:23:44,0.0
SBA Communications,,2025-09-08|2025-09-09|2025-09-10|2025-09-11|2025-09-12|2025-09-15|2025-09-16|2025-09-17|2025-09-18|2025-09-19|2025-09-22|2025-09-23|2025-09-24|2025-09-25|2025-09-26|2025-09-29|2025-09-30|2025-10-01|2025-10-02|2025-10-03|2025-10-06|2025-10-07|2025-10-08|2025-10-09|2025-10-10|2025-10-13|2025-10-14|2025-10-15|2025-10-16|2025-10-17,2025-10-17 22:23:44,0.0
Americold Realty Trust,,2025-09-08|2025-09-09|2025-09-10|2025-09-11|2025-09-12|2025-09-15|2025-09-16|2025-09-17|2025-09-18|2025-09-19|2025-09-22|2025-09-23|2025-09-24|2025-09-25|2025-09-26|2025-09-29|2025-09-30|2025-10-01|2025-10-02|2025-10-03|2025-10-06|2025-10-07|2025-10-08|2025-10-09|2025-10-10|2025-10-13|2025-10-14|2025-10-15|2025-10-16|2025-10-17,2025-10-17 22:23:44,0.0
NewMarket Corporation,,2025-09-08|2025-09-09|2025-09-10|2025-09-11|2025-09-12|2025-09-15|2025-09-16|2025-09-17|2025-09-18|2025-09-19|2025-09-22|2025-09-23|2025-09-24|2025-09-25|2025-09-26|2025-09-29|2025-09-30|2025-10-01|2025-10-02|2025-10-03|2025-10-06|2025-10-07|2025-10-08|2025-10-09|2025-10-10|2025-10-13|2025-10-14|2025-10-15|2025-10-16|2025-10-17,2025-10-17 22:23:44,0.0
Park Hotels & Resorts,,2025-09-08|2025-09-09|2025-09-10|2025-09-11|2025-09-12|2025-09-15|2025-09-16|2025-09-17|2025-09-18|2025-09-19|2025-09-22|2025-09-23|2025-09-24|2025-09-25|2025-09-26|2025-09-29|2025-09-30|2025-10-01|2025-10-02|2025-10-03|2025-10-06|2025-10-07|2025-10-08|2025-10-09|2025-10-10|2025-10-13|2025-10-14|2025-10-15|2025-10-16|2025-10-17,2025-10-17 22:23:44,0.0
Alexandria Real Estate Equities,,2025-09-08|2025-09-09|2025-09-10|2025-09-11|2025-09-12|2025-09-15|2025-09-16|2025-09-17|2025-09-18|2025-09-19|2025-09-22|2025-09-23|2025-09-24|2025-09-25|2025-09-26|2025-09-29|2025-09-30|2025-10-01|2025-10-02|2025-10-03|2025-10-06|2025-10-07|2025-10-08|2025-10-09|2025-10-10|2025-10-13|2025-10-14|2025-10-15|2025-10-16|2025-10-17,2025-10-17 22:23:44,0.0
Griffon Corporation,,2025-09-08|2025-09-09|2025-09-10|2025-09-11|2025-09-12|2025-09-15|2025-09-16|2025-09-17|2025-09-18|2025-09-19|2025-09-22|2025-09-23|2025-09-24|2025-09-25|2025-09-26|2025-09-29|2025-09-30|2025-10-01|2025-10-02|2025-10-03|2025-10-06|2025-10-07|2025-10-08|2025-10-09|2025-10-10|2025-10-13|2025-10-14|2025-10-15|2025-10-16|2025-10-17,2025-10-17 22:23:44,0.0
Air Lease,,2025-09-08|2025-09-09|2025-09-10|2025-09-11|2025-09-12|2025-09-15|2025-09-16|2025-09-17|2025-09-18|2025-09-19|2025-09-22|2025-09-23|2025-09-24|2025-09-25|2025-09-26|2025-09-29|2025-09-30|2025-10-01|2025-10-02|2025-10-03|2025-10-06|2025-10-07|2025-10-08|2025-10-09|2025-10-10|2025-10-13|2025-10-14|2025-10-15|2025-10-16|2025-10-17,2025-10-17 22:23:44,0.0
UL Solutions,,2025-09-08|2025-09-09|2025-09-10|2025-09-11|2025-09-12|2025-09-15|2025-09-16|2025-09-17|2025-09-18|2025-09-19|2025-09-22|2025-09-23|2025-09-24|2025-09-25|2025-09-26|2025-09-29|2025-09-30|2025-10-01|2025-10-02|2025-10-03|2025-10-06|2025-10-07|2025-10-08|2025-10-09|2025-10-10|2025-10-13|2025-10-14|2025-10-15|2025-10-16|2025-10-17,2025-10-17 22:23:44,0.0
Teradyne,,2025-09-08|2025-09-09|2025-09-10|2025-09-11|2025-09-12|2025-09-15|2025-09-16|2025-09-17|2025-09-18|2025-09-19|2025-09-22|2025-09-23|2025-09-24|2025-09-25|2025-09-26|2025-09-29|2025-09-30|2025-10-01|2025-10-02|2025-10-03|2025-10-06|2025-10-07|2025-10-08|2025-10-09|2025-10-10|2025-10-13|2025-10-14|2025-10-15|2025-10-16|2025-10-17,2025-10-17 22:23:44,0.0
OGE Energy,,2025-09-08|2025-09-09|2025-09-10|2025-09-11|2025-09-12|2025-09-15|2025-09-16|2025-09-17|2025-09-18|2025-09-19|2025-09-22|2025-09-23|2025-09-24|2025-09-25|2025-09-26|2025-09-29|2025-09-30|2025-10-01|2025-10-02|2025-10-03|2025-10-06|2025-10-07|2025-10-08|2025-10-09|2025-10-10|2025-10-13|2025-10-14|2025-10-15|2025-10-16|2025-10-17,2025-10-17 22:23:44,0.0
Bio-Rad Laboratories,,2025-09-08|2025-09-09|2025-09-10|2025-09-11|2025-09-12|2025-09-15|2025-09-16|2025-09-17|2025-09-18|2025-09-19|2025-09-22|2025-09-23|2025-09-24|2025-09-25|2025-09-26|2025-09-29|2025-09-30|2025-10-01|2025-10-02|2025-10-03|2025-10-06|2025-10-07|2025-10-08|2025-10-09|2025-10-10|2025-10-13|2025-10-14|2025-10-15|2025-10-16|2025-10-17,2025-10-17 22:23:44,0.0
Spire Inc,,2025-09-08|2025-09-09|2025-09-10|2025-09-11|2025-09-12|2025-09-15|2025-09-16|2025-09-17|2025-09-18|2025-09-19|2025-09-22|2025-09-23|2025-09-24|2025-09-25|2025-09-26|2025-09-29|2025-09-30|2025-10-01|2025-10-02|2025-10-03|2025-10-06|2025-10-07|2025-10-08|2025-10-09|2025-10-10|2025-10-13|2025-10-14|2025-10-15|2025-10-16|2025-10-17,2025-10-17 22:23:44,0.0
Gannett,,2025-09-08|2025-09-09|2025-09-10|2025-09-11|2025-09-12|2025-09-15|2025-09-16|2025-09-17|2025-09-18|2025-09-19|2025-09-22|2025-09-23|2025-09-24|2025-09-25|2025-09-26|2025-09-29|2025-09-30|2025-10-01|2025-10-02|2025-10-03|2025-10-06|2025-10-07|2025-10-08|2025-10-09|2025-10-10|2025-10-13|2025-10-14|2025-10-15|2025-10-16|2025-10-17,2025-10-17 22:23:44,0.0
Cullen Frost Bankers,,2025-09-08|2025-09-09|2025-09-10|2025-09-11|2025-09-12|2025-09-15|2025-09-16|2025-09-17|2025-09-18|2025-09-19|2025-09-22|2025-09-23|2025-09-24|2025-09-25|2025-09-26|2025-09-29|2025-09-30|2025-10-01|2025-10-02|2025-10-03|2025-10-06|2025-10-07|2025-10-08|2025-10-09|2025-10-10|2025-10-13|2025-10-14|2025-10-15|2025-10-16|2025-10-17,2025-10-17 22:23:44,0.0
Extra Space Storage,,2025-09-08|2025-09-09|2025-09-10|2025-09-11|2025-09-12|2025-09-15|2025-09-16|2025-09-17|2025-09-18|2025-09-19|2025-09-22|2025-09-23|2025-09-24|2025-09-25|2025-09-26|2025-09-29|2025-09-30|2025-10-01|2025-10-02|2025-10-03|2025-10-06|2025-10-07|2025-10-08|2025-10-09|2025-10-10|2025-10-13|2025-10-14|2025-10-15|2025-10-16|2025-10-17,2025-10-17 22:23:44,0.0
REV Group,,2025-09-08|2025-09-09|2025-09-10|2025-09-11|2025-09-12|2025-09-15|2025-09-16|2025-09-17|2025-09-18|2025-09-19|2025-09-22|2025-09-23|2025-09-24|2025-09-25|2025-09-26|2025-09-29|2025-09-30|2025-10-01|2025-10-02|2025-10-03|2025-10-06|2025-10-07|2025-10-08|2025-10-09|2025-10-10|2025-10-13|2025-10-14|2025-10-15|2025-10-16|2025-10-17,2025-10-17 22:23:44,0.0
ProFrac Holding,,2025-09-08|2025-09-09|2025-09-10|2025-09-11|2025-09-12|2025-09-15|2025-09-16|2025-09-17|2025-09-18|2025-09-19|2025-09-22|2025-09-23|2025-09-24|2025-09-25|2025-09-26|2025-09-29|2025-09-30|2025-10-01|2025-10-02|2025-10-03|2025-10-06|2025-10-07|2025-10-08|2025-10-09|2025-10-10|2025-10-13|2025-10-14|2025-10-15|2025-10-16|2025-10-17,2025-10-17 22:23:44,0.0
Nordson,,2025-09-08|2025-09-09|2025-09-10|2025-09-11|2025-09-12|2025-09-15|2025-09-16|2025-09-17|2025-09-18|2025-09-19|2025-09-22|2025-09-23|2025-09-24|2025-09-25|2025-09-26|2025-09-29|2025-09-30|2025-10-01|2025-10-02|2025-10-03|2025-10-06|2025-10-07|2025-10-08|2025-10-09|2025-10-10|2025-10-13|2025-10-14|2025-10-15|2025-10-16|2025-10-17,2025-10-17 22:23:44,0.0
Valvoline Inc,,2025-09-08|2025-09-09|2025-09-10|2025-09-11|2025-09-12|2025-09-15|2025-09-16|2025-09-17|2025-09-18|2025-09-19|2025-09-22|2025-09-23|2025-09-24|2025-09-25|2025-09-26|2025-09-29|2025-09-30|2025-10-01|2025-10-02|2025-10-03|2025-10-06|2025-10-07|2025-10-08|2025-10-09|2025-10-10|2025-10-13|2025-10-14|2025-10-15|2025-10-16|2025-10-17,2025-10-17 22:23:44,0.0
Kontoor Brands,,2025-09-08|2025-09-09|2025-09-10|2025-09-11|2025-09-12|2025-09-15|2025-09-16|2025-09-17|2025-09-18|2025-09-19|2025-09-22|2025-09-23|2025-09-24|2025-09-25|2025-09-26|2025-09-29|2025-09-30|2025-10-01|2025-10-02|2025-10-03|2025-10-06|2025-10-07|2025-10-08|2025-10-09|2025-10-10|2025-10-13|2025-10-14|2025-10-15|2025-10-16|2025-10-17,2025-10-17 22:23:44,0.0
Skyline Champion,,2025-09-08|2025-09-09|2025-09-10|2025-09-11|2025-09-12|2025-09-15|2025-09-16|2025-09-17|2025-09-18|2025-09-19|2025-09-22|2025-09-23|2025-09-24|2025-09-25|2025-09-26|2025-09-29|2025-09-30|2025-10-01|2025-10-02|2025-10-03|2025-10-06|2025-10-07|2025-10-08|2025-10-09|2025-10-10|2025-10-13|2025-10-14|2025-10-15|2025-10-16|2025-10-17,2025-10-17 22:23:44,0.0
Teladoc Health,,2025-09-08|2025-09-09|2025-09-10|2025-09-11|2025-09-12|2025-09-15|2025-09-16|2025-09-17|2025-09-18|2025-09-19|2025-09-22|2025-09-23|2025-09-24|2025-09-25|2025-09-26|2025-09-29|2025-09-30|2025-10-01|2025-10-02|2025-10-03|2025-10-06|2025-10-07|2025-10-08|2025-10-09|2025-10-10|2025-10-13|2025-10-14|2025-10-15|2025-10-16|2025-10-17,2025-10-17 22:23:44,0.0
Louisiana-Pacific Corporation,,2025-09-08|2025-09-09|2025-09-10|2025-09-11|2025-09-12|2025-09-15|2025-09-16|2025-09-17|2025-09-18|2025-09-19|2025-09-22|2025-09-23|2025-09-24|2025-09-25|2025-09-26|2025-09-29|2025-09-30|2025-10-01|2025-10-02|2025-10-03|2025-10-06|2025-10-07|2025-10-08|2025-10-09|2025-10-10|2025-10-13|2025-10-14|2025-10-15|2025-10-16|2025-10-17,2025-10-17 22:23:44,0.0
Universal Corporation,,2025-09-08|2025-09-09|2025-09-10|2025-09-11|2025-09-12|2025-09-15|2025-09-16|2025-09-17|2025-09-18|2025-09-19|2025-09-22|2025-09-23|2025-09-24|2025-09-25|2025-09-26|2025-09-29|2025-09-30|2025-10-01|2025-10-02|2025-10-03|2025-10-06|2025-10-07|2025-10-08|2025-10-09|2025-10-10|2025-10-13|2025-10-14|2025-10-15|2025-10-16|2025-10-17,2025-10-17 22:23:44,0.0
