company,trends_history,date_history,last_updated,avg_interest
Compass Group,65|75|73|67|63|100|80|88|86|70|73|72|77|81|69|74|69|73|61|63|63|75|73|73|67|69|74|69|69|66,2025-09-15|2025-09-16|2025-09-17|2025-09-18|2025-09-19|2025-09-22|2025-09-23|2025-09-24|2025-09-25|2025-09-26|2025-09-29|2025-09-30|2025-10-01|2025-10-02|2025-10-03|2025-10-06|2025-10-07|2025-10-08|2025-10-09|2025-10-10|2025-10-13|2025-10-14|2025-10-15|2025-10-16|2025-10-17|2025-10-20|2025-10-21|2025-10-22|2025-10-23|2025-10-24,2025-10-24 22:20:57,72.6
Brinks Company,0|100|0|0|0|0|0|0|0|0|0|0|0|0|0|0|0|0|0|15|19|13|12|11|13|9|13|14|18|17,2025-09-15|2025-09-16|2025-09-17|2025-09-18|2025-09-19|2025-09-22|2025-09-23|2025-09-24|2025-09-25|2025-09-26|2025-09-29|2025-09-30|2025-10-01|2025-10-02|2025-10-03|2025-10-06|2025-10-07|2025-10-08|2025-10-09|2025-10-10|2025-10-13|2025-10-14|2025-10-15|2025-10-16|2025-10-17|2025-10-20|2025-10-21|2025-10-22|2025-10-23|2025-10-24,2025-10-24 22:20:59,8.5
Kelly Services Inc,0|0|0|0|0|0|0|0|0|0|0|100|0|0|0|0|0|0|0|12|10|14|13|13|12|13|11|16|12|13,2025-09-15|2025-09-16|2025-09-17|2025-09-18|2025-09-19|2025-09-22|2025-09-23|2025-09-24|2025-09-25|2025-09-26|2025-09-29|2025-09-30|2025-10-01|2025-10-02|2025-10-03|2025-10-06|2025-10-07|2025-10-08|2025-10-09|2025-10-10|2025-10-13|2025-10-14|2025-10-15|2025-10-16|2025-10-17|2025-10-20|2025-10-21|2025-10-22|2025-10-23|2025-10-24,2025-10-24 22:21:02,8.0
Navient,100|84|74|74|82|62|74|55|63|79|77|65|74|83|85|63|77|63|65|80|78|79|100|85|67|63|75|73|69|73,2025-09-15|2025-09-16|2025-09-17|2025-09-18|2025-09-19|2025-09-22|2025-09-23|2025-09-24|2025-09-25|2025-09-26|2025-09-29|2025-09-30|2025-10-01|2025-10-02|2025-10-03|2025-10-06|2025-10-07|2025-10-08|2025-10-09|2025-10-10|2025-10-13|2025-10-14|2025-10-15|2025-10-16|2025-10-17|2025-10-20|2025-10-21|2025-10-22|2025-10-23|2025-10-24,2025-10-24 22:21:07,74.7
AMC Entertainment,0|0|0|0|0|0|0|0|0|0|0|0|0|87|100|0|70|0|87|25|20|26|21|20|21|23|26|31|18|30,2025-09-15|2025-09-16|2025-09-17|2025-09-18|2025-09-19|2025-09-22|2025-09-23|2025-09-24|2025-09-25|2025-09-26|2025-09-29|2025-09-30|2025-10-01|2025-10-02|2025-10-03|2025-10-06|2025-10-07|2025-10-08|2025-10-09|2025-10-10|2025-10-13|2025-10-14|2025-10-15|2025-10-16|2025-10-17|2025-10-20|2025-10-21|2025-10-22|2025-10-23|2025-10-24,2025-10-24 22:21:10,20.2
Encompass Health,88|86|90|86|81|95|97|78|79|74|82|89|74|89|70|75|100|70|83|78|82|87|87|87|79|86|89|91|85|84,2025-09-15|2025-09-16|2025-09-17|2025-09-18|2025-09-19|2025-09-22|2025-09-23|2025-09-24|2025-09-25|2025-09-26|2025-09-29|2025-09-30|2025-10-01|2025-10-02|2025-10-03|2025-10-06|2025-10-07|2025-10-08|2025-10-09|2025-10-10|2025-10-13|2025-10-14|2025-10-15|2025-10-16|2025-10-17|2025-10-20|2025-10-21|2025-10-22|2025-10-23|2025-10-24,2025-10-24 22:21:14,84.0
Skyworks Solutions,0|0|0|0|0|0|0|0|0|0|0|0|0|0|0|0|0|0|0|68|67|100|92|88|63|69|66|62|83|48,2025-09-15|2025-09-16|2025-09-17|2025-09-18|2025-09-19|2025-09-22|2025-09-23|2025-09-24|2025-09-25|2025-09-26|2025-09-29|2025-09-30|2025-10-01|2025-10-02|2025-10-03|2025-10-06|2025-10-07|2025-10-08|2025-10-09|2025-10-10|2025-10-13|2025-10-14|2025-10-15|2025-10-16|2025-10-17|2025-10-20|2025-10-21|2025-10-22|2025-10-23|2025-10-24,2025-10-24 22:21:17,26.9
Timken,75|94|67|75|78|100|69|68|80|87|74|78|78|67|64|74|60|71|69|67|81|81|88|83|70|78|75|80|81|77,2025-09-15|2025-09-16|2025-09-17|2025-09-18|2025-09-19|2025-09-22|2025-09-23|2025-09-24|2025-09-25|2025-09-26|2025-09-29|2025-09-30|2025-10-01|2025-10-02|2025-10-03|2025-10-06|2025-10-07|2025-10-08|2025-10-09|2025-10-10|2025-10-13|2025-10-14|2025-10-15|2025-10-16|2025-10-17|2025-10-20|2025-10-21|2025-10-22|2025-10-23|2025-10-24,2025-10-24 22:21:20,76.3
Liberty Energy,50|39|60|39|83|64|49|69|57|57|48|46|82|49|37|56|69|100|57|39|40|49|46|45|70|68|51|43|49|45,2025-09-15|2025-09-16|2025-09-17|2025-09-18|2025-09-19|2025-09-22|2025-09-23|2025-09-24|2025-09-25|2025-09-26|2025-09-29|2025-09-30|2025-10-01|2025-10-02|2025-10-03|2025-10-06|2025-10-07|2025-10-08|2025-10-09|2025-10-10|2025-10-13|2025-10-14|2025-10-15|2025-10-16|2025-10-17|2025-10-20|2025-10-21|2025-10-22|2025-10-23|2025-10-24,2025-10-24 22:21:24,55.2
Marriott Vacations Worldwide,0|0|0|0|0|0|0|0|0|0|0|0|0|0|0|0|100|0|0|13|16|15|13|17|13|15|18|16|15|12,2025-09-15|2025-09-16|2025-09-17|2025-09-18|2025-09-19|2025-09-22|2025-09-23|2025-09-24|2025-09-25|2025-09-26|2025-09-29|2025-09-30|2025-10-01|2025-10-02|2025-10-03|2025-10-06|2025-10-07|2025-10-08|2025-10-09|2025-10-10|2025-10-13|2025-10-14|2025-10-15|2025-10-16|2025-10-17|2025-10-20|2025-10-21|2025-10-22|2025-10-23|2025-10-24,2025-10-24 22:21:28,8.8
Leggett & Platt,0|0|0|0|0|0|0|0|0|0|0|0|0|0|0|0|0|0|0|57|63|77|100|63|79|87|64|76|77|90,2025-09-15|2025-09-16|2025-09-17|2025-09-18|2025-09-19|2025-09-22|2025-09-23|2025-09-24|2025-09-25|2025-09-26|2025-09-29|2025-09-30|2025-10-01|2025-10-02|2025-10-03|2025-10-06|2025-10-07|2025-10-08|2025-10-09|2025-10-10|2025-10-13|2025-10-14|2025-10-15|2025-10-16|2025-10-17|2025-10-20|2025-10-21|2025-10-22|2025-10-23|2025-10-24,2025-10-24 22:21:31,27.8
Weis Markets,60|70|63|67|63|76|77|24|81|75|96|69|64|73|69|75|87|78|55|68|73|67|70|74|74|66|67|69|76|75,2025-09-15|2025-09-16|2025-09-17|2025-09-18|2025-09-19|2025-09-22|2025-09-23|2025-09-24|2025-09-25|2025-09-26|2025-09-29|2025-09-30|2025-10-01|2025-10-02|2025-10-03|2025-10-06|2025-10-07|2025-10-08|2025-10-09|2025-10-10|2025-10-13|2025-10-14|2025-10-15|2025-10-16|2025-10-17|2025-10-20|2025-10-21|2025-10-22|2025-10-23|2025-10-24,2025-10-24 22:21:34,70.0
Pinnacle West Capital,0|0|0|0|0|0|0|0|0|0|0|0|0|0|0|0|0|0|0|0|79|0|0|0|100|80|0|0|99|0,2025-09-15|2025-09-16|2025-09-17|2025-09-18|2025-09-19|2025-09-22|2025-09-23|2025-09-24|2025-09-25|2025-09-26|2025-09-29|2025-09-30|2025-10-01|2025-10-02|2025-10-03|2025-10-06|2025-10-07|2025-10-08|2025-10-09|2025-10-10|2025-10-13|2025-10-14|2025-10-15|2025-10-16|2025-10-17|2025-10-20|2025-10-21|2025-10-22|2025-10-23|2025-10-24,2025-10-24 22:21:38,11.9
EPAM Systems,0|0|0|0|100|0|0|0|0|57|0|0|0|0|0|0|0|0|0|10|10|14|9|8|7|9|14|16|12|14,2025-09-15|2025-09-16|2025-09-17|2025-09-18|2025-09-19|2025-09-22|2025-09-23|2025-09-24|2025-09-25|2025-09-26|2025-09-29|2025-09-30|2025-10-01|2025-10-02|2025-10-03|2025-10-06|2025-10-07|2025-10-08|2025-10-09|2025-10-10|2025-10-13|2025-10-14|2025-10-15|2025-10-16|2025-10-17|2025-10-20|2025-10-21|2025-10-22|2025-10-23|2025-10-24,2025-10-24 22:21:41,9.3
Antero Resources,0|0|0|0|0|0|0|100|0|0|0|0|0|0|0|0|0|0|0|27|39|30|28|32|20|30|24|31|36|32,2025-09-15|2025-09-16|2025-09-17|2025-09-18|2025-09-19|2025-09-22|2025-09-23|2025-09-24|2025-09-25|2025-09-26|2025-09-29|2025-09-30|2025-10-01|2025-10-02|2025-10-03|2025-10-06|2025-10-07|2025-10-08|2025-10-09|2025-10-10|2025-10-13|2025-10-14|2025-10-15|2025-10-16|2025-10-17|2025-10-20|2025-10-21|2025-10-22|2025-10-23|2025-10-24,2025-10-24 22:21:43,14.3
Bloomin Brands,60|0|0|0|0|0|0|0|0|64|0|0|65|0|0|0|0|0|100|40|40|38|31|44|43|39|43|40|40|43,2025-09-15|2025-09-16|2025-09-17|2025-09-18|2025-09-19|2025-09-22|2025-09-23|2025-09-24|2025-09-25|2025-09-26|2025-09-29|2025-09-30|2025-10-01|2025-10-02|2025-10-03|2025-10-06|2025-10-07|2025-10-08|2025-10-09|2025-10-10|2025-10-13|2025-10-14|2025-10-15|2025-10-16|2025-10-17|2025-10-20|2025-10-21|2025-10-22|2025-10-23|2025-10-24,2025-10-24 22:21:47,24.3
MDU Resources Group,,2025-09-15|2025-09-16|2025-09-17|2025-09-18|2025-09-19|2025-09-22|2025-09-23|2025-09-24|2025-09-25|2025-09-26|2025-09-29|2025-09-30|2025-10-01|2025-10-02|2025-10-03|2025-10-06|2025-10-07|2025-10-08|2025-10-09|2025-10-10|2025-10-13|2025-10-14|2025-10-15|2025-10-16|2025-10-17|2025-10-20|2025-10-21|2025-10-22|2025-10-23|2025-10-24,2025-10-24 22:21:51,0.0
Texas Roadhouse,44|39|44|48|66|44|45|43|48|63|44|43|46|44|64|47|42|45|49|79|55|45|46|51|72|48|43|47|51|58,2025-09-15|2025-09-16|2025-09-17|2025-09-18|2025-09-19|2025-09-22|2025-09-23|2025-09-24|2025-09-25|2025-09-26|2025-09-29|2025-09-30|2025-10-01|2025-10-02|2025-10-03|2025-10-06|2025-10-07|2025-10-08|2025-10-09|2025-10-10|2025-10-13|2025-10-14|2025-10-15|2025-10-16|2025-10-17|2025-10-20|2025-10-21|2025-10-22|2025-10-23|2025-10-24,2025-10-24 22:21:51,50.1
Mercury General,0|0|0|0|0|0|0|0|0|86|0|0|100|0|0|0|0|0|0|19|21|24|23|22|23|19|24|23|25|19,2025-09-15|2025-09-16|2025-09-17|2025-09-18|2025-09-19|2025-09-22|2025-09-23|2025-09-24|2025-09-25|2025-09-26|2025-09-29|2025-09-30|2025-10-01|2025-10-02|2025-10-03|2025-10-06|2025-10-07|2025-10-08|2025-10-09|2025-10-10|2025-10-13|2025-10-14|2025-10-15|2025-10-16|2025-10-17|2025-10-20|2025-10-21|2025-10-22|2025-10-23|2025-10-24,2025-10-24 22:21:54,14.3
Fortune Brands Innovations,0|0|0|0|0|0|0|0|0|0|0|0|0|0|0|0|100|0|0|5|13|12|16|10|13|14|10|13|15|11,2025-09-15|2025-09-16|2025-09-17|2025-09-18|2025-09-19|2025-09-22|2025-09-23|2025-09-24|2025-09-25|2025-09-26|2025-09-29|2025-09-30|2025-10-01|2025-10-02|2025-10-03|2025-10-06|2025-10-07|2025-10-08|2025-10-09|2025-10-10|2025-10-13|2025-10-14|2025-10-15|2025-10-16|2025-10-17|2025-10-20|2025-10-21|2025-10-22|2025-10-23|2025-10-24,2025-10-24 22:21:58,7.7
Zions Bancorp,0|0|0|0|0|0|0|0|0|0|0|0|0|0|0|0|0|0|0|0|0|0|6|72|100|37|22|12|8|6,2025-09-15|2025-09-16|2025-09-17|2025-09-18|2025-09-19|2025-09-22|2025-09-23|2025-09-24|2025-09-25|2025-09-26|2025-09-29|2025-09-30|2025-10-01|2025-10-02|2025-10-03|2025-10-06|2025-10-07|2025-10-08|2025-10-09|2025-10-10|2025-10-13|2025-10-14|2025-10-15|2025-10-16|2025-10-17|2025-10-20|2025-10-21|2025-10-22|2025-10-23|2025-10-24,2025-10-24 22:22:01,8.8
JELD-WEN Holding,0|0|0|0|0|0|0|0|0|0|0|0|0|0|0|0|0|0|0|0|0|0|0|0|0|0|0|0|0|0,2025-09-15|2025-09-16|2025-09-17|2025-09-18|2025-09-19|2025-09-22|2025-09-23|2025-09-24|2025-09-25|2025-09-26|2025-09-29|2025-09-30|2025-10-01|2025-10-02|2025-10-03|2025-10-06|2025-10-07|2025-10-08|2025-10-09|2025-10-10|2025-10-13|2025-10-14|2025-10-15|2025-10-16|2025-10-17|2025-10-20|2025-10-21|2025-10-22|2025-10-23|2025-10-24,2025-10-24 22:22:05,0.0
Snap Inc,63|100|84|57|93|79|0|59|57|60|0|56|64|81|0|98|57|0|84|44|45|49|47|51|51|73|60|59|63|55,2025-09-15|2025-09-16|2025-09-17|2025-09-18|2025-09-19|2025-09-22|2025-09-23|2025-09-24|2025-09-25|2025-09-26|2025-09-29|2025-09-30|2025-10-01|2025-10-02|2025-10-03|2025-10-06|2025-10-07|2025-10-08|2025-10-09|2025-10-10|2025-10-13|2025-10-14|2025-10-15|2025-10-16|2025-10-17|2025-10-20|2025-10-21|2025-10-22|2025-10-23|2025-10-24,2025-10-24 22:22:09,56.3
Zebra Technologies,50|75|74|49|71|0|67|85|66|85|68|0|68|59|67|54|73|100|74|46|43|54|58|58|44|50|53|51|53|48,2025-09-15|2025-09-16|2025-09-17|2025-09-18|2025-09-19|2025-09-22|2025-09-23|2025-09-24|2025-09-25|2025-09-26|2025-09-29|2025-09-30|2025-10-01|2025-10-02|2025-10-03|2025-10-06|2025-10-07|2025-10-08|2025-10-09|2025-10-10|2025-10-13|2025-10-14|2025-10-15|2025-10-16|2025-10-17|2025-10-20|2025-10-21|2025-10-22|2025-10-23|2025-10-24,2025-10-24 22:22:12,58.1
Agilon Health,0|0|0|0|0|100|0|0|0|0|0|0|0|0|0|0|0|0|0|21|28|29|36|31|19|23|24|21|25|22,2025-09-15|2025-09-16|2025-09-17|2025-09-18|2025-09-19|2025-09-22|2025-09-23|2025-09-24|2025-09-25|2025-09-26|2025-09-29|2025-09-30|2025-10-01|2025-10-02|2025-10-03|2025-10-06|2025-10-07|2025-10-08|2025-10-09|2025-10-10|2025-10-13|2025-10-14|2025-10-15|2025-10-16|2025-10-17|2025-10-20|2025-10-21|2025-10-22|2025-10-23|2025-10-24,2025-10-24 22:22:15,12.6
Toro Company,100|0|0|0|64|77|0|50|0|0|0|91|57|79|0|0|67|53|0|26|33|33|33|30|24|28|24|31|33|34,2025-09-15|2025-09-16|2025-09-17|2025-09-18|2025-09-19|2025-09-22|2025-09-23|2025-09-24|2025-09-25|2025-09-26|2025-09-29|2025-09-30|2025-10-01|2025-10-02|2025-10-03|2025-10-06|2025-10-07|2025-10-08|2025-10-09|2025-10-10|2025-10-13|2025-10-14|2025-10-15|2025-10-16|2025-10-17|2025-10-20|2025-10-21|2025-10-22|2025-10-23|2025-10-24,2025-10-24 22:22:18,32.2
Zoom Video Communications,0|0|0|0|0|0|0|0|0|0|0|0|0|0|0|0|0|0|0|0|67|70|100|0|0|68|0|80|0|0,2025-09-15|2025-09-16|2025-09-17|2025-09-18|2025-09-19|2025-09-22|2025-09-23|2025-09-24|2025-09-25|2025-09-26|2025-09-29|2025-09-30|2025-10-01|2025-10-02|2025-10-03|2025-10-06|2025-10-07|2025-10-08|2025-10-09|2025-10-10|2025-10-13|2025-10-14|2025-10-15|2025-10-16|2025-10-17|2025-10-20|2025-10-21|2025-10-22|2025-10-23|2025-10-24,2025-10-24 22:22:20,12.8
Tetra Tech,53|100|100|83|85|75|68|55|0|83|68|96|87|84|0|66|79|57|68|60|57|58|63|64|53|59|63|66|67|59,2025-09-15|2025-09-16|2025-09-17|2025-09-18|2025-09-19|2025-09-22|2025-09-23|2025-09-24|2025-09-25|2025-09-26|2025-09-29|2025-09-30|2025-10-01|2025-10-02|2025-10-03|2025-10-06|2025-10-07|2025-10-08|2025-10-09|2025-10-10|2025-10-13|2025-10-14|2025-10-15|2025-10-16|2025-10-17|2025-10-20|2025-10-21|2025-10-22|2025-10-23|2025-10-24,2025-10-24 22:22:24,65.9
Public Storage,61|58|68|75|67|71|66|70|72|74|75|100|100|96|99|78|69|69|69|60|63|59|60|58|57|61|57|57|63|67,2025-09-15|2025-09-16|2025-09-17|2025-09-18|2025-09-19|2025-09-22|2025-09-23|2025-09-24|2025-09-25|2025-09-26|2025-09-29|2025-09-30|2025-10-01|2025-10-02|2025-10-03|2025-10-06|2025-10-07|2025-10-08|2025-10-09|2025-10-10|2025-10-13|2025-10-14|2025-10-15|2025-10-16|2025-10-17|2025-10-20|2025-10-21|2025-10-22|2025-10-23|2025-10-24,2025-10-24 22:22:28,70.0
Illumina Inc,0|0|0|0|0|0|0|0|0|0|0|0|0|0|0|0|0|0|0|0|0|0|0|0|0|82|100|0|93|0,2025-09-15|2025-09-16|2025-09-17|2025-09-18|2025-09-19|2025-09-22|2025-09-23|2025-09-24|2025-09-25|2025-09-26|2025-09-29|2025-09-30|2025-10-01|2025-10-02|2025-10-03|2025-10-06|2025-10-07|2025-10-08|2025-10-09|2025-10-10|2025-10-13|2025-10-14|2025-10-15|2025-10-16|2025-10-17|2025-10-20|2025-10-21|2025-10-22|2025-10-23|2025-10-24,2025-10-24 22:22:31,9.2
Ventas Inc,0|0|0|100|0|0|0|0|0|0|0|0|0|0|0|0|0|0|0|9|0|7|0|0|0|0|0|0|0|0,2025-09-15|2025-09-16|2025-09-17|2025-09-18|2025-09-19|2025-09-22|2025-09-23|2025-09-24|2025-09-25|2025-09-26|2025-09-29|2025-09-30|2025-10-01|2025-10-02|2025-10-03|2025-10-06|2025-10-07|2025-10-08|2025-10-09|2025-10-10|2025-10-13|2025-10-14|2025-10-15|2025-10-16|2025-10-17|2025-10-20|2025-10-21|2025-10-22|2025-10-23|2025-10-24,2025-10-24 22:22:35,3.9
FMC Corporation,0|0|100|0|0|0|0|0|0|0|0|0|0|0|0|0|0|0|0|15|22|24|16|19|19|21|26|18|14|22,2025-09-15|2025-09-16|2025-09-17|2025-09-18|2025-09-19|2025-09-22|2025-09-23|2025-09-24|2025-09-25|2025-09-26|2025-09-29|2025-09-30|2025-10-01|2025-10-02|2025-10-03|2025-10-06|2025-10-07|2025-10-08|2025-10-09|2025-10-10|2025-10-13|2025-10-14|2025-10-15|2025-10-16|2025-10-17|2025-10-20|2025-10-21|2025-10-22|2025-10-23|2025-10-24,2025-10-24 22:22:37,10.5
ArcBest,74|67|52|69|48|49|63|67|55|67|54|100|65|64|46|34|53|60|81|36|42|46|43|45|35|40|44|44|50|46,2025-09-15|2025-09-16|2025-09-17|2025-09-18|2025-09-19|2025-09-22|2025-09-23|2025-09-24|2025-09-25|2025-09-26|2025-09-29|2025-09-30|2025-10-01|2025-10-02|2025-10-03|2025-10-06|2025-10-07|2025-10-08|2025-10-09|2025-10-10|2025-10-13|2025-10-14|2025-10-15|2025-10-16|2025-10-17|2025-10-20|2025-10-21|2025-10-22|2025-10-23|2025-10-24,2025-10-24 22:22:41,54.6
Dominos Pizza Inc,0|0|0|0|0|0|0|0|0|0|0|0|0|0|0|0|0|0|0|0|0|0|0|0|0|0|0|0|0|0,2025-09-15|2025-09-16|2025-09-17|2025-09-18|2025-09-19|2025-09-22|2025-09-23|2025-09-24|2025-09-25|2025-09-26|2025-09-29|2025-09-30|2025-10-01|2025-10-02|2025-10-03|2025-10-06|2025-10-07|2025-10-08|2025-10-09|2025-10-10|2025-10-13|2025-10-14|2025-10-15|2025-10-16|2025-10-17|2025-10-20|2025-10-21|2025-10-22|2025-10-23|2025-10-24,2025-10-24 22:22:44,0.0
ASGN,0|0|0|0|0|0|0|0|0|0|100|0|0|0|74|0|0|0|0|22|23|28|28|26|19|25|28|57|81|45,2025-09-15|2025-09-16|2025-09-17|2025-09-18|2025-09-19|2025-09-22|2025-09-23|2025-09-24|2025-09-25|2025-09-26|2025-09-29|2025-09-30|2025-10-01|2025-10-02|2025-10-03|2025-10-06|2025-10-07|2025-10-08|2025-10-09|2025-10-10|2025-10-13|2025-10-14|2025-10-15|2025-10-16|2025-10-17|2025-10-20|2025-10-21|2025-10-22|2025-10-23|2025-10-24,2025-10-24 22:22:47,18.5
Rivian Automotive,0|50|0|0|0|100|0|0|0|0|0|0|0|0|0|0|0|0|0|15|20|16|20|15|15|14|12|16|19|21,2025-09-15|2025-09-16|2025-09-17|2025-09-18|2025-09-19|2025-09-22|2025-09-23|2025-09-24|2025-09-25|2025-09-26|2025-09-29|2025-09-30|2025-10-01|2025-10-02|2025-10-03|2025-10-06|2025-10-07|2025-10-08|2025-10-09|2025-10-10|2025-10-13|2025-10-14|2025-10-15|2025-10-16|2025-10-17|2025-10-20|2025-10-21|2025-10-22|2025-10-23|2025-10-24,2025-10-24 22:22:51,11.1
Elanco Animal Health,0|0|0|0|0|0|0|0|0|0|0|0|0|0|0|0|0|0|0|45|63|92|59|76|66|100|80|97|63|55,2025-09-15|2025-09-16|2025-09-17|2025-09-18|2025-09-19|2025-09-22|2025-09-23|2025-09-24|2025-09-25|2025-09-26|2025-09-29|2025-09-30|2025-10-01|2025-10-02|2025-10-03|2025-10-06|2025-10-07|2025-10-08|2025-10-09|2025-10-10|2025-10-13|2025-10-14|2025-10-15|2025-10-16|2025-10-17|2025-10-20|2025-10-21|2025-10-22|2025-10-23|2025-10-24,2025-10-24 22:22:54,26.5
Graham Holdings Company,0|0|0|0|0|0|0|0|0|0|0|0|0|0|0|0|0|0|0|0|0|0|0|0|0|0|0|56|67|100,2025-09-15|2025-09-16|2025-09-17|2025-09-18|2025-09-19|2025-09-22|2025-09-23|2025-09-24|2025-09-25|2025-09-26|2025-09-29|2025-09-30|2025-10-01|2025-10-02|2025-10-03|2025-10-06|2025-10-07|2025-10-08|2025-10-09|2025-10-10|2025-10-13|2025-10-14|2025-10-15|2025-10-16|2025-10-17|2025-10-20|2025-10-21|2025-10-22|2025-10-23|2025-10-24,2025-10-24 22:22:57,7.4
Floor & Decor,61|57|87|47|85|73|61|78|66|73|73|79|53|68|78|70|64|91|100|74|79|78|71|71|68|67|74|75|69|66,2025-09-15|2025-09-16|2025-09-17|2025-09-18|2025-09-19|2025-09-22|2025-09-23|2025-09-24|2025-09-25|2025-09-26|2025-09-29|2025-09-30|2025-10-01|2025-10-02|2025-10-03|2025-10-06|2025-10-07|2025-10-08|2025-10-09|2025-10-10|2025-10-13|2025-10-14|2025-10-15|2025-10-16|2025-10-17|2025-10-20|2025-10-21|2025-10-22|2025-10-23|2025-10-24,2025-10-24 22:23:01,71.9
Applied Industrial Technologies,74|68|69|0|0|78|0|0|93|0|0|100|95|84|0|93|0|0|76|46|48|50|63|57|46|61|64|58|60|59,2025-09-15|2025-09-16|2025-09-17|2025-09-18|2025-09-19|2025-09-22|2025-09-23|2025-09-24|2025-09-25|2025-09-26|2025-09-29|2025-09-30|2025-10-01|2025-10-02|2025-10-03|2025-10-06|2025-10-07|2025-10-08|2025-10-09|2025-10-10|2025-10-13|2025-10-14|2025-10-15|2025-10-16|2025-10-17|2025-10-20|2025-10-21|2025-10-22|2025-10-23|2025-10-24,2025-10-24 22:23:05,48.1
PriceSmart,64|57|0|69|84|69|74|97|78|68|0|0|87|45|56|67|69|65|46|57|62|58|62|73|59|66|70|59|53|61,2025-09-15|2025-09-16|2025-09-17|2025-09-18|2025-09-19|2025-09-22|2025-09-23|2025-09-24|2025-09-25|2025-09-26|2025-09-29|2025-09-30|2025-10-01|2025-10-02|2025-10-03|2025-10-06|2025-10-07|2025-10-08|2025-10-09|2025-10-10|2025-10-13|2025-10-14|2025-10-15|2025-10-16|2025-10-17|2025-10-20|2025-10-21|2025-10-22|2025-10-23|2025-10-24,2025-10-24 22:23:08,59.2
Lyft,71|68|90|80|77|69|66|63|66|77|71|68|76|71|73|70|72|73|84|75|76|71|69|69|75|100|70|69|74|74,2025-09-15|2025-09-16|2025-09-17|2025-09-18|2025-09-19|2025-09-22|2025-09-23|2025-09-24|2025-09-25|2025-09-26|2025-09-29|2025-09-30|2025-10-01|2025-10-02|2025-10-03|2025-10-06|2025-10-07|2025-10-08|2025-10-09|2025-10-10|2025-10-13|2025-10-14|2025-10-15|2025-10-16|2025-10-17|2025-10-20|2025-10-21|2025-10-22|2025-10-23|2025-10-24,2025-10-24 22:23:11,73.6
Ciena,51|85|58|78|71|100|53|71|78|56|51|49|74|67|38|73|70|61|66|57|51|65|64|69|46|55|60|64|61|55,2025-09-15|2025-09-16|2025-09-17|2025-09-18|2025-09-19|2025-09-22|2025-09-23|2025-09-24|2025-09-25|2025-09-26|2025-09-29|2025-09-30|2025-10-01|2025-10-02|2025-10-03|2025-10-06|2025-10-07|2025-10-08|2025-10-09|2025-10-10|2025-10-13|2025-10-14|2025-10-15|2025-10-16|2025-10-17|2025-10-20|2025-10-21|2025-10-22|2025-10-23|2025-10-24,2025-10-24 22:23:15,63.2
IAC,,2025-09-15|2025-09-16|2025-09-17|2025-09-18|2025-09-19|2025-09-22|2025-09-23|2025-09-24|2025-09-25|2025-09-26|2025-09-29|2025-09-30|2025-10-01|2025-10-02|2025-10-03|2025-10-06|2025-10-07|2025-10-08|2025-10-09|2025-10-10|2025-10-13|2025-10-14|2025-10-15|2025-10-16|2025-10-17|2025-10-20|2025-10-21|2025-10-22|2025-10-23|2025-10-24,2025-10-24 22:23:49,0.0
Western Union,,2025-09-15|2025-09-16|2025-09-17|2025-09-18|2025-09-19|2025-09-22|2025-09-23|2025-09-24|2025-09-25|2025-09-26|2025-09-29|2025-09-30|2025-10-01|2025-10-02|2025-10-03|2025-10-06|2025-10-07|2025-10-08|2025-10-09|2025-10-10|2025-10-13|2025-10-14|2025-10-15|2025-10-16|2025-10-17|2025-10-20|2025-10-21|2025-10-22|2025-10-23|2025-10-24,2025-10-24 22:24:30,0.0
Flowserve,,2025-09-15|2025-09-16|2025-09-17|2025-09-18|2025-09-19|2025-09-22|2025-09-23|2025-09-24|2025-09-25|2025-09-26|2025-09-29|2025-09-30|2025-10-01|2025-10-02|2025-10-03|2025-10-06|2025-10-07|2025-10-08|2025-10-09|2025-10-10|2025-10-13|2025-10-14|2025-10-15|2025-10-16|2025-10-17|2025-10-20|2025-10-21|2025-10-22|2025-10-23|2025-10-24,2025-10-24 22:24:40,0.0
Western Alliance Bancorp,,2025-09-15|2025-09-16|2025-09-17|2025-09-18|2025-09-19|2025-09-22|2025-09-23|2025-09-24|2025-09-25|2025-09-26|2025-09-29|2025-09-30|2025-10-01|2025-10-02|2025-10-03|2025-10-06|2025-10-07|2025-10-08|2025-10-09|2025-10-10|2025-10-13|2025-10-14|2025-10-15|2025-10-16|2025-10-17|2025-10-20|2025-10-21|2025-10-22|2025-10-23|2025-10-24,2025-10-24 22:24:40,0.0
Option Care Health,,2025-09-15|2025-09-16|2025-09-17|2025-09-18|2025-09-19|2025-09-22|2025-09-23|2025-09-24|2025-09-25|2025-09-26|2025-09-29|2025-09-30|2025-10-01|2025-10-02|2025-10-03|2025-10-06|2025-10-07|2025-10-08|2025-10-09|2025-10-10|2025-10-13|2025-10-14|2025-10-15|2025-10-16|2025-10-17|2025-10-20|2025-10-21|2025-10-22|2025-10-23|2025-10-24,2025-10-24 22:24:40,0.0
SiteOne Landscape Supply,,2025-09-15|2025-09-16|2025-09-17|2025-09-18|2025-09-19|2025-09-22|2025-09-23|2025-09-24|2025-09-25|2025-09-26|2025-09-29|2025-09-30|2025-10-01|2025-10-02|2025-10-03|2025-10-06|2025-10-07|2025-10-08|2025-10-09|2025-10-10|2025-10-13|2025-10-14|2025-10-15|2025-10-16|2025-10-17|2025-10-20|2025-10-21|2025-10-22|2025-10-23|2025-10-24,2025-10-24 22:24:40,0.0
Topgolf Callaway Brands,,2025-09-15|2025-09-16|2025-09-17|2025-09-18|2025-09-19|2025-09-22|2025-09-23|2025-09-24|2025-09-25|2025-09-26|2025-09-29|2025-09-30|2025-10-01|2025-10-02|2025-10-03|2025-10-06|2025-10-07|2025-10-08|2025-10-09|2025-10-10|2025-10-13|2025-10-14|2025-10-15|2025-10-16|2025-10-17|2025-10-20|2025-10-21|2025-10-22|2025-10-23|2025-10-24,2025-10-24 22:24:40,0.0
eXp World,,2025-09-15|2025-09-16|2025-09-17|2025-09-18|2025-09-19|2025-09-22|2025-09-23|2025-09-24|2025-09-25|2025-09-26|2025-09-29|2025-09-30|2025-10-01|2025-10-02|2025-10-03|2025-10-06|2025-10-07|2025-10-08|2025-10-09|2025-10-10|2025-10-13|2025-10-14|2025-10-15|2025-10-16|2025-10-17|2025-10-20|2025-10-21|2025-10-22|2025-10-23|2025-10-24,2025-10-24 22:24:40,0.0
Abercrombie & Fitch,,2025-09-15|2025-09-16|2025-09-17|2025-09-18|2025-09-19|2025-09-22|2025-09-23|2025-09-24|2025-09-25|2025-09-26|2025-09-29|2025-09-30|2025-10-01|2025-10-02|2025-10-03|2025-10-06|2025-10-07|2025-10-08|2025-10-09|2025-10-10|2025-10-13|2025-10-14|2025-10-15|2025-10-16|2025-10-17|2025-10-20|2025-10-21|2025-10-22|2025-10-23|2025-10-24,2025-10-24 22:24:40,0.0
Atmos Energy,,2025-09-15|2025-09-16|2025-09-17|2025-09-18|2025-09-19|2025-09-22|2025-09-23|2025-09-24|2025-09-25|2025-09-26|2025-09-29|2025-09-30|2025-10-01|2025-10-02|2025-10-03|2025-10-06|2025-10-07|2025-10-08|2025-10-09|2025-10-10|2025-10-13|2025-10-14|2025-10-15|2025-10-16|2025-10-17|2025-10-20|2025-10-21|2025-10-22|2025-10-23|2025-10-24,2025-10-24 22:24:40,0.0
Brown & Brown,,2025-09-15|2025-09-16|2025-09-17|2025-09-18|2025-09-19|2025-09-22|2025-09-23|2025-09-24|2025-09-25|2025-09-26|2025-09-29|2025-09-30|2025-10-01|2025-10-02|2025-10-03|2025-10-06|2025-10-07|2025-10-08|2025-10-09|2025-10-10|2025-10-13|2025-10-14|2025-10-15|2025-10-16|2025-10-17|2025-10-20|2025-10-21|2025-10-22|2025-10-23|2025-10-24,2025-10-24 22:24:40,0.0
GoDaddy,,2025-09-15|2025-09-16|2025-09-17|2025-09-18|2025-09-19|2025-09-22|2025-09-23|2025-09-24|2025-09-25|2025-09-26|2025-09-29|2025-09-30|2025-10-01|2025-10-02|2025-10-03|2025-10-06|2025-10-07|2025-10-08|2025-10-09|2025-10-10|2025-10-13|2025-10-14|2025-10-15|2025-10-16|2025-10-17|2025-10-20|2025-10-21|2025-10-22|2025-10-23|2025-10-24,2025-10-24 22:24:40,0.0
American Water Works,,2025-09-15|2025-09-16|2025-09-17|2025-09-18|2025-09-19|2025-09-22|2025-09-23|2025-09-24|2025-09-25|2025-09-26|2025-09-29|2025-09-30|2025-10-01|2025-10-02|2025-10-03|2025-10-06|2025-10-07|2025-10-08|2025-10-09|2025-10-10|2025-10-13|2025-10-14|2025-10-15|2025-10-16|2025-10-17|2025-10-20|2025-10-21|2025-10-22|2025-10-23|2025-10-24,2025-10-24 22:24:40,0.0
Selective Insurance Group,,2025-09-15|2025-09-16|2025-09-17|2025-09-18|2025-09-19|2025-09-22|2025-09-23|2025-09-24|2025-09-25|2025-09-26|2025-09-29|2025-09-30|2025-10-01|2025-10-02|2025-10-03|2025-10-06|2025-10-07|2025-10-08|2025-10-09|2025-10-10|2025-10-13|2025-10-14|2025-10-15|2025-10-16|2025-10-17|2025-10-20|2025-10-21|2025-10-22|2025-10-23|2025-10-24,2025-10-24 22:24:40,0.0
Advantage Solutions,,2025-09-15|2025-09-16|2025-09-17|2025-09-18|2025-09-19|2025-09-22|2025-09-23|2025-09-24|2025-09-25|2025-09-26|2025-09-29|2025-09-30|2025-10-01|2025-10-02|2025-10-03|2025-10-06|2025-10-07|2025-10-08|2025-10-09|2025-10-10|2025-10-13|2025-10-14|2025-10-15|2025-10-16|2025-10-17|2025-10-20|2025-10-21|2025-10-22|2025-10-23|2025-10-24,2025-10-24 22:24:40,0.0
ResMed,,2025-09-15|2025-09-16|2025-09-17|2025-09-18|2025-09-19|2025-09-22|2025-09-23|2025-09-24|2025-09-25|2025-09-26|2025-09-29|2025-09-30|2025-10-01|2025-10-02|2025-10-03|2025-10-06|2025-10-07|2025-10-08|2025-10-09|2025-10-10|2025-10-13|2025-10-14|2025-10-15|2025-10-16|2025-10-17|2025-10-20|2025-10-21|2025-10-22|2025-10-23|2025-10-24,2025-10-24 22:24:40,0.0
Plexus Corp,,2025-09-15|2025-09-16|2025-09-17|2025-09-18|2025-09-19|2025-09-22|2025-09-23|2025-09-24|2025-09-25|2025-09-26|2025-09-29|2025-09-30|2025-10-01|2025-10-02|2025-10-03|2025-10-06|2025-10-07|2025-10-08|2025-10-09|2025-10-10|2025-10-13|2025-10-14|2025-10-15|2025-10-16|2025-10-17|2025-10-20|2025-10-21|2025-10-22|2025-10-23|2025-10-24,2025-10-24 22:24:40,0.0
Hub Group,,2025-09-15|2025-09-16|2025-09-17|2025-09-18|2025-09-19|2025-09-22|2025-09-23|2025-09-24|2025-09-25|2025-09-26|2025-09-29|2025-09-30|2025-10-01|2025-10-02|2025-10-03|2025-10-06|2025-10-07|2025-10-08|2025-10-09|2025-10-10|2025-10-13|2025-10-14|2025-10-15|2025-10-16|2025-10-17|2025-10-20|2025-10-21|2025-10-22|2025-10-23|2025-10-24,2025-10-24 22:24:40,0.0
Lincoln Electric,,2025-09-15|2025-09-16|2025-09-17|2025-09-18|2025-09-19|2025-09-22|2025-09-23|2025-09-24|2025-09-25|2025-09-26|2025-09-29|2025-09-30|2025-10-01|2025-10-02|2025-10-03|2025-10-06|2025-10-07|2025-10-08|2025-10-09|2025-10-10|2025-10-13|2025-10-14|2025-10-15|2025-10-16|2025-10-17|2025-10-20|2025-10-21|2025-10-22|2025-10-23|2025-10-24,2025-10-24 22:24:40,0.0
NCR Atleos,,2025-09-15|2025-09-16|2025-09-17|2025-09-18|2025-09-19|2025-09-22|2025-09-23|2025-09-24|2025-09-25|2025-09-26|2025-09-29|2025-09-30|2025-10-01|2025-10-02|2025-10-03|2025-10-06|2025-10-07|2025-10-08|2025-10-09|2025-10-10|2025-10-13|2025-10-14|2025-10-15|2025-10-16|2025-10-17|2025-10-20|2025-10-21|2025-10-22|2025-10-23|2025-10-24,2025-10-24 22:24:40,0.0
Calumet Inc,,2025-09-15|2025-09-16|2025-09-17|2025-09-18|2025-09-19|2025-09-22|2025-09-23|2025-09-24|2025-09-25|2025-09-26|2025-09-29|2025-09-30|2025-10-01|2025-10-02|2025-10-03|2025-10-06|2025-10-07|2025-10-08|2025-10-09|2025-10-10|2025-10-13|2025-10-14|2025-10-15|2025-10-16|2025-10-17|2025-10-20|2025-10-21|2025-10-22|2025-10-23|2025-10-24,2025-10-24 22:24:40,0.0
Dycom Industries,,2025-09-15|2025-09-16|2025-09-17|2025-09-18|2025-09-19|2025-09-22|2025-09-23|2025-09-24|2025-09-25|2025-09-26|2025-09-29|2025-09-30|2025-10-01|2025-10-02|2025-10-03|2025-10-06|2025-10-07|2025-10-08|2025-10-09|2025-10-10|2025-10-13|2025-10-14|2025-10-15|2025-10-16|2025-10-17|2025-10-20|2025-10-21|2025-10-22|2025-10-23|2025-10-24,2025-10-24 22:24:40,0.0
Valmont Industries,,2025-09-15|2025-09-16|2025-09-17|2025-09-18|2025-09-19|2025-09-22|2025-09-23|2025-09-24|2025-09-25|2025-09-26|2025-09-29|2025-09-30|2025-10-01|2025-10-02|2025-10-03|2025-10-06|2025-10-07|2025-10-08|2025-10-09|2025-10-10|2025-10-13|2025-10-14|2025-10-15|2025-10-16|2025-10-17|2025-10-20|2025-10-21|2025-10-22|2025-10-23|2025-10-24,2025-10-24 22:24:40,0.0
ATI Inc,,2025-09-15|2025-09-16|2025-09-17|2025-09-18|2025-09-19|2025-09-22|2025-09-23|2025-09-24|2025-09-25|2025-09-26|2025-09-29|2025-09-30|2025-10-01|2025-10-02|2025-10-03|2025-10-06|2025-10-07|2025-10-08|2025-10-09|2025-10-10|2025-10-13|2025-10-14|2025-10-15|2025-10-16|2025-10-17|2025-10-20|2025-10-21|2025-10-22|2025-10-23|2025-10-24,2025-10-24 22:24:40,0.0
Twilio,,2025-09-15|2025-09-16|2025-09-17|2025-09-18|2025-09-19|2025-09-22|2025-09-23|2025-09-24|2025-09-25|2025-09-26|2025-09-29|2025-09-30|2025-10-01|2025-10-02|2025-10-03|2025-10-06|2025-10-07|2025-10-08|2025-10-09|2025-10-10|2025-10-13|2025-10-14|2025-10-15|2025-10-16|2025-10-17|2025-10-20|2025-10-21|2025-10-22|2025-10-23|2025-10-24,2025-10-24 22:24:40,0.0
CNO Financial Group,,2025-09-15|2025-09-16|2025-09-17|2025-09-18|2025-09-19|2025-09-22|2025-09-23|2025-09-24|2025-09-25|2025-09-26|2025-09-29|2025-09-30|2025-10-01|2025-10-02|2025-10-03|2025-10-06|2025-10-07|2025-10-08|2025-10-09|2025-10-10|2025-10-13|2025-10-14|2025-10-15|2025-10-16|2025-10-17|2025-10-20|2025-10-21|2025-10-22|2025-10-23|2025-10-24,2025-10-24 22:24:40,0.0
Patterson-UTI Energy,,2025-09-15|2025-09-16|2025-09-17|2025-09-18|2025-09-19|2025-09-22|2025-09-23|2025-09-24|2025-09-25|2025-09-26|2025-09-29|2025-09-30|2025-10-01|2025-10-02|2025-10-03|2025-10-06|2025-10-07|2025-10-08|2025-10-09|2025-10-10|2025-10-13|2025-10-14|2025-10-15|2025-10-16|2025-10-17|2025-10-20|2025-10-21|2025-10-22|2025-10-23|2025-10-24,2025-10-24 22:24:40,0.0
Brinker International,,2025-09-15|2025-09-16|2025-09-17|2025-09-18|2025-09-19|2025-09-22|2025-09-23|2025-09-24|2025-09-25|2025-09-26|2025-09-29|2025-09-30|2025-10-01|2025-10-02|2025-10-03|2025-10-06|2025-10-07|2025-10-08|2025-10-09|2025-10-10|2025-10-13|2025-10-14|2025-10-15|2025-10-16|2025-10-17|2025-10-20|2025-10-21|2025-10-22|2025-10-23|2025-10-24,2025-10-24 22:24:40,0.0
Charles River Laboratories International,,2025-09-15|2025-09-16|2025-09-17|2025-09-18|2025-09-19|2025-09-22|2025-09-23|2025-09-24|2025-09-25|2025-09-26|2025-09-29|2025-09-30|2025-10-01|2025-10-02|2025-10-03|2025-10-06|2025-10-07|2025-10-08|2025-10-09|2025-10-10|2025-10-13|2025-10-14|2025-10-15|2025-10-16|2025-10-17|2025-10-20|2025-10-21|2025-10-22|2025-10-23|2025-10-24,2025-10-24 22:24:40,0.0
Hyster-Yale,,2025-09-15|2025-09-16|2025-09-17|2025-09-18|2025-09-19|2025-09-22|2025-09-23|2025-09-24|2025-09-25|2025-09-26|2025-09-29|2025-09-30|2025-10-01|2025-10-02|2025-10-03|2025-10-06|2025-10-07|2025-10-08|2025-10-09|2025-10-10|2025-10-13|2025-10-14|2025-10-15|2025-10-16|2025-10-17|2025-10-20|2025-10-21|2025-10-22|2025-10-23|2025-10-24,2025-10-24 22:24:40,0.0
Brighthouse Financial,,2025-09-15|2025-09-16|2025-09-17|2025-09-18|2025-09-19|2025-09-22|2025-09-23|2025-09-24|2025-09-25|2025-09-26|2025-09-29|2025-09-30|2025-10-01|2025-10-02|2025-10-03|2025-10-06|2025-10-07|2025-10-08|2025-10-09|2025-10-10|2025-10-13|2025-10-14|2025-10-15|2025-10-16|2025-10-17|2025-10-20|2025-10-21|2025-10-22|2025-10-23|2025-10-24,2025-10-24 22:24:40,0.0
Service Corp International,,2025-09-15|2025-09-16|2025-09-17|2025-09-18|2025-09-19|2025-09-22|2025-09-23|2025-09-24|2025-09-25|2025-09-26|2025-09-29|2025-09-30|2025-10-01|2025-10-02|2025-10-03|2025-10-06|2025-10-07|2025-10-08|2025-10-09|2025-10-10|2025-10-13|2025-10-14|2025-10-15|2025-10-16|2025-10-17|2025-10-20|2025-10-21|2025-10-22|2025-10-23|2025-10-24,2025-10-24 22:24:40,0.0
CrossAmerica Partners,,2025-09-15|2025-09-16|2025-09-17|2025-09-18|2025-09-19|2025-09-22|2025-09-23|2025-09-24|2025-09-25|2025-09-26|2025-09-29|2025-09-30|2025-10-01|2025-10-02|2025-10-03|2025-10-06|2025-10-07|2025-10-08|2025-10-09|2025-10-10|2025-10-13|2025-10-14|2025-10-15|2025-10-16|2025-10-17|2025-10-20|2025-10-21|2025-10-22|2025-10-23|2025-10-24,2025-10-24 22:24:40,0.0
Cadence,,2025-09-15|2025-09-16|2025-09-17|2025-09-18|2025-09-19|2025-09-22|2025-09-23|2025-09-24|2025-09-25|2025-09-26|2025-09-29|2025-09-30|2025-10-01|2025-10-02|2025-10-03|2025-10-06|2025-10-07|2025-10-08|2025-10-09|2025-10-10|2025-10-13|2025-10-14|2025-10-15|2025-10-16|2025-10-17|2025-10-20|2025-10-21|2025-10-22|2025-10-23|2025-10-24,2025-10-24 22:24:40,0.0
MillerKnoll,,2025-09-15|2025-09-16|2025-09-17|2025-09-18|2025-09-19|2025-09-22|2025-09-23|2025-09-24|2025-09-25|2025-09-26|2025-09-29|2025-09-30|2025-10-01|2025-10-02|2025-10-03|2025-10-06|2025-10-07|2025-10-08|2025-10-09|2025-10-10|2025-10-13|2025-10-14|2025-10-15|2025-10-16|2025-10-17|2025-10-20|2025-10-21|2025-10-22|2025-10-23|2025-10-24,2025-10-24 22:24:40,0.0
Realty Income,,2025-09-15|2025-09-16|2025-09-17|2025-09-18|2025-09-19|2025-09-22|2025-09-23|2025-09-24|2025-09-25|2025-09-26|2025-09-29|2025-09-30|2025-10-01|2025-10-02|2025-10-03|2025-10-06|2025-10-07|2025-10-08|2025-10-09|2025-10-10|2025-10-13|2025-10-14|2025-10-15|2025-10-16|2025-10-17|2025-10-20|2025-10-21|2025-10-22|2025-10-23|2025-10-24,2025-10-24 22:24:40,0.0
Middleby,,2025-09-15|2025-09-16|2025-09-17|2025-09-18|2025-09-19|2025-09-22|2025-09-23|2025-09-24|2025-09-25|2025-09-26|2025-09-29|2025-09-30|2025-10-01|2025-10-02|2025-10-03|2025-10-06|2025-10-07|2025-10-08|2025-10-09|2025-10-10|2025-10-13|2025-10-14|2025-10-15|2025-10-16|2025-10-17|2025-10-20|2025-10-21|2025-10-22|2025-10-23|2025-10-24,2025-10-24 22:24:40,0.0
M/I Homes,,2025-09-15|2025-09-16|2025-09-17|2025-09-18|2025-09-19|2025-09-22|2025-09-23|2025-09-24|2025-09-25|2025-09-26|2025-09-29|2025-09-30|2025-10-01|2025-10-02|2025-10-03|2025-10-06|2025-10-07|2025-10-08|2025-10-09|2025-10-10|2025-10-13|2025-10-14|2025-10-15|2025-10-16|2025-10-17|2025-10-20|2025-10-21|2025-10-22|2025-10-23|2025-10-24,2025-10-24 22:24:40,0.0
Hologic,,2025-09-15|2025-09-16|2025-09-17|2025-09-18|2025-09-19|2025-09-22|2025-09-23|2025-09-24|2025-09-25|2025-09-26|2025-09-29|2025-09-30|2025-10-01|2025-10-02|2025-10-03|2025-10-06|2025-10-07|2025-10-08|2025-10-09|2025-10-10|2025-10-13|2025-10-14|2025-10-15|2025-10-16|2025-10-17|2025-10-20|2025-10-21|2025-10-22|2025-10-23|2025-10-24,2025-10-24 22:24:40,0.0
Alliant Energy,,2025-09-15|2025-09-16|2025-09-17|2025-09-18|2025-09-19|2025-09-22|2025-09-23|2025-09-24|2025-09-25|2025-09-26|2025-09-29|2025-09-30|2025-10-01|2025-10-02|2025-10-03|2025-10-06|2025-10-07|2025-10-08|2025-10-09|2025-10-10|2025-10-13|2025-10-14|2025-10-15|2025-10-16|2025-10-17|2025-10-20|2025-10-21|2025-10-22|2025-10-23|2025-10-24,2025-10-24 22:24:40,0.0
Generac,,2025-09-15|2025-09-16|2025-09-17|2025-09-18|2025-09-19|2025-09-22|2025-09-23|2025-09-24|2025-09-25|2025-09-26|2025-09-29|2025-09-30|2025-10-01|2025-10-02|2025-10-03|2025-10-06|2025-10-07|2025-10-08|2025-10-09|2025-10-10|2025-10-13|2025-10-14|2025-10-15|2025-10-16|2025-10-17|2025-10-20|2025-10-21|2025-10-22|2025-10-23|2025-10-24,2025-10-24 22:24:40,0.0
MSC Industrial Direct,,2025-09-15|2025-09-16|2025-09-17|2025-09-18|2025-09-19|2025-09-22|2025-09-23|2025-09-24|2025-09-25|2025-09-26|2025-09-29|2025-09-30|2025-10-01|2025-10-02|2025-10-03|2025-10-06|2025-10-07|2025-10-08|2025-10-09|2025-10-10|2025-10-13|2025-10-14|2025-10-15|2025-10-16|2025-10-17|2025-10-20|2025-10-21|2025-10-22|2025-10-23|2025-10-24,2025-10-24 22:24:40,0.0
Rocket Companies,,2025-09-15|2025-09-16|2025-09-17|2025-09-18|2025-09-19|2025-09-22|2025-09-23|2025-09-24|2025-09-25|2025-09-26|2025-09-29|2025-09-30|2025-10-01|2025-10-02|2025-10-03|2025-10-06|2025-10-07|2025-10-08|2025-10-09|2025-10-10|2025-10-13|2025-10-14|2025-10-15|2025-10-16|2025-10-17|2025-10-20|2025-10-21|2025-10-22|2025-10-23|2025-10-24,2025-10-24 22:24:40,0.0
Upbound Group,,2025-09-15|2025-09-16|2025-09-17|2025-09-18|2025-09-19|2025-09-22|2025-09-23|2025-09-24|2025-09-25|2025-09-26|2025-09-29|2025-09-30|2025-10-01|2025-10-02|2025-10-03|2025-10-06|2025-10-07|2025-10-08|2025-10-09|2025-10-10|2025-10-13|2025-10-14|2025-10-15|2025-10-16|2025-10-17|2025-10-20|2025-10-21|2025-10-22|2025-10-23|2025-10-24,2025-10-24 22:24:40,0.0
East West Bancorp,,2025-09-15|2025-09-16|2025-09-17|2025-09-18|2025-09-19|2025-09-22|2025-09-23|2025-09-24|2025-09-25|2025-09-26|2025-09-29|2025-09-30|2025-10-01|2025-10-02|2025-10-03|2025-10-06|2025-10-07|2025-10-08|2025-10-09|2025-10-10|2025-10-13|2025-10-14|2025-10-15|2025-10-16|2025-10-17|2025-10-20|2025-10-21|2025-10-22|2025-10-23|2025-10-24,2025-10-24 22:24:40,0.0
Hilton Grand Vacations,,2025-09-15|2025-09-16|2025-09-17|2025-09-18|2025-09-19|2025-09-22|2025-09-23|2025-09-24|2025-09-25|2025-09-26|2025-09-29|2025-09-30|2025-10-01|2025-10-02|2025-10-03|2025-10-06|2025-10-07|2025-10-08|2025-10-09|2025-10-10|2025-10-13|2025-10-14|2025-10-15|2025-10-16|2025-10-17|2025-10-20|2025-10-21|2025-10-22|2025-10-23|2025-10-24,2025-10-24 22:24:40,0.0
Grocery Outlet Holding,,2025-09-15|2025-09-16|2025-09-17|2025-09-18|2025-09-19|2025-09-22|2025-09-23|2025-09-24|2025-09-25|2025-09-26|2025-09-29|2025-09-30|2025-10-01|2025-10-02|2025-10-03|2025-10-06|2025-10-07|2025-10-08|2025-10-09|2025-10-10|2025-10-13|2025-10-14|2025-10-15|2025-10-16|2025-10-17|2025-10-20|2025-10-21|2025-10-22|2025-10-23|2025-10-24,2025-10-24 22:24:40,0.0
Dentsply Sirona,,2025-09-15|2025-09-16|2025-09-17|2025-09-18|2025-09-19|2025-09-22|2025-09-23|2025-09-24|2025-09-25|2025-09-26|2025-09-29|2025-09-30|2025-10-01|2025-10-02|2025-10-03|2025-10-06|2025-10-07|2025-10-08|2025-10-09|2025-10-10|2025-10-13|2025-10-14|2025-10-15|2025-10-16|2025-10-17|2025-10-20|2025-10-21|2025-10-22|2025-10-23|2025-10-24,2025-10-24 22:24:40,0.0
V2X,,2025-09-15|2025-09-16|2025-09-17|2025-09-18|2025-09-19|2025-09-22|2025-09-23|2025-09-24|2025-09-25|2025-09-26|2025-09-29|2025-09-30|2025-10-01|2025-10-02|2025-10-03|2025-10-06|2025-10-07|2025-10-08|2025-10-09|2025-10-10|2025-10-13|2025-10-14|2025-10-15|2025-10-16|2025-10-17|2025-10-20|2025-10-21|2025-10-22|2025-10-23|2025-10-24,2025-10-24 22:24:40,0.0
Crocs,,2025-09-15|2025-09-16|2025-09-17|2025-09-18|2025-09-19|2025-09-22|2025-09-23|2025-09-24|2025-09-25|2025-09-26|2025-09-29|2025-09-30|2025-10-01|2025-10-02|2025-10-03|2025-10-06|2025-10-07|2025-10-08|2025-10-09|2025-10-10|2025-10-13|2025-10-14|2025-10-15|2025-10-16|2025-10-17|2025-10-20|2025-10-21|2025-10-22|2025-10-23|2025-10-24,2025-10-24 22:24:40,0.0
Spectrum Brands,,2025-09-15|2025-09-16|2025-09-17|2025-09-18|2025-09-19|2025-09-22|2025-09-23|2025-09-24|2025-09-25|2025-09-26|2025-09-29|2025-09-30|2025-10-01|2025-10-02|2025-10-03|2025-10-06|2025-10-07|2025-10-08|2025-10-09|2025-10-10|2025-10-13|2025-10-14|2025-10-15|2025-10-16|2025-10-17|2025-10-20|2025-10-21|2025-10-22|2025-10-23|2025-10-24,2025-10-24 22:24:40,0.0
Visteon,,2025-09-15|2025-09-16|2025-09-17|2025-09-18|2025-09-19|2025-09-22|2025-09-23|2025-09-24|2025-09-25|2025-09-26|2025-09-29|2025-09-30|2025-10-01|2025-10-02|2025-10-03|2025-10-06|2025-10-07|2025-10-08|2025-10-09|2025-10-10|2025-10-13|2025-10-14|2025-10-15|2025-10-16|2025-10-17|2025-10-20|2025-10-21|2025-10-22|2025-10-23|2025-10-24,2025-10-24 22:24:40,0.0
Acuity Inc,,2025-09-15|2025-09-16|2025-09-17|2025-09-18|2025-09-19|2025-09-22|2025-09-23|2025-09-24|2025-09-25|2025-09-26|2025-09-29|2025-09-30|2025-10-01|2025-10-02|2025-10-03|2025-10-06|2025-10-07|2025-10-08|2025-10-09|2025-10-10|2025-10-13|2025-10-14|2025-10-15|2025-10-16|2025-10-17|2025-10-20|2025-10-21|2025-10-22|2025-10-23|2025-10-24,2025-10-24 22:24:40,0.0
The Greenbrier Companies,,2025-09-15|2025-09-16|2025-09-17|2025-09-18|2025-09-19|2025-09-22|2025-09-23|2025-09-24|2025-09-25|2025-09-26|2025-09-29|2025-09-30|2025-10-01|2025-10-02|2025-10-03|2025-10-06|2025-10-07|2025-10-08|2025-10-09|2025-10-10|2025-10-13|2025-10-14|2025-10-15|2025-10-16|2025-10-17|2025-10-20|2025-10-21|2025-10-22|2025-10-23|2025-10-24,2025-10-24 22:24:40,0.0
Webster Financial,,2025-09-15|2025-09-16|2025-09-17|2025-09-18|2025-09-19|2025-09-22|2025-09-23|2025-09-24|2025-09-25|2025-09-26|2025-09-29|2025-09-30|2025-10-01|2025-10-02|2025-10-03|2025-10-06|2025-10-07|2025-10-08|2025-10-09|2025-10-10|2025-10-13|2025-10-14|2025-10-15|2025-10-16|2025-10-17|2025-10-20|2025-10-21|2025-10-22|2025-10-23|2025-10-24,2025-10-24 22:24:40,0.0
Cabot Corporation,,2025-09-15|2025-09-16|2025-09-17|2025-09-18|2025-09-19|2025-09-22|2025-09-23|2025-09-24|2025-09-25|2025-09-26|2025-09-29|2025-09-30|2025-10-01|2025-10-02|2025-10-03|2025-10-06|2025-10-07|2025-10-08|2025-10-09|2025-10-10|2025-10-13|2025-10-14|2025-10-15|2025-10-16|2025-10-17|2025-10-20|2025-10-21|2025-10-22|2025-10-23|2025-10-24,2025-10-24 22:24:40,0.0
RXO Inc,,2025-09-15|2025-09-16|2025-09-17|2025-09-18|2025-09-19|2025-09-22|2025-09-23|2025-09-24|2025-09-25|2025-09-26|2025-09-29|2025-09-30|2025-10-01|2025-10-02|2025-10-03|2025-10-06|2025-10-07|2025-10-08|2025-10-09|2025-10-10|2025-10-13|2025-10-14|2025-10-15|2025-10-16|2025-10-17|2025-10-20|2025-10-21|2025-10-22|2025-10-23|2025-10-24,2025-10-24 22:24:40,0.0
Chord Energy,,2025-09-15|2025-09-16|2025-09-17|2025-09-18|2025-09-19|2025-09-22|2025-09-23|2025-09-24|2025-09-25|2025-09-26|2025-09-29|2025-09-30|2025-10-01|2025-10-02|2025-10-03|2025-10-06|2025-10-07|2025-10-08|2025-10-09|2025-10-10|2025-10-13|2025-10-14|2025-10-15|2025-10-16|2025-10-17|2025-10-20|2025-10-21|2025-10-22|2025-10-23|2025-10-24,2025-10-24 22:24:40,0.0
Popular Inc,,2025-09-15|2025-09-16|2025-09-17|2025-09-18|2025-09-19|2025-09-22|2025-09-23|2025-09-24|2025-09-25|2025-09-26|2025-09-29|2025-09-30|2025-10-01|2025-10-02|2025-10-03|2025-10-06|2025-10-07|2025-10-08|2025-10-09|2025-10-10|2025-10-13|2025-10-14|2025-10-15|2025-10-16|2025-10-17|2025-10-20|2025-10-21|2025-10-22|2025-10-23|2025-10-24,2025-10-24 22:24:40,0.0
Garrett Motion Inc,,2025-09-15|2025-09-16|2025-09-17|2025-09-18|2025-09-19|2025-09-22|2025-09-23|2025-09-24|2025-09-25|2025-09-26|2025-09-29|2025-09-30|2025-10-01|2025-10-02|2025-10-03|2025-10-06|2025-10-07|2025-10-08|2025-10-09|2025-10-10|2025-10-13|2025-10-14|2025-10-15|2025-10-16|2025-10-17|2025-10-20|2025-10-21|2025-10-22|2025-10-23|2025-10-24,2025-10-24 22:24:40,0.0
Tutor Perini Corporation,,2025-09-15|2025-09-16|2025-09-17|2025-09-18|2025-09-19|2025-09-22|2025-09-23|2025-09-24|2025-09-25|2025-09-26|2025-09-29|2025-09-30|2025-10-01|2025-10-02|2025-10-03|2025-10-06|2025-10-07|2025-10-08|2025-10-09|2025-10-10|2025-10-13|2025-10-14|2025-10-15|2025-10-16|2025-10-17|2025-10-20|2025-10-21|2025-10-22|2025-10-23|2025-10-24,2025-10-24 22:24:40,0.0
Copart,,2025-09-15|2025-09-16|2025-09-17|2025-09-18|2025-09-19|2025-09-22|2025-09-23|2025-09-24|2025-09-25|2025-09-26|2025-09-29|2025-09-30|2025-10-01|2025-10-02|2025-10-03|2025-10-06|2025-10-07|2025-10-08|2025-10-09|2025-10-10|2025-10-13|2025-10-14|2025-10-15|2025-10-16|2025-10-17|2025-10-20|2025-10-21|2025-10-22|2025-10-23|2025-10-24,2025-10-24 22:24:40,0.0
Toast Inc,,2025-09-15|2025-09-16|2025-09-17|2025-09-18|2025-09-19|2025-09-22|2025-09-23|2025-09-24|2025-09-25|2025-09-26|2025-09-29|2025-09-30|2025-10-01|2025-10-02|2025-10-03|2025-10-06|2025-10-07|2025-10-08|2025-10-09|2025-10-10|2025-10-13|2025-10-14|2025-10-15|2025-10-16|2025-10-17|2025-10-20|2025-10-21|2025-10-22|2025-10-23|2025-10-24,2025-10-24 22:24:40,0.0
Align Technology,,2025-09-15|2025-09-16|2025-09-17|2025-09-18|2025-09-19|2025-09-22|2025-09-23|2025-09-24|2025-09-25|2025-09-26|2025-09-29|2025-09-30|2025-10-01|2025-10-02|2025-10-03|2025-10-06|2025-10-07|2025-10-08|2025-10-09|2025-10-10|2025-10-13|2025-10-14|2025-10-15|2025-10-16|2025-10-17|2025-10-20|2025-10-21|2025-10-22|2025-10-23|2025-10-24,2025-10-24 22:24:40,0.0
A O Smith,,2025-09-15|2025-09-16|2025-09-17|2025-09-18|2025-09-19|2025-09-22|2025-09-23|2025-09-24|2025-09-25|2025-09-26|2025-09-29|2025-09-30|2025-10-01|2025-10-02|2025-10-03|2025-10-06|2025-10-07|2025-10-08|2025-10-09|2025-10-10|2025-10-13|2025-10-14|2025-10-15|2025-10-16|2025-10-17|2025-10-20|2025-10-21|2025-10-22|2025-10-23|2025-10-24,2025-10-24 22:24:40,0.0
TransUnion,,2025-09-15|2025-09-16|2025-09-17|2025-09-18|2025-09-19|2025-09-22|2025-09-23|2025-09-24|2025-09-25|2025-09-26|2025-09-29|2025-09-30|2025-10-01|2025-10-02|2025-10-03|2025-10-06|2025-10-07|2025-10-08|2025-10-09|2025-10-10|2025-10-13|2025-10-14|2025-10-15|2025-10-16|2025-10-17|2025-10-20|2025-10-21|2025-10-22|2025-10-23|2025-10-24,2025-10-24 22:24:40,0.0
NCR Voyix,,2025-09-15|2025-09-16|2025-09-17|2025-09-18|2025-09-19|2025-09-22|2025-09-23|2025-09-24|2025-09-25|2025-09-26|2025-09-29|2025-09-30|2025-10-01|2025-10-02|2025-10-03|2025-10-06|2025-10-07|2025-10-08|2025-10-09|2025-10-10|2025-10-13|2025-10-14|2025-10-15|2025-10-16|2025-10-17|2025-10-20|2025-10-21|2025-10-22|2025-10-23|2025-10-24,2025-10-24 22:24:40,0.0
Akamai Technologies,,2025-09-15|2025-09-16|2025-09-17|2025-09-18|2025-09-19|2025-09-22|2025-09-23|2025-09-24|2025-09-25|2025-09-26|2025-09-29|2025-09-30|2025-10-01|2025-10-02|2025-10-03|2025-10-06|2025-10-07|2025-10-08|2025-10-09|2025-10-10|2025-10-13|2025-10-14|2025-10-15|2025-10-16|2025-10-17|2025-10-20|2025-10-21|2025-10-22|2025-10-23|2025-10-24,2025-10-24 22:24:40,0.0
Trimble Inc,,2025-09-15|2025-09-16|2025-09-17|2025-09-18|2025-09-19|2025-09-22|2025-09-23|2025-09-24|2025-09-25|2025-09-26|2025-09-29|2025-09-30|2025-10-01|2025-10-02|2025-10-03|2025-10-06|2025-10-07|2025-10-08|2025-10-09|2025-10-10|2025-10-13|2025-10-14|2025-10-15|2025-10-16|2025-10-17|2025-10-20|2025-10-21|2025-10-22|2025-10-23|2025-10-24,2025-10-24 22:24:40,0.0
AMN Healthcare Services,,2025-09-15|2025-09-16|2025-09-17|2025-09-18|2025-09-19|2025-09-22|2025-09-23|2025-09-24|2025-09-25|2025-09-26|2025-09-29|2025-09-30|2025-10-01|2025-10-02|2025-10-03|2025-10-06|2025-10-07|2025-10-08|2025-10-09|2025-10-10|2025-10-13|2025-10-14|2025-10-15|2025-10-16|2025-10-17|2025-10-20|2025-10-21|2025-10-22|2025-10-23|2025-10-24,2025-10-24 22:24:40,0.0
Mettler-Toledo International,,2025-09-15|2025-09-16|2025-09-17|2025-09-18|2025-09-19|2025-09-22|2025-09-23|2025-09-24|2025-09-25|2025-09-26|2025-09-29|2025-09-30|2025-10-01|2025-10-02|2025-10-03|2025-10-06|2025-10-07|2025-10-08|2025-10-09|2025-10-10|2025-10-13|2025-10-14|2025-10-15|2025-10-16|2025-10-17|2025-10-20|2025-10-21|2025-10-22|2025-10-23|2025-10-24,2025-10-24 22:24:40,0.0
ScanSource,,2025-09-15|2025-09-16|2025-09-17|2025-09-18|2025-09-19|2025-09-22|2025-09-23|2025-09-24|2025-09-25|2025-09-26|2025-09-29|2025-09-30|2025-10-01|2025-10-02|2025-10-03|2025-10-06|2025-10-07|2025-10-08|2025-10-09|2025-10-10|2025-10-13|2025-10-14|2025-10-15|2025-10-16|2025-10-17|2025-10-20|2025-10-21|2025-10-22|2025-10-23|2025-10-24,2025-10-24 22:24:40,0.0
LCI Industries,,2025-09-15|2025-09-16|2025-09-17|2025-09-18|2025-09-19|2025-09-22|2025-09-23|2025-09-24|2025-09-25|2025-09-26|2025-09-29|2025-09-30|2025-10-01|2025-10-02|2025-10-03|2025-10-06|2025-10-07|2025-10-08|2025-10-09|2025-10-10|2025-10-13|2025-10-14|2025-10-15|2025-10-16|2025-10-17|2025-10-20|2025-10-21|2025-10-22|2025-10-23|2025-10-24,2025-10-24 22:24:40,0.0
Cboe Global Markets,,2025-09-15|2025-09-16|2025-09-17|2025-09-18|2025-09-19|2025-09-22|2025-09-23|2025-09-24|2025-09-25|2025-09-26|2025-09-29|2025-09-30|2025-10-01|2025-10-02|2025-10-03|2025-10-06|2025-10-07|2025-10-08|2025-10-09|2025-10-10|2025-10-13|2025-10-14|2025-10-15|2025-10-16|2025-10-17|2025-10-20|2025-10-21|2025-10-22|2025-10-23|2025-10-24,2025-10-24 22:24:40,0.0
Diebold Nixdorf,,2025-09-15|2025-09-16|2025-09-17|2025-09-18|2025-09-19|2025-09-22|2025-09-23|2025-09-24|2025-09-25|2025-09-26|2025-09-29|2025-09-30|2025-10-01|2025-10-02|2025-10-03|2025-10-06|2025-10-07|2025-10-08|2025-10-09|2025-10-10|2025-10-13|2025-10-14|2025-10-15|2025-10-16|2025-10-17|2025-10-20|2025-10-21|2025-10-22|2025-10-23|2025-10-24,2025-10-24 22:24:40,0.0
Corpay,,2025-09-15|2025-09-16|2025-09-17|2025-09-18|2025-09-19|2025-09-22|2025-09-23|2025-09-24|2025-09-25|2025-09-26|2025-09-29|2025-09-30|2025-10-01|2025-10-02|2025-10-03|2025-10-06|2025-10-07|2025-10-08|2025-10-09|2025-10-10|2025-10-13|2025-10-14|2025-10-15|2025-10-16|2025-10-17|2025-10-20|2025-10-21|2025-10-22|2025-10-23|2025-10-24,2025-10-24 22:24:40,0.0
iHeartMedia,,2025-09-15|2025-09-16|2025-09-17|2025-09-18|2025-09-19|2025-09-22|2025-09-23|2025-09-24|2025-09-25|2025-09-26|2025-09-29|2025-09-30|2025-10-01|2025-10-02|2025-10-03|2025-10-06|2025-10-07|2025-10-08|2025-10-09|2025-10-10|2025-10-13|2025-10-14|2025-10-15|2025-10-16|2025-10-17|2025-10-20|2025-10-21|2025-10-22|2025-10-23|2025-10-24,2025-10-24 22:24:40,0.0
Dream Finders Homes,,2025-09-15|2025-09-16|2025-09-17|2025-09-18|2025-09-19|2025-09-22|2025-09-23|2025-09-24|2025-09-25|2025-09-26|2025-09-29|2025-09-30|2025-10-01|2025-10-02|2025-10-03|2025-10-06|2025-10-07|2025-10-08|2025-10-09|2025-10-10|2025-10-13|2025-10-14|2025-10-15|2025-10-16|2025-10-17|2025-10-20|2025-10-21|2025-10-22|2025-10-23|2025-10-24,2025-10-24 22:24:40,0.0
Boyd Gaming,,2025-09-15|2025-09-16|2025-09-17|2025-09-18|2025-09-19|2025-09-22|2025-09-23|2025-09-24|2025-09-25|2025-09-26|2025-09-29|2025-09-30|2025-10-01|2025-10-02|2025-10-03|2025-10-06|2025-10-07|2025-10-08|2025-10-09|2025-10-10|2025-10-13|2025-10-14|2025-10-15|2025-10-16|2025-10-17|2025-10-20|2025-10-21|2025-10-22|2025-10-23|2025-10-24,2025-10-24 22:24:40,0.0
Ensign Group,,2025-09-15|2025-09-16|2025-09-17|2025-09-18|2025-09-19|2025-09-22|2025-09-23|2025-09-24|2025-09-25|2025-09-26|2025-09-29|2025-09-30|2025-10-01|2025-10-02|2025-10-03|2025-10-06|2025-10-07|2025-10-08|2025-10-09|2025-10-10|2025-10-13|2025-10-14|2025-10-15|2025-10-16|2025-10-17|2025-10-20|2025-10-21|2025-10-22|2025-10-23|2025-10-24,2025-10-24 22:24:40,0.0
Sally Beauty,,2025-09-15|2025-09-16|2025-09-17|2025-09-18|2025-09-19|2025-09-22|2025-09-23|2025-09-24|2025-09-25|2025-09-26|2025-09-29|2025-09-30|2025-10-01|2025-10-02|2025-10-03|2025-10-06|2025-10-07|2025-10-08|2025-10-09|2025-10-10|2025-10-13|2025-10-14|2025-10-15|2025-10-16|2025-10-17|2025-10-20|2025-10-21|2025-10-22|2025-10-23|2025-10-24,2025-10-24 22:24:40,0.0
Conduent,,2025-09-15|2025-09-16|2025-09-17|2025-09-18|2025-09-19|2025-09-22|2025-09-23|2025-09-24|2025-09-25|2025-09-26|2025-09-29|2025-09-30|2025-10-01|2025-10-02|2025-10-03|2025-10-06|2025-10-07|2025-10-08|2025-10-09|2025-10-10|2025-10-13|2025-10-14|2025-10-15|2025-10-16|2025-10-17|2025-10-20|2025-10-21|2025-10-22|2025-10-23|2025-10-24,2025-10-24 22:24:40,0.0
Sylvamo,,2025-09-15|2025-09-16|2025-09-17|2025-09-18|2025-09-19|2025-09-22|2025-09-23|2025-09-24|2025-09-25|2025-09-26|2025-09-29|2025-09-30|2025-10-01|2025-10-02|2025-10-03|2025-10-06|2025-10-07|2025-10-08|2025-10-09|2025-10-10|2025-10-13|2025-10-14|2025-10-15|2025-10-16|2025-10-17|2025-10-20|2025-10-21|2025-10-22|2025-10-23|2025-10-24,2025-10-24 22:24:40,0.0
Tri Pointe Homes,,2025-09-15|2025-09-16|2025-09-17|2025-09-18|2025-09-19|2025-09-22|2025-09-23|2025-09-24|2025-09-25|2025-09-26|2025-09-29|2025-09-30|2025-10-01|2025-10-02|2025-10-03|2025-10-06|2025-10-07|2025-10-08|2025-10-09|2025-10-10|2025-10-13|2025-10-14|2025-10-15|2025-10-16|2025-10-17|2025-10-20|2025-10-21|2025-10-22|2025-10-23|2025-10-24,2025-10-24 22:24:40,0.0
EnerSys,,2025-09-15|2025-09-16|2025-09-17|2025-09-18|2025-09-19|2025-09-22|2025-09-23|2025-09-24|2025-09-25|2025-09-26|2025-09-29|2025-09-30|2025-10-01|2025-10-02|2025-10-03|2025-10-06|2025-10-07|2025-10-08|2025-10-09|2025-10-10|2025-10-13|2025-10-14|2025-10-15|2025-10-16|2025-10-17|2025-10-20|2025-10-21|2025-10-22|2025-10-23|2025-10-24,2025-10-24 22:24:40,0.0
Incyte,,2025-09-15|2025-09-16|2025-09-17|2025-09-18|2025-09-19|2025-09-22|2025-09-23|2025-09-24|2025-09-25|2025-09-26|2025-09-29|2025-09-30|2025-10-01|2025-10-02|2025-10-03|2025-10-06|2025-10-07|2025-10-08|2025-10-09|2025-10-10|2025-10-13|2025-10-14|2025-10-15|2025-10-16|2025-10-17|2025-10-20|2025-10-21|2025-10-22|2025-10-23|2025-10-24,2025-10-24 22:24:40,0.0
Century Communities,,2025-09-15|2025-09-16|2025-09-17|2025-09-18|2025-09-19|2025-09-22|2025-09-23|2025-09-24|2025-09-25|2025-09-26|2025-09-29|2025-09-30|2025-10-01|2025-10-02|2025-10-03|2025-10-06|2025-10-07|2025-10-08|2025-10-09|2025-10-10|2025-10-13|2025-10-14|2025-10-15|2025-10-16|2025-10-17|2025-10-20|2025-10-21|2025-10-22|2025-10-23|2025-10-24,2025-10-24 22:24:40,0.0
Rithm Capital,,2025-09-15|2025-09-16|2025-09-17|2025-09-18|2025-09-19|2025-09-22|2025-09-23|2025-09-24|2025-09-25|2025-09-26|2025-09-29|2025-09-30|2025-10-01|2025-10-02|2025-10-03|2025-10-06|2025-10-07|2025-10-08|2025-10-09|2025-10-10|2025-10-13|2025-10-14|2025-10-15|2025-10-16|2025-10-17|2025-10-20|2025-10-21|2025-10-22|2025-10-23|2025-10-24,2025-10-24 22:24:40,0.0
Euronet Worldwide,,2025-09-15|2025-09-16|2025-09-17|2025-09-18|2025-09-19|2025-09-22|2025-09-23|2025-09-24|2025-09-25|2025-09-26|2025-09-29|2025-09-30|2025-10-01|2025-10-02|2025-10-03|2025-10-06|2025-10-07|2025-10-08|2025-10-09|2025-10-10|2025-10-13|2025-10-14|2025-10-15|2025-10-16|2025-10-17|2025-10-20|2025-10-21|2025-10-22|2025-10-23|2025-10-24,2025-10-24 22:24:40,0.0
Hawaiian Electric Industries,,2025-09-15|2025-09-16|2025-09-17|2025-09-18|2025-09-19|2025-09-22|2025-09-23|2025-09-24|2025-09-25|2025-09-26|2025-09-29|2025-09-30|2025-10-01|2025-10-02|2025-10-03|2025-10-06|2025-10-07|2025-10-08|2025-10-09|2025-10-10|2025-10-13|2025-10-14|2025-10-15|2025-10-16|2025-10-17|2025-10-20|2025-10-21|2025-10-22|2025-10-23|2025-10-24,2025-10-24 22:24:40,0.0
DraftKings,,2025-09-15|2025-09-16|2025-09-17|2025-09-18|2025-09-19|2025-09-22|2025-09-23|2025-09-24|2025-09-25|2025-09-26|2025-09-29|2025-09-30|2025-10-01|2025-10-02|2025-10-03|2025-10-06|2025-10-07|2025-10-08|2025-10-09|2025-10-10|2025-10-13|2025-10-14|2025-10-15|2025-10-16|2025-10-17|2025-10-20|2025-10-21|2025-10-22|2025-10-23|2025-10-24,2025-10-24 22:24:40,0.0
IDEXX Laboratories,,2025-09-15|2025-09-16|2025-09-17|2025-09-18|2025-09-19|2025-09-22|2025-09-23|2025-09-24|2025-09-25|2025-09-26|2025-09-29|2025-09-30|2025-10-01|2025-10-02|2025-10-03|2025-10-06|2025-10-07|2025-10-08|2025-10-09|2025-10-10|2025-10-13|2025-10-14|2025-10-15|2025-10-16|2025-10-17|2025-10-20|2025-10-21|2025-10-22|2025-10-23|2025-10-24,2025-10-24 22:24:40,0.0
MYR Group,,2025-09-15|2025-09-16|2025-09-17|2025-09-18|2025-09-19|2025-09-22|2025-09-23|2025-09-24|2025-09-25|2025-09-26|2025-09-29|2025-09-30|2025-10-01|2025-10-02|2025-10-03|2025-10-06|2025-10-07|2025-10-08|2025-10-09|2025-10-10|2025-10-13|2025-10-14|2025-10-15|2025-10-16|2025-10-17|2025-10-20|2025-10-21|2025-10-22|2025-10-23|2025-10-24,2025-10-24 22:24:40,0.0
Deckers Outdoor,,2025-09-15|2025-09-16|2025-09-17|2025-09-18|2025-09-19|2025-09-22|2025-09-23|2025-09-24|2025-09-25|2025-09-26|2025-09-29|2025-09-30|2025-10-01|2025-10-02|2025-10-03|2025-10-06|2025-10-07|2025-10-08|2025-10-09|2025-10-10|2025-10-13|2025-10-14|2025-10-15|2025-10-16|2025-10-17|2025-10-20|2025-10-21|2025-10-22|2025-10-23|2025-10-24,2025-10-24 22:24:40,0.0
DexCom,,2025-09-15|2025-09-16|2025-09-17|2025-09-18|2025-09-19|2025-09-22|2025-09-23|2025-09-24|2025-09-25|2025-09-26|2025-09-29|2025-09-30|2025-10-01|2025-10-02|2025-10-03|2025-10-06|2025-10-07|2025-10-08|2025-10-09|2025-10-10|2025-10-13|2025-10-14|2025-10-15|2025-10-16|2025-10-17|2025-10-20|2025-10-21|2025-10-22|2025-10-23|2025-10-24,2025-10-24 22:24:40,0.0
MKS Instruments,,2025-09-15|2025-09-16|2025-09-17|2025-09-18|2025-09-19|2025-09-22|2025-09-23|2025-09-24|2025-09-25|2025-09-26|2025-09-29|2025-09-30|2025-10-01|2025-10-02|2025-10-03|2025-10-06|2025-10-07|2025-10-08|2025-10-09|2025-10-10|2025-10-13|2025-10-14|2025-10-15|2025-10-16|2025-10-17|2025-10-20|2025-10-21|2025-10-22|2025-10-23|2025-10-24,2025-10-24 22:24:40,0.0
VICI Properties,,2025-09-15|2025-09-16|2025-09-17|2025-09-18|2025-09-19|2025-09-22|2025-09-23|2025-09-24|2025-09-25|2025-09-26|2025-09-29|2025-09-30|2025-10-01|2025-10-02|2025-10-03|2025-10-06|2025-10-07|2025-10-08|2025-10-09|2025-10-10|2025-10-13|2025-10-14|2025-10-15|2025-10-16|2025-10-17|2025-10-20|2025-10-21|2025-10-22|2025-10-23|2025-10-24,2025-10-24 22:24:40,0.0
Cooper Cos,,2025-09-15|2025-09-16|2025-09-17|2025-09-18|2025-09-19|2025-09-22|2025-09-23|2025-09-24|2025-09-25|2025-09-26|2025-09-29|2025-09-30|2025-10-01|2025-10-02|2025-10-03|2025-10-06|2025-10-07|2025-10-08|2025-10-09|2025-10-10|2025-10-13|2025-10-14|2025-10-15|2025-10-16|2025-10-17|2025-10-20|2025-10-21|2025-10-22|2025-10-23|2025-10-24,2025-10-24 22:24:40,0.0
Frontier Airlines,,2025-09-15|2025-09-16|2025-09-17|2025-09-18|2025-09-19|2025-09-22|2025-09-23|2025-09-24|2025-09-25|2025-09-26|2025-09-29|2025-09-30|2025-10-01|2025-10-02|2025-10-03|2025-10-06|2025-10-07|2025-10-08|2025-10-09|2025-10-10|2025-10-13|2025-10-14|2025-10-15|2025-10-16|2025-10-17|2025-10-20|2025-10-21|2025-10-22|2025-10-23|2025-10-24,2025-10-24 22:24:40,0.0
Qorvo,,2025-09-15|2025-09-16|2025-09-17|2025-09-18|2025-09-19|2025-09-22|2025-09-23|2025-09-24|2025-09-25|2025-09-26|2025-09-29|2025-09-30|2025-10-01|2025-10-02|2025-10-03|2025-10-06|2025-10-07|2025-10-08|2025-10-09|2025-10-10|2025-10-13|2025-10-14|2025-10-15|2025-10-16|2025-10-17|2025-10-20|2025-10-21|2025-10-22|2025-10-23|2025-10-24,2025-10-24 22:24:40,0.0
Five Below,,2025-09-15|2025-09-16|2025-09-17|2025-09-18|2025-09-19|2025-09-22|2025-09-23|2025-09-24|2025-09-25|2025-09-26|2025-09-29|2025-09-30|2025-10-01|2025-10-02|2025-10-03|2025-10-06|2025-10-07|2025-10-08|2025-10-09|2025-10-10|2025-10-13|2025-10-14|2025-10-15|2025-10-16|2025-10-17|2025-10-20|2025-10-21|2025-10-22|2025-10-23|2025-10-24,2025-10-24 22:24:40,0.0
TreeHouse Foods,,2025-09-15|2025-09-16|2025-09-17|2025-09-18|2025-09-19|2025-09-22|2025-09-23|2025-09-24|2025-09-25|2025-09-26|2025-09-29|2025-09-30|2025-10-01|2025-10-02|2025-10-03|2025-10-06|2025-10-07|2025-10-08|2025-10-09|2025-10-10|2025-10-13|2025-10-14|2025-10-15|2025-10-16|2025-10-17|2025-10-20|2025-10-21|2025-10-22|2025-10-23|2025-10-24,2025-10-24 22:24:40,0.0
Scotts Miracle-Gro,,2025-09-15|2025-09-16|2025-09-17|2025-09-18|2025-09-19|2025-09-22|2025-09-23|2025-09-24|2025-09-25|2025-09-26|2025-09-29|2025-09-30|2025-10-01|2025-10-02|2025-10-03|2025-10-06|2025-10-07|2025-10-08|2025-10-09|2025-10-10|2025-10-13|2025-10-14|2025-10-15|2025-10-16|2025-10-17|2025-10-20|2025-10-21|2025-10-22|2025-10-23|2025-10-24,2025-10-24 22:24:40,0.0
Atlassian,,2025-09-15|2025-09-16|2025-09-17|2025-09-18|2025-09-19|2025-09-22|2025-09-23|2025-09-24|2025-09-25|2025-09-26|2025-09-29|2025-09-30|2025-10-01|2025-10-02|2025-10-03|2025-10-06|2025-10-07|2025-10-08|2025-10-09|2025-10-10|2025-10-13|2025-10-14|2025-10-15|2025-10-16|2025-10-17|2025-10-20|2025-10-21|2025-10-22|2025-10-23|2025-10-24,2025-10-24 22:24:40,0.0
Entegris,,2025-09-15|2025-09-16|2025-09-17|2025-09-18|2025-09-19|2025-09-22|2025-09-23|2025-09-24|2025-09-25|2025-09-26|2025-09-29|2025-09-30|2025-10-01|2025-10-02|2025-10-03|2025-10-06|2025-10-07|2025-10-08|2025-10-09|2025-10-10|2025-10-13|2025-10-14|2025-10-15|2025-10-16|2025-10-17|2025-10-20|2025-10-21|2025-10-22|2025-10-23|2025-10-24,2025-10-24 22:24:40,0.0
Atkore,,2025-09-15|2025-09-16|2025-09-17|2025-09-18|2025-09-19|2025-09-22|2025-09-23|2025-09-24|2025-09-25|2025-09-26|2025-09-29|2025-09-30|2025-10-01|2025-10-02|2025-10-03|2025-10-06|2025-10-07|2025-10-08|2025-10-09|2025-10-10|2025-10-13|2025-10-14|2025-10-15|2025-10-16|2025-10-17|2025-10-20|2025-10-21|2025-10-22|2025-10-23|2025-10-24,2025-10-24 22:24:40,0.0
HB Fuller,,2025-09-15|2025-09-16|2025-09-17|2025-09-18|2025-09-19|2025-09-22|2025-09-23|2025-09-24|2025-09-25|2025-09-26|2025-09-29|2025-09-30|2025-10-01|2025-10-02|2025-10-03|2025-10-06|2025-10-07|2025-10-08|2025-10-09|2025-10-10|2025-10-13|2025-10-14|2025-10-15|2025-10-16|2025-10-17|2025-10-20|2025-10-21|2025-10-22|2025-10-23|2025-10-24,2025-10-24 22:24:40,0.0
Granite Construction,,2025-09-15|2025-09-16|2025-09-17|2025-09-18|2025-09-19|2025-09-22|2025-09-23|2025-09-24|2025-09-25|2025-09-26|2025-09-29|2025-09-30|2025-10-01|2025-10-02|2025-10-03|2025-10-06|2025-10-07|2025-10-08|2025-10-09|2025-10-10|2025-10-13|2025-10-14|2025-10-15|2025-10-16|2025-10-17|2025-10-20|2025-10-21|2025-10-22|2025-10-23|2025-10-24,2025-10-24 22:24:40,0.0
Winnebago Industries,,2025-09-15|2025-09-16|2025-09-17|2025-09-18|2025-09-19|2025-09-22|2025-09-23|2025-09-24|2025-09-25|2025-09-26|2025-09-29|2025-09-30|2025-10-01|2025-10-02|2025-10-03|2025-10-06|2025-10-07|2025-10-08|2025-10-09|2025-10-10|2025-10-13|2025-10-14|2025-10-15|2025-10-16|2025-10-17|2025-10-20|2025-10-21|2025-10-22|2025-10-23|2025-10-24,2025-10-24 22:24:40,0.0
FTI Consulting,,2025-09-15|2025-09-16|2025-09-17|2025-09-18|2025-09-19|2025-09-22|2025-09-23|2025-09-24|2025-09-25|2025-09-26|2025-09-29|2025-09-30|2025-10-01|2025-10-02|2025-10-03|2025-10-06|2025-10-07|2025-10-08|2025-10-09|2025-10-10|2025-10-13|2025-10-14|2025-10-15|2025-10-16|2025-10-17|2025-10-20|2025-10-21|2025-10-22|2025-10-23|2025-10-24,2025-10-24 22:24:40,0.0
AptarGroup,,2025-09-15|2025-09-16|2025-09-17|2025-09-18|2025-09-19|2025-09-22|2025-09-23|2025-09-24|2025-09-25|2025-09-26|2025-09-29|2025-09-30|2025-10-01|2025-10-02|2025-10-03|2025-10-06|2025-10-07|2025-10-08|2025-10-09|2025-10-10|2025-10-13|2025-10-14|2025-10-15|2025-10-16|2025-10-17|2025-10-20|2025-10-21|2025-10-22|2025-10-23|2025-10-24,2025-10-24 22:24:40,0.0
Columbia Sportswear,,2025-09-15|2025-09-16|2025-09-17|2025-09-18|2025-09-19|2025-09-22|2025-09-23|2025-09-24|2025-09-25|2025-09-26|2025-09-29|2025-09-30|2025-10-01|2025-10-02|2025-10-03|2025-10-06|2025-10-07|2025-10-08|2025-10-09|2025-10-10|2025-10-13|2025-10-14|2025-10-15|2025-10-16|2025-10-17|2025-10-20|2025-10-21|2025-10-22|2025-10-23|2025-10-24,2025-10-24 22:24:40,0.0
Roku,,2025-09-15|2025-09-16|2025-09-17|2025-09-18|2025-09-19|2025-09-22|2025-09-23|2025-09-24|2025-09-25|2025-09-26|2025-09-29|2025-09-30|2025-10-01|2025-10-02|2025-10-03|2025-10-06|2025-10-07|2025-10-08|2025-10-09|2025-10-10|2025-10-13|2025-10-14|2025-10-15|2025-10-16|2025-10-17|2025-10-20|2025-10-21|2025-10-22|2025-10-23|2025-10-24,2025-10-24 22:24:40,0.0
Civitas Resources,,2025-09-15|2025-09-16|2025-09-17|2025-09-18|2025-09-19|2025-09-22|2025-09-23|2025-09-24|2025-09-25|2025-09-26|2025-09-29|2025-09-30|2025-10-01|2025-10-02|2025-10-03|2025-10-06|2025-10-07|2025-10-08|2025-10-09|2025-10-10|2025-10-13|2025-10-14|2025-10-15|2025-10-16|2025-10-17|2025-10-20|2025-10-21|2025-10-22|2025-10-23|2025-10-24,2025-10-24 22:24:40,0.0
Alpha Metallurgical Resources,,2025-09-15|2025-09-16|2025-09-17|2025-09-18|2025-09-19|2025-09-22|2025-09-23|2025-09-24|2025-09-25|2025-09-26|2025-09-29|2025-09-30|2025-10-01|2025-10-02|2025-10-03|2025-10-06|2025-10-07|2025-10-08|2025-10-09|2025-10-10|2025-10-13|2025-10-14|2025-10-15|2025-10-16|2025-10-17|2025-10-20|2025-10-21|2025-10-22|2025-10-23|2025-10-24,2025-10-24 22:24:40,0.0
Patrick Industries,,2025-09-15|2025-09-16|2025-09-17|2025-09-18|2025-09-19|2025-09-22|2025-09-23|2025-09-24|2025-09-25|2025-09-26|2025-09-29|2025-09-30|2025-10-01|2025-10-02|2025-10-03|2025-10-06|2025-10-07|2025-10-08|2025-10-09|2025-10-10|2025-10-13|2025-10-14|2025-10-15|2025-10-16|2025-10-17|2025-10-20|2025-10-21|2025-10-22|2025-10-23|2025-10-24,2025-10-24 22:24:40,0.0
Murphy Oil,,2025-09-15|2025-09-16|2025-09-17|2025-09-18|2025-09-19|2025-09-22|2025-09-23|2025-09-24|2025-09-25|2025-09-26|2025-09-29|2025-09-30|2025-10-01|2025-10-02|2025-10-03|2025-10-06|2025-10-07|2025-10-08|2025-10-09|2025-10-10|2025-10-13|2025-10-14|2025-10-15|2025-10-16|2025-10-17|2025-10-20|2025-10-21|2025-10-22|2025-10-23|2025-10-24,2025-10-24 22:24:40,0.0
Synovus Financial,,2025-09-15|2025-09-16|2025-09-17|2025-09-18|2025-09-19|2025-09-22|2025-09-23|2025-09-24|2025-09-25|2025-09-26|2025-09-29|2025-09-30|2025-10-01|2025-10-02|2025-10-03|2025-10-06|2025-10-07|2025-10-08|2025-10-09|2025-10-10|2025-10-13|2025-10-14|2025-10-15|2025-10-16|2025-10-17|2025-10-20|2025-10-21|2025-10-22|2025-10-23|2025-10-24,2025-10-24 22:24:40,0.0
Cracker Barrel Old Country Store,,2025-09-15|2025-09-16|2025-09-17|2025-09-18|2025-09-19|2025-09-22|2025-09-23|2025-09-24|2025-09-25|2025-09-26|2025-09-29|2025-09-30|2025-10-01|2025-10-02|2025-10-03|2025-10-06|2025-10-07|2025-10-08|2025-10-09|2025-10-10|2025-10-13|2025-10-14|2025-10-15|2025-10-16|2025-10-17|2025-10-20|2025-10-21|2025-10-22|2025-10-23|2025-10-24,2025-10-24 22:24:40,0.0
Cheesecake Factory,,2025-09-15|2025-09-16|2025-09-17|2025-09-18|2025-09-19|2025-09-22|2025-09-23|2025-09-24|2025-09-25|2025-09-26|2025-09-29|2025-09-30|2025-10-01|2025-10-02|2025-10-03|2025-10-06|2025-10-07|2025-10-08|2025-10-09|2025-10-10|2025-10-13|2025-10-14|2025-10-15|2025-10-16|2025-10-17|2025-10-20|2025-10-21|2025-10-22|2025-10-23|2025-10-24,2025-10-24 22:24:40,0.0
CNX Resources,,2025-09-15|2025-09-16|2025-09-17|2025-09-18|2025-09-19|2025-09-22|2025-09-23|2025-09-24|2025-09-25|2025-09-26|2025-09-29|2025-09-30|2025-10-01|2025-10-02|2025-10-03|2025-10-06|2025-10-07|2025-10-08|2025-10-09|2025-10-10|2025-10-13|2025-10-14|2025-10-15|2025-10-16|2025-10-17|2025-10-20|2025-10-21|2025-10-22|2025-10-23|2025-10-24,2025-10-24 22:24:40,0.0
Chefs Warehouse,,2025-09-15|2025-09-16|2025-09-17|2025-09-18|2025-09-19|2025-09-22|2025-09-23|2025-09-24|2025-09-25|2025-09-26|2025-09-29|2025-09-30|2025-10-01|2025-10-02|2025-10-03|2025-10-06|2025-10-07|2025-10-08|2025-10-09|2025-10-10|2025-10-13|2025-10-14|2025-10-15|2025-10-16|2025-10-17|2025-10-20|2025-10-21|2025-10-22|2025-10-23|2025-10-24,2025-10-24 22:24:40,0.0
Donaldson Company,,2025-09-15|2025-09-16|2025-09-17|2025-09-18|2025-09-19|2025-09-22|2025-09-23|2025-09-24|2025-09-25|2025-09-26|2025-09-29|2025-09-30|2025-10-01|2025-10-02|2025-10-03|2025-10-06|2025-10-07|2025-10-08|2025-10-09|2025-10-10|2025-10-13|2025-10-14|2025-10-15|2025-10-16|2025-10-17|2025-10-20|2025-10-21|2025-10-22|2025-10-23|2025-10-24,2025-10-24 22:24:40,0.0
Mueller Industries,,2025-09-15|2025-09-16|2025-09-17|2025-09-18|2025-09-19|2025-09-22|2025-09-23|2025-09-24|2025-09-25|2025-09-26|2025-09-29|2025-09-30|2025-10-01|2025-10-02|2025-10-03|2025-10-06|2025-10-07|2025-10-08|2025-10-09|2025-10-10|2025-10-13|2025-10-14|2025-10-15|2025-10-16|2025-10-17|2025-10-20|2025-10-21|2025-10-22|2025-10-23|2025-10-24,2025-10-24 22:24:40,0.0
MRC Global,,2025-09-15|2025-09-16|2025-09-17|2025-09-18|2025-09-19|2025-09-22|2025-09-23|2025-09-24|2025-09-25|2025-09-26|2025-09-29|2025-09-30|2025-10-01|2025-10-02|2025-10-03|2025-10-06|2025-10-07|2025-10-08|2025-10-09|2025-10-10|2025-10-13|2025-10-14|2025-10-15|2025-10-16|2025-10-17|2025-10-20|2025-10-21|2025-10-22|2025-10-23|2025-10-24,2025-10-24 22:24:40,0.0
Chart Industries,,2025-09-15|2025-09-16|2025-09-17|2025-09-18|2025-09-19|2025-09-22|2025-09-23|2025-09-24|2025-09-25|2025-09-26|2025-09-29|2025-09-30|2025-10-01|2025-10-02|2025-10-03|2025-10-06|2025-10-07|2025-10-08|2025-10-09|2025-10-10|2025-10-13|2025-10-14|2025-10-15|2025-10-16|2025-10-17|2025-10-20|2025-10-21|2025-10-22|2025-10-23|2025-10-24,2025-10-24 22:24:40,0.0
Alight Solutions,,2025-09-15|2025-09-16|2025-09-17|2025-09-18|2025-09-19|2025-09-22|2025-09-23|2025-09-24|2025-09-25|2025-09-26|2025-09-29|2025-09-30|2025-10-01|2025-10-02|2025-10-03|2025-10-06|2025-10-07|2025-10-08|2025-10-09|2025-10-10|2025-10-13|2025-10-14|2025-10-15|2025-10-16|2025-10-17|2025-10-20|2025-10-21|2025-10-22|2025-10-23|2025-10-24,2025-10-24 22:24:40,0.0
Vishay Intertechnology,,2025-09-15|2025-09-16|2025-09-17|2025-09-18|2025-09-19|2025-09-22|2025-09-23|2025-09-24|2025-09-25|2025-09-26|2025-09-29|2025-09-30|2025-10-01|2025-10-02|2025-10-03|2025-10-06|2025-10-07|2025-10-08|2025-10-09|2025-10-10|2025-10-13|2025-10-14|2025-10-15|2025-10-16|2025-10-17|2025-10-20|2025-10-21|2025-10-22|2025-10-23|2025-10-24,2025-10-24 22:24:40,0.0
Range Resources,,2025-09-15|2025-09-16|2025-09-17|2025-09-18|2025-09-19|2025-09-22|2025-09-23|2025-09-24|2025-09-25|2025-09-26|2025-09-29|2025-09-30|2025-10-01|2025-10-02|2025-10-03|2025-10-06|2025-10-07|2025-10-08|2025-10-09|2025-10-10|2025-10-13|2025-10-14|2025-10-15|2025-10-16|2025-10-17|2025-10-20|2025-10-21|2025-10-22|2025-10-23|2025-10-24,2025-10-24 22:24:40,0.0
Valley National Bancorp,,2025-09-15|2025-09-16|2025-09-17|2025-09-18|2025-09-19|2025-09-22|2025-09-23|2025-09-24|2025-09-25|2025-09-26|2025-09-29|2025-09-30|2025-10-01|2025-10-02|2025-10-03|2025-10-06|2025-10-07|2025-10-08|2025-10-09|2025-10-10|2025-10-13|2025-10-14|2025-10-15|2025-10-16|2025-10-17|2025-10-20|2025-10-21|2025-10-22|2025-10-23|2025-10-24,2025-10-24 22:24:40,0.0
Match Group,,2025-09-15|2025-09-16|2025-09-17|2025-09-18|2025-09-19|2025-09-22|2025-09-23|2025-09-24|2025-09-25|2025-09-26|2025-09-29|2025-09-30|2025-10-01|2025-10-02|2025-10-03|2025-10-06|2025-10-07|2025-10-08|2025-10-09|2025-10-10|2025-10-13|2025-10-14|2025-10-15|2025-10-16|2025-10-17|2025-10-20|2025-10-21|2025-10-22|2025-10-23|2025-10-24,2025-10-24 22:24:40,0.0
Gen Digital,,2025-09-15|2025-09-16|2025-09-17|2025-09-18|2025-09-19|2025-09-22|2025-09-23|2025-09-24|2025-09-25|2025-09-26|2025-09-29|2025-09-30|2025-10-01|2025-10-02|2025-10-03|2025-10-06|2025-10-07|2025-10-08|2025-10-09|2025-10-10|2025-10-13|2025-10-14|2025-10-15|2025-10-16|2025-10-17|2025-10-20|2025-10-21|2025-10-22|2025-10-23|2025-10-24,2025-10-24 22:24:40,0.0
Wintrust Financial,,2025-09-15|2025-09-16|2025-09-17|2025-09-18|2025-09-19|2025-09-22|2025-09-23|2025-09-24|2025-09-25|2025-09-26|2025-09-29|2025-09-30|2025-10-01|2025-10-02|2025-10-03|2025-10-06|2025-10-07|2025-10-08|2025-10-09|2025-10-10|2025-10-13|2025-10-14|2025-10-15|2025-10-16|2025-10-17|2025-10-20|2025-10-21|2025-10-22|2025-10-23|2025-10-24,2025-10-24 22:24:40,0.0
First Solar,,2025-09-15|2025-09-16|2025-09-17|2025-09-18|2025-09-19|2025-09-22|2025-09-23|2025-09-24|2025-09-25|2025-09-26|2025-09-29|2025-09-30|2025-10-01|2025-10-02|2025-10-03|2025-10-06|2025-10-07|2025-10-08|2025-10-09|2025-10-10|2025-10-13|2025-10-14|2025-10-15|2025-10-16|2025-10-17|2025-10-20|2025-10-21|2025-10-22|2025-10-23|2025-10-24,2025-10-24 22:24:40,0.0
Central Garden & Pet,,2025-09-15|2025-09-16|2025-09-17|2025-09-18|2025-09-19|2025-09-22|2025-09-23|2025-09-24|2025-09-25|2025-09-26|2025-09-29|2025-09-30|2025-10-01|2025-10-02|2025-10-03|2025-10-06|2025-10-07|2025-10-08|2025-10-09|2025-10-10|2025-10-13|2025-10-14|2025-10-15|2025-10-16|2025-10-17|2025-10-20|2025-10-21|2025-10-22|2025-10-23|2025-10-24,2025-10-24 22:24:40,0.0
Green Plains Inc,,2025-09-15|2025-09-16|2025-09-17|2025-09-18|2025-09-19|2025-09-22|2025-09-23|2025-09-24|2025-09-25|2025-09-26|2025-09-29|2025-09-30|2025-10-01|2025-10-02|2025-10-03|2025-10-06|2025-10-07|2025-10-08|2025-10-09|2025-10-10|2025-10-13|2025-10-14|2025-10-15|2025-10-16|2025-10-17|2025-10-20|2025-10-21|2025-10-22|2025-10-23|2025-10-24,2025-10-24 22:24:40,0.0
Werner Enterprises,,2025-09-15|2025-09-16|2025-09-17|2025-09-18|2025-09-19|2025-09-22|2025-09-23|2025-09-24|2025-09-25|2025-09-26|2025-09-29|2025-09-30|2025-10-01|2025-10-02|2025-10-03|2025-10-06|2025-10-07|2025-10-08|2025-10-09|2025-10-10|2025-10-13|2025-10-14|2025-10-15|2025-10-16|2025-10-17|2025-10-20|2025-10-21|2025-10-22|2025-10-23|2025-10-24,2025-10-24 22:24:40,0.0
AppLovin,,2025-09-15|2025-09-16|2025-09-17|2025-09-18|2025-09-19|2025-09-22|2025-09-23|2025-09-24|2025-09-25|2025-09-26|2025-09-29|2025-09-30|2025-10-01|2025-10-02|2025-10-03|2025-10-06|2025-10-07|2025-10-08|2025-10-09|2025-10-10|2025-10-13|2025-10-14|2025-10-15|2025-10-16|2025-10-17|2025-10-20|2025-10-21|2025-10-22|2025-10-23|2025-10-24,2025-10-24 22:24:40,0.0
ITT,,2025-09-15|2025-09-16|2025-09-17|2025-09-18|2025-09-19|2025-09-22|2025-09-23|2025-09-24|2025-09-25|2025-09-26|2025-09-29|2025-09-30|2025-10-01|2025-10-02|2025-10-03|2025-10-06|2025-10-07|2025-10-08|2025-10-09|2025-10-10|2025-10-13|2025-10-14|2025-10-15|2025-10-16|2025-10-17|2025-10-20|2025-10-21|2025-10-22|2025-10-23|2025-10-24,2025-10-24 22:24:40,0.0
Herc Rentals,,2025-09-15|2025-09-16|2025-09-17|2025-09-18|2025-09-19|2025-09-22|2025-09-23|2025-09-24|2025-09-25|2025-09-26|2025-09-29|2025-09-30|2025-10-01|2025-10-02|2025-10-03|2025-10-06|2025-10-07|2025-10-08|2025-10-09|2025-10-10|2025-10-13|2025-10-14|2025-10-15|2025-10-16|2025-10-17|2025-10-20|2025-10-21|2025-10-22|2025-10-23|2025-10-24,2025-10-24 22:24:40,0.0
Gray Television,,2025-09-15|2025-09-16|2025-09-17|2025-09-18|2025-09-19|2025-09-22|2025-09-23|2025-09-24|2025-09-25|2025-09-26|2025-09-29|2025-09-30|2025-10-01|2025-10-02|2025-10-03|2025-10-06|2025-10-07|2025-10-08|2025-10-09|2025-10-10|2025-10-13|2025-10-14|2025-10-15|2025-10-16|2025-10-17|2025-10-20|2025-10-21|2025-10-22|2025-10-23|2025-10-24,2025-10-24 22:24:40,0.0
IDEX,,2025-09-15|2025-09-16|2025-09-17|2025-09-18|2025-09-19|2025-09-22|2025-09-23|2025-09-24|2025-09-25|2025-09-26|2025-09-29|2025-09-30|2025-10-01|2025-10-02|2025-10-03|2025-10-06|2025-10-07|2025-10-08|2025-10-09|2025-10-10|2025-10-13|2025-10-14|2025-10-15|2025-10-16|2025-10-17|2025-10-20|2025-10-21|2025-10-22|2025-10-23|2025-10-24,2025-10-24 22:24:40,0.0
Boston Properties,,2025-09-15|2025-09-16|2025-09-17|2025-09-18|2025-09-19|2025-09-22|2025-09-23|2025-09-24|2025-09-25|2025-09-26|2025-09-29|2025-09-30|2025-10-01|2025-10-02|2025-10-03|2025-10-06|2025-10-07|2025-10-08|2025-10-09|2025-10-10|2025-10-13|2025-10-14|2025-10-15|2025-10-16|2025-10-17|2025-10-20|2025-10-21|2025-10-22|2025-10-23|2025-10-24,2025-10-24 22:24:40,0.0
Pitney Bowes,,2025-09-15|2025-09-16|2025-09-17|2025-09-18|2025-09-19|2025-09-22|2025-09-23|2025-09-24|2025-09-25|2025-09-26|2025-09-29|2025-09-30|2025-10-01|2025-10-02|2025-10-03|2025-10-06|2025-10-07|2025-10-08|2025-10-09|2025-10-10|2025-10-13|2025-10-14|2025-10-15|2025-10-16|2025-10-17|2025-10-20|2025-10-21|2025-10-22|2025-10-23|2025-10-24,2025-10-24 22:24:40,0.0
Steelcase,,2025-09-15|2025-09-16|2025-09-17|2025-09-18|2025-09-19|2025-09-22|2025-09-23|2025-09-24|2025-09-25|2025-09-26|2025-09-29|2025-09-30|2025-10-01|2025-10-02|2025-10-03|2025-10-06|2025-10-07|2025-10-08|2025-10-09|2025-10-10|2025-10-13|2025-10-14|2025-10-15|2025-10-16|2025-10-17|2025-10-20|2025-10-21|2025-10-22|2025-10-23|2025-10-24,2025-10-24 22:24:40,0.0
Sun Communities,,2025-09-15|2025-09-16|2025-09-17|2025-09-18|2025-09-19|2025-09-22|2025-09-23|2025-09-24|2025-09-25|2025-09-26|2025-09-29|2025-09-30|2025-10-01|2025-10-02|2025-10-03|2025-10-06|2025-10-07|2025-10-08|2025-10-09|2025-10-10|2025-10-13|2025-10-14|2025-10-15|2025-10-16|2025-10-17|2025-10-20|2025-10-21|2025-10-22|2025-10-23|2025-10-24,2025-10-24 22:24:40,0.0
AdaptHealth,,2025-09-15|2025-09-16|2025-09-17|2025-09-18|2025-09-19|2025-09-22|2025-09-23|2025-09-24|2025-09-25|2025-09-26|2025-09-29|2025-09-30|2025-10-01|2025-10-02|2025-10-03|2025-10-06|2025-10-07|2025-10-08|2025-10-09|2025-10-10|2025-10-13|2025-10-14|2025-10-15|2025-10-16|2025-10-17|2025-10-20|2025-10-21|2025-10-22|2025-10-23|2025-10-24,2025-10-24 22:24:40,0.0
Genesis Energy,,2025-09-15|2025-09-16|2025-09-17|2025-09-18|2025-09-19|2025-09-22|2025-09-23|2025-09-24|2025-09-25|2025-09-26|2025-09-29|2025-09-30|2025-10-01|2025-10-02|2025-10-03|2025-10-06|2025-10-07|2025-10-08|2025-10-09|2025-10-10|2025-10-13|2025-10-14|2025-10-15|2025-10-16|2025-10-17|2025-10-20|2025-10-21|2025-10-22|2025-10-23|2025-10-24,2025-10-24 22:24:40,0.0
Jackson Financial,,2025-09-15|2025-09-16|2025-09-17|2025-09-18|2025-09-19|2025-09-22|2025-09-23|2025-09-24|2025-09-25|2025-09-26|2025-09-29|2025-09-30|2025-10-01|2025-10-02|2025-10-03|2025-10-06|2025-10-07|2025-10-08|2025-10-09|2025-10-10|2025-10-13|2025-10-14|2025-10-15|2025-10-16|2025-10-17|2025-10-20|2025-10-21|2025-10-22|2025-10-23|2025-10-24,2025-10-24 22:24:40,0.0
FirstCash,,2025-09-15|2025-09-16|2025-09-17|2025-09-18|2025-09-19|2025-09-22|2025-09-23|2025-09-24|2025-09-25|2025-09-26|2025-09-29|2025-09-30|2025-10-01|2025-10-02|2025-10-03|2025-10-06|2025-10-07|2025-10-08|2025-10-09|2025-10-10|2025-10-13|2025-10-14|2025-10-15|2025-10-16|2025-10-17|2025-10-20|2025-10-21|2025-10-22|2025-10-23|2025-10-24,2025-10-24 22:24:40,0.0
Cal-Maine Foods,,2025-09-15|2025-09-16|2025-09-17|2025-09-18|2025-09-19|2025-09-22|2025-09-23|2025-09-24|2025-09-25|2025-09-26|2025-09-29|2025-09-30|2025-10-01|2025-10-02|2025-10-03|2025-10-06|2025-10-07|2025-10-08|2025-10-09|2025-10-10|2025-10-13|2025-10-14|2025-10-15|2025-10-16|2025-10-17|2025-10-20|2025-10-21|2025-10-22|2025-10-23|2025-10-24,2025-10-24 22:24:40,0.0
Avient,,2025-09-15|2025-09-16|2025-09-17|2025-09-18|2025-09-19|2025-09-22|2025-09-23|2025-09-24|2025-09-25|2025-09-26|2025-09-29|2025-09-30|2025-10-01|2025-10-02|2025-10-03|2025-10-06|2025-10-07|2025-10-08|2025-10-09|2025-10-10|2025-10-13|2025-10-14|2025-10-15|2025-10-16|2025-10-17|2025-10-20|2025-10-21|2025-10-22|2025-10-23|2025-10-24,2025-10-24 22:24:40,0.0
BlueLinx,,2025-09-15|2025-09-16|2025-09-17|2025-09-18|2025-09-19|2025-09-22|2025-09-23|2025-09-24|2025-09-25|2025-09-26|2025-09-29|2025-09-30|2025-10-01|2025-10-02|2025-10-03|2025-10-06|2025-10-07|2025-10-08|2025-10-09|2025-10-10|2025-10-13|2025-10-14|2025-10-15|2025-10-16|2025-10-17|2025-10-20|2025-10-21|2025-10-22|2025-10-23|2025-10-24,2025-10-24 22:24:40,0.0
Sinclair,,2025-09-15|2025-09-16|2025-09-17|2025-09-18|2025-09-19|2025-09-22|2025-09-23|2025-09-24|2025-09-25|2025-09-26|2025-09-29|2025-09-30|2025-10-01|2025-10-02|2025-10-03|2025-10-06|2025-10-07|2025-10-08|2025-10-09|2025-10-10|2025-10-13|2025-10-14|2025-10-15|2025-10-16|2025-10-17|2025-10-20|2025-10-21|2025-10-22|2025-10-23|2025-10-24,2025-10-24 22:24:40,0.0
BOK Financial,,2025-09-15|2025-09-16|2025-09-17|2025-09-18|2025-09-19|2025-09-22|2025-09-23|2025-09-24|2025-09-25|2025-09-26|2025-09-29|2025-09-30|2025-10-01|2025-10-02|2025-10-03|2025-10-06|2025-10-07|2025-10-08|2025-10-09|2025-10-10|2025-10-13|2025-10-14|2025-10-15|2025-10-16|2025-10-17|2025-10-20|2025-10-21|2025-10-22|2025-10-23|2025-10-24,2025-10-24 22:24:40,0.0
Permian Resources,,2025-09-15|2025-09-16|2025-09-17|2025-09-18|2025-09-19|2025-09-22|2025-09-23|2025-09-24|2025-09-25|2025-09-26|2025-09-29|2025-09-30|2025-10-01|2025-10-02|2025-10-03|2025-10-06|2025-10-07|2025-10-08|2025-10-09|2025-10-10|2025-10-13|2025-10-14|2025-10-15|2025-10-16|2025-10-17|2025-10-20|2025-10-21|2025-10-22|2025-10-23|2025-10-24,2025-10-24 22:24:40,0.0
PACS Group,,2025-09-15|2025-09-16|2025-09-17|2025-09-18|2025-09-19|2025-09-22|2025-09-23|2025-09-24|2025-09-25|2025-09-26|2025-09-29|2025-09-30|2025-10-01|2025-10-02|2025-10-03|2025-10-06|2025-10-07|2025-10-08|2025-10-09|2025-10-10|2025-10-13|2025-10-14|2025-10-15|2025-10-16|2025-10-17|2025-10-20|2025-10-21|2025-10-22|2025-10-23|2025-10-24,2025-10-24 22:24:40,0.0
Coinbase Global,,2025-09-15|2025-09-16|2025-09-17|2025-09-18|2025-09-19|2025-09-22|2025-09-23|2025-09-24|2025-09-25|2025-09-26|2025-09-29|2025-09-30|2025-10-01|2025-10-02|2025-10-03|2025-10-06|2025-10-07|2025-10-08|2025-10-09|2025-10-10|2025-10-13|2025-10-14|2025-10-15|2025-10-16|2025-10-17|2025-10-20|2025-10-21|2025-10-22|2025-10-23|2025-10-24,2025-10-24 22:24:40,0.0
Western Midstream Partners,,2025-09-15|2025-09-16|2025-09-17|2025-09-18|2025-09-19|2025-09-22|2025-09-23|2025-09-24|2025-09-25|2025-09-26|2025-09-29|2025-09-30|2025-10-01|2025-10-02|2025-10-03|2025-10-06|2025-10-07|2025-10-08|2025-10-09|2025-10-10|2025-10-13|2025-10-14|2025-10-15|2025-10-16|2025-10-17|2025-10-20|2025-10-21|2025-10-22|2025-10-23|2025-10-24,2025-10-24 22:24:40,0.0
G-III Apparel Group,,2025-09-15|2025-09-16|2025-09-17|2025-09-18|2025-09-19|2025-09-22|2025-09-23|2025-09-24|2025-09-25|2025-09-26|2025-09-29|2025-09-30|2025-10-01|2025-10-02|2025-10-03|2025-10-06|2025-10-07|2025-10-08|2025-10-09|2025-10-10|2025-10-13|2025-10-14|2025-10-15|2025-10-16|2025-10-17|2025-10-20|2025-10-21|2025-10-22|2025-10-23|2025-10-24,2025-10-24 22:24:40,0.0
Vontier,,2025-09-15|2025-09-16|2025-09-17|2025-09-18|2025-09-19|2025-09-22|2025-09-23|2025-09-24|2025-09-25|2025-09-26|2025-09-29|2025-09-30|2025-10-01|2025-10-02|2025-10-03|2025-10-06|2025-10-07|2025-10-08|2025-10-09|2025-10-10|2025-10-13|2025-10-14|2025-10-15|2025-10-16|2025-10-17|2025-10-20|2025-10-21|2025-10-22|2025-10-23|2025-10-24,2025-10-24 22:24:40,0.0
Matson Inc,,2025-09-15|2025-09-16|2025-09-17|2025-09-18|2025-09-19|2025-09-22|2025-09-23|2025-09-24|2025-09-25|2025-09-26|2025-09-29|2025-09-30|2025-10-01|2025-10-02|2025-10-03|2025-10-06|2025-10-07|2025-10-08|2025-10-09|2025-10-10|2025-10-13|2025-10-14|2025-10-15|2025-10-16|2025-10-17|2025-10-20|2025-10-21|2025-10-22|2025-10-23|2025-10-24,2025-10-24 22:24:40,0.0
Kirby Corporation,,2025-09-15|2025-09-16|2025-09-17|2025-09-18|2025-09-19|2025-09-22|2025-09-23|2025-09-24|2025-09-25|2025-09-26|2025-09-29|2025-09-30|2025-10-01|2025-10-02|2025-10-03|2025-10-06|2025-10-07|2025-10-08|2025-10-09|2025-10-10|2025-10-13|2025-10-14|2025-10-15|2025-10-16|2025-10-17|2025-10-20|2025-10-21|2025-10-22|2025-10-23|2025-10-24,2025-10-24 22:24:40,0.0
Kaiser Aluminum,,2025-09-15|2025-09-16|2025-09-17|2025-09-18|2025-09-19|2025-09-22|2025-09-23|2025-09-24|2025-09-25|2025-09-26|2025-09-29|2025-09-30|2025-10-01|2025-10-02|2025-10-03|2025-10-06|2025-10-07|2025-10-08|2025-10-09|2025-10-10|2025-10-13|2025-10-14|2025-10-15|2025-10-16|2025-10-17|2025-10-20|2025-10-21|2025-10-22|2025-10-23|2025-10-24,2025-10-24 22:24:40,0.0
Designer Brands,,2025-09-15|2025-09-16|2025-09-17|2025-09-18|2025-09-19|2025-09-22|2025-09-23|2025-09-24|2025-09-25|2025-09-26|2025-09-29|2025-09-30|2025-10-01|2025-10-02|2025-10-03|2025-10-06|2025-10-07|2025-10-08|2025-10-09|2025-10-10|2025-10-13|2025-10-14|2025-10-15|2025-10-16|2025-10-17|2025-10-20|2025-10-21|2025-10-22|2025-10-23|2025-10-24,2025-10-24 22:24:40,0.0
Rollins Inc,,2025-09-15|2025-09-16|2025-09-17|2025-09-18|2025-09-19|2025-09-22|2025-09-23|2025-09-24|2025-09-25|2025-09-26|2025-09-29|2025-09-30|2025-10-01|2025-10-02|2025-10-03|2025-10-06|2025-10-07|2025-10-08|2025-10-09|2025-10-10|2025-10-13|2025-10-14|2025-10-15|2025-10-16|2025-10-17|2025-10-20|2025-10-21|2025-10-22|2025-10-23|2025-10-24,2025-10-24 22:24:40,0.0
Advanced Drainage Systems,,2025-09-15|2025-09-16|2025-09-17|2025-09-18|2025-09-19|2025-09-22|2025-09-23|2025-09-24|2025-09-25|2025-09-26|2025-09-29|2025-09-30|2025-10-01|2025-10-02|2025-10-03|2025-10-06|2025-10-07|2025-10-08|2025-10-09|2025-10-10|2025-10-13|2025-10-14|2025-10-15|2025-10-16|2025-10-17|2025-10-20|2025-10-21|2025-10-22|2025-10-23|2025-10-24,2025-10-24 22:24:40,0.0
Cinemark,,2025-09-15|2025-09-16|2025-09-17|2025-09-18|2025-09-19|2025-09-22|2025-09-23|2025-09-24|2025-09-25|2025-09-26|2025-09-29|2025-09-30|2025-10-01|2025-10-02|2025-10-03|2025-10-06|2025-10-07|2025-10-08|2025-10-09|2025-10-10|2025-10-13|2025-10-14|2025-10-15|2025-10-16|2025-10-17|2025-10-20|2025-10-21|2025-10-22|2025-10-23|2025-10-24,2025-10-24 22:24:40,0.0
CrowdStrike,,2025-09-15|2025-09-16|2025-09-17|2025-09-18|2025-09-19|2025-09-22|2025-09-23|2025-09-24|2025-09-25|2025-09-26|2025-09-29|2025-09-30|2025-10-01|2025-10-02|2025-10-03|2025-10-06|2025-10-07|2025-10-08|2025-10-09|2025-10-10|2025-10-13|2025-10-14|2025-10-15|2025-10-16|2025-10-17|2025-10-20|2025-10-21|2025-10-22|2025-10-23|2025-10-24,2025-10-24 22:24:40,0.0
Pinterest,,2025-09-15|2025-09-16|2025-09-17|2025-09-18|2025-09-19|2025-09-22|2025-09-23|2025-09-24|2025-09-25|2025-09-26|2025-09-29|2025-09-30|2025-10-01|2025-10-02|2025-10-03|2025-10-06|2025-10-07|2025-10-08|2025-10-09|2025-10-10|2025-10-13|2025-10-14|2025-10-15|2025-10-16|2025-10-17|2025-10-20|2025-10-21|2025-10-22|2025-10-23|2025-10-24,2025-10-24 22:24:40,0.0
Instacart,,2025-09-15|2025-09-16|2025-09-17|2025-09-18|2025-09-19|2025-09-22|2025-09-23|2025-09-24|2025-09-25|2025-09-26|2025-09-29|2025-09-30|2025-10-01|2025-10-02|2025-10-03|2025-10-06|2025-10-07|2025-10-08|2025-10-09|2025-10-10|2025-10-13|2025-10-14|2025-10-15|2025-10-16|2025-10-17|2025-10-20|2025-10-21|2025-10-22|2025-10-23|2025-10-24,2025-10-24 22:24:40,0.0
Hillenbrand,,2025-09-15|2025-09-16|2025-09-17|2025-09-18|2025-09-19|2025-09-22|2025-09-23|2025-09-24|2025-09-25|2025-09-26|2025-09-29|2025-09-30|2025-10-01|2025-10-02|2025-10-03|2025-10-06|2025-10-07|2025-10-08|2025-10-09|2025-10-10|2025-10-13|2025-10-14|2025-10-15|2025-10-16|2025-10-17|2025-10-20|2025-10-21|2025-10-22|2025-10-23|2025-10-24,2025-10-24 22:24:40,0.0
Allison Transmission,,2025-09-15|2025-09-16|2025-09-17|2025-09-18|2025-09-19|2025-09-22|2025-09-23|2025-09-24|2025-09-25|2025-09-26|2025-09-29|2025-09-30|2025-10-01|2025-10-02|2025-10-03|2025-10-06|2025-10-07|2025-10-08|2025-10-09|2025-10-10|2025-10-13|2025-10-14|2025-10-15|2025-10-16|2025-10-17|2025-10-20|2025-10-21|2025-10-22|2025-10-23|2025-10-24,2025-10-24 22:24:40,0.0
Restoration Hardware,,2025-09-15|2025-09-16|2025-09-17|2025-09-18|2025-09-19|2025-09-22|2025-09-23|2025-09-24|2025-09-25|2025-09-26|2025-09-29|2025-09-30|2025-10-01|2025-10-02|2025-10-03|2025-10-06|2025-10-07|2025-10-08|2025-10-09|2025-10-10|2025-10-13|2025-10-14|2025-10-15|2025-10-16|2025-10-17|2025-10-20|2025-10-21|2025-10-22|2025-10-23|2025-10-24,2025-10-24 22:24:40,0.0
Brookdale Senior Living,,2025-09-15|2025-09-16|2025-09-17|2025-09-18|2025-09-19|2025-09-22|2025-09-23|2025-09-24|2025-09-25|2025-09-26|2025-09-29|2025-09-30|2025-10-01|2025-10-02|2025-10-03|2025-10-06|2025-10-07|2025-10-08|2025-10-09|2025-10-10|2025-10-13|2025-10-14|2025-10-15|2025-10-16|2025-10-17|2025-10-20|2025-10-21|2025-10-22|2025-10-23|2025-10-24,2025-10-24 22:24:40,0.0
QuidelOrtho,,2025-09-15|2025-09-16|2025-09-17|2025-09-18|2025-09-19|2025-09-22|2025-09-23|2025-09-24|2025-09-25|2025-09-26|2025-09-29|2025-09-30|2025-10-01|2025-10-02|2025-10-03|2025-10-06|2025-10-07|2025-10-08|2025-10-09|2025-10-10|2025-10-13|2025-10-14|2025-10-15|2025-10-16|2025-10-17|2025-10-20|2025-10-21|2025-10-22|2025-10-23|2025-10-24,2025-10-24 22:24:40,0.0
Trinity Industries,,2025-09-15|2025-09-16|2025-09-17|2025-09-18|2025-09-19|2025-09-22|2025-09-23|2025-09-24|2025-09-25|2025-09-26|2025-09-29|2025-09-30|2025-10-01|2025-10-02|2025-10-03|2025-10-06|2025-10-07|2025-10-08|2025-10-09|2025-10-10|2025-10-13|2025-10-14|2025-10-15|2025-10-16|2025-10-17|2025-10-20|2025-10-21|2025-10-22|2025-10-23|2025-10-24,2025-10-24 22:24:40,0.0
Teleflex,,2025-09-15|2025-09-16|2025-09-17|2025-09-18|2025-09-19|2025-09-22|2025-09-23|2025-09-24|2025-09-25|2025-09-26|2025-09-29|2025-09-30|2025-10-01|2025-10-02|2025-10-03|2025-10-06|2025-10-07|2025-10-08|2025-10-09|2025-10-10|2025-10-13|2025-10-14|2025-10-15|2025-10-16|2025-10-17|2025-10-20|2025-10-21|2025-10-22|2025-10-23|2025-10-24,2025-10-24 22:24:40,0.0
HEICO,,2025-09-15|2025-09-16|2025-09-17|2025-09-18|2025-09-19|2025-09-22|2025-09-23|2025-09-24|2025-09-25|2025-09-26|2025-09-29|2025-09-30|2025-10-01|2025-10-02|2025-10-03|2025-10-06|2025-10-07|2025-10-08|2025-10-09|2025-10-10|2025-10-13|2025-10-14|2025-10-15|2025-10-16|2025-10-17|2025-10-20|2025-10-21|2025-10-22|2025-10-23|2025-10-24,2025-10-24 22:24:40,0.0
Bruker,,2025-09-15|2025-09-16|2025-09-17|2025-09-18|2025-09-19|2025-09-22|2025-09-23|2025-09-24|2025-09-25|2025-09-26|2025-09-29|2025-09-30|2025-10-01|2025-10-02|2025-10-03|2025-10-06|2025-10-07|2025-10-08|2025-10-09|2025-10-10|2025-10-13|2025-10-14|2025-10-15|2025-10-16|2025-10-17|2025-10-20|2025-10-21|2025-10-22|2025-10-23|2025-10-24,2025-10-24 22:24:40,0.0
Carlyle Group,,2025-09-15|2025-09-16|2025-09-17|2025-09-18|2025-09-19|2025-09-22|2025-09-23|2025-09-24|2025-09-25|2025-09-26|2025-09-29|2025-09-30|2025-10-01|2025-10-02|2025-10-03|2025-10-06|2025-10-07|2025-10-08|2025-10-09|2025-10-10|2025-10-13|2025-10-14|2025-10-15|2025-10-16|2025-10-17|2025-10-20|2025-10-21|2025-10-22|2025-10-23|2025-10-24,2025-10-24 22:24:40,0.0
Energizer Holdings,,2025-09-15|2025-09-16|2025-09-17|2025-09-18|2025-09-19|2025-09-22|2025-09-23|2025-09-24|2025-09-25|2025-09-26|2025-09-29|2025-09-30|2025-10-01|2025-10-02|2025-10-03|2025-10-06|2025-10-07|2025-10-08|2025-10-09|2025-10-10|2025-10-13|2025-10-14|2025-10-15|2025-10-16|2025-10-17|2025-10-20|2025-10-21|2025-10-22|2025-10-23|2025-10-24,2025-10-24 22:24:40,0.0
Rackspace Technology,,2025-09-15|2025-09-16|2025-09-17|2025-09-18|2025-09-19|2025-09-22|2025-09-23|2025-09-24|2025-09-25|2025-09-26|2025-09-29|2025-09-30|2025-10-01|2025-10-02|2025-10-03|2025-10-06|2025-10-07|2025-10-08|2025-10-09|2025-10-10|2025-10-13|2025-10-14|2025-10-15|2025-10-16|2025-10-17|2025-10-20|2025-10-21|2025-10-22|2025-10-23|2025-10-24,2025-10-24 22:24:40,0.0
Waters Corporation,,2025-09-15|2025-09-16|2025-09-17|2025-09-18|2025-09-19|2025-09-22|2025-09-23|2025-09-24|2025-09-25|2025-09-26|2025-09-29|2025-09-30|2025-10-01|2025-10-02|2025-10-03|2025-10-06|2025-10-07|2025-10-08|2025-10-09|2025-10-10|2025-10-13|2025-10-14|2025-10-15|2025-10-16|2025-10-17|2025-10-20|2025-10-21|2025-10-22|2025-10-23|2025-10-24,2025-10-24 22:24:40,0.0
West Pharmaceutical Services,,2025-09-15|2025-09-16|2025-09-17|2025-09-18|2025-09-19|2025-09-22|2025-09-23|2025-09-24|2025-09-25|2025-09-26|2025-09-29|2025-09-30|2025-10-01|2025-10-02|2025-10-03|2025-10-06|2025-10-07|2025-10-08|2025-10-09|2025-10-10|2025-10-13|2025-10-14|2025-10-15|2025-10-16|2025-10-17|2025-10-20|2025-10-21|2025-10-22|2025-10-23|2025-10-24,2025-10-24 22:24:40,0.0
Carters Inc,,2025-09-15|2025-09-16|2025-09-17|2025-09-18|2025-09-19|2025-09-22|2025-09-23|2025-09-24|2025-09-25|2025-09-26|2025-09-29|2025-09-30|2025-10-01|2025-10-02|2025-10-03|2025-10-06|2025-10-07|2025-10-08|2025-10-09|2025-10-10|2025-10-13|2025-10-14|2025-10-15|2025-10-16|2025-10-17|2025-10-20|2025-10-21|2025-10-22|2025-10-23|2025-10-24,2025-10-24 22:24:40,0.0
NeueHealth,,2025-08-21|2025-08-22|2025-08-25|2025-08-26|2025-08-27|2025-08-28|2025-08-29|2025-09-02|2025-09-03|2025-09-04|2025-09-05|2025-09-08|2025-09-09|2025-09-10|2025-09-11|2025-09-12|2025-09-15|2025-09-16|2025-09-17|2025-09-18|2025-09-19|2025-09-22|2025-09-23|2025-09-24|2025-09-25|2025-09-26|2025-09-29|2025-09-30|2025-10-01|2025-10-02,2025-10-24 22:24:40,0.0
SkyWest,,2025-09-15|2025-09-16|2025-09-17|2025-09-18|2025-09-19|2025-09-22|2025-09-23|2025-09-24|2025-09-25|2025-09-26|2025-09-29|2025-09-30|2025-10-01|2025-10-02|2025-10-03|2025-10-06|2025-10-07|2025-10-08|2025-10-09|2025-10-10|2025-10-13|2025-10-14|2025-10-15|2025-10-16|2025-10-17|2025-10-20|2025-10-21|2025-10-22|2025-10-23|2025-10-24,2025-10-24 22:24:40,0.0
Acadia Healthcare,,2025-09-15|2025-09-16|2025-09-17|2025-09-18|2025-09-19|2025-09-22|2025-09-23|2025-09-24|2025-09-25|2025-09-26|2025-09-29|2025-09-30|2025-10-01|2025-10-02|2025-10-03|2025-10-06|2025-10-07|2025-10-08|2025-10-09|2025-10-10|2025-10-13|2025-10-14|2025-10-15|2025-10-16|2025-10-17|2025-10-20|2025-10-21|2025-10-22|2025-10-23|2025-10-24,2025-10-24 22:24:40,0.0
Revvity,,2025-09-15|2025-09-16|2025-09-17|2025-09-18|2025-09-19|2025-09-22|2025-09-23|2025-09-24|2025-09-25|2025-09-26|2025-09-29|2025-09-30|2025-10-01|2025-10-02|2025-10-03|2025-10-06|2025-10-07|2025-10-08|2025-10-09|2025-10-10|2025-10-13|2025-10-14|2025-10-15|2025-10-16|2025-10-17|2025-10-20|2025-10-21|2025-10-22|2025-10-23|2025-10-24,2025-10-24 22:24:40,0.0
Portland General Electric,,2025-09-15|2025-09-16|2025-09-17|2025-09-18|2025-09-19|2025-09-22|2025-09-23|2025-09-24|2025-09-25|2025-09-26|2025-09-29|2025-09-30|2025-10-01|2025-10-02|2025-10-03|2025-10-06|2025-10-07|2025-10-08|2025-10-09|2025-10-10|2025-10-13|2025-10-14|2025-10-15|2025-10-16|2025-10-17|2025-10-20|2025-10-21|2025-10-22|2025-10-23|2025-10-24,2025-10-24 22:24:40,0.0
Woodward Inc,,2025-09-15|2025-09-16|2025-09-17|2025-09-18|2025-09-19|2025-09-22|2025-09-23|2025-09-24|2025-09-25|2025-09-26|2025-09-29|2025-09-30|2025-10-01|2025-10-02|2025-10-03|2025-10-06|2025-10-07|2025-10-08|2025-10-09|2025-10-10|2025-10-13|2025-10-14|2025-10-15|2025-10-16|2025-10-17|2025-10-20|2025-10-21|2025-10-22|2025-10-23|2025-10-24,2025-10-24 22:24:40,0.0
TEGNA,,2025-09-15|2025-09-16|2025-09-17|2025-09-18|2025-09-19|2025-09-22|2025-09-23|2025-09-24|2025-09-25|2025-09-26|2025-09-29|2025-09-30|2025-10-01|2025-10-02|2025-10-03|2025-10-06|2025-10-07|2025-10-08|2025-10-09|2025-10-10|2025-10-13|2025-10-14|2025-10-15|2025-10-16|2025-10-17|2025-10-20|2025-10-21|2025-10-22|2025-10-23|2025-10-24,2025-10-24 22:24:40,0.0
Sabre Corporation,,2025-09-15|2025-09-16|2025-09-17|2025-09-18|2025-09-19|2025-09-22|2025-09-23|2025-09-24|2025-09-25|2025-09-26|2025-09-29|2025-09-30|2025-10-01|2025-10-02|2025-10-03|2025-10-06|2025-10-07|2025-10-08|2025-10-09|2025-10-10|2025-10-13|2025-10-14|2025-10-15|2025-10-16|2025-10-17|2025-10-20|2025-10-21|2025-10-22|2025-10-23|2025-10-24,2025-10-24 22:24:40,0.0
Light & Wonder,,2025-09-15|2025-09-16|2025-09-17|2025-09-18|2025-09-19|2025-09-22|2025-09-23|2025-09-24|2025-09-25|2025-09-26|2025-09-29|2025-09-30|2025-10-01|2025-10-02|2025-10-03|2025-10-06|2025-10-07|2025-10-08|2025-10-09|2025-10-10|2025-10-13|2025-10-14|2025-10-15|2025-10-16|2025-10-17|2025-10-20|2025-10-21|2025-10-22|2025-10-23|2025-10-24,2025-10-24 22:24:40,0.0
Vail Resorts,,2025-09-15|2025-09-16|2025-09-17|2025-09-18|2025-09-19|2025-09-22|2025-09-23|2025-09-24|2025-09-25|2025-09-26|2025-09-29|2025-09-30|2025-10-01|2025-10-02|2025-10-03|2025-10-06|2025-10-07|2025-10-08|2025-10-09|2025-10-10|2025-10-13|2025-10-14|2025-10-15|2025-10-16|2025-10-17|2025-10-20|2025-10-21|2025-10-22|2025-10-23|2025-10-24,2025-10-24 22:24:40,0.0
PennyMac Financial Services,,2025-09-15|2025-09-16|2025-09-17|2025-09-18|2025-09-19|2025-09-22|2025-09-23|2025-09-24|2025-09-25|2025-09-26|2025-09-29|2025-09-30|2025-10-01|2025-10-02|2025-10-03|2025-10-06|2025-10-07|2025-10-08|2025-10-09|2025-10-10|2025-10-13|2025-10-14|2025-10-15|2025-10-16|2025-10-17|2025-10-20|2025-10-21|2025-10-22|2025-10-23|2025-10-24,2025-10-24 22:24:40,0.0
Saia Inc,,2025-09-15|2025-09-16|2025-09-17|2025-09-18|2025-09-19|2025-09-22|2025-09-23|2025-09-24|2025-09-25|2025-09-26|2025-09-29|2025-09-30|2025-10-01|2025-10-02|2025-10-03|2025-10-06|2025-10-07|2025-10-08|2025-10-09|2025-10-10|2025-10-13|2025-10-14|2025-10-15|2025-10-16|2025-10-17|2025-10-20|2025-10-21|2025-10-22|2025-10-23|2025-10-24,2025-10-24 22:24:40,0.0
Equity Residential,,2025-09-15|2025-09-16|2025-09-17|2025-09-18|2025-09-19|2025-09-22|2025-09-23|2025-09-24|2025-09-25|2025-09-26|2025-09-29|2025-09-30|2025-10-01|2025-10-02|2025-10-03|2025-10-06|2025-10-07|2025-10-08|2025-10-09|2025-10-10|2025-10-13|2025-10-14|2025-10-15|2025-10-16|2025-10-17|2025-10-20|2025-10-21|2025-10-22|2025-10-23|2025-10-24,2025-10-24 22:24:40,0.0
Helmerich & Payne,,2025-09-15|2025-09-16|2025-09-17|2025-09-18|2025-09-19|2025-09-22|2025-09-23|2025-09-24|2025-09-25|2025-09-26|2025-09-29|2025-09-30|2025-10-01|2025-10-02|2025-10-03|2025-10-06|2025-10-07|2025-10-08|2025-10-09|2025-10-10|2025-10-13|2025-10-14|2025-10-15|2025-10-16|2025-10-17|2025-10-20|2025-10-21|2025-10-22|2025-10-23|2025-10-24,2025-10-24 22:24:40,0.0
Korn Ferry,,2025-09-15|2025-09-16|2025-09-17|2025-09-18|2025-09-19|2025-09-22|2025-09-23|2025-09-24|2025-09-25|2025-09-26|2025-09-29|2025-09-30|2025-10-01|2025-10-02|2025-10-03|2025-10-06|2025-10-07|2025-10-08|2025-10-09|2025-10-10|2025-10-13|2025-10-14|2025-10-15|2025-10-16|2025-10-17|2025-10-20|2025-10-21|2025-10-22|2025-10-23|2025-10-24,2025-10-24 22:24:40,0.0
PC Connection Inc,,2025-09-15|2025-09-16|2025-09-17|2025-09-18|2025-09-19|2025-09-22|2025-09-23|2025-09-24|2025-09-25|2025-09-26|2025-09-29|2025-09-30|2025-10-01|2025-10-02|2025-10-03|2025-10-06|2025-10-07|2025-10-08|2025-10-09|2025-10-10|2025-10-13|2025-10-14|2025-10-15|2025-10-16|2025-10-17|2025-10-20|2025-10-21|2025-10-22|2025-10-23|2025-10-24,2025-10-24 22:24:40,0.0
Curtiss-Wright,,2025-09-15|2025-09-16|2025-09-17|2025-09-18|2025-09-19|2025-09-22|2025-09-23|2025-09-24|2025-09-25|2025-09-26|2025-09-29|2025-09-30|2025-10-01|2025-10-02|2025-10-03|2025-10-06|2025-10-07|2025-10-08|2025-10-09|2025-10-10|2025-10-13|2025-10-14|2025-10-15|2025-10-16|2025-10-17|2025-10-20|2025-10-21|2025-10-22|2025-10-23|2025-10-24,2025-10-24 22:24:40,0.0
Sallie Mae,,2025-09-15|2025-09-16|2025-09-17|2025-09-18|2025-09-19|2025-09-22|2025-09-23|2025-09-24|2025-09-25|2025-09-26|2025-09-29|2025-09-30|2025-10-01|2025-10-02|2025-10-03|2025-10-06|2025-10-07|2025-10-08|2025-10-09|2025-10-10|2025-10-13|2025-10-14|2025-10-15|2025-10-16|2025-10-17|2025-10-20|2025-10-21|2025-10-22|2025-10-23|2025-10-24,2025-10-24 22:24:40,0.0
Benchmark Electronics,,2025-09-15|2025-09-16|2025-09-17|2025-09-18|2025-09-19|2025-09-22|2025-09-23|2025-09-24|2025-09-25|2025-09-26|2025-09-29|2025-09-30|2025-10-01|2025-10-02|2025-10-03|2025-10-06|2025-10-07|2025-10-08|2025-10-09|2025-10-10|2025-10-13|2025-10-14|2025-10-15|2025-10-16|2025-10-17|2025-10-20|2025-10-21|2025-10-22|2025-10-23|2025-10-24,2025-10-24 22:24:40,0.0
Pure Storage,,2025-09-15|2025-09-16|2025-09-17|2025-09-18|2025-09-19|2025-09-22|2025-09-23|2025-09-24|2025-09-25|2025-09-26|2025-09-29|2025-09-30|2025-10-01|2025-10-02|2025-10-03|2025-10-06|2025-10-07|2025-10-08|2025-10-09|2025-10-10|2025-10-13|2025-10-14|2025-10-15|2025-10-16|2025-10-17|2025-10-20|2025-10-21|2025-10-22|2025-10-23|2025-10-24,2025-10-24 22:24:40,0.0
Knife River Corporation,,2025-09-15|2025-09-16|2025-09-17|2025-09-18|2025-09-19|2025-09-22|2025-09-23|2025-09-24|2025-09-25|2025-09-26|2025-09-29|2025-09-30|2025-10-01|2025-10-02|2025-10-03|2025-10-06|2025-10-07|2025-10-08|2025-10-09|2025-10-10|2025-10-13|2025-10-14|2025-10-15|2025-10-16|2025-10-17|2025-10-20|2025-10-21|2025-10-22|2025-10-23|2025-10-24,2025-10-24 22:24:40,0.0
Caleres Inc,,2025-09-15|2025-09-16|2025-09-17|2025-09-18|2025-09-19|2025-09-22|2025-09-23|2025-09-24|2025-09-25|2025-09-26|2025-09-29|2025-09-30|2025-10-01|2025-10-02|2025-10-03|2025-10-06|2025-10-07|2025-10-08|2025-10-09|2025-10-10|2025-10-13|2025-10-14|2025-10-15|2025-10-16|2025-10-17|2025-10-20|2025-10-21|2025-10-22|2025-10-23|2025-10-24,2025-10-24 22:24:40,0.0
BrightView Holdings,,2025-09-15|2025-09-16|2025-09-17|2025-09-18|2025-09-19|2025-09-22|2025-09-23|2025-09-24|2025-09-25|2025-09-26|2025-09-29|2025-09-30|2025-10-01|2025-10-02|2025-10-03|2025-10-06|2025-10-07|2025-10-08|2025-10-09|2025-10-10|2025-10-13|2025-10-14|2025-10-15|2025-10-16|2025-10-17|2025-10-20|2025-10-21|2025-10-22|2025-10-23|2025-10-24,2025-10-24 22:24:40,0.0
Cooper-Standard,,2025-09-15|2025-09-16|2025-09-17|2025-09-18|2025-09-19|2025-09-22|2025-09-23|2025-09-24|2025-09-25|2025-09-26|2025-09-29|2025-09-30|2025-10-01|2025-10-02|2025-10-03|2025-10-06|2025-10-07|2025-10-08|2025-10-09|2025-10-10|2025-10-13|2025-10-14|2025-10-15|2025-10-16|2025-10-17|2025-10-20|2025-10-21|2025-10-22|2025-10-23|2025-10-24,2025-10-24 22:24:40,0.0
Primerica,,2025-09-15|2025-09-16|2025-09-17|2025-09-18|2025-09-19|2025-09-22|2025-09-23|2025-09-24|2025-09-25|2025-09-26|2025-09-29|2025-09-30|2025-10-01|2025-10-02|2025-10-03|2025-10-06|2025-10-07|2025-10-08|2025-10-09|2025-10-10|2025-10-13|2025-10-14|2025-10-15|2025-10-16|2025-10-17|2025-10-20|2025-10-21|2025-10-22|2025-10-23|2025-10-24,2025-10-24 22:24:40,0.0
F5,,2025-09-15|2025-09-16|2025-09-17|2025-09-18|2025-09-19|2025-09-22|2025-09-23|2025-09-24|2025-09-25|2025-09-26|2025-09-29|2025-09-30|2025-10-01|2025-10-02|2025-10-03|2025-10-06|2025-10-07|2025-10-08|2025-10-09|2025-10-10|2025-10-13|2025-10-14|2025-10-15|2025-10-16|2025-10-17|2025-10-20|2025-10-21|2025-10-22|2025-10-23|2025-10-24,2025-10-24 22:24:40,0.0
Matador Resources,,2025-09-15|2025-09-16|2025-09-17|2025-09-18|2025-09-19|2025-09-22|2025-09-23|2025-09-24|2025-09-25|2025-09-26|2025-09-29|2025-09-30|2025-10-01|2025-10-02|2025-10-03|2025-10-06|2025-10-07|2025-10-08|2025-10-09|2025-10-10|2025-10-13|2025-10-14|2025-10-15|2025-10-16|2025-10-17|2025-10-20|2025-10-21|2025-10-22|2025-10-23|2025-10-24,2025-10-24 22:24:40,0.0
Snowflake Inc,,2025-09-15|2025-09-16|2025-09-17|2025-09-18|2025-09-19|2025-09-22|2025-09-23|2025-09-24|2025-09-25|2025-09-26|2025-09-29|2025-09-30|2025-10-01|2025-10-02|2025-10-03|2025-10-06|2025-10-07|2025-10-08|2025-10-09|2025-10-10|2025-10-13|2025-10-14|2025-10-15|2025-10-16|2025-10-17|2025-10-20|2025-10-21|2025-10-22|2025-10-23|2025-10-24,2025-10-24 22:24:40,0.0
Viasat,,2025-09-15|2025-09-16|2025-09-17|2025-09-18|2025-09-19|2025-09-22|2025-09-23|2025-09-24|2025-09-25|2025-09-26|2025-09-29|2025-09-30|2025-10-01|2025-10-02|2025-10-03|2025-10-06|2025-10-07|2025-10-08|2025-10-09|2025-10-10|2025-10-13|2025-10-14|2025-10-15|2025-10-16|2025-10-17|2025-10-20|2025-10-21|2025-10-22|2025-10-23|2025-10-24,2025-10-24 22:24:40,0.0
California Resources,,2025-09-15|2025-09-16|2025-09-17|2025-09-18|2025-09-19|2025-09-22|2025-09-23|2025-09-24|2025-09-25|2025-09-26|2025-09-29|2025-09-30|2025-10-01|2025-10-02|2025-10-03|2025-10-06|2025-10-07|2025-10-08|2025-10-09|2025-10-10|2025-10-13|2025-10-14|2025-10-15|2025-10-16|2025-10-17|2025-10-20|2025-10-21|2025-10-22|2025-10-23|2025-10-24,2025-10-24 22:24:40,0.0
Peloton Interactive,,2025-09-15|2025-09-16|2025-09-17|2025-09-18|2025-09-19|2025-09-22|2025-09-23|2025-09-24|2025-09-25|2025-09-26|2025-09-29|2025-09-30|2025-10-01|2025-10-02|2025-10-03|2025-10-06|2025-10-07|2025-10-08|2025-10-09|2025-10-10|2025-10-13|2025-10-14|2025-10-15|2025-10-16|2025-10-17|2025-10-20|2025-10-21|2025-10-22|2025-10-23|2025-10-24,2025-10-24 22:24:40,0.0
Roblox,,2025-09-15|2025-09-16|2025-09-17|2025-09-18|2025-09-19|2025-09-22|2025-09-23|2025-09-24|2025-09-25|2025-09-26|2025-09-29|2025-09-30|2025-10-01|2025-10-02|2025-10-03|2025-10-06|2025-10-07|2025-10-08|2025-10-09|2025-10-10|2025-10-13|2025-10-14|2025-10-15|2025-10-16|2025-10-17|2025-10-20|2025-10-21|2025-10-22|2025-10-23|2025-10-24,2025-10-24 22:24:40,0.0
Installed Building Products,,2025-09-15|2025-09-16|2025-09-17|2025-09-18|2025-09-19|2025-09-22|2025-09-23|2025-09-24|2025-09-25|2025-09-26|2025-09-29|2025-09-30|2025-10-01|2025-10-02|2025-10-03|2025-10-06|2025-10-07|2025-10-08|2025-10-09|2025-10-10|2025-10-13|2025-10-14|2025-10-15|2025-10-16|2025-10-17|2025-10-20|2025-10-21|2025-10-22|2025-10-23|2025-10-24,2025-10-24 22:24:40,0.0
First National of Nebraska,,2025-09-12|2025-09-15|2025-09-16|2025-09-17|2025-09-18|2025-09-19|2025-09-22|2025-09-23|2025-09-24|2025-09-25|2025-09-26|2025-09-29|2025-09-30|2025-10-01|2025-10-02|2025-10-03|2025-10-06|2025-10-07|2025-10-08|2025-10-09|2025-10-10|2025-10-13|2025-10-14|2025-10-15|2025-10-16|2025-10-17|2025-10-20|2025-10-21|2025-10-22|2025-10-23,2025-10-24 22:24:40,0.0
Guess Inc,,2025-09-15|2025-09-16|2025-09-17|2025-09-18|2025-09-19|2025-09-22|2025-09-23|2025-09-24|2025-09-25|2025-09-26|2025-09-29|2025-09-30|2025-10-01|2025-10-02|2025-10-03|2025-10-06|2025-10-07|2025-10-08|2025-10-09|2025-10-10|2025-10-13|2025-10-14|2025-10-15|2025-10-16|2025-10-17|2025-10-20|2025-10-21|2025-10-22|2025-10-23|2025-10-24,2025-10-24 22:24:40,0.0
ESAB,,2025-09-15|2025-09-16|2025-09-17|2025-09-18|2025-09-19|2025-09-22|2025-09-23|2025-09-24|2025-09-25|2025-09-26|2025-09-29|2025-09-30|2025-10-01|2025-10-02|2025-10-03|2025-10-06|2025-10-07|2025-10-08|2025-10-09|2025-10-10|2025-10-13|2025-10-14|2025-10-15|2025-10-16|2025-10-17|2025-10-20|2025-10-21|2025-10-22|2025-10-23|2025-10-24,2025-10-24 22:24:40,0.0
AvalonBay Communities,,2025-09-15|2025-09-16|2025-09-17|2025-09-18|2025-09-19|2025-09-22|2025-09-23|2025-09-24|2025-09-25|2025-09-26|2025-09-29|2025-09-30|2025-10-01|2025-10-02|2025-10-03|2025-10-06|2025-10-07|2025-10-08|2025-10-09|2025-10-10|2025-10-13|2025-10-14|2025-10-15|2025-10-16|2025-10-17|2025-10-20|2025-10-21|2025-10-22|2025-10-23|2025-10-24,2025-10-24 22:24:40,0.0
DocuSign,,2025-09-15|2025-09-16|2025-09-17|2025-09-18|2025-09-19|2025-09-22|2025-09-23|2025-09-24|2025-09-25|2025-09-26|2025-09-29|2025-09-30|2025-10-01|2025-10-02|2025-10-03|2025-10-06|2025-10-07|2025-10-08|2025-10-09|2025-10-10|2025-10-13|2025-10-14|2025-10-15|2025-10-16|2025-10-17|2025-10-20|2025-10-21|2025-10-22|2025-10-23|2025-10-24,2025-10-24 22:24:40,0.0
Titan Machinery,,2025-09-15|2025-09-16|2025-09-17|2025-09-18|2025-09-19|2025-09-22|2025-09-23|2025-09-24|2025-09-25|2025-09-26|2025-09-29|2025-09-30|2025-10-01|2025-10-02|2025-10-03|2025-10-06|2025-10-07|2025-10-08|2025-10-09|2025-10-10|2025-10-13|2025-10-14|2025-10-15|2025-10-16|2025-10-17|2025-10-20|2025-10-21|2025-10-22|2025-10-23|2025-10-24,2025-10-24 22:24:40,0.0
ModivCare,,2025-09-12|2025-09-15|2025-09-16|2025-09-17|2025-09-18|2025-09-19|2025-09-22|2025-09-23|2025-09-24|2025-09-25|2025-09-26|2025-09-29|2025-09-30|2025-10-01|2025-10-02|2025-10-03|2025-10-06|2025-10-07|2025-10-08|2025-10-09|2025-10-10|2025-10-13|2025-10-14|2025-10-15|2025-10-16|2025-10-17|2025-10-20|2025-10-21|2025-10-22|2025-10-23,2025-10-24 22:24:40,0.0
Hovnanian Enterprises,,2025-09-15|2025-09-16|2025-09-17|2025-09-18|2025-09-19|2025-09-22|2025-09-23|2025-09-24|2025-09-25|2025-09-26|2025-09-29|2025-09-30|2025-10-01|2025-10-02|2025-10-03|2025-10-06|2025-10-07|2025-10-08|2025-10-09|2025-10-10|2025-10-13|2025-10-14|2025-10-15|2025-10-16|2025-10-17|2025-10-20|2025-10-21|2025-10-22|2025-10-23|2025-10-24,2025-10-24 22:24:40,0.0
Etsy,,2025-09-15|2025-09-16|2025-09-17|2025-09-18|2025-09-19|2025-09-22|2025-09-23|2025-09-24|2025-09-25|2025-09-26|2025-09-29|2025-09-30|2025-10-01|2025-10-02|2025-10-03|2025-10-06|2025-10-07|2025-10-08|2025-10-09|2025-10-10|2025-10-13|2025-10-14|2025-10-15|2025-10-16|2025-10-17|2025-10-20|2025-10-21|2025-10-22|2025-10-23|2025-10-24,2025-10-24 22:24:40,0.0
Surgery Partners,,2025-09-15|2025-09-16|2025-09-17|2025-09-18|2025-09-19|2025-09-22|2025-09-23|2025-09-24|2025-09-25|2025-09-26|2025-09-29|2025-09-30|2025-10-01|2025-10-02|2025-10-03|2025-10-06|2025-10-07|2025-10-08|2025-10-09|2025-10-10|2025-10-13|2025-10-14|2025-10-15|2025-10-16|2025-10-17|2025-10-20|2025-10-21|2025-10-22|2025-10-23|2025-10-24,2025-10-24 22:24:40,0.0
Columbia Banking System,,2025-09-15|2025-09-16|2025-09-17|2025-09-18|2025-09-19|2025-09-22|2025-09-23|2025-09-24|2025-09-25|2025-09-26|2025-09-29|2025-09-30|2025-10-01|2025-10-02|2025-10-03|2025-10-06|2025-10-07|2025-10-08|2025-10-09|2025-10-10|2025-10-13|2025-10-14|2025-10-15|2025-10-16|2025-10-17|2025-10-20|2025-10-21|2025-10-22|2025-10-23|2025-10-24,2025-10-24 22:24:40,0.0
Verisk Analytics,,2025-09-15|2025-09-16|2025-09-17|2025-09-18|2025-09-19|2025-09-22|2025-09-23|2025-09-24|2025-09-25|2025-09-26|2025-09-29|2025-09-30|2025-10-01|2025-10-02|2025-10-03|2025-10-06|2025-10-07|2025-10-08|2025-10-09|2025-10-10|2025-10-13|2025-10-14|2025-10-15|2025-10-16|2025-10-17|2025-10-20|2025-10-21|2025-10-22|2025-10-23|2025-10-24,2025-10-24 22:24:40,0.0
MasterBrand,,2025-09-15|2025-09-16|2025-09-17|2025-09-18|2025-09-19|2025-09-22|2025-09-23|2025-09-24|2025-09-25|2025-09-26|2025-09-29|2025-09-30|2025-10-01|2025-10-02|2025-10-03|2025-10-06|2025-10-07|2025-10-08|2025-10-09|2025-10-10|2025-10-13|2025-10-14|2025-10-15|2025-10-16|2025-10-17|2025-10-20|2025-10-21|2025-10-22|2025-10-23|2025-10-24,2025-10-24 22:24:40,0.0
AMC Networks,,2025-09-15|2025-09-16|2025-09-17|2025-09-18|2025-09-19|2025-09-22|2025-09-23|2025-09-24|2025-09-25|2025-09-26|2025-09-29|2025-09-30|2025-10-01|2025-10-02|2025-10-03|2025-10-06|2025-10-07|2025-10-08|2025-10-09|2025-10-10|2025-10-13|2025-10-14|2025-10-15|2025-10-16|2025-10-17|2025-10-20|2025-10-21|2025-10-22|2025-10-23|2025-10-24,2025-10-24 22:24:40,0.0
SBA Communications,,2025-09-15|2025-09-16|2025-09-17|2025-09-18|2025-09-19|2025-09-22|2025-09-23|2025-09-24|2025-09-25|2025-09-26|2025-09-29|2025-09-30|2025-10-01|2025-10-02|2025-10-03|2025-10-06|2025-10-07|2025-10-08|2025-10-09|2025-10-10|2025-10-13|2025-10-14|2025-10-15|2025-10-16|2025-10-17|2025-10-20|2025-10-21|2025-10-22|2025-10-23|2025-10-24,2025-10-24 22:24:40,0.0
Americold Realty Trust,,2025-09-15|2025-09-16|2025-09-17|2025-09-18|2025-09-19|2025-09-22|2025-09-23|2025-09-24|2025-09-25|2025-09-26|2025-09-29|2025-09-30|2025-10-01|2025-10-02|2025-10-03|2025-10-06|2025-10-07|2025-10-08|2025-10-09|2025-10-10|2025-10-13|2025-10-14|2025-10-15|2025-10-16|2025-10-17|2025-10-20|2025-10-21|2025-10-22|2025-10-23|2025-10-24,2025-10-24 22:24:40,0.0
NewMarket Corporation,,2025-09-15|2025-09-16|2025-09-17|2025-09-18|2025-09-19|2025-09-22|2025-09-23|2025-09-24|2025-09-25|2025-09-26|2025-09-29|2025-09-30|2025-10-01|2025-10-02|2025-10-03|2025-10-06|2025-10-07|2025-10-08|2025-10-09|2025-10-10|2025-10-13|2025-10-14|2025-10-15|2025-10-16|2025-10-17|2025-10-20|2025-10-21|2025-10-22|2025-10-23|2025-10-24,2025-10-24 22:24:40,0.0
Park Hotels & Resorts,,2025-09-15|2025-09-16|2025-09-17|2025-09-18|2025-09-19|2025-09-22|2025-09-23|2025-09-24|2025-09-25|2025-09-26|2025-09-29|2025-09-30|2025-10-01|2025-10-02|2025-10-03|2025-10-06|2025-10-07|2025-10-08|2025-10-09|2025-10-10|2025-10-13|2025-10-14|2025-10-15|2025-10-16|2025-10-17|2025-10-20|2025-10-21|2025-10-22|2025-10-23|2025-10-24,2025-10-24 22:24:40,0.0
Alexandria Real Estate Equities,,2025-09-15|2025-09-16|2025-09-17|2025-09-18|2025-09-19|2025-09-22|2025-09-23|2025-09-24|2025-09-25|2025-09-26|2025-09-29|2025-09-30|2025-10-01|2025-10-02|2025-10-03|2025-10-06|2025-10-07|2025-10-08|2025-10-09|2025-10-10|2025-10-13|2025-10-14|2025-10-15|2025-10-16|2025-10-17|2025-10-20|2025-10-21|2025-10-22|2025-10-23|2025-10-24,2025-10-24 22:24:40,0.0
Griffon Corporation,,2025-09-15|2025-09-16|2025-09-17|2025-09-18|2025-09-19|2025-09-22|2025-09-23|2025-09-24|2025-09-25|2025-09-26|2025-09-29|2025-09-30|2025-10-01|2025-10-02|2025-10-03|2025-10-06|2025-10-07|2025-10-08|2025-10-09|2025-10-10|2025-10-13|2025-10-14|2025-10-15|2025-10-16|2025-10-17|2025-10-20|2025-10-21|2025-10-22|2025-10-23|2025-10-24,2025-10-24 22:24:40,0.0
Air Lease,,2025-09-15|2025-09-16|2025-09-17|2025-09-18|2025-09-19|2025-09-22|2025-09-23|2025-09-24|2025-09-25|2025-09-26|2025-09-29|2025-09-30|2025-10-01|2025-10-02|2025-10-03|2025-10-06|2025-10-07|2025-10-08|2025-10-09|2025-10-10|2025-10-13|2025-10-14|2025-10-15|2025-10-16|2025-10-17|2025-10-20|2025-10-21|2025-10-22|2025-10-23|2025-10-24,2025-10-24 22:24:40,0.0
UL Solutions,,2025-09-15|2025-09-16|2025-09-17|2025-09-18|2025-09-19|2025-09-22|2025-09-23|2025-09-24|2025-09-25|2025-09-26|2025-09-29|2025-09-30|2025-10-01|2025-10-02|2025-10-03|2025-10-06|2025-10-07|2025-10-08|2025-10-09|2025-10-10|2025-10-13|2025-10-14|2025-10-15|2025-10-16|2025-10-17|2025-10-20|2025-10-21|2025-10-22|2025-10-23|2025-10-24,2025-10-24 22:24:40,0.0
Teradyne,,2025-09-15|2025-09-16|2025-09-17|2025-09-18|2025-09-19|2025-09-22|2025-09-23|2025-09-24|2025-09-25|2025-09-26|2025-09-29|2025-09-30|2025-10-01|2025-10-02|2025-10-03|2025-10-06|2025-10-07|2025-10-08|2025-10-09|2025-10-10|2025-10-13|2025-10-14|2025-10-15|2025-10-16|2025-10-17|2025-10-20|2025-10-21|2025-10-22|2025-10-23|2025-10-24,2025-10-24 22:24:40,0.0
OGE Energy,,2025-09-15|2025-09-16|2025-09-17|2025-09-18|2025-09-19|2025-09-22|2025-09-23|2025-09-24|2025-09-25|2025-09-26|2025-09-29|2025-09-30|2025-10-01|2025-10-02|2025-10-03|2025-10-06|2025-10-07|2025-10-08|2025-10-09|2025-10-10|2025-10-13|2025-10-14|2025-10-15|2025-10-16|2025-10-17|2025-10-20|2025-10-21|2025-10-22|2025-10-23|2025-10-24,2025-10-24 22:24:40,0.0
Bio-Rad Laboratories,,2025-09-15|2025-09-16|2025-09-17|2025-09-18|2025-09-19|2025-09-22|2025-09-23|2025-09-24|2025-09-25|2025-09-26|2025-09-29|2025-09-30|2025-10-01|2025-10-02|2025-10-03|2025-10-06|2025-10-07|2025-10-08|2025-10-09|2025-10-10|2025-10-13|2025-10-14|2025-10-15|2025-10-16|2025-10-17|2025-10-20|2025-10-21|2025-10-22|2025-10-23|2025-10-24,2025-10-24 22:24:40,0.0
Spire Inc,,2025-09-15|2025-09-16|2025-09-17|2025-09-18|2025-09-19|2025-09-22|2025-09-23|2025-09-24|2025-09-25|2025-09-26|2025-09-29|2025-09-30|2025-10-01|2025-10-02|2025-10-03|2025-10-06|2025-10-07|2025-10-08|2025-10-09|2025-10-10|2025-10-13|2025-10-14|2025-10-15|2025-10-16|2025-10-17|2025-10-20|2025-10-21|2025-10-22|2025-10-23|2025-10-24,2025-10-24 22:24:40,0.0
Gannett,,2025-09-15|2025-09-16|2025-09-17|2025-09-18|2025-09-19|2025-09-22|2025-09-23|2025-09-24|2025-09-25|2025-09-26|2025-09-29|2025-09-30|2025-10-01|2025-10-02|2025-10-03|2025-10-06|2025-10-07|2025-10-08|2025-10-09|2025-10-10|2025-10-13|2025-10-14|2025-10-15|2025-10-16|2025-10-17|2025-10-20|2025-10-21|2025-10-22|2025-10-23|2025-10-24,2025-10-24 22:24:40,0.0
Cullen Frost Bankers,,2025-09-15|2025-09-16|2025-09-17|2025-09-18|2025-09-19|2025-09-22|2025-09-23|2025-09-24|2025-09-25|2025-09-26|2025-09-29|2025-09-30|2025-10-01|2025-10-02|2025-10-03|2025-10-06|2025-10-07|2025-10-08|2025-10-09|2025-10-10|2025-10-13|2025-10-14|2025-10-15|2025-10-16|2025-10-17|2025-10-20|2025-10-21|2025-10-22|2025-10-23|2025-10-24,2025-10-24 22:24:40,0.0
Extra Space Storage,,2025-09-15|2025-09-16|2025-09-17|2025-09-18|2025-09-19|2025-09-22|2025-09-23|2025-09-24|2025-09-25|2025-09-26|2025-09-29|2025-09-30|2025-10-01|2025-10-02|2025-10-03|2025-10-06|2025-10-07|2025-10-08|2025-10-09|2025-10-10|2025-10-13|2025-10-14|2025-10-15|2025-10-16|2025-10-17|2025-10-20|2025-10-21|2025-10-22|2025-10-23|2025-10-24,2025-10-24 22:24:40,0.0
REV Group,,2025-09-15|2025-09-16|2025-09-17|2025-09-18|2025-09-19|2025-09-22|2025-09-23|2025-09-24|2025-09-25|2025-09-26|2025-09-29|2025-09-30|2025-10-01|2025-10-02|2025-10-03|2025-10-06|2025-10-07|2025-10-08|2025-10-09|2025-10-10|2025-10-13|2025-10-14|2025-10-15|2025-10-16|2025-10-17|2025-10-20|2025-10-21|2025-10-22|2025-10-23|2025-10-24,2025-10-24 22:24:40,0.0
ProFrac Holding,,2025-09-15|2025-09-16|2025-09-17|2025-09-18|2025-09-19|2025-09-22|2025-09-23|2025-09-24|2025-09-25|2025-09-26|2025-09-29|2025-09-30|2025-10-01|2025-10-02|2025-10-03|2025-10-06|2025-10-07|2025-10-08|2025-10-09|2025-10-10|2025-10-13|2025-10-14|2025-10-15|2025-10-16|2025-10-17|2025-10-20|2025-10-21|2025-10-22|2025-10-23|2025-10-24,2025-10-24 22:24:40,0.0
Nordson,,2025-09-15|2025-09-16|2025-09-17|2025-09-18|2025-09-19|2025-09-22|2025-09-23|2025-09-24|2025-09-25|2025-09-26|2025-09-29|2025-09-30|2025-10-01|2025-10-02|2025-10-03|2025-10-06|2025-10-07|2025-10-08|2025-10-09|2025-10-10|2025-10-13|2025-10-14|2025-10-15|2025-10-16|2025-10-17|2025-10-20|2025-10-21|2025-10-22|2025-10-23|2025-10-24,2025-10-24 22:24:40,0.0
Valvoline Inc,,2025-09-15|2025-09-16|2025-09-17|2025-09-18|2025-09-19|2025-09-22|2025-09-23|2025-09-24|2025-09-25|2025-09-26|2025-09-29|2025-09-30|2025-10-01|2025-10-02|2025-10-03|2025-10-06|2025-10-07|2025-10-08|2025-10-09|2025-10-10|2025-10-13|2025-10-14|2025-10-15|2025-10-16|2025-10-17|2025-10-20|2025-10-21|2025-10-22|2025-10-23|2025-10-24,2025-10-24 22:24:40,0.0
Kontoor Brands,,2025-09-15|2025-09-16|2025-09-17|2025-09-18|2025-09-19|2025-09-22|2025-09-23|2025-09-24|2025-09-25|2025-09-26|2025-09-29|2025-09-30|2025-10-01|2025-10-02|2025-10-03|2025-10-06|2025-10-07|2025-10-08|2025-10-09|2025-10-10|2025-10-13|2025-10-14|2025-10-15|2025-10-16|2025-10-17|2025-10-20|2025-10-21|2025-10-22|2025-10-23|2025-10-24,2025-10-24 22:24:40,0.0
Skyline Champion,,2025-09-15|2025-09-16|2025-09-17|2025-09-18|2025-09-19|2025-09-22|2025-09-23|2025-09-24|2025-09-25|2025-09-26|2025-09-29|2025-09-30|2025-10-01|2025-10-02|2025-10-03|2025-10-06|2025-10-07|2025-10-08|2025-10-09|2025-10-10|2025-10-13|2025-10-14|2025-10-15|2025-10-16|2025-10-17|2025-10-20|2025-10-21|2025-10-22|2025-10-23|2025-10-24,2025-10-24 22:24:40,0.0
Teladoc Health,,2025-09-15|2025-09-16|2025-09-17|2025-09-18|2025-09-19|2025-09-22|2025-09-23|2025-09-24|2025-09-25|2025-09-26|2025-09-29|2025-09-30|2025-10-01|2025-10-02|2025-10-03|2025-10-06|2025-10-07|2025-10-08|2025-10-09|2025-10-10|2025-10-13|2025-10-14|2025-10-15|2025-10-16|2025-10-17|2025-10-20|2025-10-21|2025-10-22|2025-10-23|2025-10-24,2025-10-24 22:24:40,0.0
Louisiana-Pacific Corporation,,2025-09-15|2025-09-16|2025-09-17|2025-09-18|2025-09-19|2025-09-22|2025-09-23|2025-09-24|2025-09-25|2025-09-26|2025-09-29|2025-09-30|2025-10-01|2025-10-02|2025-10-03|2025-10-06|2025-10-07|2025-10-08|2025-10-09|2025-10-10|2025-10-13|2025-10-14|2025-10-15|2025-10-16|2025-10-17|2025-10-20|2025-10-21|2025-10-22|2025-10-23|2025-10-24,2025-10-24 22:24:40,0.0
Universal Corporation,,2025-09-15|2025-09-16|2025-09-17|2025-09-18|2025-09-19|2025-09-22|2025-09-23|2025-09-24|2025-09-25|2025-09-26|2025-09-29|2025-09-30|2025-10-01|2025-10-02|2025-10-03|2025-10-06|2025-10-07|2025-10-08|2025-10-09|2025-10-10|2025-10-13|2025-10-14|2025-10-15|2025-10-16|2025-10-17|2025-10-20|2025-10-21|2025-10-22|2025-10-23|2025-10-24,2025-10-24 22:24:40,0.0
