company,trends_history,date_history,last_updated,avg_interest
Walmart,82|81|76|75|80|79|79|78|77|75|83|71|70|79|77|70|69|69|73|78|60|77|76|78|81|74|71|76|76|77,2026-08-21|2026-08-24|2026-08-25|2026-08-26|2026-08-27|2026-08-28|2026-08-31|2026-09-01|2026-09-02|2026-09-03|2026-09-04|2026-09-08|2026-09-09|2026-09-10|2026-09-11|2026-09-14|2026-09-15|2026-09-16|2026-09-17|2026-09-18|2026-09-21|2026-09-22|2026-09-23|2026-09-24|2026-09-25|2026-09-28|2026-09-29|2026-09-30|2026-10-01|2026-10-02,2026-10-03 01:02:10,75.6
Amazon,90|92|93|92|91|87|91|91|95|88|87|87|90|92|85|85|84|87|84|88|83|86|90|81|85|91|81|89|93|95,2026-08-21|2026-08-24|2026-08-25|2026-08-26|2026-08-27|2026-08-28|2026-08-31|2026-09-01|2026-09-02|2026-09-03|2026-09-04|2026-09-08|2026-09-09|2026-09-10|2026-09-11|2026-09-14|2026-09-15|2026-09-16|2026-09-17|2026-09-18|2026-09-21|2026-09-22|2026-09-23|2026-09-24|2026-09-25|2026-09-28|2026-09-29|2026-09-30|2026-10-01|2026-10-02,2026-10-03 01:02:15,88.4
UnitedHealth,57|44|57|61|44|47|50|61|63|58|43|50|58|55|44|69|58|56|68|37|63|55|55|51|44|44|47|51|60|100,2026-08-21|2026-08-24|2026-08-25|2026-08-26|2026-08-27|2026-08-28|2026-08-31|2026-09-01|2026-09-02|2026-09-03|2026-09-04|2026-09-08|2026-09-09|2026-09-10|2026-09-11|2026-09-14|2026-09-15|2026-09-16|2026-09-17|2026-09-18|2026-09-21|2026-09-22|2026-09-23|2026-09-24|2026-09-25|2026-09-28|2026-09-29|2026-09-30|2026-10-01|2026-10-02,2026-10-03 01:02:18,55.0
Apple,49|51|53|50|50|49|50|50|55|50|52|56|100|78|64|59|59|59|59|63|53|58|56|57|58|55|52|54|52|54,2026-08-21|2026-08-24|2026-08-25|2026-08-26|2026-08-27|2026-08-28|2026-08-31|2026-09-01|2026-09-02|2026-09-03|2026-09-04|2026-09-08|2026-09-09|2026-09-10|2026-09-11|2026-09-14|2026-09-15|2026-09-16|2026-09-17|2026-09-18|2026-09-21|2026-09-22|2026-09-23|2026-09-24|2026-09-25|2026-09-28|2026-09-29|2026-09-30|2026-10-01|2026-10-02,2026-10-03 01:02:21,56.8
CVS Health,74|88|87|75|85|75|76|95|100|92|69|84|79|87|88|77|77|80|69|70|60|81|74|72|69|79|84|79|80|69,2026-08-21|2026-08-24|2026-08-25|2026-08-26|2026-08-27|2026-08-28|2026-08-31|2026-09-01|2026-09-02|2026-09-03|2026-09-04|2026-09-08|2026-09-09|2026-09-10|2026-09-11|2026-09-14|2026-09-15|2026-09-16|2026-09-17|2026-09-18|2026-09-21|2026-09-22|2026-09-23|2026-09-24|2026-09-25|2026-09-28|2026-09-29|2026-09-30|2026-10-01|2026-10-02,2026-10-03 01:02:25,79.1
Alphabet,77|82|84|81|88|78|78|84|80|84|76|79|81|85|91|80|85|100|90|79|93|80|80|79|75|74|77|81|77|72,2026-08-21|2026-08-24|2026-08-25|2026-08-26|2026-08-27|2026-08-28|2026-08-31|2026-09-01|2026-09-02|2026-09-03|2026-09-04|2026-09-08|2026-09-09|2026-09-10|2026-09-11|2026-09-14|2026-09-15|2026-09-16|2026-09-17|2026-09-18|2026-09-21|2026-09-22|2026-09-23|2026-09-24|2026-09-25|2026-09-28|2026-09-29|2026-09-30|2026-10-01|2026-10-02,2026-10-03 01:02:28,81.7
Exxon Mobil,65|51|73|81|65|54|76|64|64|73|58|58|74|66|67|89|82|82|73|71|80|73|60|54|52|52|53|58|54|47,2026-08-21|2026-08-24|2026-08-25|2026-08-26|2026-08-27|2026-08-28|2026-08-31|2026-09-01|2026-09-02|2026-09-03|2026-09-04|2026-09-08|2026-09-09|2026-09-10|2026-09-11|2026-09-14|2026-09-15|2026-09-16|2026-09-17|2026-09-18|2026-09-21|2026-09-22|2026-09-23|2026-09-24|2026-09-25|2026-09-28|2026-09-29|2026-09-30|2026-10-01|2026-10-02,2026-10-03 01:02:31,65.6
McKesson,59|58|83|84|74|71|100|91|73|73|52|63|75|75|54|58|58|59|59|54|76|66|64|59|50|53|62|59|62|53,2026-08-21|2026-08-24|2026-08-25|2026-08-26|2026-08-27|2026-08-28|2026-08-31|2026-09-01|2026-09-02|2026-09-03|2026-09-04|2026-09-08|2026-09-09|2026-09-10|2026-09-11|2026-09-14|2026-09-15|2026-09-16|2026-09-17|2026-09-18|2026-09-21|2026-09-22|2026-09-23|2026-09-24|2026-09-25|2026-09-28|2026-09-29|2026-09-30|2026-10-01|2026-10-02,2026-10-03 01:02:35,65.9
Cencora,77|71|89|71|80|88|70|83|100|91|83|79|79|73|64|88|79|54|84|76|98|83|77|76|67|76|81|84|84|69,2026-08-21|2026-08-24|2026-08-25|2026-08-26|2026-08-27|2026-08-28|2026-08-31|2026-09-01|2026-09-02|2026-09-03|2026-09-04|2026-09-08|2026-09-09|2026-09-10|2026-09-11|2026-09-14|2026-09-15|2026-09-16|2026-09-17|2026-09-18|2026-09-21|2026-09-22|2026-09-23|2026-09-24|2026-09-25|2026-09-28|2026-09-29|2026-09-30|2026-10-01|2026-10-02,2026-10-03 01:02:39,79.1
JPMorgan Chase,94|66|81|84|100|87|67|80|79|73|70|78|67|81|70|62|99|77|77|55|82|78|72|88|63|68|76|71|74|63,2026-08-21|2026-08-24|2026-08-25|2026-08-26|2026-08-27|2026-08-28|2026-08-31|2026-09-01|2026-09-02|2026-09-03|2026-09-04|2026-09-08|2026-09-09|2026-09-10|2026-09-11|2026-09-14|2026-09-15|2026-09-16|2026-09-17|2026-09-18|2026-09-21|2026-09-22|2026-09-23|2026-09-24|2026-09-25|2026-09-28|2026-09-29|2026-09-30|2026-10-01|2026-10-02,2026-10-03 01:02:43,76.1
Costco,68|66|57|61|63|63|65|60|64|59|74|61|58|61|60|64|59|65|66|65|51|61|63|60|64|61|58|59|59|62,2026-08-21|2026-08-24|2026-08-25|2026-08-26|2026-08-27|2026-08-28|2026-08-31|2026-09-01|2026-09-02|2026-09-03|2026-09-04|2026-09-08|2026-09-09|2026-09-10|2026-09-11|2026-09-14|2026-09-15|2026-09-16|2026-09-17|2026-09-18|2026-09-21|2026-09-22|2026-09-23|2026-09-24|2026-09-25|2026-09-28|2026-09-29|2026-09-30|2026-10-01|2026-10-02,2026-10-03 01:02:48,61.9
Cigna,74|90|95|97|87|72|96|98|100|90|71|93|94|95|74|84|86|75|73|66|93|95|87|77|66|86|91|100|97|86,2026-08-21|2026-08-24|2026-08-25|2026-08-26|2026-08-27|2026-08-28|2026-08-31|2026-09-01|2026-09-02|2026-09-03|2026-09-04|2026-09-08|2026-09-09|2026-09-10|2026-09-11|2026-09-14|2026-09-15|2026-09-16|2026-09-17|2026-09-18|2026-09-21|2026-09-22|2026-09-23|2026-09-24|2026-09-25|2026-09-28|2026-09-29|2026-09-30|2026-10-01|2026-10-02,2026-10-03 01:02:50,86.3
Microsoft,66|79|80|78|81|66|100|87|87|74|65|77|78|79|65|68|71|70|69|62|83|76|68|66|59|67|66|69|69|64,2026-08-21|2026-08-24|2026-08-25|2026-08-26|2026-08-27|2026-08-28|2026-08-31|2026-09-01|2026-09-02|2026-09-03|2026-09-04|2026-09-08|2026-09-09|2026-09-10|2026-09-11|2026-09-14|2026-09-15|2026-09-16|2026-09-17|2026-09-18|2026-09-21|2026-09-22|2026-09-23|2026-09-24|2026-09-25|2026-09-28|2026-09-29|2026-09-30|2026-10-01|2026-10-02,2026-10-03 01:02:54,73.0
Cardinal Health,80|77|99|98|84|78|87|81|81|86|66|73|81|88|84|71|85|74|78|71|100|87|88|81|72|80|77|81|79|62,2026-08-21|2026-08-24|2026-08-25|2026-08-26|2026-08-27|2026-08-28|2026-08-31|2026-09-01|2026-09-02|2026-09-03|2026-09-04|2026-09-08|2026-09-09|2026-09-10|2026-09-11|2026-09-14|2026-09-15|2026-09-16|2026-09-17|2026-09-18|2026-09-21|2026-09-22|2026-09-23|2026-09-24|2026-09-25|2026-09-28|2026-09-29|2026-09-30|2026-10-01|2026-10-02,2026-10-03 01:02:57,81.0
Chevron,65|72|65|65|70|72|85|75|100|82|76|74|72|74|79|70|78|74|73|79|69|78|76|76|74|73|74|76|76|69,2026-08-21|2026-08-24|2026-08-25|2026-08-26|2026-08-27|2026-08-28|2026-08-31|2026-09-01|2026-09-02|2026-09-03|2026-09-04|2026-09-08|2026-09-09|2026-09-10|2026-09-11|2026-09-14|2026-09-15|2026-09-16|2026-09-17|2026-09-18|2026-09-21|2026-09-22|2026-09-23|2026-09-24|2026-09-25|2026-09-28|2026-09-29|2026-09-30|2026-10-01|2026-10-02,2026-10-03 01:03:00,74.7
Bank of America,61|63|58|59|59|65|66|100|88|71|70|61|59|58|55|56|52|50|45|52|53|53|50|50|53|54|53|61|68|72,2026-08-21|2026-08-24|2026-08-25|2026-08-26|2026-08-27|2026-08-28|2026-08-31|2026-09-01|2026-09-02|2026-09-03|2026-09-04|2026-09-08|2026-09-09|2026-09-10|2026-09-11|2026-09-14|2026-09-15|2026-09-16|2026-09-17|2026-09-18|2026-09-21|2026-09-22|2026-09-23|2026-09-24|2026-09-25|2026-09-28|2026-09-29|2026-09-30|2026-10-01|2026-10-02,2026-10-03 01:03:03,60.5
General Motors,100|51|62|63|72|60|90|96|74|54|52|60|61|63|56|56|60|68|66|53|59|66|55|53|49|59|56|67|80|50,2026-08-21|2026-08-24|2026-08-25|2026-08-26|2026-08-27|2026-08-28|2026-08-31|2026-09-01|2026-09-02|2026-09-03|2026-09-04|2026-09-08|2026-09-09|2026-09-10|2026-09-11|2026-09-14|2026-09-15|2026-09-16|2026-09-17|2026-09-18|2026-09-21|2026-09-22|2026-09-23|2026-09-24|2026-09-25|2026-09-28|2026-09-29|2026-09-30|2026-10-01|2026-10-02,2026-10-03 01:03:07,63.7
Ford Motor,83|89|99|91|85|89|100|86|92|86|86|87|79|85|88|96|90|95|94|84|88|88|92|85|87|86|83|84|85|79,2026-08-21|2026-08-24|2026-08-25|2026-08-26|2026-08-27|2026-08-28|2026-08-31|2026-09-01|2026-09-02|2026-09-03|2026-09-04|2026-09-08|2026-09-09|2026-09-10|2026-09-11|2026-09-14|2026-09-15|2026-09-16|2026-09-17|2026-09-18|2026-09-21|2026-09-22|2026-09-23|2026-09-24|2026-09-25|2026-09-28|2026-09-29|2026-09-30|2026-10-01|2026-10-02,2026-10-03 01:03:10,88.0
Elevance Health,73|71|78|72|91|52|80|94|78|83|68|72|100|85|66|99|72|92|74|75|70|80|76|73|63|78|89|81|74|63,2026-08-21|2026-08-24|2026-08-25|2026-08-26|2026-08-27|2026-08-28|2026-08-31|2026-09-01|2026-09-02|2026-09-03|2026-09-04|2026-09-08|2026-09-09|2026-09-10|2026-09-11|2026-09-14|2026-09-15|2026-09-16|2026-09-17|2026-09-18|2026-09-21|2026-09-22|2026-09-23|2026-09-24|2026-09-25|2026-09-28|2026-09-29|2026-09-30|2026-10-01|2026-10-02,2026-10-03 01:03:14,77.4
Citigroup,34|61|52|55|74|41|42|34|34|41|45|47|51|34|40|54|55|46|49|77|63|43|34|30|27|32|31|39|55|35,2026-08-21|2026-08-24|2026-08-25|2026-08-26|2026-08-27|2026-08-28|2026-08-31|2026-09-01|2026-09-02|2026-09-03|2026-09-04|2026-09-08|2026-09-09|2026-09-10|2026-09-11|2026-09-14|2026-09-15|2026-09-16|2026-09-17|2026-09-18|2026-09-21|2026-09-22|2026-09-23|2026-09-24|2026-09-25|2026-09-28|2026-09-29|2026-09-30|2026-10-01|2026-10-02,2026-10-03 01:03:18,45.2
Meta Platforms,70|55|47|100|76|41|33|42|62|56|49|61|65|44|65|60|56|53|75|40|84|66|80|75|51|48|44|41|34|34,2026-08-21|2026-08-24|2026-08-25|2026-08-26|2026-08-27|2026-08-28|2026-08-31|2026-09-01|2026-09-02|2026-09-03|2026-09-04|2026-09-08|2026-09-09|2026-09-10|2026-09-11|2026-09-14|2026-09-15|2026-09-16|2026-09-17|2026-09-18|2026-09-21|2026-09-22|2026-09-23|2026-09-24|2026-09-25|2026-09-28|2026-09-29|2026-09-30|2026-10-01|2026-10-02,2026-10-03 01:03:21,56.9
Centene,100|74|90|82|80|84|74|72|90|72|91|71|90|82|68|74|81|75|77|58|81|88|89|75|68|65|75|75|75|58,2026-08-21|2026-08-24|2026-08-25|2026-08-26|2026-08-27|2026-08-28|2026-08-31|2026-09-01|2026-09-02|2026-09-03|2026-09-04|2026-09-08|2026-09-09|2026-09-10|2026-09-11|2026-09-14|2026-09-15|2026-09-16|2026-09-17|2026-09-18|2026-09-21|2026-09-22|2026-09-23|2026-09-24|2026-09-25|2026-09-28|2026-09-29|2026-09-30|2026-10-01|2026-10-02,2026-10-03 01:03:25,77.8
Home Depot,76|78|72|71|73|75|75|72|75|69|78|69|66|69|68|67|62|65|62|67|62|67|64|62|68|70|62|68|70|68,2026-08-21|2026-08-24|2026-08-25|2026-08-26|2026-08-27|2026-08-28|2026-08-31|2026-09-01|2026-09-02|2026-09-03|2026-09-04|2026-09-08|2026-09-09|2026-09-10|2026-09-11|2026-09-14|2026-09-15|2026-09-16|2026-09-17|2026-09-18|2026-09-21|2026-09-22|2026-09-23|2026-09-24|2026-09-25|2026-09-28|2026-09-29|2026-09-30|2026-10-01|2026-10-02,2026-10-03 01:03:28,69.0
Fannie Mae,90|72|72|78|55|52|49|78|66|66|55|81|77|74|59|54|69|52|67|51|100|92|77|61|55|57|81|71|64|53,2026-08-21|2026-08-24|2026-08-25|2026-08-26|2026-08-27|2026-08-28|2026-08-31|2026-09-01|2026-09-02|2026-09-03|2026-09-04|2026-09-08|2026-09-09|2026-09-10|2026-09-11|2026-09-14|2026-09-15|2026-09-16|2026-09-17|2026-09-18|2026-09-21|2026-09-22|2026-09-23|2026-09-24|2026-09-25|2026-09-28|2026-09-29|2026-09-30|2026-10-01|2026-10-02,2026-10-03 01:03:31,67.6
Kroger,100|70|63|70|61|76|66|71|67|69|70|62|66|66|68|89|72|84|89|76|54|69|71|69|72|71|68|79|75|81,2026-08-21|2026-08-24|2026-08-25|2026-08-26|2026-08-27|2026-08-28|2026-08-31|2026-09-01|2026-09-02|2026-09-03|2026-09-04|2026-09-08|2026-09-09|2026-09-10|2026-09-11|2026-09-14|2026-09-15|2026-09-16|2026-09-17|2026-09-18|2026-09-21|2026-09-22|2026-09-23|2026-09-24|2026-09-25|2026-09-28|2026-09-29|2026-09-30|2026-10-01|2026-10-02,2026-10-03 01:03:35,72.1
Phillips 66,80|89|81|80|58|64|78|72|90|73|61|86|80|81|77|93|91|93|100|68|74|76|74|69|65|67|71|74|71|59,2026-08-21|2026-08-24|2026-08-25|2026-08-26|2026-08-27|2026-08-28|2026-08-31|2026-09-01|2026-09-02|2026-09-03|2026-09-04|2026-09-08|2026-09-09|2026-09-10|2026-09-11|2026-09-14|2026-09-15|2026-09-16|2026-09-17|2026-09-18|2026-09-21|2026-09-22|2026-09-23|2026-09-24|2026-09-25|2026-09-28|2026-09-29|2026-09-30|2026-10-01|2026-10-02,2026-10-03 01:03:39,76.5
Marathon Petroleum,100|48|70|37|41|62|75|76|64|51|56|35|86|66|51|57|87|78|67|86|95|90|71|66|53|60|52|57|64|55,2026-08-21|2026-08-24|2026-08-25|2026-08-26|2026-08-27|2026-08-28|2026-08-31|2026-09-01|2026-09-02|2026-09-03|2026-09-04|2026-09-08|2026-09-09|2026-09-10|2026-09-11|2026-09-14|2026-09-15|2026-09-16|2026-09-17|2026-09-18|2026-09-21|2026-09-22|2026-09-23|2026-09-24|2026-09-25|2026-09-28|2026-09-29|2026-09-30|2026-10-01|2026-10-02,2026-10-03 01:03:43,65.2
Verizon,80|79|76|74|78|73|78|79|76|83|81|72|88|100|91|84|76|78|75|92|91|97|86|79|78|79|79|79|81|81,2026-08-21|2026-08-24|2026-08-25|2026-08-26|2026-08-27|2026-08-28|2026-08-31|2026-09-01|2026-09-02|2026-09-03|2026-09-04|2026-09-08|2026-09-09|2026-09-10|2026-09-11|2026-09-14|2026-09-15|2026-09-16|2026-09-17|2026-09-18|2026-09-21|2026-09-22|2026-09-23|2026-09-24|2026-09-25|2026-09-28|2026-09-29|2026-09-30|2026-10-01|2026-10-02,2026-10-03 01:03:46,81.4
Nvidia,36|51|52|100|91|59|44|38|46|50|42|40|35|40|37|42|38|37|38|34|38|41|39|37|35|47|42|40|38|42,2026-08-21|2026-08-24|2026-08-25|2026-08-26|2026-08-27|2026-08-28|2026-08-31|2026-09-01|2026-09-02|2026-09-03|2026-09-04|2026-09-08|2026-09-09|2026-09-10|2026-09-11|2026-09-14|2026-09-15|2026-09-16|2026-09-17|2026-09-18|2026-09-21|2026-09-22|2026-09-23|2026-09-24|2026-09-25|2026-09-28|2026-09-29|2026-09-30|2026-10-01|2026-10-02,2026-10-03 01:03:50,45.0
Goldman Sachs,78|81|83|84|75|83|84|97|100|86|80|95|86|87|80|78|82|87|92|78|90|88|83|85|72|83|99|89|89|77,2026-08-21|2026-08-24|2026-08-25|2026-08-26|2026-08-27|2026-08-28|2026-08-31|2026-09-01|2026-09-02|2026-09-03|2026-09-04|2026-09-08|2026-09-09|2026-09-10|2026-09-11|2026-09-14|2026-09-15|2026-09-16|2026-09-17|2026-09-18|2026-09-21|2026-09-22|2026-09-23|2026-09-24|2026-09-25|2026-09-28|2026-09-29|2026-09-30|2026-10-01|2026-10-02,2026-10-03 01:03:54,85.0
Wells Fargo,87|80|88|82|85|87|90|95|89|88|94|82|85|84|86|72|72|74|71|74|70|79|75|70|77|76|85|91|98|100,2026-08-21|2026-08-24|2026-08-25|2026-08-26|2026-08-27|2026-08-28|2026-08-31|2026-09-01|2026-09-02|2026-09-03|2026-09-04|2026-09-08|2026-09-09|2026-09-10|2026-09-11|2026-09-14|2026-09-15|2026-09-16|2026-09-17|2026-09-18|2026-09-21|2026-09-22|2026-09-23|2026-09-24|2026-09-25|2026-09-28|2026-09-29|2026-09-30|2026-10-01|2026-10-02,2026-10-03 01:03:59,82.9
Valero Energy,0|0|0|0|0|100|0|92|0|0|0|0|0|0|0|0|0|0|0|0|57|62|49|42|43|42|30|30|32|22,2026-08-21|2026-08-24|2026-08-25|2026-08-26|2026-08-27|2026-08-28|2026-08-31|2026-09-01|2026-09-02|2026-09-03|2026-09-04|2026-09-08|2026-09-09|2026-09-10|2026-09-11|2026-09-14|2026-09-15|2026-09-16|2026-09-17|2026-09-18|2026-09-21|2026-09-22|2026-09-23|2026-09-24|2026-09-25|2026-09-28|2026-09-29|2026-09-30|2026-10-01|2026-10-02,2026-10-03 01:04:01,20.0
Comcast,98|52|86|89|89|90|80|77|72|64|56|49|64|68|70|74|66|37|37|37|54|47|42|40|36|40|41|50|39|40,2026-08-21|2026-08-24|2026-08-25|2026-08-26|2026-08-27|2026-08-28|2026-08-31|2026-09-01|2026-09-02|2026-09-03|2026-09-04|2026-09-08|2026-09-09|2026-09-10|2026-09-11|2026-09-14|2026-09-15|2026-09-16|2026-09-17|2026-09-18|2026-09-21|2026-09-22|2026-09-23|2026-09-24|2026-09-25|2026-09-28|2026-09-29|2026-09-30|2026-10-01|2026-10-02,2026-10-03 01:04:04,59.5
AT&T,84|66|78|83|85|85|74|79|79|68|66|69|80|100|84|78|83|66|66|85|84|90|78|74|77|76|77|77|76|83,2026-08-21|2026-08-24|2026-08-25|2026-08-26|2026-08-27|2026-08-28|2026-08-31|2026-09-01|2026-09-02|2026-09-03|2026-09-04|2026-09-08|2026-09-09|2026-09-10|2026-09-11|2026-09-14|2026-09-15|2026-09-16|2026-09-17|2026-09-18|2026-09-21|2026-09-22|2026-09-23|2026-09-24|2026-09-25|2026-09-28|2026-09-29|2026-09-30|2026-10-01|2026-10-02,2026-10-03 01:04:08,78.3
Freddie Mac,74|75|61|73|62|59|59|66|68|64|67|77|70|78|63|54|75|78|86|64|100|69|61|61|49|56|67|75|70|53,2026-08-21|2026-08-24|2026-08-25|2026-08-26|2026-08-27|2026-08-28|2026-08-31|2026-09-01|2026-09-02|2026-09-03|2026-09-04|2026-09-08|2026-09-09|2026-09-10|2026-09-11|2026-09-14|2026-09-15|2026-09-16|2026-09-17|2026-09-18|2026-09-21|2026-09-22|2026-09-23|2026-09-24|2026-09-25|2026-09-28|2026-09-29|2026-09-30|2026-10-01|2026-10-02,2026-10-03 01:04:11,67.8
Humana,54|65|64|59|64|52|84|74|64|60|49|62|62|58|53|55|55|52|54|52|65|69|64|62|57|61|63|71|100|87,2026-08-21|2026-08-24|2026-08-25|2026-08-26|2026-08-27|2026-08-28|2026-08-31|2026-09-01|2026-09-02|2026-09-03|2026-09-04|2026-09-08|2026-09-09|2026-09-10|2026-09-11|2026-09-14|2026-09-15|2026-09-16|2026-09-17|2026-09-18|2026-09-21|2026-09-22|2026-09-23|2026-09-24|2026-09-25|2026-09-28|2026-09-29|2026-09-30|2026-10-01|2026-10-02,2026-10-03 01:04:15,63.0
Morgan Stanley,92|73|84|82|81|73|70|84|79|76|69|77|81|82|80|76|81|81|72|68|99|88|100|92|71|76|91|89|92|80,2026-08-21|2026-08-24|2026-08-25|2026-08-26|2026-08-27|2026-08-28|2026-08-31|2026-09-01|2026-09-02|2026-09-03|2026-09-04|2026-09-08|2026-09-09|2026-09-10|2026-09-11|2026-09-14|2026-09-15|2026-09-16|2026-09-17|2026-09-18|2026-09-21|2026-09-22|2026-09-23|2026-09-24|2026-09-25|2026-09-28|2026-09-29|2026-09-30|2026-10-01|2026-10-02,2026-10-03 01:04:19,81.3
Target Corporation,54|69|75|69|87|60|96|79|67|72|66|70|78|56|67|78|100|72|59|79|50|60|64|61|53|65|72|64|62|54,2026-08-21|2026-08-24|2026-08-25|2026-08-26|2026-08-27|2026-08-28|2026-08-31|2026-09-01|2026-09-02|2026-09-03|2026-09-04|2026-09-08|2026-09-09|2026-09-10|2026-09-11|2026-09-14|2026-09-15|2026-09-16|2026-09-17|2026-09-18|2026-09-21|2026-09-22|2026-09-23|2026-09-24|2026-09-25|2026-09-28|2026-09-29|2026-09-30|2026-10-01|2026-10-02,2026-10-03 01:04:24,68.6
StoneX Group,0|0|0|0|0|0|0|0|0|0|0|0|0|0|0|0|0|0|0|0|0|100|56|38|0|62|54|35|41|34,2026-08-21|2026-08-24|2026-08-25|2026-08-26|2026-08-27|2026-08-28|2026-08-31|2026-09-01|2026-09-02|2026-09-03|2026-09-04|2026-09-08|2026-09-09|2026-09-10|2026-09-11|2026-09-14|2026-09-15|2026-09-16|2026-09-17|2026-09-18|2026-09-21|2026-09-22|2026-09-23|2026-09-24|2026-09-25|2026-09-28|2026-09-29|2026-09-30|2026-10-01|2026-10-02,2026-10-03 01:04:27,14.0
Tesla,93|86|80|82|81|98|89|82|84|93|100|91|89|86|85|94|95|90|86|87|78|90|90|88|90|93|88|87|93|98,2026-08-21|2026-08-24|2026-08-25|2026-08-26|2026-08-27|2026-08-28|2026-08-31|2026-09-01|2026-09-02|2026-09-03|2026-09-04|2026-09-08|2026-09-09|2026-09-10|2026-09-11|2026-09-14|2026-09-15|2026-09-16|2026-09-17|2026-09-18|2026-09-21|2026-09-22|2026-09-23|2026-09-24|2026-09-25|2026-09-28|2026-09-29|2026-09-30|2026-10-01|2026-10-02,2026-10-03 01:04:29,88.9
Dell Technologies,,2026-08-21|2026-08-24|2026-08-25|2026-08-26|2026-08-27|2026-08-28|2026-08-31|2026-09-01|2026-09-02|2026-09-03|2026-09-04|2026-09-08|2026-09-09|2026-09-10|2026-09-11|2026-09-14|2026-09-15|2026-09-16|2026-09-17|2026-09-18|2026-09-21|2026-09-22|2026-09-23|2026-09-24|2026-09-25|2026-09-28|2026-09-29|2026-09-30|2026-10-01|2026-10-02,2026-10-03 01:05:04,0.0
PepsiCo,,2026-08-21|2026-08-24|2026-08-25|2026-08-26|2026-08-27|2026-08-28|2026-08-31|2026-09-01|2026-09-02|2026-09-03|2026-09-04|2026-09-08|2026-09-09|2026-09-10|2026-09-11|2026-09-14|2026-09-15|2026-09-16|2026-09-17|2026-09-18|2026-09-21|2026-09-22|2026-09-23|2026-09-24|2026-09-25|2026-09-28|2026-09-29|2026-09-30|2026-10-01|2026-10-02,2026-10-03 01:05:46,0.0
Disney,,2026-08-21|2026-08-24|2026-08-25|2026-08-26|2026-08-27|2026-08-28|2026-08-31|2026-09-01|2026-09-02|2026-09-03|2026-09-04|2026-09-08|2026-09-09|2026-09-10|2026-09-11|2026-09-14|2026-09-15|2026-09-16|2026-09-17|2026-09-18|2026-09-21|2026-09-22|2026-09-23|2026-09-24|2026-09-25|2026-09-28|2026-09-29|2026-09-30|2026-10-01|2026-10-02,2026-10-03 01:05:56,0.0
UPS,,2026-08-21|2026-08-24|2026-08-25|2026-08-26|2026-08-27|2026-08-28|2026-08-31|2026-09-01|2026-09-02|2026-09-03|2026-09-04|2026-09-08|2026-09-09|2026-09-10|2026-09-11|2026-09-14|2026-09-15|2026-09-16|2026-09-17|2026-09-18|2026-09-21|2026-09-22|2026-09-23|2026-09-24|2026-09-25|2026-09-28|2026-09-29|2026-09-30|2026-10-01|2026-10-02,2026-10-03 01:05:56,0.0
Johnson & Johnson,,2026-08-21|2026-08-24|2026-08-25|2026-08-26|2026-08-27|2026-08-28|2026-08-31|2026-09-01|2026-09-02|2026-09-03|2026-09-04|2026-09-08|2026-09-09|2026-09-10|2026-09-11|2026-09-14|2026-09-15|2026-09-16|2026-09-17|2026-09-18|2026-09-21|2026-09-22|2026-09-23|2026-09-24|2026-09-25|2026-09-28|2026-09-29|2026-09-30|2026-10-01|2026-10-02,2026-10-03 01:05:56,0.0
FedEx,,2026-08-21|2026-08-24|2026-08-25|2026-08-26|2026-08-27|2026-08-28|2026-08-31|2026-09-01|2026-09-02|2026-09-03|2026-09-04|2026-09-08|2026-09-09|2026-09-10|2026-09-11|2026-09-14|2026-09-15|2026-09-16|2026-09-17|2026-09-18|2026-09-21|2026-09-22|2026-09-23|2026-09-24|2026-09-25|2026-09-28|2026-09-29|2026-09-30|2026-10-01|2026-10-02,2026-10-03 01:05:56,0.0
Archer Daniels Midland,,2026-08-21|2026-08-24|2026-08-25|2026-08-26|2026-08-27|2026-08-28|2026-08-31|2026-09-01|2026-09-02|2026-09-03|2026-09-04|2026-09-08|2026-09-09|2026-09-10|2026-09-11|2026-09-14|2026-09-15|2026-09-16|2026-09-17|2026-09-18|2026-09-21|2026-09-22|2026-09-23|2026-09-24|2026-09-25|2026-09-28|2026-09-29|2026-09-30|2026-10-01|2026-10-02,2026-10-03 01:05:56,0.0
Procter & Gamble,,2026-08-21|2026-08-24|2026-08-25|2026-08-26|2026-08-27|2026-08-28|2026-08-31|2026-09-01|2026-09-02|2026-09-03|2026-09-04|2026-09-08|2026-09-09|2026-09-10|2026-09-11|2026-09-14|2026-09-15|2026-09-16|2026-09-17|2026-09-18|2026-09-21|2026-09-22|2026-09-23|2026-09-24|2026-09-25|2026-09-28|2026-09-29|2026-09-30|2026-10-01|2026-10-02,2026-10-03 01:05:56,0.0
Lowe's,,2026-08-21|2026-08-24|2026-08-25|2026-08-26|2026-08-27|2026-08-28|2026-08-31|2026-09-01|2026-09-02|2026-09-03|2026-09-04|2026-09-08|2026-09-09|2026-09-10|2026-09-11|2026-09-14|2026-09-15|2026-09-16|2026-09-17|2026-09-18|2026-09-21|2026-09-22|2026-09-23|2026-09-24|2026-09-25|2026-09-28|2026-09-29|2026-09-30|2026-10-01|2026-10-02,2026-10-03 01:05:56,0.0
Energy Transfer,,2026-08-21|2026-08-24|2026-08-25|2026-08-26|2026-08-27|2026-08-28|2026-08-31|2026-09-01|2026-09-02|2026-09-03|2026-09-04|2026-09-08|2026-09-09|2026-09-10|2026-09-11|2026-09-14|2026-09-15|2026-09-16|2026-09-17|2026-09-18|2026-09-21|2026-09-22|2026-09-23|2026-09-24|2026-09-25|2026-09-28|2026-09-29|2026-09-30|2026-10-01|2026-10-02,2026-10-03 01:05:56,0.0
RTX,,2026-08-21|2026-08-24|2026-08-25|2026-08-26|2026-08-27|2026-08-28|2026-08-31|2026-09-01|2026-09-02|2026-09-03|2026-09-04|2026-09-08|2026-09-09|2026-09-10|2026-09-11|2026-09-14|2026-09-15|2026-09-16|2026-09-17|2026-09-18|2026-09-21|2026-09-22|2026-09-23|2026-09-24|2026-09-25|2026-09-28|2026-09-29|2026-09-30|2026-10-01|2026-10-02,2026-10-03 01:05:56,0.0
Albertsons,,2026-08-21|2026-08-24|2026-08-25|2026-08-26|2026-08-27|2026-08-28|2026-08-31|2026-09-01|2026-09-02|2026-09-03|2026-09-04|2026-09-08|2026-09-09|2026-09-10|2026-09-11|2026-09-14|2026-09-15|2026-09-16|2026-09-17|2026-09-18|2026-09-21|2026-09-22|2026-09-23|2026-09-24|2026-09-25|2026-09-28|2026-09-29|2026-09-30|2026-10-01|2026-10-02,2026-10-03 01:05:56,0.0
Sysco,,2026-08-21|2026-08-24|2026-08-25|2026-08-26|2026-08-27|2026-08-28|2026-08-31|2026-09-01|2026-09-02|2026-09-03|2026-09-04|2026-09-08|2026-09-09|2026-09-10|2026-09-11|2026-09-14|2026-09-15|2026-09-16|2026-09-17|2026-09-18|2026-09-21|2026-09-22|2026-09-23|2026-09-24|2026-09-25|2026-09-28|2026-09-29|2026-09-30|2026-10-01|2026-10-02,2026-10-03 01:05:56,0.0
Progressive Insurance,,2026-08-21|2026-08-24|2026-08-25|2026-08-26|2026-08-27|2026-08-28|2026-08-31|2026-09-01|2026-09-02|2026-09-03|2026-09-04|2026-09-08|2026-09-09|2026-09-10|2026-09-11|2026-09-14|2026-09-15|2026-09-16|2026-09-17|2026-09-18|2026-09-21|2026-09-22|2026-09-23|2026-09-24|2026-09-25|2026-09-28|2026-09-29|2026-09-30|2026-10-01|2026-10-02,2026-10-03 01:05:56,0.0
American Express,,2026-08-21|2026-08-24|2026-08-25|2026-08-26|2026-08-27|2026-08-28|2026-08-31|2026-09-01|2026-09-02|2026-09-03|2026-09-04|2026-09-08|2026-09-09|2026-09-10|2026-09-11|2026-09-14|2026-09-15|2026-09-16|2026-09-17|2026-09-18|2026-09-21|2026-09-22|2026-09-23|2026-09-24|2026-09-25|2026-09-28|2026-09-29|2026-09-30|2026-10-01|2026-10-02,2026-10-03 01:05:56,0.0
Lockheed Martin,,2026-08-21|2026-08-24|2026-08-25|2026-08-26|2026-08-27|2026-08-28|2026-08-31|2026-09-01|2026-09-02|2026-09-03|2026-09-04|2026-09-08|2026-09-09|2026-09-10|2026-09-11|2026-09-14|2026-09-15|2026-09-16|2026-09-17|2026-09-18|2026-09-21|2026-09-22|2026-09-23|2026-09-24|2026-09-25|2026-09-28|2026-09-29|2026-09-30|2026-10-01|2026-10-02,2026-10-03 01:05:56,0.0
MetLife Inc,,2026-08-21|2026-08-24|2026-08-25|2026-08-26|2026-08-27|2026-08-28|2026-08-31|2026-09-01|2026-09-02|2026-09-03|2026-09-04|2026-09-08|2026-09-09|2026-09-10|2026-09-11|2026-09-14|2026-09-15|2026-09-16|2026-09-17|2026-09-18|2026-09-21|2026-09-22|2026-09-23|2026-09-24|2026-09-25|2026-09-28|2026-09-29|2026-09-30|2026-10-01|2026-10-02,2026-10-03 01:05:56,0.0
HCA Healthcare,,2026-08-21|2026-08-24|2026-08-25|2026-08-26|2026-08-27|2026-08-28|2026-08-31|2026-09-01|2026-09-02|2026-09-03|2026-09-04|2026-09-08|2026-09-09|2026-09-10|2026-09-11|2026-09-14|2026-09-15|2026-09-16|2026-09-17|2026-09-18|2026-09-21|2026-09-22|2026-09-23|2026-09-24|2026-09-25|2026-09-28|2026-09-29|2026-09-30|2026-10-01|2026-10-02,2026-10-03 01:05:56,0.0
Prudential Financial,,2026-08-21|2026-08-24|2026-08-25|2026-08-26|2026-08-27|2026-08-28|2026-08-31|2026-09-01|2026-09-02|2026-09-03|2026-09-04|2026-09-08|2026-09-09|2026-09-10|2026-09-11|2026-09-14|2026-09-15|2026-09-16|2026-09-17|2026-09-18|2026-09-21|2026-09-22|2026-09-23|2026-09-24|2026-09-25|2026-09-28|2026-09-29|2026-09-30|2026-10-01|2026-10-02,2026-10-03 01:05:56,0.0
Boeing,,2026-08-21|2026-08-24|2026-08-25|2026-08-26|2026-08-27|2026-08-28|2026-08-31|2026-09-01|2026-09-02|2026-09-03|2026-09-04|2026-09-08|2026-09-09|2026-09-10|2026-09-11|2026-09-14|2026-09-15|2026-09-16|2026-09-17|2026-09-18|2026-09-21|2026-09-22|2026-09-23|2026-09-24|2026-09-25|2026-09-28|2026-09-29|2026-09-30|2026-10-01|2026-10-02,2026-10-03 01:05:56,0.0
Caterpillar,,2026-08-21|2026-08-24|2026-08-25|2026-08-26|2026-08-27|2026-08-28|2026-08-31|2026-09-01|2026-09-02|2026-09-03|2026-09-04|2026-09-08|2026-09-09|2026-09-10|2026-09-11|2026-09-14|2026-09-15|2026-09-16|2026-09-17|2026-09-18|2026-09-21|2026-09-22|2026-09-23|2026-09-24|2026-09-25|2026-09-28|2026-09-29|2026-09-30|2026-10-01|2026-10-02,2026-10-03 01:05:56,0.0
Merck,,2026-08-21|2026-08-24|2026-08-25|2026-08-26|2026-08-27|2026-08-28|2026-08-31|2026-09-01|2026-09-02|2026-09-03|2026-09-04|2026-09-08|2026-09-09|2026-09-10|2026-09-11|2026-09-14|2026-09-15|2026-09-16|2026-09-17|2026-09-18|2026-09-21|2026-09-22|2026-09-23|2026-09-24|2026-09-25|2026-09-28|2026-09-29|2026-09-30|2026-10-01|2026-10-02,2026-10-03 01:05:56,0.0
Allstate,,2026-08-21|2026-08-24|2026-08-25|2026-08-26|2026-08-27|2026-08-28|2026-08-31|2026-09-01|2026-09-02|2026-09-03|2026-09-04|2026-09-08|2026-09-09|2026-09-10|2026-09-11|2026-09-14|2026-09-15|2026-09-16|2026-09-17|2026-09-18|2026-09-21|2026-09-22|2026-09-23|2026-09-24|2026-09-25|2026-09-28|2026-09-29|2026-09-30|2026-10-01|2026-10-02,2026-10-03 01:05:56,0.0
Pfizer,,2026-08-21|2026-08-24|2026-08-25|2026-08-26|2026-08-27|2026-08-28|2026-08-31|2026-09-01|2026-09-02|2026-09-03|2026-09-04|2026-09-08|2026-09-09|2026-09-10|2026-09-11|2026-09-14|2026-09-15|2026-09-16|2026-09-17|2026-09-18|2026-09-21|2026-09-22|2026-09-23|2026-09-24|2026-09-25|2026-09-28|2026-09-29|2026-09-30|2026-10-01|2026-10-02,2026-10-03 01:05:56,0.0
IBM,,2026-08-21|2026-08-24|2026-08-25|2026-08-26|2026-08-27|2026-08-28|2026-08-31|2026-09-01|2026-09-02|2026-09-03|2026-09-04|2026-09-08|2026-09-09|2026-09-10|2026-09-11|2026-09-14|2026-09-15|2026-09-16|2026-09-17|2026-09-18|2026-09-21|2026-09-22|2026-09-23|2026-09-24|2026-09-25|2026-09-28|2026-09-29|2026-09-30|2026-10-01|2026-10-02,2026-10-03 01:05:56,0.0
Delta Air Lines,,2026-08-21|2026-08-24|2026-08-25|2026-08-26|2026-08-27|2026-08-28|2026-08-31|2026-09-01|2026-09-02|2026-09-03|2026-09-04|2026-09-08|2026-09-09|2026-09-10|2026-09-11|2026-09-14|2026-09-15|2026-09-16|2026-09-17|2026-09-18|2026-09-21|2026-09-22|2026-09-23|2026-09-24|2026-09-25|2026-09-28|2026-09-29|2026-09-30|2026-10-01|2026-10-02,2026-10-03 01:05:56,0.0
Publix Super Markets,,2026-08-21|2026-08-24|2026-08-25|2026-08-26|2026-08-27|2026-08-28|2026-08-31|2026-09-01|2026-09-02|2026-09-03|2026-09-04|2026-09-08|2026-09-09|2026-09-10|2026-09-11|2026-09-14|2026-09-15|2026-09-16|2026-09-17|2026-09-18|2026-09-21|2026-09-22|2026-09-23|2026-09-24|2026-09-25|2026-09-28|2026-09-29|2026-09-30|2026-10-01|2026-10-02,2026-10-03 01:05:56,0.0
TD Synnex,,2026-08-21|2026-08-24|2026-08-25|2026-08-26|2026-08-27|2026-08-28|2026-08-31|2026-09-01|2026-09-02|2026-09-03|2026-09-04|2026-09-08|2026-09-09|2026-09-10|2026-09-11|2026-09-14|2026-09-15|2026-09-16|2026-09-17|2026-09-18|2026-09-21|2026-09-22|2026-09-23|2026-09-24|2026-09-25|2026-09-28|2026-09-29|2026-09-30|2026-10-01|2026-10-02,2026-10-03 01:05:56,0.0
United Airlines,,2026-08-21|2026-08-24|2026-08-25|2026-08-26|2026-08-27|2026-08-28|2026-08-31|2026-09-01|2026-09-02|2026-09-03|2026-09-04|2026-09-08|2026-09-09|2026-09-10|2026-09-11|2026-09-14|2026-09-15|2026-09-16|2026-09-17|2026-09-18|2026-09-21|2026-09-22|2026-09-23|2026-09-24|2026-09-25|2026-09-28|2026-09-29|2026-09-30|2026-10-01|2026-10-02,2026-10-03 01:05:56,0.0
ConocoPhillips,,2026-08-21|2026-08-24|2026-08-25|2026-08-26|2026-08-27|2026-08-28|2026-08-31|2026-09-01|2026-09-02|2026-09-03|2026-09-04|2026-09-08|2026-09-09|2026-09-10|2026-09-11|2026-09-14|2026-09-15|2026-09-16|2026-09-17|2026-09-18|2026-09-21|2026-09-22|2026-09-23|2026-09-24|2026-09-25|2026-09-28|2026-09-29|2026-09-30|2026-10-01|2026-10-02,2026-10-03 01:05:56,0.0
TJX,,2026-08-21|2026-08-24|2026-08-25|2026-08-26|2026-08-27|2026-08-28|2026-08-31|2026-09-01|2026-09-02|2026-09-03|2026-09-04|2026-09-08|2026-09-09|2026-09-10|2026-09-11|2026-09-14|2026-09-15|2026-09-16|2026-09-17|2026-09-18|2026-09-21|2026-09-22|2026-09-23|2026-09-24|2026-09-25|2026-09-28|2026-09-29|2026-09-30|2026-10-01|2026-10-02,2026-10-03 01:05:56,0.0
AbbVie,,2026-08-21|2026-08-24|2026-08-25|2026-08-26|2026-08-27|2026-08-28|2026-08-31|2026-09-01|2026-09-02|2026-09-03|2026-09-04|2026-09-08|2026-09-09|2026-09-10|2026-09-11|2026-09-14|2026-09-15|2026-09-16|2026-09-17|2026-09-18|2026-09-21|2026-09-22|2026-09-23|2026-09-24|2026-09-25|2026-09-28|2026-09-29|2026-09-30|2026-10-01|2026-10-02,2026-10-03 01:05:56,0.0
Enterprise Products Partners,,2026-08-21|2026-08-24|2026-08-25|2026-08-26|2026-08-27|2026-08-28|2026-08-31|2026-09-01|2026-09-02|2026-09-03|2026-09-04|2026-09-08|2026-09-09|2026-09-10|2026-09-11|2026-09-14|2026-09-15|2026-09-16|2026-09-17|2026-09-18|2026-09-21|2026-09-22|2026-09-23|2026-09-24|2026-09-25|2026-09-28|2026-09-29|2026-09-30|2026-10-01|2026-10-02,2026-10-03 01:05:56,0.0
Charter Communications,,2026-08-21|2026-08-24|2026-08-25|2026-08-26|2026-08-27|2026-08-28|2026-08-31|2026-09-01|2026-09-02|2026-09-03|2026-09-04|2026-09-08|2026-09-09|2026-09-10|2026-09-11|2026-09-14|2026-09-15|2026-09-16|2026-09-17|2026-09-18|2026-09-21|2026-09-22|2026-09-23|2026-09-24|2026-09-25|2026-09-28|2026-09-29|2026-09-30|2026-10-01|2026-10-02,2026-10-03 01:05:56,0.0
Performance Food,,2026-08-21|2026-08-24|2026-08-25|2026-08-26|2026-08-27|2026-08-28|2026-08-31|2026-09-01|2026-09-02|2026-09-03|2026-09-04|2026-09-08|2026-09-09|2026-09-10|2026-09-11|2026-09-14|2026-09-15|2026-09-16|2026-09-17|2026-09-18|2026-09-21|2026-09-22|2026-09-23|2026-09-24|2026-09-25|2026-09-28|2026-09-29|2026-09-30|2026-10-01|2026-10-02,2026-10-03 01:05:56,0.0
American Airlines,,2026-08-21|2026-08-24|2026-08-25|2026-08-26|2026-08-27|2026-08-28|2026-08-31|2026-09-01|2026-09-02|2026-09-03|2026-09-04|2026-09-08|2026-09-09|2026-09-10|2026-09-11|2026-09-14|2026-09-15|2026-09-16|2026-09-17|2026-09-18|2026-09-21|2026-09-22|2026-09-23|2026-09-24|2026-09-25|2026-09-28|2026-09-29|2026-09-30|2026-10-01|2026-10-02,2026-10-03 01:05:56,0.0
Capital One,,2026-08-21|2026-08-24|2026-08-25|2026-08-26|2026-08-27|2026-08-28|2026-08-31|2026-09-01|2026-09-02|2026-09-03|2026-09-04|2026-09-08|2026-09-09|2026-09-10|2026-09-11|2026-09-14|2026-09-15|2026-09-16|2026-09-17|2026-09-18|2026-09-21|2026-09-22|2026-09-23|2026-09-24|2026-09-25|2026-09-28|2026-09-29|2026-09-30|2026-10-01|2026-10-02,2026-10-03 01:05:56,0.0
Cisco Systems,,2026-08-21|2026-08-24|2026-08-25|2026-08-26|2026-08-27|2026-08-28|2026-08-31|2026-09-01|2026-09-02|2026-09-03|2026-09-04|2026-09-08|2026-09-09|2026-09-10|2026-09-11|2026-09-14|2026-09-15|2026-09-16|2026-09-17|2026-09-18|2026-09-21|2026-09-22|2026-09-23|2026-09-24|2026-09-25|2026-09-28|2026-09-29|2026-09-30|2026-10-01|2026-10-02,2026-10-03 01:05:56,0.0
HP,,2026-08-21|2026-08-24|2026-08-25|2026-08-26|2026-08-27|2026-08-28|2026-08-31|2026-09-01|2026-09-02|2026-09-03|2026-09-04|2026-09-08|2026-09-09|2026-09-10|2026-09-11|2026-09-14|2026-09-15|2026-09-16|2026-09-17|2026-09-18|2026-09-21|2026-09-22|2026-09-23|2026-09-24|2026-09-25|2026-09-28|2026-09-29|2026-09-30|2026-10-01|2026-10-02,2026-10-03 01:05:56,0.0
Tyson Foods,,2026-08-21|2026-08-24|2026-08-25|2026-08-26|2026-08-27|2026-08-28|2026-08-31|2026-09-01|2026-09-02|2026-09-03|2026-09-04|2026-09-08|2026-09-09|2026-09-10|2026-09-11|2026-09-14|2026-09-15|2026-09-16|2026-09-17|2026-09-18|2026-09-21|2026-09-22|2026-09-23|2026-09-24|2026-09-25|2026-09-28|2026-09-29|2026-09-30|2026-10-01|2026-10-02,2026-10-03 01:05:56,0.0
Intel,,2026-08-21|2026-08-24|2026-08-25|2026-08-26|2026-08-27|2026-08-28|2026-08-31|2026-09-01|2026-09-02|2026-09-03|2026-09-04|2026-09-08|2026-09-09|2026-09-10|2026-09-11|2026-09-14|2026-09-15|2026-09-16|2026-09-17|2026-09-18|2026-09-21|2026-09-22|2026-09-23|2026-09-24|2026-09-25|2026-09-28|2026-09-29|2026-09-30|2026-10-01|2026-10-02,2026-10-03 01:05:56,0.0
Oracle,,2026-08-21|2026-08-24|2026-08-25|2026-08-26|2026-08-27|2026-08-28|2026-08-31|2026-09-01|2026-09-02|2026-09-03|2026-09-04|2026-09-08|2026-09-09|2026-09-10|2026-09-11|2026-09-14|2026-09-15|2026-09-16|2026-09-17|2026-09-18|2026-09-21|2026-09-22|2026-09-23|2026-09-24|2026-09-25|2026-09-28|2026-09-29|2026-09-30|2026-10-01|2026-10-02,2026-10-03 01:05:56,0.0
Broadcom,,2026-08-21|2026-08-24|2026-08-25|2026-08-26|2026-08-27|2026-08-28|2026-08-31|2026-09-01|2026-09-02|2026-09-03|2026-09-04|2026-09-08|2026-09-09|2026-09-10|2026-09-11|2026-09-14|2026-09-15|2026-09-16|2026-09-17|2026-09-18|2026-09-21|2026-09-22|2026-09-23|2026-09-24|2026-09-25|2026-09-28|2026-09-29|2026-09-30|2026-10-01|2026-10-02,2026-10-03 01:05:56,0.0
Deere,,2026-08-21|2026-08-24|2026-08-25|2026-08-26|2026-08-27|2026-08-28|2026-08-31|2026-09-01|2026-09-02|2026-09-03|2026-09-04|2026-09-08|2026-09-09|2026-09-10|2026-09-11|2026-09-14|2026-09-15|2026-09-16|2026-09-17|2026-09-18|2026-09-21|2026-09-22|2026-09-23|2026-09-24|2026-09-25|2026-09-28|2026-09-29|2026-09-30|2026-10-01|2026-10-02,2026-10-03 01:05:56,0.0
Nike,,2026-08-21|2026-08-24|2026-08-25|2026-08-26|2026-08-27|2026-08-28|2026-08-31|2026-09-01|2026-09-02|2026-09-03|2026-09-04|2026-09-08|2026-09-09|2026-09-10|2026-09-11|2026-09-14|2026-09-15|2026-09-16|2026-09-17|2026-09-18|2026-09-21|2026-09-22|2026-09-23|2026-09-24|2026-09-25|2026-09-28|2026-09-29|2026-09-30|2026-10-01|2026-10-02,2026-10-03 01:05:56,0.0
Plains GP,,2026-08-21|2026-08-24|2026-08-25|2026-08-26|2026-08-27|2026-08-28|2026-08-31|2026-09-01|2026-09-02|2026-09-03|2026-09-04|2026-09-08|2026-09-09|2026-09-10|2026-09-11|2026-09-14|2026-09-15|2026-09-16|2026-09-17|2026-09-18|2026-09-21|2026-09-22|2026-09-23|2026-09-24|2026-09-25|2026-09-28|2026-09-29|2026-09-30|2026-10-01|2026-10-02,2026-10-03 01:05:56,0.0
Bristol-Myers Squibb,,2026-08-21|2026-08-24|2026-08-25|2026-08-26|2026-08-27|2026-08-28|2026-08-31|2026-09-01|2026-09-02|2026-09-03|2026-09-04|2026-09-08|2026-09-09|2026-09-10|2026-09-11|2026-09-14|2026-09-15|2026-09-16|2026-09-17|2026-09-18|2026-09-21|2026-09-22|2026-09-23|2026-09-24|2026-09-25|2026-09-28|2026-09-29|2026-09-30|2026-10-01|2026-10-02,2026-10-03 01:05:56,0.0
Ingram Micro,,2026-08-21|2026-08-24|2026-08-25|2026-08-26|2026-08-27|2026-08-28|2026-08-31|2026-09-01|2026-09-02|2026-09-03|2026-09-04|2026-09-08|2026-09-09|2026-09-10|2026-09-11|2026-09-14|2026-09-15|2026-09-16|2026-09-17|2026-09-18|2026-09-21|2026-09-22|2026-09-23|2026-09-24|2026-09-25|2026-09-28|2026-09-29|2026-09-30|2026-10-01|2026-10-02,2026-10-03 01:05:56,0.0
General Dynamics,,2026-08-21|2026-08-24|2026-08-25|2026-08-26|2026-08-27|2026-08-28|2026-08-31|2026-09-01|2026-09-02|2026-09-03|2026-09-04|2026-09-08|2026-09-09|2026-09-10|2026-09-11|2026-09-14|2026-09-15|2026-09-16|2026-09-17|2026-09-18|2026-09-21|2026-09-22|2026-09-23|2026-09-24|2026-09-25|2026-09-28|2026-09-29|2026-09-30|2026-10-01|2026-10-02,2026-10-03 01:05:56,0.0
The Coca-Cola Company,,2026-08-21|2026-08-24|2026-08-25|2026-08-26|2026-08-27|2026-08-28|2026-08-31|2026-09-01|2026-09-02|2026-09-03|2026-09-04|2026-09-08|2026-09-09|2026-09-10|2026-09-11|2026-09-14|2026-09-15|2026-09-16|2026-09-17|2026-09-18|2026-09-21|2026-09-22|2026-09-23|2026-09-24|2026-09-25|2026-09-28|2026-09-29|2026-09-30|2026-10-01|2026-10-02,2026-10-03 01:05:56,0.0
Travelers Insurance,,2026-08-21|2026-08-24|2026-08-25|2026-08-26|2026-08-27|2026-08-28|2026-08-31|2026-09-01|2026-09-02|2026-09-03|2026-09-04|2026-09-08|2026-09-09|2026-09-10|2026-09-11|2026-09-14|2026-09-15|2026-09-16|2026-09-17|2026-09-18|2026-09-21|2026-09-22|2026-09-23|2026-09-24|2026-09-25|2026-09-28|2026-09-29|2026-09-30|2026-10-01|2026-10-02,2026-10-03 01:05:56,0.0
Eli Lilly,,2026-08-21|2026-08-24|2026-08-25|2026-08-26|2026-08-27|2026-08-28|2026-08-31|2026-09-01|2026-09-02|2026-09-03|2026-09-04|2026-09-08|2026-09-09|2026-09-10|2026-09-11|2026-09-14|2026-09-15|2026-09-16|2026-09-17|2026-09-18|2026-09-21|2026-09-22|2026-09-23|2026-09-24|2026-09-25|2026-09-28|2026-09-29|2026-09-30|2026-10-01|2026-10-02,2026-10-03 01:05:56,0.0
Uber,,2026-08-21|2026-08-24|2026-08-25|2026-08-26|2026-08-27|2026-08-28|2026-08-31|2026-09-01|2026-09-02|2026-09-03|2026-09-04|2026-09-08|2026-09-09|2026-09-10|2026-09-11|2026-09-14|2026-09-15|2026-09-16|2026-09-17|2026-09-18|2026-09-21|2026-09-22|2026-09-23|2026-09-24|2026-09-25|2026-09-28|2026-09-29|2026-09-30|2026-10-01|2026-10-02,2026-10-03 01:05:56,0.0
Thermo Fisher Scientific,,2026-08-21|2026-08-24|2026-08-25|2026-08-26|2026-08-27|2026-08-28|2026-08-31|2026-09-01|2026-09-02|2026-09-03|2026-09-04|2026-09-08|2026-09-09|2026-09-10|2026-09-11|2026-09-14|2026-09-15|2026-09-16|2026-09-17|2026-09-18|2026-09-21|2026-09-22|2026-09-23|2026-09-24|2026-09-25|2026-09-28|2026-09-29|2026-09-30|2026-10-01|2026-10-02,2026-10-03 01:05:56,0.0
US Bancorp,,2026-08-21|2026-08-24|2026-08-25|2026-08-26|2026-08-27|2026-08-28|2026-08-31|2026-09-01|2026-09-02|2026-09-03|2026-09-04|2026-09-08|2026-09-09|2026-09-10|2026-09-11|2026-09-14|2026-09-15|2026-09-16|2026-09-17|2026-09-18|2026-09-21|2026-09-22|2026-09-23|2026-09-24|2026-09-25|2026-09-28|2026-09-29|2026-09-30|2026-10-01|2026-10-02,2026-10-03 01:05:56,0.0
World Kinect,,2026-08-21|2026-08-24|2026-08-25|2026-08-26|2026-08-27|2026-08-28|2026-08-31|2026-09-01|2026-09-02|2026-09-03|2026-09-04|2026-09-08|2026-09-09|2026-09-10|2026-09-11|2026-09-14|2026-09-15|2026-09-16|2026-09-17|2026-09-18|2026-09-21|2026-09-22|2026-09-23|2026-09-24|2026-09-25|2026-09-28|2026-09-29|2026-09-30|2026-10-01|2026-10-02,2026-10-03 01:05:56,0.0
Abbott Laboratories,,2026-08-21|2026-08-24|2026-08-25|2026-08-26|2026-08-27|2026-08-28|2026-08-31|2026-09-01|2026-09-02|2026-09-03|2026-09-04|2026-09-08|2026-09-09|2026-09-10|2026-09-11|2026-09-14|2026-09-15|2026-09-16|2026-09-17|2026-09-18|2026-09-21|2026-09-22|2026-09-23|2026-09-24|2026-09-25|2026-09-28|2026-09-29|2026-09-30|2026-10-01|2026-10-02,2026-10-03 01:05:56,0.0
Best Buy,,2026-08-21|2026-08-24|2026-08-25|2026-08-26|2026-08-27|2026-08-28|2026-08-31|2026-09-01|2026-09-02|2026-09-03|2026-09-04|2026-09-08|2026-09-09|2026-09-10|2026-09-11|2026-09-14|2026-09-15|2026-09-16|2026-09-17|2026-09-18|2026-09-21|2026-09-22|2026-09-23|2026-09-24|2026-09-25|2026-09-28|2026-09-29|2026-09-30|2026-10-01|2026-10-02,2026-10-03 01:05:56,0.0
Northrop Grumman,,2026-08-21|2026-08-24|2026-08-25|2026-08-26|2026-08-27|2026-08-28|2026-08-31|2026-09-01|2026-09-02|2026-09-03|2026-09-04|2026-09-08|2026-09-09|2026-09-10|2026-09-11|2026-09-14|2026-09-15|2026-09-16|2026-09-17|2026-09-18|2026-09-21|2026-09-22|2026-09-23|2026-09-24|2026-09-25|2026-09-28|2026-09-29|2026-09-30|2026-10-01|2026-10-02,2026-10-03 01:05:56,0.0
Molina Healthcare,,2026-08-21|2026-08-24|2026-08-25|2026-08-26|2026-08-27|2026-08-28|2026-08-31|2026-09-01|2026-09-02|2026-09-03|2026-09-04|2026-09-08|2026-09-09|2026-09-10|2026-09-11|2026-09-14|2026-09-15|2026-09-16|2026-09-17|2026-09-18|2026-09-21|2026-09-22|2026-09-23|2026-09-24|2026-09-25|2026-09-28|2026-09-29|2026-09-30|2026-10-01|2026-10-02,2026-10-03 01:05:56,0.0
Dollar General,,2026-08-21|2026-08-24|2026-08-25|2026-08-26|2026-08-27|2026-08-28|2026-08-31|2026-09-01|2026-09-02|2026-09-03|2026-09-04|2026-09-08|2026-09-09|2026-09-10|2026-09-11|2026-09-14|2026-09-15|2026-09-16|2026-09-17|2026-09-18|2026-09-21|2026-09-22|2026-09-23|2026-09-24|2026-09-25|2026-09-28|2026-09-29|2026-09-30|2026-10-01|2026-10-02,2026-10-03 01:05:56,0.0
Warner Bros Discovery,,2026-08-21|2026-08-24|2026-08-25|2026-08-26|2026-08-27|2026-08-28|2026-08-31|2026-09-01|2026-09-02|2026-09-03|2026-09-04|2026-09-08|2026-09-09|2026-09-10|2026-09-11|2026-09-14|2026-09-15|2026-09-16|2026-09-17|2026-09-18|2026-09-21|2026-09-22|2026-09-23|2026-09-24|2026-09-25|2026-09-28|2026-09-29|2026-09-30|2026-10-01|2026-10-02,2026-10-03 01:05:56,0.0
Netflix,,2026-08-21|2026-08-24|2026-08-25|2026-08-26|2026-08-27|2026-08-28|2026-08-31|2026-09-01|2026-09-02|2026-09-03|2026-09-04|2026-09-08|2026-09-09|2026-09-10|2026-09-11|2026-09-14|2026-09-15|2026-09-16|2026-09-17|2026-09-18|2026-09-21|2026-09-22|2026-09-23|2026-09-24|2026-09-25|2026-09-28|2026-09-29|2026-09-30|2026-10-01|2026-10-02,2026-10-03 01:05:56,0.0
Qualcomm,,2026-08-21|2026-08-24|2026-08-25|2026-08-26|2026-08-27|2026-08-28|2026-08-31|2026-09-01|2026-09-02|2026-09-03|2026-09-04|2026-09-08|2026-09-09|2026-09-10|2026-09-11|2026-09-14|2026-09-15|2026-09-16|2026-09-17|2026-09-18|2026-09-21|2026-09-22|2026-09-23|2026-09-24|2026-09-25|2026-09-28|2026-09-29|2026-09-30|2026-10-01|2026-10-02,2026-10-03 01:05:56,0.0
Honeywell,,2026-08-21|2026-08-24|2026-08-25|2026-08-26|2026-08-27|2026-08-28|2026-08-31|2026-09-01|2026-09-02|2026-09-03|2026-09-04|2026-09-08|2026-09-09|2026-09-10|2026-09-11|2026-09-14|2026-09-15|2026-09-16|2026-09-17|2026-09-18|2026-09-21|2026-09-22|2026-09-23|2026-09-24|2026-09-25|2026-09-28|2026-09-29|2026-09-30|2026-10-01|2026-10-02,2026-10-03 01:05:56,0.0
Salesforce,,2026-08-21|2026-08-24|2026-08-25|2026-08-26|2026-08-27|2026-08-28|2026-08-31|2026-09-01|2026-09-02|2026-09-03|2026-09-04|2026-09-08|2026-09-09|2026-09-10|2026-09-11|2026-09-14|2026-09-15|2026-09-16|2026-09-17|2026-09-18|2026-09-21|2026-09-22|2026-09-23|2026-09-24|2026-09-25|2026-09-28|2026-09-29|2026-09-30|2026-10-01|2026-10-02,2026-10-03 01:05:56,0.0
Philip Morris International,,2026-08-21|2026-08-24|2026-08-25|2026-08-26|2026-08-27|2026-08-28|2026-08-31|2026-09-01|2026-09-02|2026-09-03|2026-09-04|2026-09-08|2026-09-09|2026-09-10|2026-09-11|2026-09-14|2026-09-15|2026-09-16|2026-09-17|2026-09-18|2026-09-21|2026-09-22|2026-09-23|2026-09-24|2026-09-25|2026-09-28|2026-09-29|2026-09-30|2026-10-01|2026-10-02,2026-10-03 01:05:56,0.0
US Foods,,2026-08-21|2026-08-24|2026-08-25|2026-08-26|2026-08-27|2026-08-28|2026-08-31|2026-09-01|2026-09-02|2026-09-03|2026-09-04|2026-09-08|2026-09-09|2026-09-10|2026-09-11|2026-09-14|2026-09-15|2026-09-16|2026-09-17|2026-09-18|2026-09-21|2026-09-22|2026-09-23|2026-09-24|2026-09-25|2026-09-28|2026-09-29|2026-09-30|2026-10-01|2026-10-02,2026-10-03 01:05:56,0.0
DR Horton Inc,,2026-08-21|2026-08-24|2026-08-25|2026-08-26|2026-08-27|2026-08-28|2026-08-31|2026-09-01|2026-09-02|2026-09-03|2026-09-04|2026-09-08|2026-09-09|2026-09-10|2026-09-11|2026-09-14|2026-09-15|2026-09-16|2026-09-17|2026-09-18|2026-09-21|2026-09-22|2026-09-23|2026-09-24|2026-09-25|2026-09-28|2026-09-29|2026-09-30|2026-10-01|2026-10-02,2026-10-03 01:05:56,0.0
Lithia Motors,,2026-08-21|2026-08-24|2026-08-25|2026-08-26|2026-08-27|2026-08-28|2026-08-31|2026-09-01|2026-09-02|2026-09-03|2026-09-04|2026-09-08|2026-09-09|2026-09-10|2026-09-11|2026-09-14|2026-09-15|2026-09-16|2026-09-17|2026-09-18|2026-09-21|2026-09-22|2026-09-23|2026-09-24|2026-09-25|2026-09-28|2026-09-29|2026-09-30|2026-10-01|2026-10-02,2026-10-03 01:05:56,0.0
Mondelez,,2026-08-21|2026-08-24|2026-08-25|2026-08-26|2026-08-27|2026-08-28|2026-08-31|2026-09-01|2026-09-02|2026-09-03|2026-09-04|2026-09-08|2026-09-09|2026-09-10|2026-09-11|2026-09-14|2026-09-15|2026-09-16|2026-09-17|2026-09-18|2026-09-21|2026-09-22|2026-09-23|2026-09-24|2026-09-25|2026-09-28|2026-09-29|2026-09-30|2026-10-01|2026-10-02,2026-10-03 01:05:56,0.0
Starbucks,,2026-08-21|2026-08-24|2026-08-25|2026-08-26|2026-08-27|2026-08-28|2026-08-31|2026-09-01|2026-09-02|2026-09-03|2026-09-04|2026-09-08|2026-09-09|2026-09-10|2026-09-11|2026-09-14|2026-09-15|2026-09-16|2026-09-17|2026-09-18|2026-09-21|2026-09-22|2026-09-23|2026-09-24|2026-09-25|2026-09-28|2026-09-29|2026-09-30|2026-10-01|2026-10-02,2026-10-03 01:05:56,0.0
Visa Inc,,2026-08-21|2026-08-24|2026-08-25|2026-08-26|2026-08-27|2026-08-28|2026-08-31|2026-09-01|2026-09-02|2026-09-03|2026-09-04|2026-09-08|2026-09-09|2026-09-10|2026-09-11|2026-09-14|2026-09-15|2026-09-16|2026-09-17|2026-09-18|2026-09-21|2026-09-22|2026-09-23|2026-09-24|2026-09-25|2026-09-28|2026-09-29|2026-09-30|2026-10-01|2026-10-02,2026-10-03 01:05:56,0.0
CBRE Group,,2026-08-21|2026-08-24|2026-08-25|2026-08-26|2026-08-27|2026-08-28|2026-08-31|2026-09-01|2026-09-02|2026-09-03|2026-09-04|2026-09-08|2026-09-09|2026-09-10|2026-09-11|2026-09-14|2026-09-15|2026-09-16|2026-09-17|2026-09-18|2026-09-21|2026-09-22|2026-09-23|2026-09-24|2026-09-25|2026-09-28|2026-09-29|2026-09-30|2026-10-01|2026-10-02,2026-10-03 01:05:56,0.0
Lennar,,2026-08-21|2026-08-24|2026-08-25|2026-08-26|2026-08-27|2026-08-28|2026-08-31|2026-09-01|2026-09-02|2026-09-03|2026-09-04|2026-09-08|2026-09-09|2026-09-10|2026-09-11|2026-09-14|2026-09-15|2026-09-16|2026-09-17|2026-09-18|2026-09-21|2026-09-22|2026-09-23|2026-09-24|2026-09-25|2026-09-28|2026-09-29|2026-09-30|2026-10-01|2026-10-02,2026-10-03 01:05:56,0.0
GE Vernova,,2026-08-21|2026-08-24|2026-08-25|2026-08-26|2026-08-27|2026-08-28|2026-08-31|2026-09-01|2026-09-02|2026-09-03|2026-09-04|2026-09-08|2026-09-09|2026-09-10|2026-09-11|2026-09-14|2026-09-15|2026-09-16|2026-09-17|2026-09-18|2026-09-21|2026-09-22|2026-09-23|2026-09-24|2026-09-25|2026-09-28|2026-09-29|2026-09-30|2026-10-01|2026-10-02,2026-10-03 01:05:56,0.0
PNC Financial Services,,2026-08-21|2026-08-24|2026-08-25|2026-08-26|2026-08-27|2026-08-28|2026-08-31|2026-09-01|2026-09-02|2026-09-03|2026-09-04|2026-09-08|2026-09-09|2026-09-10|2026-09-11|2026-09-14|2026-09-15|2026-09-16|2026-09-17|2026-09-18|2026-09-21|2026-09-22|2026-09-23|2026-09-24|2026-09-25|2026-09-28|2026-09-29|2026-09-30|2026-10-01|2026-10-02,2026-10-03 01:05:56,0.0
Cummins Inc,,2026-08-21|2026-08-24|2026-08-25|2026-08-26|2026-08-27|2026-08-28|2026-08-31|2026-09-01|2026-09-02|2026-09-03|2026-09-04|2026-09-08|2026-09-09|2026-09-10|2026-09-11|2026-09-14|2026-09-15|2026-09-16|2026-09-17|2026-09-18|2026-09-21|2026-09-22|2026-09-23|2026-09-24|2026-09-25|2026-09-28|2026-09-29|2026-09-30|2026-10-01|2026-10-02,2026-10-03 01:05:56,0.0
Paccar,,2026-08-21|2026-08-24|2026-08-25|2026-08-26|2026-08-27|2026-08-28|2026-08-31|2026-09-01|2026-09-02|2026-09-03|2026-09-04|2026-09-08|2026-09-09|2026-09-10|2026-09-11|2026-09-14|2026-09-15|2026-09-16|2026-09-17|2026-09-18|2026-09-21|2026-09-22|2026-09-23|2026-09-24|2026-09-25|2026-09-28|2026-09-29|2026-09-30|2026-10-01|2026-10-02,2026-10-03 01:05:56,0.0
Amgen,,2026-08-21|2026-08-24|2026-08-25|2026-08-26|2026-08-27|2026-08-28|2026-08-31|2026-09-01|2026-09-02|2026-09-03|2026-09-04|2026-09-08|2026-09-09|2026-09-10|2026-09-11|2026-09-14|2026-09-15|2026-09-16|2026-09-17|2026-09-18|2026-09-21|2026-09-22|2026-09-23|2026-09-24|2026-09-25|2026-09-28|2026-09-29|2026-09-30|2026-10-01|2026-10-02,2026-10-03 01:05:56,0.0
PBF Energy,,2026-08-21|2026-08-24|2026-08-25|2026-08-26|2026-08-27|2026-08-28|2026-08-31|2026-09-01|2026-09-02|2026-09-03|2026-09-04|2026-09-08|2026-09-09|2026-09-10|2026-09-11|2026-09-14|2026-09-15|2026-09-16|2026-09-17|2026-09-18|2026-09-21|2026-09-22|2026-09-23|2026-09-24|2026-09-25|2026-09-28|2026-09-29|2026-09-30|2026-10-01|2026-10-02,2026-10-03 01:05:56,0.0
PayPal,,2026-08-21|2026-08-24|2026-08-25|2026-08-26|2026-08-27|2026-08-28|2026-08-31|2026-09-01|2026-09-02|2026-09-03|2026-09-04|2026-09-08|2026-09-09|2026-09-10|2026-09-11|2026-09-14|2026-09-15|2026-09-16|2026-09-17|2026-09-18|2026-09-21|2026-09-22|2026-09-23|2026-09-24|2026-09-25|2026-09-28|2026-09-29|2026-09-30|2026-10-01|2026-10-02,2026-10-03 01:05:56,0.0
United Natural Foods,,2026-08-21|2026-08-24|2026-08-25|2026-08-26|2026-08-27|2026-08-28|2026-08-31|2026-09-01|2026-09-02|2026-09-03|2026-09-04|2026-09-08|2026-09-09|2026-09-10|2026-09-11|2026-09-14|2026-09-15|2026-09-16|2026-09-17|2026-09-18|2026-09-21|2026-09-22|2026-09-23|2026-09-24|2026-09-25|2026-09-28|2026-09-29|2026-09-30|2026-10-01|2026-10-02,2026-10-03 01:05:56,0.0
Dollar Tree,,2026-08-21|2026-08-24|2026-08-25|2026-08-26|2026-08-27|2026-08-28|2026-08-31|2026-09-01|2026-09-02|2026-09-03|2026-09-04|2026-09-08|2026-09-09|2026-09-10|2026-09-11|2026-09-14|2026-09-15|2026-09-16|2026-09-17|2026-09-18|2026-09-21|2026-09-22|2026-09-23|2026-09-24|2026-09-25|2026-09-28|2026-09-29|2026-09-30|2026-10-01|2026-10-02,2026-10-03 01:05:56,0.0
Nucor,,2026-08-21|2026-08-24|2026-08-25|2026-08-26|2026-08-27|2026-08-28|2026-08-31|2026-09-01|2026-09-02|2026-09-03|2026-09-04|2026-09-08|2026-09-09|2026-09-10|2026-09-11|2026-09-14|2026-09-15|2026-09-16|2026-09-17|2026-09-18|2026-09-21|2026-09-22|2026-09-23|2026-09-24|2026-09-25|2026-09-28|2026-09-29|2026-09-30|2026-10-01|2026-10-02,2026-10-03 01:05:56,0.0
Penske Automotive,,2026-08-21|2026-08-24|2026-08-25|2026-08-26|2026-08-27|2026-08-28|2026-08-31|2026-09-01|2026-09-02|2026-09-03|2026-09-04|2026-09-08|2026-09-09|2026-09-10|2026-09-11|2026-09-14|2026-09-15|2026-09-16|2026-09-17|2026-09-18|2026-09-21|2026-09-22|2026-09-23|2026-09-24|2026-09-25|2026-09-28|2026-09-29|2026-09-30|2026-10-01|2026-10-02,2026-10-03 01:05:56,0.0
Coupang,,2026-08-21|2026-08-24|2026-08-25|2026-08-26|2026-08-27|2026-08-28|2026-08-31|2026-09-01|2026-09-02|2026-09-03|2026-09-04|2026-09-08|2026-09-09|2026-09-10|2026-09-11|2026-09-14|2026-09-15|2026-09-16|2026-09-17|2026-09-18|2026-09-21|2026-09-22|2026-09-23|2026-09-24|2026-09-25|2026-09-28|2026-09-29|2026-09-30|2026-10-01|2026-10-02,2026-10-03 01:05:56,0.0
Hewlett Packard Enterprise,,2026-08-21|2026-08-24|2026-08-25|2026-08-26|2026-08-27|2026-08-28|2026-08-31|2026-09-01|2026-09-02|2026-09-03|2026-09-04|2026-09-08|2026-09-09|2026-09-10|2026-09-11|2026-09-14|2026-09-15|2026-09-16|2026-09-17|2026-09-18|2026-09-21|2026-09-22|2026-09-23|2026-09-24|2026-09-25|2026-09-28|2026-09-29|2026-09-30|2026-10-01|2026-10-02,2026-10-03 01:05:56,0.0
Duke Energy,,2026-08-21|2026-08-24|2026-08-25|2026-08-26|2026-08-27|2026-08-28|2026-08-31|2026-09-01|2026-09-02|2026-09-03|2026-09-04|2026-09-08|2026-09-09|2026-09-10|2026-09-11|2026-09-14|2026-09-15|2026-09-16|2026-09-17|2026-09-18|2026-09-21|2026-09-22|2026-09-23|2026-09-24|2026-09-25|2026-09-28|2026-09-29|2026-09-30|2026-10-01|2026-10-02,2026-10-03 01:05:56,0.0
KKR & Co,,2026-08-21|2026-08-24|2026-08-25|2026-08-26|2026-08-27|2026-08-28|2026-08-31|2026-09-01|2026-09-02|2026-09-03|2026-09-04|2026-09-08|2026-09-09|2026-09-10|2026-09-11|2026-09-14|2026-09-15|2026-09-16|2026-09-17|2026-09-18|2026-09-21|2026-09-22|2026-09-23|2026-09-24|2026-09-25|2026-09-28|2026-09-29|2026-09-30|2026-10-01|2026-10-02,2026-10-03 01:05:56,0.0
Paramount Global,,2026-08-21|2026-08-24|2026-08-25|2026-08-26|2026-08-27|2026-08-28|2026-08-31|2026-09-01|2026-09-02|2026-09-03|2026-09-04|2026-09-08|2026-09-09|2026-09-10|2026-09-11|2026-09-14|2026-09-15|2026-09-16|2026-09-17|2026-09-18|2026-09-21|2026-09-22|2026-09-23|2026-09-24|2026-09-25|2026-09-28|2026-09-29|2026-09-30|2026-10-01|2026-10-02,2026-10-03 01:05:56,0.0
Jabil,,2026-08-21|2026-08-24|2026-08-25|2026-08-26|2026-08-27|2026-08-28|2026-08-31|2026-09-01|2026-09-02|2026-09-03|2026-09-04|2026-09-08|2026-09-09|2026-09-10|2026-09-11|2026-09-14|2026-09-15|2026-09-16|2026-09-17|2026-09-18|2026-09-21|2026-09-22|2026-09-23|2026-09-24|2026-09-25|2026-09-28|2026-09-29|2026-09-30|2026-10-01|2026-10-02,2026-10-03 01:05:56,0.0
Gilead Sciences,,2026-08-21|2026-08-24|2026-08-25|2026-08-26|2026-08-27|2026-08-28|2026-08-31|2026-09-01|2026-09-02|2026-09-03|2026-09-04|2026-09-08|2026-09-09|2026-09-10|2026-09-11|2026-09-14|2026-09-15|2026-09-16|2026-09-17|2026-09-18|2026-09-21|2026-09-22|2026-09-23|2026-09-24|2026-09-25|2026-09-28|2026-09-29|2026-09-30|2026-10-01|2026-10-02,2026-10-03 01:05:56,0.0
HF Sinclair,,2026-08-21|2026-08-24|2026-08-25|2026-08-26|2026-08-27|2026-08-28|2026-08-31|2026-09-01|2026-09-02|2026-09-03|2026-09-04|2026-09-08|2026-09-09|2026-09-10|2026-09-11|2026-09-14|2026-09-15|2026-09-16|2026-09-17|2026-09-18|2026-09-21|2026-09-22|2026-09-23|2026-09-24|2026-09-25|2026-09-28|2026-09-29|2026-09-30|2026-10-01|2026-10-02,2026-10-03 01:05:56,0.0
CarMax,,2026-08-21|2026-08-24|2026-08-25|2026-08-26|2026-08-27|2026-08-28|2026-08-31|2026-09-01|2026-09-02|2026-09-03|2026-09-04|2026-09-08|2026-09-09|2026-09-10|2026-09-11|2026-09-14|2026-09-15|2026-09-16|2026-09-17|2026-09-18|2026-09-21|2026-09-22|2026-09-23|2026-09-24|2026-09-25|2026-09-28|2026-09-29|2026-09-30|2026-10-01|2026-10-02,2026-10-03 01:05:56,0.0
Mastercard,,2026-08-21|2026-08-24|2026-08-25|2026-08-26|2026-08-27|2026-08-28|2026-08-31|2026-09-01|2026-09-02|2026-09-03|2026-09-04|2026-09-08|2026-09-09|2026-09-10|2026-09-11|2026-09-14|2026-09-15|2026-09-16|2026-09-17|2026-09-18|2026-09-21|2026-09-22|2026-09-23|2026-09-24|2026-09-25|2026-09-28|2026-09-29|2026-09-30|2026-10-01|2026-10-02,2026-10-03 01:05:56,0.0
NRG Energy,,2026-08-21|2026-08-24|2026-08-25|2026-08-26|2026-08-27|2026-08-28|2026-08-31|2026-09-01|2026-09-02|2026-09-03|2026-09-04|2026-09-08|2026-09-09|2026-09-10|2026-09-11|2026-09-14|2026-09-15|2026-09-16|2026-09-17|2026-09-18|2026-09-21|2026-09-22|2026-09-23|2026-09-24|2026-09-25|2026-09-28|2026-09-29|2026-09-30|2026-10-01|2026-10-02,2026-10-03 01:05:56,0.0
Arrow Electronics,,2026-08-21|2026-08-24|2026-08-25|2026-08-26|2026-08-27|2026-08-28|2026-08-31|2026-09-01|2026-09-02|2026-09-03|2026-09-04|2026-09-08|2026-09-09|2026-09-10|2026-09-11|2026-09-14|2026-09-15|2026-09-16|2026-09-17|2026-09-18|2026-09-21|2026-09-22|2026-09-23|2026-09-24|2026-09-25|2026-09-28|2026-09-29|2026-09-30|2026-10-01|2026-10-02,2026-10-03 01:05:56,0.0
Baker Hughes,,2026-08-21|2026-08-24|2026-08-25|2026-08-26|2026-08-27|2026-08-28|2026-08-31|2026-09-01|2026-09-02|2026-09-03|2026-09-04|2026-09-08|2026-09-09|2026-09-10|2026-09-11|2026-09-14|2026-09-15|2026-09-16|2026-09-17|2026-09-18|2026-09-21|2026-09-22|2026-09-23|2026-09-24|2026-09-25|2026-09-28|2026-09-29|2026-09-30|2026-10-01|2026-10-02,2026-10-03 01:05:56,0.0
Southwest Airlines,,2026-08-21|2026-08-24|2026-08-25|2026-08-26|2026-08-27|2026-08-28|2026-08-31|2026-09-01|2026-09-02|2026-09-03|2026-09-04|2026-09-08|2026-09-09|2026-09-10|2026-09-11|2026-09-14|2026-09-15|2026-09-16|2026-09-17|2026-09-18|2026-09-21|2026-09-22|2026-09-23|2026-09-24|2026-09-25|2026-09-28|2026-09-29|2026-09-30|2026-10-01|2026-10-02,2026-10-03 01:05:56,0.0
AIG,,2026-08-21|2026-08-24|2026-08-25|2026-08-26|2026-08-27|2026-08-28|2026-08-31|2026-09-01|2026-09-02|2026-09-03|2026-09-04|2026-09-08|2026-09-09|2026-09-10|2026-09-11|2026-09-14|2026-09-15|2026-09-16|2026-09-17|2026-09-18|2026-09-21|2026-09-22|2026-09-23|2026-09-24|2026-09-25|2026-09-28|2026-09-29|2026-09-30|2026-10-01|2026-10-02,2026-10-03 01:05:56,0.0
Applied Materials,,2026-08-21|2026-08-24|2026-08-25|2026-08-26|2026-08-27|2026-08-28|2026-08-31|2026-09-01|2026-09-02|2026-09-03|2026-09-04|2026-09-08|2026-09-09|2026-09-10|2026-09-11|2026-09-14|2026-09-15|2026-09-16|2026-09-17|2026-09-18|2026-09-21|2026-09-22|2026-09-23|2026-09-24|2026-09-25|2026-09-28|2026-09-29|2026-09-30|2026-10-01|2026-10-02,2026-10-03 01:05:56,0.0
Occidental Petroleum,,2026-08-21|2026-08-24|2026-08-25|2026-08-26|2026-08-27|2026-08-28|2026-08-31|2026-09-01|2026-09-02|2026-09-03|2026-09-04|2026-09-08|2026-09-09|2026-09-10|2026-09-11|2026-09-14|2026-09-15|2026-09-16|2026-09-17|2026-09-18|2026-09-21|2026-09-22|2026-09-23|2026-09-24|2026-09-25|2026-09-28|2026-09-29|2026-09-30|2026-10-01|2026-10-02,2026-10-03 01:05:56,0.0
AutoNation,,2026-08-21|2026-08-24|2026-08-25|2026-08-26|2026-08-27|2026-08-28|2026-08-31|2026-09-01|2026-09-02|2026-09-03|2026-09-04|2026-09-08|2026-09-09|2026-09-10|2026-09-11|2026-09-14|2026-09-15|2026-09-16|2026-09-17|2026-09-18|2026-09-21|2026-09-22|2026-09-23|2026-09-24|2026-09-25|2026-09-28|2026-09-29|2026-09-30|2026-10-01|2026-10-02,2026-10-03 01:05:56,0.0
Southern Company,,2026-08-21|2026-08-24|2026-08-25|2026-08-26|2026-08-27|2026-08-28|2026-08-31|2026-09-01|2026-09-02|2026-09-03|2026-09-04|2026-09-08|2026-09-09|2026-09-10|2026-09-11|2026-09-14|2026-09-15|2026-09-16|2026-09-17|2026-09-18|2026-09-21|2026-09-22|2026-09-23|2026-09-24|2026-09-25|2026-09-28|2026-09-29|2026-09-30|2026-10-01|2026-10-02,2026-10-03 01:05:56,0.0
The Hartford Insurance Group,,2026-08-21|2026-08-24|2026-08-25|2026-08-26|2026-08-27|2026-08-28|2026-08-31|2026-09-01|2026-09-02|2026-09-03|2026-09-04|2026-09-08|2026-09-09|2026-09-10|2026-09-11|2026-09-14|2026-09-15|2026-09-16|2026-09-17|2026-09-18|2026-09-21|2026-09-22|2026-09-23|2026-09-24|2026-09-25|2026-09-28|2026-09-29|2026-09-30|2026-10-01|2026-10-02,2026-10-03 01:05:56,0.0
Apollo Global Management,,2026-08-21|2026-08-24|2026-08-25|2026-08-26|2026-08-27|2026-08-28|2026-08-31|2026-09-01|2026-09-02|2026-09-03|2026-09-04|2026-09-08|2026-09-09|2026-09-10|2026-09-11|2026-09-14|2026-09-15|2026-09-16|2026-09-17|2026-09-18|2026-09-21|2026-09-22|2026-09-23|2026-09-24|2026-09-25|2026-09-28|2026-09-29|2026-09-30|2026-10-01|2026-10-02,2026-10-03 01:05:56,0.0
Charles Schwab,,2026-08-21|2026-08-24|2026-08-25|2026-08-26|2026-08-27|2026-08-28|2026-08-31|2026-09-01|2026-09-02|2026-09-03|2026-09-04|2026-09-08|2026-09-09|2026-09-10|2026-09-11|2026-09-14|2026-09-15|2026-09-16|2026-09-17|2026-09-18|2026-09-21|2026-09-22|2026-09-23|2026-09-24|2026-09-25|2026-09-28|2026-09-29|2026-09-30|2026-10-01|2026-10-02,2026-10-03 01:05:56,0.0
McDonalds,,2026-08-21|2026-08-24|2026-08-25|2026-08-26|2026-08-27|2026-08-28|2026-08-31|2026-09-01|2026-09-02|2026-09-03|2026-09-04|2026-09-08|2026-09-09|2026-09-10|2026-09-11|2026-09-14|2026-09-15|2026-09-16|2026-09-17|2026-09-18|2026-09-21|2026-09-22|2026-09-23|2026-09-24|2026-09-25|2026-09-28|2026-09-29|2026-09-30|2026-10-01|2026-10-02,2026-10-03 01:05:56,0.0
Kraft Heinz,,2026-08-21|2026-08-24|2026-08-25|2026-08-26|2026-08-27|2026-08-28|2026-08-31|2026-09-01|2026-09-02|2026-09-03|2026-09-04|2026-09-08|2026-09-09|2026-09-10|2026-09-11|2026-09-14|2026-09-15|2026-09-16|2026-09-17|2026-09-18|2026-09-21|2026-09-22|2026-09-23|2026-09-24|2026-09-25|2026-09-28|2026-09-29|2026-09-30|2026-10-01|2026-10-02,2026-10-03 01:05:56,0.0
Advanced Micro Devices,,2026-08-21|2026-08-24|2026-08-25|2026-08-26|2026-08-27|2026-08-28|2026-08-31|2026-09-01|2026-09-02|2026-09-03|2026-09-04|2026-09-08|2026-09-09|2026-09-10|2026-09-11|2026-09-14|2026-09-15|2026-09-16|2026-09-17|2026-09-18|2026-09-21|2026-09-22|2026-09-23|2026-09-24|2026-09-25|2026-09-28|2026-09-29|2026-09-30|2026-10-01|2026-10-02,2026-10-03 01:05:56,0.0
Truist Financial,,2026-08-21|2026-08-24|2026-08-25|2026-08-26|2026-08-27|2026-08-28|2026-08-31|2026-09-01|2026-09-02|2026-09-03|2026-09-04|2026-09-08|2026-09-09|2026-09-10|2026-09-11|2026-09-14|2026-09-15|2026-09-16|2026-09-17|2026-09-18|2026-09-21|2026-09-22|2026-09-23|2026-09-24|2026-09-25|2026-09-28|2026-09-29|2026-09-30|2026-10-01|2026-10-02,2026-10-03 01:05:56,0.0
Freeport-McMoRan,,2026-08-21|2026-08-24|2026-08-25|2026-08-26|2026-08-27|2026-08-28|2026-08-31|2026-09-01|2026-09-02|2026-09-03|2026-09-04|2026-09-08|2026-09-09|2026-09-10|2026-09-11|2026-09-14|2026-09-15|2026-09-16|2026-09-17|2026-09-18|2026-09-21|2026-09-22|2026-09-23|2026-09-24|2026-09-25|2026-09-28|2026-09-29|2026-09-30|2026-10-01|2026-10-02,2026-10-03 01:05:56,0.0
Micron Technology,,2026-08-21|2026-08-24|2026-08-25|2026-08-26|2026-08-27|2026-08-28|2026-08-31|2026-09-01|2026-09-02|2026-09-03|2026-09-04|2026-09-08|2026-09-09|2026-09-10|2026-09-11|2026-09-14|2026-09-15|2026-09-16|2026-09-17|2026-09-18|2026-09-21|2026-09-22|2026-09-23|2026-09-24|2026-09-25|2026-09-28|2026-09-29|2026-09-30|2026-10-01|2026-10-02,2026-10-03 01:05:56,0.0
Marriott International,,2026-08-21|2026-08-24|2026-08-25|2026-08-26|2026-08-27|2026-08-28|2026-08-31|2026-09-01|2026-09-02|2026-09-03|2026-09-04|2026-09-08|2026-09-09|2026-09-10|2026-09-11|2026-09-14|2026-09-15|2026-09-16|2026-09-17|2026-09-18|2026-09-21|2026-09-22|2026-09-23|2026-09-24|2026-09-25|2026-09-28|2026-09-29|2026-09-30|2026-10-01|2026-10-02,2026-10-03 01:05:56,0.0
Carrier Global,,2026-08-21|2026-08-24|2026-08-25|2026-08-26|2026-08-27|2026-08-28|2026-08-31|2026-09-01|2026-09-02|2026-09-03|2026-09-04|2026-09-08|2026-09-09|2026-09-10|2026-09-11|2026-09-14|2026-09-15|2026-09-16|2026-09-17|2026-09-18|2026-09-21|2026-09-22|2026-09-23|2026-09-24|2026-09-25|2026-09-28|2026-09-29|2026-09-30|2026-10-01|2026-10-02,2026-10-03 01:05:56,0.0
NextEra Energy,,2026-08-21|2026-08-24|2026-08-25|2026-08-26|2026-08-27|2026-08-28|2026-08-31|2026-09-01|2026-09-02|2026-09-03|2026-09-04|2026-09-08|2026-09-09|2026-09-10|2026-09-11|2026-09-14|2026-09-15|2026-09-16|2026-09-17|2026-09-18|2026-09-21|2026-09-22|2026-09-23|2026-09-24|2026-09-25|2026-09-28|2026-09-29|2026-09-30|2026-10-01|2026-10-02,2026-10-03 01:05:56,0.0
3M Company,,2026-08-21|2026-08-24|2026-08-25|2026-08-26|2026-08-27|2026-08-28|2026-08-31|2026-09-01|2026-09-02|2026-09-03|2026-09-04|2026-09-08|2026-09-09|2026-09-10|2026-09-11|2026-09-14|2026-09-15|2026-09-16|2026-09-17|2026-09-18|2026-09-21|2026-09-22|2026-09-23|2026-09-24|2026-09-25|2026-09-28|2026-09-29|2026-09-30|2026-10-01|2026-10-02,2026-10-03 01:05:56,0.0
Pacific Gas and Electric Company,,2026-08-21|2026-08-24|2026-08-25|2026-08-26|2026-08-27|2026-08-28|2026-08-31|2026-09-01|2026-09-02|2026-09-03|2026-09-04|2026-09-08|2026-09-09|2026-09-10|2026-09-11|2026-09-14|2026-09-15|2026-09-16|2026-09-17|2026-09-18|2026-09-21|2026-09-22|2026-09-23|2026-09-24|2026-09-25|2026-09-28|2026-09-29|2026-09-30|2026-10-01|2026-10-02,2026-10-03 01:05:56,0.0
Union Pacific,,2026-08-21|2026-08-24|2026-08-25|2026-08-26|2026-08-27|2026-08-28|2026-08-31|2026-09-01|2026-09-02|2026-09-03|2026-09-04|2026-09-08|2026-09-09|2026-09-10|2026-09-11|2026-09-14|2026-09-15|2026-09-16|2026-09-17|2026-09-18|2026-09-21|2026-09-22|2026-09-23|2026-09-24|2026-09-25|2026-09-28|2026-09-29|2026-09-30|2026-10-01|2026-10-02,2026-10-03 01:05:56,0.0
Synchrony Financial,,2026-08-21|2026-08-24|2026-08-25|2026-08-26|2026-08-27|2026-08-28|2026-08-31|2026-09-01|2026-09-02|2026-09-03|2026-09-04|2026-09-08|2026-09-09|2026-09-10|2026-09-11|2026-09-14|2026-09-15|2026-09-16|2026-09-17|2026-09-18|2026-09-21|2026-09-22|2026-09-23|2026-09-24|2026-09-25|2026-09-28|2026-09-29|2026-09-30|2026-10-01|2026-10-02,2026-10-03 01:05:56,0.0
Danaher,,2026-08-21|2026-08-24|2026-08-25|2026-08-26|2026-08-27|2026-08-28|2026-08-31|2026-09-01|2026-09-02|2026-09-03|2026-09-04|2026-09-08|2026-09-09|2026-09-10|2026-09-11|2026-09-14|2026-09-15|2026-09-16|2026-09-17|2026-09-18|2026-09-21|2026-09-22|2026-09-23|2026-09-24|2026-09-25|2026-09-28|2026-09-29|2026-09-30|2026-10-01|2026-10-02,2026-10-03 01:05:56,0.0
Avnet,,2026-08-21|2026-08-24|2026-08-25|2026-08-26|2026-08-27|2026-08-28|2026-08-31|2026-09-01|2026-09-02|2026-09-03|2026-09-04|2026-09-08|2026-09-09|2026-09-10|2026-09-11|2026-09-14|2026-09-15|2026-09-16|2026-09-17|2026-09-18|2026-09-21|2026-09-22|2026-09-23|2026-09-24|2026-09-25|2026-09-28|2026-09-29|2026-09-30|2026-10-01|2026-10-02,2026-10-03 01:05:56,0.0
Booking Holdings,,2026-08-21|2026-08-24|2026-08-25|2026-08-26|2026-08-27|2026-08-28|2026-08-31|2026-09-01|2026-09-02|2026-09-03|2026-09-04|2026-09-08|2026-09-09|2026-09-10|2026-09-11|2026-09-14|2026-09-15|2026-09-16|2026-09-17|2026-09-18|2026-09-21|2026-09-22|2026-09-23|2026-09-24|2026-09-25|2026-09-28|2026-09-29|2026-09-30|2026-10-01|2026-10-02,2026-10-03 01:05:56,0.0
EOG Resources,,2026-08-21|2026-08-24|2026-08-25|2026-08-26|2026-08-27|2026-08-28|2026-08-31|2026-09-01|2026-09-02|2026-09-03|2026-09-04|2026-09-08|2026-09-09|2026-09-10|2026-09-11|2026-09-14|2026-09-15|2026-09-16|2026-09-17|2026-09-18|2026-09-21|2026-09-22|2026-09-23|2026-09-24|2026-09-25|2026-09-28|2026-09-29|2026-09-30|2026-10-01|2026-10-02,2026-10-03 01:05:56,0.0
Quanta Services,,2026-08-21|2026-08-24|2026-08-25|2026-08-26|2026-08-27|2026-08-28|2026-08-31|2026-09-01|2026-09-02|2026-09-03|2026-09-04|2026-09-08|2026-09-09|2026-09-10|2026-09-11|2026-09-14|2026-09-15|2026-09-16|2026-09-17|2026-09-18|2026-09-21|2026-09-22|2026-09-23|2026-09-24|2026-09-25|2026-09-28|2026-09-29|2026-09-30|2026-10-01|2026-10-02,2026-10-03 01:05:56,0.0
Constellation Energy,,2026-08-21|2026-08-24|2026-08-25|2026-08-26|2026-08-27|2026-08-28|2026-08-31|2026-09-01|2026-09-02|2026-09-03|2026-09-04|2026-09-08|2026-09-09|2026-09-10|2026-09-11|2026-09-14|2026-09-15|2026-09-16|2026-09-17|2026-09-18|2026-09-21|2026-09-22|2026-09-23|2026-09-24|2026-09-25|2026-09-28|2026-09-29|2026-09-30|2026-10-01|2026-10-02,2026-10-03 01:05:56,0.0
Genuine Parts Company,,2026-08-21|2026-08-24|2026-08-25|2026-08-26|2026-08-27|2026-08-28|2026-08-31|2026-09-01|2026-09-02|2026-09-03|2026-09-04|2026-09-08|2026-09-09|2026-09-10|2026-09-11|2026-09-14|2026-09-15|2026-09-16|2026-09-17|2026-09-18|2026-09-21|2026-09-22|2026-09-23|2026-09-24|2026-09-25|2026-09-28|2026-09-29|2026-09-30|2026-10-01|2026-10-02,2026-10-03 01:05:56,0.0
Jones Lang LaSalle,,2026-08-21|2026-08-24|2026-08-25|2026-08-26|2026-08-27|2026-08-28|2026-08-31|2026-09-01|2026-09-02|2026-09-03|2026-09-04|2026-09-08|2026-09-09|2026-09-10|2026-09-11|2026-09-14|2026-09-15|2026-09-16|2026-09-17|2026-09-18|2026-09-21|2026-09-22|2026-09-23|2026-09-24|2026-09-25|2026-09-28|2026-09-29|2026-09-30|2026-10-01|2026-10-02,2026-10-03 01:05:56,0.0
Lear Corporation,,2026-08-21|2026-08-24|2026-08-25|2026-08-26|2026-08-27|2026-08-28|2026-08-31|2026-09-01|2026-09-02|2026-09-03|2026-09-04|2026-09-08|2026-09-09|2026-09-10|2026-09-11|2026-09-14|2026-09-15|2026-09-16|2026-09-17|2026-09-18|2026-09-21|2026-09-22|2026-09-23|2026-09-24|2026-09-25|2026-09-28|2026-09-29|2026-09-30|2026-10-01|2026-10-02,2026-10-03 01:05:56,0.0
Live Nation Entertainment,,2026-08-21|2026-08-24|2026-08-25|2026-08-26|2026-08-27|2026-08-28|2026-08-31|2026-09-01|2026-09-02|2026-09-03|2026-09-04|2026-09-08|2026-09-09|2026-09-10|2026-09-11|2026-09-14|2026-09-15|2026-09-16|2026-09-17|2026-09-18|2026-09-21|2026-09-22|2026-09-23|2026-09-24|2026-09-25|2026-09-28|2026-09-29|2026-09-30|2026-10-01|2026-10-02,2026-10-03 01:05:56,0.0
Sherwin-Williams,,2026-08-21|2026-08-24|2026-08-25|2026-08-26|2026-08-27|2026-08-28|2026-08-31|2026-09-01|2026-09-02|2026-09-03|2026-09-04|2026-09-08|2026-09-09|2026-09-10|2026-09-11|2026-09-14|2026-09-15|2026-09-16|2026-09-17|2026-09-18|2026-09-21|2026-09-22|2026-09-23|2026-09-24|2026-09-25|2026-09-28|2026-09-29|2026-09-30|2026-10-01|2026-10-02,2026-10-03 01:05:56,0.0
Exelon,,2026-08-21|2026-08-24|2026-08-25|2026-08-26|2026-08-27|2026-08-28|2026-08-31|2026-09-01|2026-09-02|2026-09-03|2026-09-04|2026-09-08|2026-09-09|2026-09-10|2026-09-11|2026-09-14|2026-09-15|2026-09-16|2026-09-17|2026-09-18|2026-09-21|2026-09-22|2026-09-23|2026-09-24|2026-09-25|2026-09-28|2026-09-29|2026-09-30|2026-10-01|2026-10-02,2026-10-03 01:05:56,0.0
Macys,,2026-08-21|2026-08-24|2026-08-25|2026-08-26|2026-08-27|2026-08-28|2026-08-31|2026-09-01|2026-09-02|2026-09-03|2026-09-04|2026-09-08|2026-09-09|2026-09-10|2026-09-11|2026-09-14|2026-09-15|2026-09-16|2026-09-17|2026-09-18|2026-09-21|2026-09-22|2026-09-23|2026-09-24|2026-09-25|2026-09-28|2026-09-29|2026-09-30|2026-10-01|2026-10-02,2026-10-03 01:05:56,0.0
Halliburton,,2026-08-21|2026-08-24|2026-08-25|2026-08-26|2026-08-27|2026-08-28|2026-08-31|2026-09-01|2026-09-02|2026-09-03|2026-09-04|2026-09-08|2026-09-09|2026-09-10|2026-09-11|2026-09-14|2026-09-15|2026-09-16|2026-09-17|2026-09-18|2026-09-21|2026-09-22|2026-09-23|2026-09-24|2026-09-25|2026-09-28|2026-09-29|2026-09-30|2026-10-01|2026-10-02,2026-10-03 01:05:56,0.0
Stryker,,2026-08-21|2026-08-24|2026-08-25|2026-08-26|2026-08-27|2026-08-28|2026-08-31|2026-09-01|2026-09-02|2026-09-03|2026-09-04|2026-09-08|2026-09-09|2026-09-10|2026-09-11|2026-09-14|2026-09-15|2026-09-16|2026-09-17|2026-09-18|2026-09-21|2026-09-22|2026-09-23|2026-09-24|2026-09-25|2026-09-28|2026-09-29|2026-09-30|2026-10-01|2026-10-02,2026-10-03 01:05:56,0.0
Reinsurance Group of America,,2026-08-21|2026-08-24|2026-08-25|2026-08-26|2026-08-27|2026-08-28|2026-08-31|2026-09-01|2026-09-02|2026-09-03|2026-09-04|2026-09-08|2026-09-09|2026-09-10|2026-09-11|2026-09-14|2026-09-15|2026-09-16|2026-09-17|2026-09-18|2026-09-21|2026-09-22|2026-09-23|2026-09-24|2026-09-25|2026-09-28|2026-09-29|2026-09-30|2026-10-01|2026-10-02,2026-10-03 01:05:56,0.0
State Street,,2026-08-21|2026-08-24|2026-08-25|2026-08-26|2026-08-27|2026-08-28|2026-08-31|2026-09-01|2026-09-02|2026-09-03|2026-09-04|2026-09-08|2026-09-09|2026-09-10|2026-09-11|2026-09-14|2026-09-15|2026-09-16|2026-09-17|2026-09-18|2026-09-21|2026-09-22|2026-09-23|2026-09-24|2026-09-25|2026-09-28|2026-09-29|2026-09-30|2026-10-01|2026-10-02,2026-10-03 01:05:56,0.0
WESCO International,,2026-08-21|2026-08-24|2026-08-25|2026-08-26|2026-08-27|2026-08-28|2026-08-31|2026-09-01|2026-09-02|2026-09-03|2026-09-04|2026-09-08|2026-09-09|2026-09-10|2026-09-11|2026-09-14|2026-09-15|2026-09-16|2026-09-17|2026-09-18|2026-09-21|2026-09-22|2026-09-23|2026-09-24|2026-09-25|2026-09-28|2026-09-29|2026-09-30|2026-10-01|2026-10-02,2026-10-03 01:05:56,0.0
Oneok,,2026-08-21|2026-08-24|2026-08-25|2026-08-26|2026-08-27|2026-08-28|2026-08-31|2026-09-01|2026-09-02|2026-09-03|2026-09-04|2026-09-08|2026-09-09|2026-09-10|2026-09-11|2026-09-14|2026-09-15|2026-09-16|2026-09-17|2026-09-18|2026-09-21|2026-09-22|2026-09-23|2026-09-24|2026-09-25|2026-09-28|2026-09-29|2026-09-30|2026-10-01|2026-10-02,2026-10-03 01:05:56,0.0
Adobe,,2026-08-21|2026-08-24|2026-08-25|2026-08-26|2026-08-27|2026-08-28|2026-08-31|2026-09-01|2026-09-02|2026-09-03|2026-09-04|2026-09-08|2026-09-09|2026-09-10|2026-09-11|2026-09-14|2026-09-15|2026-09-16|2026-09-17|2026-09-18|2026-09-21|2026-09-22|2026-09-23|2026-09-24|2026-09-25|2026-09-28|2026-09-29|2026-09-30|2026-10-01|2026-10-02,2026-10-03 01:05:56,0.0
L3Harris Technologies,,2026-08-21|2026-08-24|2026-08-25|2026-08-26|2026-08-27|2026-08-28|2026-08-31|2026-09-01|2026-09-02|2026-09-03|2026-09-04|2026-09-08|2026-09-09|2026-09-10|2026-09-11|2026-09-14|2026-09-15|2026-09-16|2026-09-17|2026-09-18|2026-09-21|2026-09-22|2026-09-23|2026-09-24|2026-09-25|2026-09-28|2026-09-29|2026-09-30|2026-10-01|2026-10-02,2026-10-03 01:05:56,0.0
Ross Stores,,2026-08-21|2026-08-24|2026-08-25|2026-08-26|2026-08-27|2026-08-28|2026-08-31|2026-09-01|2026-09-02|2026-09-03|2026-09-04|2026-09-08|2026-09-09|2026-09-10|2026-09-11|2026-09-14|2026-09-15|2026-09-16|2026-09-17|2026-09-18|2026-09-21|2026-09-22|2026-09-23|2026-09-24|2026-09-25|2026-09-28|2026-09-29|2026-09-30|2026-10-01|2026-10-02,2026-10-03 01:05:56,0.0
CDW,,2026-08-21|2026-08-24|2026-08-25|2026-08-26|2026-08-27|2026-08-28|2026-08-31|2026-09-01|2026-09-02|2026-09-03|2026-09-04|2026-09-08|2026-09-09|2026-09-10|2026-09-11|2026-09-14|2026-09-15|2026-09-16|2026-09-17|2026-09-18|2026-09-21|2026-09-22|2026-09-23|2026-09-24|2026-09-25|2026-09-28|2026-09-29|2026-09-30|2026-10-01|2026-10-02,2026-10-03 01:05:56,0.0
Tenet Healthcare,,2026-08-21|2026-08-24|2026-08-25|2026-08-26|2026-08-27|2026-08-28|2026-08-31|2026-09-01|2026-09-02|2026-09-03|2026-09-04|2026-09-08|2026-09-09|2026-09-10|2026-09-11|2026-09-14|2026-09-15|2026-09-16|2026-09-17|2026-09-18|2026-09-21|2026-09-22|2026-09-23|2026-09-24|2026-09-25|2026-09-28|2026-09-29|2026-09-30|2026-10-01|2026-10-02,2026-10-03 01:05:56,0.0
BJ's Wholesale Club,,2026-08-21|2026-08-24|2026-08-25|2026-08-26|2026-08-27|2026-08-28|2026-08-31|2026-09-01|2026-09-02|2026-09-03|2026-09-04|2026-09-08|2026-09-09|2026-09-10|2026-09-11|2026-09-14|2026-09-15|2026-09-16|2026-09-17|2026-09-18|2026-09-21|2026-09-22|2026-09-23|2026-09-24|2026-09-25|2026-09-28|2026-09-29|2026-09-30|2026-10-01|2026-10-02,2026-10-03 01:05:56,0.0
Altria,,2026-08-21|2026-08-24|2026-08-25|2026-08-26|2026-08-27|2026-08-28|2026-08-31|2026-09-01|2026-09-02|2026-09-03|2026-09-04|2026-09-08|2026-09-09|2026-09-10|2026-09-11|2026-09-14|2026-09-15|2026-09-16|2026-09-17|2026-09-18|2026-09-21|2026-09-22|2026-09-23|2026-09-24|2026-09-25|2026-09-28|2026-09-29|2026-09-30|2026-10-01|2026-10-02,2026-10-03 01:05:56,0.0
BlackRock,,2026-08-21|2026-08-24|2026-08-25|2026-08-26|2026-08-27|2026-08-28|2026-08-31|2026-09-01|2026-09-02|2026-09-03|2026-09-04|2026-09-08|2026-09-09|2026-09-10|2026-09-11|2026-09-14|2026-09-15|2026-09-16|2026-09-17|2026-09-18|2026-09-21|2026-09-22|2026-09-23|2026-09-24|2026-09-25|2026-09-28|2026-09-29|2026-09-30|2026-10-01|2026-10-02,2026-10-03 01:05:56,0.0
Becton Dickinson,,2026-08-21|2026-08-24|2026-08-25|2026-08-26|2026-08-27|2026-08-28|2026-08-31|2026-09-01|2026-09-02|2026-09-03|2026-09-04|2026-09-08|2026-09-09|2026-09-10|2026-09-11|2026-09-14|2026-09-15|2026-09-16|2026-09-17|2026-09-18|2026-09-21|2026-09-22|2026-09-23|2026-09-24|2026-09-25|2026-09-28|2026-09-29|2026-09-30|2026-10-01|2026-10-02,2026-10-03 01:05:56,0.0
Colgate-Palmolive,,2026-08-21|2026-08-24|2026-08-25|2026-08-26|2026-08-27|2026-08-28|2026-08-31|2026-09-01|2026-09-02|2026-09-03|2026-09-04|2026-09-08|2026-09-09|2026-09-10|2026-09-11|2026-09-14|2026-09-15|2026-09-16|2026-09-17|2026-09-18|2026-09-21|2026-09-22|2026-09-23|2026-09-24|2026-09-25|2026-09-28|2026-09-29|2026-09-30|2026-10-01|2026-10-02,2026-10-03 01:05:56,0.0
Kimberly-Clark,,2026-08-21|2026-08-24|2026-08-25|2026-08-26|2026-08-27|2026-08-28|2026-08-31|2026-09-01|2026-09-02|2026-09-03|2026-09-04|2026-09-08|2026-09-09|2026-09-10|2026-09-11|2026-09-14|2026-09-15|2026-09-16|2026-09-17|2026-09-18|2026-09-21|2026-09-22|2026-09-23|2026-09-24|2026-09-25|2026-09-28|2026-09-29|2026-09-30|2026-10-01|2026-10-02,2026-10-03 01:05:56,0.0
Group 1 Automotive,,2026-08-21|2026-08-24|2026-08-25|2026-08-26|2026-08-27|2026-08-28|2026-08-31|2026-09-01|2026-09-02|2026-09-03|2026-09-04|2026-09-08|2026-09-09|2026-09-10|2026-09-11|2026-09-14|2026-09-15|2026-09-16|2026-09-17|2026-09-18|2026-09-21|2026-09-22|2026-09-23|2026-09-24|2026-09-25|2026-09-28|2026-09-29|2026-09-30|2026-10-01|2026-10-02,2026-10-03 01:05:56,0.0
Parker-Hannifin,,2026-08-21|2026-08-24|2026-08-25|2026-08-26|2026-08-27|2026-08-28|2026-08-31|2026-09-01|2026-09-02|2026-09-03|2026-09-04|2026-09-08|2026-09-09|2026-09-10|2026-09-11|2026-09-14|2026-09-15|2026-09-16|2026-09-17|2026-09-18|2026-09-21|2026-09-22|2026-09-23|2026-09-24|2026-09-25|2026-09-28|2026-09-29|2026-09-30|2026-10-01|2026-10-02,2026-10-03 01:05:56,0.0
General Mills,,2026-08-21|2026-08-24|2026-08-25|2026-08-26|2026-08-27|2026-08-28|2026-08-31|2026-09-01|2026-09-02|2026-09-03|2026-09-04|2026-09-08|2026-09-09|2026-09-10|2026-09-11|2026-09-14|2026-09-15|2026-09-16|2026-09-17|2026-09-18|2026-09-21|2026-09-22|2026-09-23|2026-09-24|2026-09-25|2026-09-28|2026-09-29|2026-09-30|2026-10-01|2026-10-02,2026-10-03 01:05:56,0.0
Cognizant Technology Solutions,,2026-08-21|2026-08-24|2026-08-25|2026-08-26|2026-08-27|2026-08-28|2026-08-31|2026-09-01|2026-09-02|2026-09-03|2026-09-04|2026-09-08|2026-09-09|2026-09-10|2026-09-11|2026-09-14|2026-09-15|2026-09-16|2026-09-17|2026-09-18|2026-09-21|2026-09-22|2026-09-23|2026-09-24|2026-09-25|2026-09-28|2026-09-29|2026-09-30|2026-10-01|2026-10-02,2026-10-03 01:05:56,0.0
American Electric Power,,2026-08-21|2026-08-24|2026-08-25|2026-08-26|2026-08-27|2026-08-28|2026-08-31|2026-09-01|2026-09-02|2026-09-03|2026-09-04|2026-09-08|2026-09-09|2026-09-10|2026-09-11|2026-09-14|2026-09-15|2026-09-16|2026-09-17|2026-09-18|2026-09-21|2026-09-22|2026-09-23|2026-09-24|2026-09-25|2026-09-28|2026-09-29|2026-09-30|2026-10-01|2026-10-02,2026-10-03 01:05:56,0.0
GE HealthCare Technologies,,2026-08-21|2026-08-24|2026-08-25|2026-08-26|2026-08-27|2026-08-28|2026-08-31|2026-09-01|2026-09-02|2026-09-03|2026-09-04|2026-09-08|2026-09-09|2026-09-10|2026-09-11|2026-09-14|2026-09-15|2026-09-16|2026-09-17|2026-09-18|2026-09-21|2026-09-22|2026-09-23|2026-09-24|2026-09-25|2026-09-28|2026-09-29|2026-09-30|2026-10-01|2026-10-02,2026-10-03 01:05:56,0.0
Automatic Data Processing,,2026-08-21|2026-08-24|2026-08-25|2026-08-26|2026-08-27|2026-08-28|2026-08-31|2026-09-01|2026-09-02|2026-09-03|2026-09-04|2026-09-08|2026-09-09|2026-09-10|2026-09-11|2026-09-14|2026-09-15|2026-09-16|2026-09-17|2026-09-18|2026-09-21|2026-09-22|2026-09-23|2026-09-24|2026-09-25|2026-09-28|2026-09-29|2026-09-30|2026-10-01|2026-10-02,2026-10-03 01:05:56,0.0
Cleveland-Cliffs,,2026-08-21|2026-08-24|2026-08-25|2026-08-26|2026-08-27|2026-08-28|2026-08-31|2026-09-01|2026-09-02|2026-09-03|2026-09-04|2026-09-08|2026-09-09|2026-09-10|2026-09-11|2026-09-14|2026-09-15|2026-09-16|2026-09-17|2026-09-18|2026-09-21|2026-09-22|2026-09-23|2026-09-24|2026-09-25|2026-09-28|2026-09-29|2026-09-30|2026-10-01|2026-10-02,2026-10-03 01:05:56,0.0
Aflac,,2026-08-21|2026-08-24|2026-08-25|2026-08-26|2026-08-27|2026-08-28|2026-08-31|2026-09-01|2026-09-02|2026-09-03|2026-09-04|2026-09-08|2026-09-09|2026-09-10|2026-09-11|2026-09-14|2026-09-15|2026-09-16|2026-09-17|2026-09-18|2026-09-21|2026-09-22|2026-09-23|2026-09-24|2026-09-25|2026-09-28|2026-09-29|2026-09-30|2026-10-01|2026-10-02,2026-10-03 01:05:56,0.0
Goodyear Tire & Rubber,,2026-08-21|2026-08-24|2026-08-25|2026-08-26|2026-08-27|2026-08-28|2026-08-31|2026-09-01|2026-09-02|2026-09-03|2026-09-04|2026-09-08|2026-09-09|2026-09-10|2026-09-11|2026-09-14|2026-09-15|2026-09-16|2026-09-17|2026-09-18|2026-09-21|2026-09-22|2026-09-23|2026-09-24|2026-09-25|2026-09-28|2026-09-29|2026-09-30|2026-10-01|2026-10-02,2026-10-03 01:05:56,0.0
Corebridge Financial,,2026-08-21|2026-08-24|2026-08-25|2026-08-26|2026-08-27|2026-08-28|2026-08-31|2026-09-01|2026-09-02|2026-09-03|2026-09-04|2026-09-08|2026-09-09|2026-09-10|2026-09-11|2026-09-14|2026-09-15|2026-09-16|2026-09-17|2026-09-18|2026-09-21|2026-09-22|2026-09-23|2026-09-24|2026-09-25|2026-09-28|2026-09-29|2026-09-30|2026-10-01|2026-10-02,2026-10-03 01:05:56,0.0
Newmont,,2026-08-21|2026-08-24|2026-08-25|2026-08-26|2026-08-27|2026-08-28|2026-08-31|2026-09-01|2026-09-02|2026-09-03|2026-09-04|2026-09-08|2026-09-09|2026-09-10|2026-09-11|2026-09-14|2026-09-15|2026-09-16|2026-09-17|2026-09-18|2026-09-21|2026-09-22|2026-09-23|2026-09-24|2026-09-25|2026-09-28|2026-09-29|2026-09-30|2026-10-01|2026-10-02,2026-10-03 01:05:56,0.0
International Paper,,2026-08-21|2026-08-24|2026-08-25|2026-08-26|2026-08-27|2026-08-28|2026-08-31|2026-09-01|2026-09-02|2026-09-03|2026-09-04|2026-09-08|2026-09-09|2026-09-10|2026-09-11|2026-09-14|2026-09-15|2026-09-16|2026-09-17|2026-09-18|2026-09-21|2026-09-22|2026-09-23|2026-09-24|2026-09-25|2026-09-28|2026-09-29|2026-09-30|2026-10-01|2026-10-02,2026-10-03 01:05:56,0.0
AutoZone,,2026-08-21|2026-08-24|2026-08-25|2026-08-26|2026-08-27|2026-08-28|2026-08-31|2026-09-01|2026-09-02|2026-09-03|2026-09-04|2026-09-08|2026-09-09|2026-09-10|2026-09-11|2026-09-14|2026-09-15|2026-09-16|2026-09-17|2026-09-18|2026-09-21|2026-09-22|2026-09-23|2026-09-24|2026-09-25|2026-09-28|2026-09-29|2026-09-30|2026-10-01|2026-10-02,2026-10-03 01:05:56,0.0
Lincoln National,,2026-08-21|2026-08-24|2026-08-25|2026-08-26|2026-08-27|2026-08-28|2026-08-31|2026-09-01|2026-09-02|2026-09-03|2026-09-04|2026-09-08|2026-09-09|2026-09-10|2026-09-11|2026-09-14|2026-09-15|2026-09-16|2026-09-17|2026-09-18|2026-09-21|2026-09-22|2026-09-23|2026-09-24|2026-09-25|2026-09-28|2026-09-29|2026-09-30|2026-10-01|2026-10-02,2026-10-03 01:05:56,0.0
PulteGroup,,2026-08-21|2026-08-24|2026-08-25|2026-08-26|2026-08-27|2026-08-28|2026-08-31|2026-09-01|2026-09-02|2026-09-03|2026-09-04|2026-09-08|2026-09-09|2026-09-10|2026-09-11|2026-09-14|2026-09-15|2026-09-16|2026-09-17|2026-09-18|2026-09-21|2026-09-22|2026-09-23|2026-09-24|2026-09-25|2026-09-28|2026-09-29|2026-09-30|2026-10-01|2026-10-02,2026-10-03 01:05:56,0.0
Ameriprise Financial,,2026-08-21|2026-08-24|2026-08-25|2026-08-26|2026-08-27|2026-08-28|2026-08-31|2026-09-01|2026-09-02|2026-09-03|2026-09-04|2026-09-08|2026-09-09|2026-09-10|2026-09-11|2026-09-14|2026-09-15|2026-09-16|2026-09-17|2026-09-18|2026-09-21|2026-09-22|2026-09-23|2026-09-24|2026-09-25|2026-09-28|2026-09-29|2026-09-30|2026-10-01|2026-10-02,2026-10-03 01:05:56,0.0
Murphy USA,,2026-08-21|2026-08-24|2026-08-25|2026-08-26|2026-08-27|2026-08-28|2026-08-31|2026-09-01|2026-09-02|2026-09-03|2026-09-04|2026-09-08|2026-09-09|2026-09-10|2026-09-11|2026-09-14|2026-09-15|2026-09-16|2026-09-17|2026-09-18|2026-09-21|2026-09-22|2026-09-23|2026-09-24|2026-09-25|2026-09-28|2026-09-29|2026-09-30|2026-10-01|2026-10-02,2026-10-03 01:05:56,0.0
ManpowerGroup,,2026-08-21|2026-08-24|2026-08-25|2026-08-26|2026-08-27|2026-08-28|2026-08-31|2026-09-01|2026-09-02|2026-09-03|2026-09-04|2026-09-08|2026-09-09|2026-09-10|2026-09-11|2026-09-14|2026-09-15|2026-09-16|2026-09-17|2026-09-18|2026-09-21|2026-09-22|2026-09-23|2026-09-24|2026-09-25|2026-09-28|2026-09-29|2026-09-30|2026-10-01|2026-10-02,2026-10-03 01:05:56,0.0
CH Robinson Worldwide,,2026-08-21|2026-08-24|2026-08-25|2026-08-26|2026-08-27|2026-08-28|2026-08-31|2026-09-01|2026-09-02|2026-09-03|2026-09-04|2026-09-08|2026-09-09|2026-09-10|2026-09-11|2026-09-14|2026-09-15|2026-09-16|2026-09-17|2026-09-18|2026-09-21|2026-09-22|2026-09-23|2026-09-24|2026-09-25|2026-09-28|2026-09-29|2026-09-30|2026-10-01|2026-10-02,2026-10-03 01:05:56,0.0
PPG Industries,,2026-08-21|2026-08-24|2026-08-25|2026-08-26|2026-08-27|2026-08-28|2026-08-31|2026-09-01|2026-09-02|2026-09-03|2026-09-04|2026-09-08|2026-09-09|2026-09-10|2026-09-11|2026-09-14|2026-09-15|2026-09-16|2026-09-17|2026-09-18|2026-09-21|2026-09-22|2026-09-23|2026-09-24|2026-09-25|2026-09-28|2026-09-29|2026-09-30|2026-10-01|2026-10-02,2026-10-03 01:05:56,0.0
Edison International,,2026-08-21|2026-08-24|2026-08-25|2026-08-26|2026-08-27|2026-08-28|2026-08-31|2026-09-01|2026-09-02|2026-09-03|2026-09-04|2026-09-08|2026-09-09|2026-09-10|2026-09-11|2026-09-14|2026-09-15|2026-09-16|2026-09-17|2026-09-18|2026-09-21|2026-09-22|2026-09-23|2026-09-24|2026-09-25|2026-09-28|2026-09-29|2026-09-30|2026-10-01|2026-10-02,2026-10-03 01:05:56,0.0
Steel Dynamics,,2026-08-21|2026-08-24|2026-08-25|2026-08-26|2026-08-27|2026-08-28|2026-08-31|2026-09-01|2026-09-02|2026-09-03|2026-09-04|2026-09-08|2026-09-09|2026-09-10|2026-09-11|2026-09-14|2026-09-15|2026-09-16|2026-09-17|2026-09-18|2026-09-21|2026-09-22|2026-09-23|2026-09-24|2026-09-25|2026-09-28|2026-09-29|2026-09-30|2026-10-01|2026-10-02,2026-10-03 01:05:56,0.0
Loews,,2026-08-21|2026-08-24|2026-08-25|2026-08-26|2026-08-27|2026-08-28|2026-08-31|2026-09-01|2026-09-02|2026-09-03|2026-09-04|2026-09-08|2026-09-09|2026-09-10|2026-09-11|2026-09-14|2026-09-15|2026-09-16|2026-09-17|2026-09-18|2026-09-21|2026-09-22|2026-09-23|2026-09-24|2026-09-25|2026-09-28|2026-09-29|2026-09-30|2026-10-01|2026-10-02,2026-10-03 01:05:56,0.0
Emerson Electric,,2026-08-21|2026-08-24|2026-08-25|2026-08-26|2026-08-27|2026-08-28|2026-08-31|2026-09-01|2026-09-02|2026-09-03|2026-09-04|2026-09-08|2026-09-09|2026-09-10|2026-09-11|2026-09-14|2026-09-15|2026-09-16|2026-09-17|2026-09-18|2026-09-21|2026-09-22|2026-09-23|2026-09-24|2026-09-25|2026-09-28|2026-09-29|2026-09-30|2026-10-01|2026-10-02,2026-10-03 01:05:56,0.0
Aramark,,2026-08-21|2026-08-24|2026-08-25|2026-08-26|2026-08-27|2026-08-28|2026-08-31|2026-09-01|2026-09-02|2026-09-03|2026-09-04|2026-09-08|2026-09-09|2026-09-10|2026-09-11|2026-09-14|2026-09-15|2026-09-16|2026-09-17|2026-09-18|2026-09-21|2026-09-22|2026-09-23|2026-09-24|2026-09-25|2026-09-28|2026-09-29|2026-09-30|2026-10-01|2026-10-02,2026-10-03 01:05:56,0.0
MGM Resorts International,,2026-08-21|2026-08-24|2026-08-25|2026-08-26|2026-08-27|2026-08-28|2026-08-31|2026-09-01|2026-09-02|2026-09-03|2026-09-04|2026-09-08|2026-09-09|2026-09-10|2026-09-11|2026-09-14|2026-09-15|2026-09-16|2026-09-17|2026-09-18|2026-09-21|2026-09-22|2026-09-23|2026-09-24|2026-09-25|2026-09-28|2026-09-29|2026-09-30|2026-10-01|2026-10-02,2026-10-03 01:05:56,0.0
Vistra,,2026-08-21|2026-08-24|2026-08-25|2026-08-26|2026-08-27|2026-08-28|2026-08-31|2026-09-01|2026-09-02|2026-09-03|2026-09-04|2026-09-08|2026-09-09|2026-09-10|2026-09-11|2026-09-14|2026-09-15|2026-09-16|2026-09-17|2026-09-18|2026-09-21|2026-09-22|2026-09-23|2026-09-24|2026-09-25|2026-09-28|2026-09-29|2026-09-30|2026-10-01|2026-10-02,2026-10-03 01:05:56,0.0
Asbury Automotive Group,,2026-08-21|2026-08-24|2026-08-25|2026-08-26|2026-08-27|2026-08-28|2026-08-31|2026-09-01|2026-09-02|2026-09-03|2026-09-04|2026-09-08|2026-09-09|2026-09-10|2026-09-11|2026-09-14|2026-09-15|2026-09-16|2026-09-17|2026-09-18|2026-09-21|2026-09-22|2026-09-23|2026-09-24|2026-09-25|2026-09-28|2026-09-29|2026-09-30|2026-10-01|2026-10-02,2026-10-03 01:05:56,0.0
WW Grainger,,2026-08-21|2026-08-24|2026-08-25|2026-08-26|2026-08-27|2026-08-28|2026-08-31|2026-09-01|2026-09-02|2026-09-03|2026-09-04|2026-09-08|2026-09-09|2026-09-10|2026-09-11|2026-09-14|2026-09-15|2026-09-16|2026-09-17|2026-09-18|2026-09-21|2026-09-22|2026-09-23|2026-09-24|2026-09-25|2026-09-28|2026-09-29|2026-09-30|2026-10-01|2026-10-02,2026-10-03 01:05:56,0.0
Global Partners,,2026-08-21|2026-08-24|2026-08-25|2026-08-26|2026-08-27|2026-08-28|2026-08-31|2026-09-01|2026-09-02|2026-09-03|2026-09-04|2026-09-08|2026-09-09|2026-09-10|2026-09-11|2026-09-14|2026-09-15|2026-09-16|2026-09-17|2026-09-18|2026-09-21|2026-09-22|2026-09-23|2026-09-24|2026-09-25|2026-09-28|2026-09-29|2026-09-30|2026-10-01|2026-10-02,2026-10-03 01:05:56,0.0
Jacobs Solutions,,2026-08-21|2026-08-24|2026-08-25|2026-08-26|2026-08-27|2026-08-28|2026-08-31|2026-09-01|2026-09-02|2026-09-03|2026-09-04|2026-09-08|2026-09-09|2026-09-10|2026-09-11|2026-09-14|2026-09-15|2026-09-16|2026-09-17|2026-09-18|2026-09-21|2026-09-22|2026-09-23|2026-09-24|2026-09-25|2026-09-28|2026-09-29|2026-09-30|2026-10-01|2026-10-02,2026-10-03 01:05:56,0.0
Corteva,,2026-08-21|2026-08-24|2026-08-25|2026-08-26|2026-08-27|2026-08-28|2026-08-31|2026-09-01|2026-09-02|2026-09-03|2026-09-04|2026-09-08|2026-09-09|2026-09-10|2026-09-11|2026-09-14|2026-09-15|2026-09-16|2026-09-17|2026-09-18|2026-09-21|2026-09-22|2026-09-23|2026-09-24|2026-09-25|2026-09-28|2026-09-29|2026-09-30|2026-10-01|2026-10-02,2026-10-03 01:05:56,0.0
Boston Scientific,,2026-08-21|2026-08-24|2026-08-25|2026-08-26|2026-08-27|2026-08-28|2026-08-31|2026-09-01|2026-09-02|2026-09-03|2026-09-04|2026-09-08|2026-09-09|2026-09-10|2026-09-11|2026-09-14|2026-09-15|2026-09-16|2026-09-17|2026-09-18|2026-09-21|2026-09-22|2026-09-23|2026-09-24|2026-09-25|2026-09-28|2026-09-29|2026-09-30|2026-10-01|2026-10-02,2026-10-03 01:05:56,0.0
O'Reilly Automotive,,2026-08-21|2026-08-24|2026-08-25|2026-08-26|2026-08-27|2026-08-28|2026-08-31|2026-09-01|2026-09-02|2026-09-03|2026-09-04|2026-09-08|2026-09-09|2026-09-10|2026-09-11|2026-09-14|2026-09-15|2026-09-16|2026-09-17|2026-09-18|2026-09-21|2026-09-22|2026-09-23|2026-09-24|2026-09-25|2026-09-28|2026-09-29|2026-09-30|2026-10-01|2026-10-02,2026-10-03 01:05:56,0.0
Leidos,,2026-08-21|2026-08-24|2026-08-25|2026-08-26|2026-08-27|2026-08-28|2026-08-31|2026-09-01|2026-09-02|2026-09-03|2026-09-04|2026-09-08|2026-09-09|2026-09-10|2026-09-11|2026-09-14|2026-09-15|2026-09-16|2026-09-17|2026-09-18|2026-09-21|2026-09-22|2026-09-23|2026-09-24|2026-09-25|2026-09-28|2026-09-29|2026-09-30|2026-10-01|2026-10-02,2026-10-03 01:05:56,0.0
Markel Group,,2026-08-21|2026-08-24|2026-08-25|2026-08-26|2026-08-27|2026-08-28|2026-08-31|2026-09-01|2026-09-02|2026-09-03|2026-09-04|2026-09-08|2026-09-09|2026-09-10|2026-09-11|2026-09-14|2026-09-15|2026-09-16|2026-09-17|2026-09-18|2026-09-21|2026-09-22|2026-09-23|2026-09-24|2026-09-25|2026-09-28|2026-09-29|2026-09-30|2026-10-01|2026-10-02,2026-10-03 01:05:56,0.0
Whirlpool,,2026-08-21|2026-08-24|2026-08-25|2026-08-26|2026-08-27|2026-08-28|2026-08-31|2026-09-01|2026-09-02|2026-09-03|2026-09-04|2026-09-08|2026-09-09|2026-09-10|2026-09-11|2026-09-14|2026-09-15|2026-09-16|2026-09-17|2026-09-18|2026-09-21|2026-09-22|2026-09-23|2026-09-24|2026-09-25|2026-09-28|2026-09-29|2026-09-30|2026-10-01|2026-10-02,2026-10-03 01:05:56,0.0
Builders FirstSource,,2026-08-21|2026-08-24|2026-08-25|2026-08-26|2026-08-27|2026-08-28|2026-08-31|2026-09-01|2026-09-02|2026-09-03|2026-09-04|2026-09-08|2026-09-09|2026-09-10|2026-09-11|2026-09-14|2026-09-15|2026-09-16|2026-09-17|2026-09-18|2026-09-21|2026-09-22|2026-09-23|2026-09-24|2026-09-25|2026-09-28|2026-09-29|2026-09-30|2026-10-01|2026-10-02,2026-10-03 01:05:56,0.0
Ally Financial,,2026-08-21|2026-08-24|2026-08-25|2026-08-26|2026-08-27|2026-08-28|2026-08-31|2026-09-01|2026-09-02|2026-09-03|2026-09-04|2026-09-08|2026-09-09|2026-09-10|2026-09-11|2026-09-14|2026-09-15|2026-09-16|2026-09-17|2026-09-18|2026-09-21|2026-09-22|2026-09-23|2026-09-24|2026-09-25|2026-09-28|2026-09-29|2026-09-30|2026-10-01|2026-10-02,2026-10-03 01:05:56,0.0
Targa Resources,,2026-08-21|2026-08-24|2026-08-25|2026-08-26|2026-08-27|2026-08-28|2026-08-31|2026-09-01|2026-09-02|2026-09-03|2026-09-04|2026-09-08|2026-09-09|2026-09-10|2026-09-11|2026-09-14|2026-09-15|2026-09-16|2026-09-17|2026-09-18|2026-09-21|2026-09-22|2026-09-23|2026-09-24|2026-09-25|2026-09-28|2026-09-29|2026-09-30|2026-10-01|2026-10-02,2026-10-03 01:05:56,0.0
Fluor,,2026-08-21|2026-08-24|2026-08-25|2026-08-26|2026-08-27|2026-08-28|2026-08-31|2026-09-01|2026-09-02|2026-09-03|2026-09-04|2026-09-08|2026-09-09|2026-09-10|2026-09-11|2026-09-14|2026-09-15|2026-09-16|2026-09-17|2026-09-18|2026-09-21|2026-09-22|2026-09-23|2026-09-24|2026-09-25|2026-09-28|2026-09-29|2026-09-30|2026-10-01|2026-10-02,2026-10-03 01:05:56,0.0
Intuit,,2026-08-21|2026-08-24|2026-08-25|2026-08-26|2026-08-27|2026-08-28|2026-08-31|2026-09-01|2026-09-02|2026-09-03|2026-09-04|2026-09-08|2026-09-09|2026-09-10|2026-09-11|2026-09-14|2026-09-15|2026-09-16|2026-09-17|2026-09-18|2026-09-21|2026-09-22|2026-09-23|2026-09-24|2026-09-25|2026-09-28|2026-09-29|2026-09-30|2026-10-01|2026-10-02,2026-10-03 01:05:56,0.0
AECOM,,2026-08-21|2026-08-24|2026-08-25|2026-08-26|2026-08-27|2026-08-28|2026-08-31|2026-09-01|2026-09-02|2026-09-03|2026-09-04|2026-09-08|2026-09-09|2026-09-10|2026-09-11|2026-09-14|2026-09-15|2026-09-16|2026-09-17|2026-09-18|2026-09-21|2026-09-22|2026-09-23|2026-09-24|2026-09-25|2026-09-28|2026-09-29|2026-09-30|2026-10-01|2026-10-02,2026-10-03 01:05:56,0.0
Kohl's,,2026-08-21|2026-08-24|2026-08-25|2026-08-26|2026-08-27|2026-08-28|2026-08-31|2026-09-01|2026-09-02|2026-09-03|2026-09-04|2026-09-08|2026-09-09|2026-09-10|2026-09-11|2026-09-14|2026-09-15|2026-09-16|2026-09-17|2026-09-18|2026-09-21|2026-09-22|2026-09-23|2026-09-24|2026-09-25|2026-09-28|2026-09-29|2026-09-30|2026-10-01|2026-10-02,2026-10-03 01:05:56,0.0
PrIncipal Financial,,2026-08-21|2026-08-24|2026-08-25|2026-08-26|2026-08-27|2026-08-28|2026-08-31|2026-09-01|2026-09-02|2026-09-03|2026-09-04|2026-09-08|2026-09-09|2026-09-10|2026-09-11|2026-09-14|2026-09-15|2026-09-16|2026-09-17|2026-09-18|2026-09-21|2026-09-22|2026-09-23|2026-09-24|2026-09-25|2026-09-28|2026-09-29|2026-09-30|2026-10-01|2026-10-02,2026-10-03 01:05:56,0.0
Dominion Energy,,2026-08-21|2026-08-24|2026-08-25|2026-08-26|2026-08-27|2026-08-28|2026-08-31|2026-09-01|2026-09-02|2026-09-03|2026-09-04|2026-09-08|2026-09-09|2026-09-10|2026-09-11|2026-09-14|2026-09-15|2026-09-16|2026-09-17|2026-09-18|2026-09-21|2026-09-22|2026-09-23|2026-09-24|2026-09-25|2026-09-28|2026-09-29|2026-09-30|2026-10-01|2026-10-02,2026-10-03 01:05:56,0.0
Kyndryl,,2026-08-21|2026-08-24|2026-08-25|2026-08-26|2026-08-27|2026-08-28|2026-08-31|2026-09-01|2026-09-02|2026-09-03|2026-09-04|2026-09-08|2026-09-09|2026-09-10|2026-09-11|2026-09-14|2026-09-15|2026-09-16|2026-09-17|2026-09-18|2026-09-21|2026-09-22|2026-09-23|2026-09-24|2026-09-25|2026-09-28|2026-09-29|2026-09-30|2026-10-01|2026-10-02,2026-10-03 01:05:56,0.0
Republic Services,,2026-08-21|2026-08-24|2026-08-25|2026-08-26|2026-08-27|2026-08-28|2026-08-31|2026-09-01|2026-09-02|2026-09-03|2026-09-04|2026-09-08|2026-09-09|2026-09-10|2026-09-11|2026-09-14|2026-09-15|2026-09-16|2026-09-17|2026-09-18|2026-09-21|2026-09-22|2026-09-23|2026-09-24|2026-09-25|2026-09-28|2026-09-29|2026-09-30|2026-10-01|2026-10-02,2026-10-03 01:05:56,0.0
Devon Energy,,2026-08-21|2026-08-24|2026-08-25|2026-08-26|2026-08-27|2026-08-28|2026-08-31|2026-09-01|2026-09-02|2026-09-03|2026-09-04|2026-09-08|2026-09-09|2026-09-10|2026-09-11|2026-09-14|2026-09-15|2026-09-16|2026-09-17|2026-09-18|2026-09-21|2026-09-22|2026-09-23|2026-09-24|2026-09-25|2026-09-28|2026-09-29|2026-09-30|2026-10-01|2026-10-02,2026-10-03 01:05:56,0.0
Illinois Tool Works,,2026-08-21|2026-08-24|2026-08-25|2026-08-26|2026-08-27|2026-08-28|2026-08-31|2026-09-01|2026-09-02|2026-09-03|2026-09-04|2026-09-08|2026-09-09|2026-09-10|2026-09-11|2026-09-14|2026-09-15|2026-09-16|2026-09-17|2026-09-18|2026-09-21|2026-09-22|2026-09-23|2026-09-24|2026-09-25|2026-09-28|2026-09-29|2026-09-30|2026-10-01|2026-10-02,2026-10-03 01:05:56,0.0
Northern Trust,,2026-08-21|2026-08-24|2026-08-25|2026-08-26|2026-08-27|2026-08-28|2026-08-31|2026-09-01|2026-09-02|2026-09-03|2026-09-04|2026-09-08|2026-09-09|2026-09-10|2026-09-11|2026-09-14|2026-09-15|2026-09-16|2026-09-17|2026-09-18|2026-09-21|2026-09-22|2026-09-23|2026-09-24|2026-09-25|2026-09-28|2026-09-29|2026-09-30|2026-10-01|2026-10-02,2026-10-03 01:05:56,0.0
Universal Health Services,,2026-08-21|2026-08-24|2026-08-25|2026-08-26|2026-08-27|2026-08-28|2026-08-31|2026-09-01|2026-09-02|2026-09-03|2026-09-04|2026-09-08|2026-09-09|2026-09-10|2026-09-11|2026-09-14|2026-09-15|2026-09-16|2026-09-17|2026-09-18|2026-09-21|2026-09-22|2026-09-23|2026-09-24|2026-09-25|2026-09-28|2026-09-29|2026-09-30|2026-10-01|2026-10-02,2026-10-03 01:05:56,0.0
Ecolab,,2026-08-21|2026-08-24|2026-08-25|2026-08-26|2026-08-27|2026-08-28|2026-08-31|2026-09-01|2026-09-02|2026-09-03|2026-09-04|2026-09-08|2026-09-09|2026-09-10|2026-09-11|2026-09-14|2026-09-15|2026-09-16|2026-09-17|2026-09-18|2026-09-21|2026-09-22|2026-09-23|2026-09-24|2026-09-25|2026-09-28|2026-09-29|2026-09-30|2026-10-01|2026-10-02,2026-10-03 01:05:56,0.0
Cheniere Energy,,2026-08-21|2026-08-24|2026-08-25|2026-08-26|2026-08-27|2026-08-28|2026-08-31|2026-09-01|2026-09-02|2026-09-03|2026-09-04|2026-09-08|2026-09-09|2026-09-10|2026-09-11|2026-09-14|2026-09-15|2026-09-16|2026-09-17|2026-09-18|2026-09-21|2026-09-22|2026-09-23|2026-09-24|2026-09-25|2026-09-28|2026-09-29|2026-09-30|2026-10-01|2026-10-02,2026-10-03 01:05:56,0.0
Omnicom Group,,2026-08-21|2026-08-24|2026-08-25|2026-08-26|2026-08-27|2026-08-28|2026-08-31|2026-09-01|2026-09-02|2026-09-03|2026-09-04|2026-09-08|2026-09-09|2026-09-10|2026-09-11|2026-09-14|2026-09-15|2026-09-16|2026-09-17|2026-09-18|2026-09-21|2026-09-22|2026-09-23|2026-09-24|2026-09-25|2026-09-28|2026-09-29|2026-09-30|2026-10-01|2026-10-02,2026-10-03 01:05:56,0.0
Texas Instruments,,2026-08-21|2026-08-24|2026-08-25|2026-08-26|2026-08-27|2026-08-28|2026-08-31|2026-09-01|2026-09-02|2026-09-03|2026-09-04|2026-09-08|2026-09-09|2026-09-10|2026-09-11|2026-09-14|2026-09-15|2026-09-16|2026-09-17|2026-09-18|2026-09-21|2026-09-22|2026-09-23|2026-09-24|2026-09-25|2026-09-28|2026-09-29|2026-09-30|2026-10-01|2026-10-02,2026-10-03 01:05:56,0.0
Estée Lauder,,2026-08-21|2026-08-24|2026-08-25|2026-08-26|2026-08-27|2026-08-28|2026-08-31|2026-09-01|2026-09-02|2026-09-03|2026-09-04|2026-09-08|2026-09-09|2026-09-10|2026-09-11|2026-09-14|2026-09-15|2026-09-16|2026-09-17|2026-09-18|2026-09-21|2026-09-22|2026-09-23|2026-09-24|2026-09-25|2026-09-28|2026-09-29|2026-09-30|2026-10-01|2026-10-02,2026-10-03 01:05:56,0.0
Kenvue,,2026-08-21|2026-08-24|2026-08-25|2026-08-26|2026-08-27|2026-08-28|2026-08-31|2026-09-01|2026-09-02|2026-09-03|2026-09-04|2026-09-08|2026-09-09|2026-09-10|2026-09-11|2026-09-14|2026-09-15|2026-09-16|2026-09-17|2026-09-18|2026-09-21|2026-09-22|2026-09-23|2026-09-24|2026-09-25|2026-09-28|2026-09-29|2026-09-30|2026-10-01|2026-10-02,2026-10-03 01:05:56,0.0
IQVIA,,2026-08-21|2026-08-24|2026-08-25|2026-08-26|2026-08-27|2026-08-28|2026-08-31|2026-09-01|2026-09-02|2026-09-03|2026-09-04|2026-09-08|2026-09-09|2026-09-10|2026-09-11|2026-09-14|2026-09-15|2026-09-16|2026-09-17|2026-09-18|2026-09-21|2026-09-22|2026-09-23|2026-09-24|2026-09-25|2026-09-28|2026-09-29|2026-09-30|2026-10-01|2026-10-02,2026-10-03 01:05:56,0.0
Stanley Black & Decker,,2026-08-21|2026-08-24|2026-08-25|2026-08-26|2026-08-27|2026-08-28|2026-08-31|2026-09-01|2026-09-02|2026-09-03|2026-09-04|2026-09-08|2026-09-09|2026-09-10|2026-09-11|2026-09-14|2026-09-15|2026-09-16|2026-09-17|2026-09-18|2026-09-21|2026-09-22|2026-09-23|2026-09-24|2026-09-25|2026-09-28|2026-09-29|2026-09-30|2026-10-01|2026-10-02,2026-10-03 01:05:56,0.0
Keurig Dr Pepper,,2026-08-21|2026-08-24|2026-08-25|2026-08-26|2026-08-27|2026-08-28|2026-08-31|2026-09-01|2026-09-02|2026-09-03|2026-09-04|2026-09-08|2026-09-09|2026-09-10|2026-09-11|2026-09-14|2026-09-15|2026-09-16|2026-09-17|2026-09-18|2026-09-21|2026-09-22|2026-09-23|2026-09-24|2026-09-25|2026-09-28|2026-09-29|2026-09-30|2026-10-01|2026-10-02,2026-10-03 01:05:56,0.0
United Rentals,,2026-08-21|2026-08-24|2026-08-25|2026-08-26|2026-08-27|2026-08-28|2026-08-31|2026-09-01|2026-09-02|2026-09-03|2026-09-04|2026-09-08|2026-09-09|2026-09-10|2026-09-11|2026-09-14|2026-09-15|2026-09-16|2026-09-17|2026-09-18|2026-09-21|2026-09-22|2026-09-23|2026-09-24|2026-09-25|2026-09-28|2026-09-29|2026-09-30|2026-10-01|2026-10-02,2026-10-03 01:05:56,0.0
Consolidated Edison,,2026-08-21|2026-08-24|2026-08-25|2026-08-26|2026-08-27|2026-08-28|2026-08-31|2026-09-01|2026-09-02|2026-09-03|2026-09-04|2026-09-08|2026-09-09|2026-09-10|2026-09-11|2026-09-14|2026-09-15|2026-09-16|2026-09-17|2026-09-18|2026-09-21|2026-09-22|2026-09-23|2026-09-24|2026-09-25|2026-09-28|2026-09-29|2026-09-30|2026-10-01|2026-10-02,2026-10-03 01:05:56,0.0
Amphenol,,2026-08-21|2026-08-24|2026-08-25|2026-08-26|2026-08-27|2026-08-28|2026-08-31|2026-09-01|2026-09-02|2026-09-03|2026-09-04|2026-09-08|2026-09-09|2026-09-10|2026-09-11|2026-09-14|2026-09-15|2026-09-16|2026-09-17|2026-09-18|2026-09-21|2026-09-22|2026-09-23|2026-09-24|2026-09-25|2026-09-28|2026-09-29|2026-09-30|2026-10-01|2026-10-02,2026-10-03 01:05:56,0.0
Baxter International,,2026-08-21|2026-08-24|2026-08-25|2026-08-26|2026-08-27|2026-08-28|2026-08-31|2026-09-01|2026-09-02|2026-09-03|2026-09-04|2026-09-08|2026-09-09|2026-09-10|2026-09-11|2026-09-14|2026-09-15|2026-09-16|2026-09-17|2026-09-18|2026-09-21|2026-09-22|2026-09-23|2026-09-24|2026-09-25|2026-09-28|2026-09-29|2026-09-30|2026-10-01|2026-10-02,2026-10-03 01:05:56,0.0
Kinder Morgan,,2026-08-21|2026-08-24|2026-08-25|2026-08-26|2026-08-27|2026-08-28|2026-08-31|2026-09-01|2026-09-02|2026-09-03|2026-09-04|2026-09-08|2026-09-09|2026-09-10|2026-09-11|2026-09-14|2026-09-15|2026-09-16|2026-09-17|2026-09-18|2026-09-21|2026-09-22|2026-09-23|2026-09-24|2026-09-25|2026-09-28|2026-09-29|2026-09-30|2026-10-01|2026-10-02,2026-10-03 01:05:56,0.0
First Citizens BancShares,,2026-08-21|2026-08-24|2026-08-25|2026-08-26|2026-08-27|2026-08-28|2026-08-31|2026-09-01|2026-09-02|2026-09-03|2026-09-04|2026-09-08|2026-09-09|2026-09-10|2026-09-11|2026-09-14|2026-09-15|2026-09-16|2026-09-17|2026-09-18|2026-09-21|2026-09-22|2026-09-23|2026-09-24|2026-09-25|2026-09-28|2026-09-29|2026-09-30|2026-10-01|2026-10-02,2026-10-03 01:05:56,0.0
Raymond James Financial,,2026-08-21|2026-08-24|2026-08-25|2026-08-26|2026-08-27|2026-08-28|2026-08-31|2026-09-01|2026-09-02|2026-09-03|2026-09-04|2026-09-08|2026-09-09|2026-09-10|2026-09-11|2026-09-14|2026-09-15|2026-09-16|2026-09-17|2026-09-18|2026-09-21|2026-09-22|2026-09-23|2026-09-24|2026-09-25|2026-09-28|2026-09-29|2026-09-30|2026-10-01|2026-10-02,2026-10-03 01:05:56,0.0
Lam Research,,2026-08-21|2026-08-24|2026-08-25|2026-08-26|2026-08-27|2026-08-28|2026-08-31|2026-09-01|2026-09-02|2026-09-03|2026-09-04|2026-09-08|2026-09-09|2026-09-10|2026-09-11|2026-09-14|2026-09-15|2026-09-16|2026-09-17|2026-09-18|2026-09-21|2026-09-22|2026-09-23|2026-09-24|2026-09-25|2026-09-28|2026-09-29|2026-09-30|2026-10-01|2026-10-02,2026-10-03 01:05:56,0.0
Tractor Supply,,2026-08-21|2026-08-24|2026-08-25|2026-08-26|2026-08-27|2026-08-28|2026-08-31|2026-09-01|2026-09-02|2026-09-03|2026-09-04|2026-09-08|2026-09-09|2026-09-10|2026-09-11|2026-09-14|2026-09-15|2026-09-16|2026-09-17|2026-09-18|2026-09-21|2026-09-22|2026-09-23|2026-09-24|2026-09-25|2026-09-28|2026-09-29|2026-09-30|2026-10-01|2026-10-02,2026-10-03 01:05:56,0.0
Caseys General Stores,,2026-08-21|2026-08-24|2026-08-25|2026-08-26|2026-08-27|2026-08-28|2026-08-31|2026-09-01|2026-09-02|2026-09-03|2026-09-04|2026-09-08|2026-09-09|2026-09-10|2026-09-11|2026-09-14|2026-09-15|2026-09-16|2026-09-17|2026-09-18|2026-09-21|2026-09-22|2026-09-23|2026-09-24|2026-09-25|2026-09-28|2026-09-29|2026-09-30|2026-10-01|2026-10-02,2026-10-03 01:05:56,0.0
Viatris,,2026-08-21|2026-08-24|2026-08-25|2026-08-26|2026-08-27|2026-08-28|2026-08-31|2026-09-01|2026-09-02|2026-09-03|2026-09-04|2026-09-08|2026-09-09|2026-09-10|2026-09-11|2026-09-14|2026-09-15|2026-09-16|2026-09-17|2026-09-18|2026-09-21|2026-09-22|2026-09-23|2026-09-24|2026-09-25|2026-09-28|2026-09-29|2026-09-30|2026-10-01|2026-10-02,2026-10-03 01:05:56,0.0
EMCOR Group,,2026-08-21|2026-08-24|2026-08-25|2026-08-26|2026-08-27|2026-08-28|2026-08-31|2026-09-01|2026-09-02|2026-09-03|2026-09-04|2026-09-08|2026-09-09|2026-09-10|2026-09-11|2026-09-14|2026-09-15|2026-09-16|2026-09-17|2026-09-18|2026-09-21|2026-09-22|2026-09-23|2026-09-24|2026-09-25|2026-09-28|2026-09-29|2026-09-30|2026-10-01|2026-10-02,2026-10-03 01:05:56,0.0
CSX,,2026-08-21|2026-08-24|2026-08-25|2026-08-26|2026-08-27|2026-08-28|2026-08-31|2026-09-01|2026-09-02|2026-09-03|2026-09-04|2026-09-08|2026-09-09|2026-09-10|2026-09-11|2026-09-14|2026-09-15|2026-09-16|2026-09-17|2026-09-18|2026-09-21|2026-09-22|2026-09-23|2026-09-24|2026-09-25|2026-09-28|2026-09-29|2026-09-30|2026-10-01|2026-10-02,2026-10-03 01:05:56,0.0
LKQ,,2026-08-21|2026-08-24|2026-08-25|2026-08-26|2026-08-27|2026-08-28|2026-08-31|2026-09-01|2026-09-02|2026-09-03|2026-09-04|2026-09-08|2026-09-09|2026-09-10|2026-09-11|2026-09-14|2026-09-15|2026-09-16|2026-09-17|2026-09-18|2026-09-21|2026-09-22|2026-09-23|2026-09-24|2026-09-25|2026-09-28|2026-09-29|2026-09-30|2026-10-01|2026-10-02,2026-10-03 01:05:56,0.0
Otis Worldwide,,2026-08-21|2026-08-24|2026-08-25|2026-08-26|2026-08-27|2026-08-28|2026-08-31|2026-09-01|2026-09-02|2026-09-03|2026-09-04|2026-09-08|2026-09-09|2026-09-10|2026-09-11|2026-09-14|2026-09-15|2026-09-16|2026-09-17|2026-09-18|2026-09-21|2026-09-22|2026-09-23|2026-09-24|2026-09-25|2026-09-28|2026-09-29|2026-09-30|2026-10-01|2026-10-02,2026-10-03 01:05:56,0.0
Sonic Automotive,,2026-08-21|2026-08-24|2026-08-25|2026-08-26|2026-08-27|2026-08-28|2026-08-31|2026-09-01|2026-09-02|2026-09-03|2026-09-04|2026-09-08|2026-09-09|2026-09-10|2026-09-11|2026-09-14|2026-09-15|2026-09-16|2026-09-17|2026-09-18|2026-09-21|2026-09-22|2026-09-23|2026-09-24|2026-09-25|2026-09-28|2026-09-29|2026-09-30|2026-10-01|2026-10-02,2026-10-03 01:05:56,0.0
S&P Global,,2026-08-21|2026-08-24|2026-08-25|2026-08-26|2026-08-27|2026-08-28|2026-08-31|2026-09-01|2026-09-02|2026-09-03|2026-09-04|2026-09-08|2026-09-09|2026-09-10|2026-09-11|2026-09-14|2026-09-15|2026-09-16|2026-09-17|2026-09-18|2026-09-21|2026-09-22|2026-09-23|2026-09-24|2026-09-25|2026-09-28|2026-09-29|2026-09-30|2026-10-01|2026-10-02,2026-10-03 01:05:56,0.0
Regeneron Pharmaceuticals,,2026-08-21|2026-08-24|2026-08-25|2026-08-26|2026-08-27|2026-08-28|2026-08-31|2026-09-01|2026-09-02|2026-09-03|2026-09-04|2026-09-08|2026-09-09|2026-09-10|2026-09-11|2026-09-14|2026-09-15|2026-09-16|2026-09-17|2026-09-18|2026-09-21|2026-09-22|2026-09-23|2026-09-24|2026-09-25|2026-09-28|2026-09-29|2026-09-30|2026-10-01|2026-10-02,2026-10-03 01:05:56,0.0
BorgWarner,,2026-08-21|2026-08-24|2026-08-25|2026-08-26|2026-08-27|2026-08-28|2026-08-31|2026-09-01|2026-09-02|2026-09-03|2026-09-04|2026-09-08|2026-09-09|2026-09-10|2026-09-11|2026-09-14|2026-09-15|2026-09-16|2026-09-17|2026-09-18|2026-09-21|2026-09-22|2026-09-23|2026-09-24|2026-09-25|2026-09-28|2026-09-29|2026-09-30|2026-10-01|2026-10-02,2026-10-03 01:05:56,0.0
Reliance Inc,,2026-08-21|2026-08-24|2026-08-25|2026-08-26|2026-08-27|2026-08-28|2026-08-31|2026-09-01|2026-09-02|2026-09-03|2026-09-04|2026-09-08|2026-09-09|2026-09-10|2026-09-11|2026-09-14|2026-09-15|2026-09-16|2026-09-17|2026-09-18|2026-09-21|2026-09-22|2026-09-23|2026-09-24|2026-09-25|2026-09-28|2026-09-29|2026-09-30|2026-10-01|2026-10-02,2026-10-03 01:05:56,0.0
Textron,,2026-08-21|2026-08-24|2026-08-25|2026-08-26|2026-08-27|2026-08-28|2026-08-31|2026-09-01|2026-09-02|2026-09-03|2026-09-04|2026-09-08|2026-09-09|2026-09-10|2026-09-11|2026-09-14|2026-09-15|2026-09-16|2026-09-17|2026-09-18|2026-09-21|2026-09-22|2026-09-23|2026-09-24|2026-09-25|2026-09-28|2026-09-29|2026-09-30|2026-10-01|2026-10-02,2026-10-03 01:05:56,0.0
Expedia,,2026-08-21|2026-08-24|2026-08-25|2026-08-26|2026-08-27|2026-08-28|2026-08-31|2026-09-01|2026-09-02|2026-09-03|2026-09-04|2026-09-08|2026-09-09|2026-09-10|2026-09-11|2026-09-14|2026-09-15|2026-09-16|2026-09-17|2026-09-18|2026-09-21|2026-09-22|2026-09-23|2026-09-24|2026-09-25|2026-09-28|2026-09-29|2026-09-30|2026-10-01|2026-10-02,2026-10-03 01:05:56,0.0
Fidelity National Financial,,2026-08-21|2026-08-24|2026-08-25|2026-08-26|2026-08-27|2026-08-28|2026-08-31|2026-09-01|2026-09-02|2026-09-03|2026-09-04|2026-09-08|2026-09-09|2026-09-10|2026-09-11|2026-09-14|2026-09-15|2026-09-16|2026-09-17|2026-09-18|2026-09-21|2026-09-22|2026-09-23|2026-09-24|2026-09-25|2026-09-28|2026-09-29|2026-09-30|2026-10-01|2026-10-02,2026-10-03 01:05:56,0.0
Carvana,,2026-08-21|2026-08-24|2026-08-25|2026-08-26|2026-08-27|2026-08-28|2026-08-31|2026-09-01|2026-09-02|2026-09-03|2026-09-04|2026-09-08|2026-09-09|2026-09-10|2026-09-11|2026-09-14|2026-09-15|2026-09-16|2026-09-17|2026-09-18|2026-09-21|2026-09-22|2026-09-23|2026-09-24|2026-09-25|2026-09-28|2026-09-29|2026-09-30|2026-10-01|2026-10-02,2026-10-03 01:05:56,0.0
DXC Technology,,2026-08-21|2026-08-24|2026-08-25|2026-08-26|2026-08-27|2026-08-28|2026-08-31|2026-09-01|2026-09-02|2026-09-03|2026-09-04|2026-09-08|2026-09-09|2026-09-10|2026-09-11|2026-09-14|2026-09-15|2026-09-16|2026-09-17|2026-09-18|2026-09-21|2026-09-22|2026-09-23|2026-09-24|2026-09-25|2026-09-28|2026-09-29|2026-09-30|2026-10-01|2026-10-02,2026-10-03 01:05:56,0.0
WR Berkley,,2026-08-21|2026-08-24|2026-08-25|2026-08-26|2026-08-27|2026-08-28|2026-08-31|2026-09-01|2026-09-02|2026-09-03|2026-09-04|2026-09-08|2026-09-09|2026-09-10|2026-09-11|2026-09-14|2026-09-15|2026-09-16|2026-09-17|2026-09-18|2026-09-21|2026-09-22|2026-09-23|2026-09-24|2026-09-25|2026-09-28|2026-09-29|2026-09-30|2026-10-01|2026-10-02,2026-10-03 01:05:56,0.0
M&T Bank,,2026-08-21|2026-08-24|2026-08-25|2026-08-26|2026-08-27|2026-08-28|2026-08-31|2026-09-01|2026-09-02|2026-09-03|2026-09-04|2026-09-08|2026-09-09|2026-09-10|2026-09-11|2026-09-14|2026-09-15|2026-09-16|2026-09-17|2026-09-18|2026-09-21|2026-09-22|2026-09-23|2026-09-24|2026-09-25|2026-09-28|2026-09-29|2026-09-30|2026-10-01|2026-10-02,2026-10-03 01:05:56,0.0
Dicks Sporting Goods,,2026-08-21|2026-08-24|2026-08-25|2026-08-26|2026-08-27|2026-08-28|2026-08-31|2026-09-01|2026-09-02|2026-09-03|2026-09-04|2026-09-08|2026-09-09|2026-09-10|2026-09-11|2026-09-14|2026-09-15|2026-09-16|2026-09-17|2026-09-18|2026-09-21|2026-09-22|2026-09-23|2026-09-24|2026-09-25|2026-09-28|2026-09-29|2026-09-30|2026-10-01|2026-10-02,2026-10-03 01:05:56,0.0
Xcel Energy,,2026-08-21|2026-08-24|2026-08-25|2026-08-26|2026-08-27|2026-08-28|2026-08-31|2026-09-01|2026-09-02|2026-09-03|2026-09-04|2026-09-08|2026-09-09|2026-09-10|2026-09-11|2026-09-14|2026-09-15|2026-09-16|2026-09-17|2026-09-18|2026-09-21|2026-09-22|2026-09-23|2026-09-24|2026-09-25|2026-09-28|2026-09-29|2026-09-30|2026-10-01|2026-10-02,2026-10-03 01:05:56,0.0
Fifth Third Bancorp,,2026-08-21|2026-08-24|2026-08-25|2026-08-26|2026-08-27|2026-08-28|2026-08-31|2026-09-01|2026-09-02|2026-09-03|2026-09-04|2026-09-08|2026-09-09|2026-09-10|2026-09-11|2026-09-14|2026-09-15|2026-09-16|2026-09-17|2026-09-18|2026-09-21|2026-09-22|2026-09-23|2026-09-24|2026-09-25|2026-09-28|2026-09-29|2026-09-30|2026-10-01|2026-10-02,2026-10-03 01:05:56,0.0
Blackstone,,2026-08-21|2026-08-24|2026-08-25|2026-08-26|2026-08-27|2026-08-28|2026-08-31|2026-09-01|2026-09-02|2026-09-03|2026-09-04|2026-09-08|2026-09-09|2026-09-10|2026-09-11|2026-09-14|2026-09-15|2026-09-16|2026-09-17|2026-09-18|2026-09-21|2026-09-22|2026-09-23|2026-09-24|2026-09-25|2026-09-28|2026-09-29|2026-09-30|2026-10-01|2026-10-02,2026-10-03 01:05:56,0.0
Sempra,,2026-08-21|2026-08-24|2026-08-25|2026-08-26|2026-08-27|2026-08-28|2026-08-31|2026-09-01|2026-09-02|2026-09-03|2026-09-04|2026-09-08|2026-09-09|2026-09-10|2026-09-11|2026-09-14|2026-09-15|2026-09-16|2026-09-17|2026-09-18|2026-09-21|2026-09-22|2026-09-23|2026-09-24|2026-09-25|2026-09-28|2026-09-29|2026-09-30|2026-10-01|2026-10-02,2026-10-03 01:05:56,0.0
Corning,,2026-08-21|2026-08-24|2026-08-25|2026-08-26|2026-08-27|2026-08-28|2026-08-31|2026-09-01|2026-09-02|2026-09-03|2026-09-04|2026-09-08|2026-09-09|2026-09-10|2026-09-11|2026-09-14|2026-09-15|2026-09-16|2026-09-17|2026-09-18|2026-09-21|2026-09-22|2026-09-23|2026-09-24|2026-09-25|2026-09-28|2026-09-29|2026-09-30|2026-10-01|2026-10-02,2026-10-03 01:05:56,0.0
Lumen Technologies,,2026-08-21|2026-08-24|2026-08-25|2026-08-26|2026-08-27|2026-08-28|2026-08-31|2026-09-01|2026-09-02|2026-09-03|2026-09-04|2026-09-08|2026-09-09|2026-09-10|2026-09-11|2026-09-14|2026-09-15|2026-09-16|2026-09-17|2026-09-18|2026-09-21|2026-09-22|2026-09-23|2026-09-24|2026-09-25|2026-09-28|2026-09-29|2026-09-30|2026-10-01|2026-10-02,2026-10-03 01:05:56,0.0
FirstEnergy,,2026-08-21|2026-08-24|2026-08-25|2026-08-26|2026-08-27|2026-08-28|2026-08-31|2026-09-01|2026-09-02|2026-09-03|2026-09-04|2026-09-08|2026-09-09|2026-09-10|2026-09-11|2026-09-14|2026-09-15|2026-09-16|2026-09-17|2026-09-18|2026-09-21|2026-09-22|2026-09-23|2026-09-24|2026-09-25|2026-09-28|2026-09-29|2026-09-30|2026-10-01|2026-10-02,2026-10-03 01:05:56,0.0
Labcorp Holdings,,2026-08-21|2026-08-24|2026-08-25|2026-08-26|2026-08-27|2026-08-28|2026-08-31|2026-09-01|2026-09-02|2026-09-03|2026-09-04|2026-09-08|2026-09-09|2026-09-10|2026-09-11|2026-09-14|2026-09-15|2026-09-16|2026-09-17|2026-09-18|2026-09-21|2026-09-22|2026-09-23|2026-09-24|2026-09-25|2026-09-28|2026-09-29|2026-09-30|2026-10-01|2026-10-02,2026-10-03 01:05:56,0.0
Western Digital,,2026-08-21|2026-08-24|2026-08-25|2026-08-26|2026-08-27|2026-08-28|2026-08-31|2026-09-01|2026-09-02|2026-09-03|2026-09-04|2026-09-08|2026-09-09|2026-09-10|2026-09-11|2026-09-14|2026-09-15|2026-09-16|2026-09-17|2026-09-18|2026-09-21|2026-09-22|2026-09-23|2026-09-24|2026-09-25|2026-09-28|2026-09-29|2026-09-30|2026-10-01|2026-10-02,2026-10-03 01:05:56,0.0
Unum Group,,2026-08-21|2026-08-24|2026-08-25|2026-08-26|2026-08-27|2026-08-28|2026-08-31|2026-09-01|2026-09-02|2026-09-03|2026-09-04|2026-09-08|2026-09-09|2026-09-10|2026-09-11|2026-09-14|2026-09-15|2026-09-16|2026-09-17|2026-09-18|2026-09-21|2026-09-22|2026-09-23|2026-09-24|2026-09-25|2026-09-28|2026-09-29|2026-09-30|2026-10-01|2026-10-02,2026-10-03 01:05:56,0.0
DaVita,,2026-08-21|2026-08-24|2026-08-25|2026-08-26|2026-08-27|2026-08-28|2026-08-31|2026-09-01|2026-09-02|2026-09-03|2026-09-04|2026-09-08|2026-09-09|2026-09-10|2026-09-11|2026-09-14|2026-09-15|2026-09-16|2026-09-17|2026-09-18|2026-09-21|2026-09-22|2026-09-23|2026-09-24|2026-09-25|2026-09-28|2026-09-29|2026-09-30|2026-10-01|2026-10-02,2026-10-03 01:05:56,0.0
Henry Schein,,2026-08-21|2026-08-24|2026-08-25|2026-08-26|2026-08-27|2026-08-28|2026-08-31|2026-09-01|2026-09-02|2026-09-03|2026-09-04|2026-09-08|2026-09-09|2026-09-10|2026-09-11|2026-09-14|2026-09-15|2026-09-16|2026-09-17|2026-09-18|2026-09-21|2026-09-22|2026-09-23|2026-09-24|2026-09-25|2026-09-28|2026-09-29|2026-09-30|2026-10-01|2026-10-02,2026-10-03 01:05:56,0.0
Ryder System,,2026-08-21|2026-08-24|2026-08-25|2026-08-26|2026-08-27|2026-08-28|2026-08-31|2026-09-01|2026-09-02|2026-09-03|2026-09-04|2026-09-08|2026-09-09|2026-09-10|2026-09-11|2026-09-14|2026-09-15|2026-09-16|2026-09-17|2026-09-18|2026-09-21|2026-09-22|2026-09-23|2026-09-24|2026-09-25|2026-09-28|2026-09-29|2026-09-30|2026-10-01|2026-10-02,2026-10-03 01:05:56,0.0
Community Health Systems,,2026-08-21|2026-08-24|2026-08-25|2026-08-26|2026-08-27|2026-08-28|2026-08-31|2026-09-01|2026-09-02|2026-09-03|2026-09-04|2026-09-08|2026-09-09|2026-09-10|2026-09-11|2026-09-14|2026-09-15|2026-09-16|2026-09-17|2026-09-18|2026-09-21|2026-09-22|2026-09-23|2026-09-24|2026-09-25|2026-09-28|2026-09-29|2026-09-30|2026-10-01|2026-10-02,2026-10-03 01:05:56,0.0
Delek US,,2026-08-21|2026-08-24|2026-08-25|2026-08-26|2026-08-27|2026-08-28|2026-08-31|2026-09-01|2026-09-02|2026-09-03|2026-09-04|2026-09-08|2026-09-09|2026-09-10|2026-09-11|2026-09-14|2026-09-15|2026-09-16|2026-09-17|2026-09-18|2026-09-21|2026-09-22|2026-09-23|2026-09-24|2026-09-25|2026-09-28|2026-09-29|2026-09-30|2026-10-01|2026-10-02,2026-10-03 01:05:56,0.0
DTE Energy,,2026-08-21|2026-08-24|2026-08-25|2026-08-26|2026-08-27|2026-08-28|2026-08-31|2026-09-01|2026-09-02|2026-09-03|2026-09-04|2026-09-08|2026-09-09|2026-09-10|2026-09-11|2026-09-14|2026-09-15|2026-09-16|2026-09-17|2026-09-18|2026-09-21|2026-09-22|2026-09-23|2026-09-24|2026-09-25|2026-09-28|2026-09-29|2026-09-30|2026-10-01|2026-10-02,2026-10-03 01:05:56,0.0
Equitable Holdings,,2026-08-21|2026-08-24|2026-08-25|2026-08-26|2026-08-27|2026-08-28|2026-08-31|2026-09-01|2026-09-02|2026-09-03|2026-09-04|2026-09-08|2026-09-09|2026-09-10|2026-09-11|2026-09-14|2026-09-15|2026-09-16|2026-09-17|2026-09-18|2026-09-21|2026-09-22|2026-09-23|2026-09-24|2026-09-25|2026-09-28|2026-09-29|2026-09-30|2026-10-01|2026-10-02,2026-10-03 01:05:56,0.0
DuPont de Nemours,,2026-08-21|2026-08-24|2026-08-25|2026-08-26|2026-08-27|2026-08-28|2026-08-31|2026-09-01|2026-09-02|2026-09-03|2026-09-04|2026-09-08|2026-09-09|2026-09-10|2026-09-11|2026-09-14|2026-09-15|2026-09-16|2026-09-17|2026-09-18|2026-09-21|2026-09-22|2026-09-23|2026-09-24|2026-09-25|2026-09-28|2026-09-29|2026-09-30|2026-10-01|2026-10-02,2026-10-03 01:05:56,0.0
LPL Financial,,2026-08-21|2026-08-24|2026-08-25|2026-08-26|2026-08-27|2026-08-28|2026-08-31|2026-09-01|2026-09-02|2026-09-03|2026-09-04|2026-09-08|2026-09-09|2026-09-10|2026-09-11|2026-09-14|2026-09-15|2026-09-16|2026-09-17|2026-09-18|2026-09-21|2026-09-22|2026-09-23|2026-09-24|2026-09-25|2026-09-28|2026-09-29|2026-09-30|2026-10-01|2026-10-02,2026-10-03 01:05:56,0.0
