company,trends_history,date_history,last_updated,avg_interest
Walmart,70|71|72|70|65|68|67|70|69|67|67|73|69|71|77|68|76|70|68|70|75|63|64|67|71|75|70|65|68|69,2026-06-03|2026-06-04|2026-06-05|2026-06-08|2026-06-09|2026-06-10|2026-06-11|2026-06-12|2026-06-15|2026-06-16|2026-06-17|2026-06-18|2026-06-22|2026-06-23|2026-06-24|2026-06-25|2026-06-26|2026-06-29|2026-06-30|2026-07-01|2026-07-02|2026-07-06|2026-07-07|2026-07-08|2026-07-09|2026-07-10|2026-07-13|2026-07-14|2026-07-15|2026-07-16,2026-07-16 23:03:48,69.5
Amazon,74|76|74|78|79|79|72|76|79|81|75|77|78|99|100|90|92|78|76|73|71|67|68|74|68|73|70|68|70|70,2026-06-03|2026-06-04|2026-06-05|2026-06-08|2026-06-09|2026-06-10|2026-06-11|2026-06-12|2026-06-15|2026-06-16|2026-06-17|2026-06-18|2026-06-22|2026-06-23|2026-06-24|2026-06-25|2026-06-26|2026-06-29|2026-06-30|2026-07-01|2026-07-02|2026-07-06|2026-07-07|2026-07-08|2026-07-09|2026-07-10|2026-07-13|2026-07-14|2026-07-15|2026-07-16,2026-07-16 23:03:53,76.8
UnitedHealth,66|100|92|85|87|69|68|66|73|85|93|84|89|100|77|46|60|82|67|86|35|36|63|74|49|46|47|77|48|88,2026-06-03|2026-06-04|2026-06-05|2026-06-08|2026-06-09|2026-06-10|2026-06-11|2026-06-12|2026-06-15|2026-06-16|2026-06-17|2026-06-18|2026-06-22|2026-06-23|2026-06-24|2026-06-25|2026-06-26|2026-06-29|2026-06-30|2026-07-01|2026-07-02|2026-07-06|2026-07-07|2026-07-08|2026-07-09|2026-07-10|2026-07-13|2026-07-14|2026-07-15|2026-07-16,2026-07-16 23:03:57,71.3
Apple,81|81|88|97|93|92|84|86|93|88|87|90|90|100|96|90|81|78|75|73|65|62|62|64|64|64|65|65|65|59,2026-06-03|2026-06-04|2026-06-05|2026-06-08|2026-06-09|2026-06-10|2026-06-11|2026-06-12|2026-06-15|2026-06-16|2026-06-17|2026-06-18|2026-06-22|2026-06-23|2026-06-24|2026-06-25|2026-06-26|2026-06-29|2026-06-30|2026-07-01|2026-07-02|2026-07-06|2026-07-07|2026-07-08|2026-07-09|2026-07-10|2026-07-13|2026-07-14|2026-07-15|2026-07-16,2026-07-16 23:04:00,79.3
CVS Health,83|83|82|86|84|100|87|84|83|82|84|97|78|89|89|88|41|48|48|49|33|35|37|37|30|24|27|26|24|25,2026-06-03|2026-06-04|2026-06-05|2026-06-08|2026-06-09|2026-06-10|2026-06-11|2026-06-12|2026-06-15|2026-06-16|2026-06-17|2026-06-18|2026-06-22|2026-06-23|2026-06-24|2026-06-25|2026-06-26|2026-06-29|2026-06-30|2026-07-01|2026-07-02|2026-07-06|2026-07-07|2026-07-08|2026-07-09|2026-07-10|2026-07-13|2026-07-14|2026-07-15|2026-07-16,2026-07-16 23:04:03,62.1
Alphabet,77|75|75|72|71|74|68|85|67|70|67|70|77|100|76|65|64|64|66|62|50|52|54|56|53|56|64|64|62|60,2026-06-03|2026-06-04|2026-06-05|2026-06-08|2026-06-09|2026-06-10|2026-06-11|2026-06-12|2026-06-15|2026-06-16|2026-06-17|2026-06-18|2026-06-22|2026-06-23|2026-06-24|2026-06-25|2026-06-26|2026-06-29|2026-06-30|2026-07-01|2026-07-02|2026-07-06|2026-07-07|2026-07-08|2026-07-09|2026-07-10|2026-07-13|2026-07-14|2026-07-15|2026-07-16,2026-07-16 23:04:07,67.2
Exxon Mobil,44|46|39|61|55|48|44|44|57|65|49|43|48|65|55|56|47|33|72|100|86|85|79|67|55|54|46|46|43|38,2026-06-03|2026-06-04|2026-06-05|2026-06-08|2026-06-09|2026-06-10|2026-06-11|2026-06-12|2026-06-15|2026-06-16|2026-06-17|2026-06-18|2026-06-22|2026-06-23|2026-06-24|2026-06-25|2026-06-26|2026-06-29|2026-06-30|2026-07-01|2026-07-02|2026-07-06|2026-07-07|2026-07-08|2026-07-09|2026-07-10|2026-07-13|2026-07-14|2026-07-15|2026-07-16,2026-07-16 23:04:11,55.7
McKesson,75|66|62|65|75|81|62|59|64|72|100|72|65|66|71|78|61|61|65|61|45|47|51|58|50|46|47|53|51|51,2026-06-03|2026-06-04|2026-06-05|2026-06-08|2026-06-09|2026-06-10|2026-06-11|2026-06-12|2026-06-15|2026-06-16|2026-06-17|2026-06-18|2026-06-22|2026-06-23|2026-06-24|2026-06-25|2026-06-26|2026-06-29|2026-06-30|2026-07-01|2026-07-02|2026-07-06|2026-07-07|2026-07-08|2026-07-09|2026-07-10|2026-07-13|2026-07-14|2026-07-15|2026-07-16,2026-07-16 23:04:14,62.7
Cencora,82|64|58|100|61|81|77|60|47|68|69|61|63|66|67|49|45|48|50|52|46|45|53|59|57|49|51|60|54|59,2026-06-03|2026-06-04|2026-06-05|2026-06-08|2026-06-09|2026-06-10|2026-06-11|2026-06-12|2026-06-15|2026-06-16|2026-06-17|2026-06-18|2026-06-22|2026-06-23|2026-06-24|2026-06-25|2026-06-26|2026-06-29|2026-06-30|2026-07-01|2026-07-02|2026-07-06|2026-07-07|2026-07-08|2026-07-09|2026-07-10|2026-07-13|2026-07-14|2026-07-15|2026-07-16,2026-07-16 23:04:17,60.0
JPMorgan Chase,48|57|54|62|73|63|63|64|58|67|59|59|58|90|100|63|49|60|66|59|33|38|35|42|37|38|39|44|39|34,2026-06-03|2026-06-04|2026-06-05|2026-06-08|2026-06-09|2026-06-10|2026-06-11|2026-06-12|2026-06-15|2026-06-16|2026-06-17|2026-06-18|2026-06-22|2026-06-23|2026-06-24|2026-06-25|2026-06-26|2026-06-29|2026-06-30|2026-07-01|2026-07-02|2026-07-06|2026-07-07|2026-07-08|2026-07-09|2026-07-10|2026-07-13|2026-07-14|2026-07-15|2026-07-16,2026-07-16 23:04:21,55.0
Costco,70|71|73|79|68|73|67|70|71|73|67|73|67|67|71|68|73|74|76|73|79|66|68|70|74|77|71|65|69|72,2026-06-03|2026-06-04|2026-06-05|2026-06-08|2026-06-09|2026-06-10|2026-06-11|2026-06-12|2026-06-15|2026-06-16|2026-06-17|2026-06-18|2026-06-22|2026-06-23|2026-06-24|2026-06-25|2026-06-26|2026-06-29|2026-06-30|2026-07-01|2026-07-02|2026-07-06|2026-07-07|2026-07-08|2026-07-09|2026-07-10|2026-07-13|2026-07-14|2026-07-15|2026-07-16,2026-07-16 23:04:24,71.2
Cigna,90|85|77|88|88|92|78|69|86|89|100|78|83|74|86|80|77|89|92|91|75|87|90|88|81|70|87|81|84|83,2026-06-03|2026-06-04|2026-06-05|2026-06-08|2026-06-09|2026-06-10|2026-06-11|2026-06-12|2026-06-15|2026-06-16|2026-06-17|2026-06-18|2026-06-22|2026-06-23|2026-06-24|2026-06-25|2026-06-26|2026-06-29|2026-06-30|2026-07-01|2026-07-02|2026-07-06|2026-07-07|2026-07-08|2026-07-09|2026-07-10|2026-07-13|2026-07-14|2026-07-15|2026-07-16,2026-07-16 23:04:27,83.9
Microsoft,86|87|86|99|94|88|86|90|96|95|85|92|97|95|100|67|72|79|84|81|54|61|58|64|60|57|61|64|59|54,2026-06-03|2026-06-04|2026-06-05|2026-06-08|2026-06-09|2026-06-10|2026-06-11|2026-06-12|2026-06-15|2026-06-16|2026-06-17|2026-06-18|2026-06-22|2026-06-23|2026-06-24|2026-06-25|2026-06-26|2026-06-29|2026-06-30|2026-07-01|2026-07-02|2026-07-06|2026-07-07|2026-07-08|2026-07-09|2026-07-10|2026-07-13|2026-07-14|2026-07-15|2026-07-16,2026-07-16 23:04:31,78.4
Cardinal Health,80|89|64|84|91|100|86|70|88|98|91|81|68|76|94|80|66|78|83|90|58|66|69|77|68|61|67|63|75|68,2026-06-03|2026-06-04|2026-06-05|2026-06-08|2026-06-09|2026-06-10|2026-06-11|2026-06-12|2026-06-15|2026-06-16|2026-06-17|2026-06-18|2026-06-22|2026-06-23|2026-06-24|2026-06-25|2026-06-26|2026-06-29|2026-06-30|2026-07-01|2026-07-02|2026-07-06|2026-07-07|2026-07-08|2026-07-09|2026-07-10|2026-07-13|2026-07-14|2026-07-15|2026-07-16,2026-07-16 23:04:35,77.6
Chevron,81|77|84|87|81|89|83|83|86|100|80|86|95|90|82|83|71|76|73|69|63|58|57|72|68|65|62|64|58|60,2026-06-03|2026-06-04|2026-06-05|2026-06-08|2026-06-09|2026-06-10|2026-06-11|2026-06-12|2026-06-15|2026-06-16|2026-06-17|2026-06-18|2026-06-22|2026-06-23|2026-06-24|2026-06-25|2026-06-26|2026-06-29|2026-06-30|2026-07-01|2026-07-02|2026-07-06|2026-07-07|2026-07-08|2026-07-09|2026-07-10|2026-07-13|2026-07-14|2026-07-15|2026-07-16,2026-07-16 23:04:39,76.1
Bank of America,83|80|84|83|83|100|78|90|80|83|79|80|81|72|77|73|82|81|83|87|88|82|78|78|73|80|75|74|71|74,2026-06-03|2026-06-04|2026-06-05|2026-06-08|2026-06-09|2026-06-10|2026-06-11|2026-06-12|2026-06-15|2026-06-16|2026-06-17|2026-06-18|2026-06-22|2026-06-23|2026-06-24|2026-06-25|2026-06-26|2026-06-29|2026-06-30|2026-07-01|2026-07-02|2026-07-06|2026-07-07|2026-07-08|2026-07-09|2026-07-10|2026-07-13|2026-07-14|2026-07-15|2026-07-16,2026-07-16 23:04:42,80.4
General Motors,56|48|56|61|56|77|64|61|73|91|100|70|80|62|62|56|54|56|55|59|56|42|50|48|44|46|42|40|44|43,2026-06-03|2026-06-04|2026-06-05|2026-06-08|2026-06-09|2026-06-10|2026-06-11|2026-06-12|2026-06-15|2026-06-16|2026-06-17|2026-06-18|2026-06-22|2026-06-23|2026-06-24|2026-06-25|2026-06-26|2026-06-29|2026-06-30|2026-07-01|2026-07-02|2026-07-06|2026-07-07|2026-07-08|2026-07-09|2026-07-10|2026-07-13|2026-07-14|2026-07-15|2026-07-16,2026-07-16 23:04:45,58.4
Ford Motor,88|92|95|89|100|94|92|86|94|91|95|91|88|89|89|94|96|80|81|77|76|70|77|81|75|79|75|73|73|74,2026-06-03|2026-06-04|2026-06-05|2026-06-08|2026-06-09|2026-06-10|2026-06-11|2026-06-12|2026-06-15|2026-06-16|2026-06-17|2026-06-18|2026-06-22|2026-06-23|2026-06-24|2026-06-25|2026-06-26|2026-06-29|2026-06-30|2026-07-01|2026-07-02|2026-07-06|2026-07-07|2026-07-08|2026-07-09|2026-07-10|2026-07-13|2026-07-14|2026-07-15|2026-07-16,2026-07-16 23:04:48,85.1
Elevance Health,93|84|60|55|75|68|77|54|56|58|100|79|68|61|81|76|44|62|63|72|47|54|54|66|58|47|53|54|75|59,2026-06-03|2026-06-04|2026-06-05|2026-06-08|2026-06-09|2026-06-10|2026-06-11|2026-06-12|2026-06-15|2026-06-16|2026-06-17|2026-06-18|2026-06-22|2026-06-23|2026-06-24|2026-06-25|2026-06-26|2026-06-29|2026-06-30|2026-07-01|2026-07-02|2026-07-06|2026-07-07|2026-07-08|2026-07-09|2026-07-10|2026-07-13|2026-07-14|2026-07-15|2026-07-16,2026-07-16 23:04:51,65.1
Citigroup,28|42|37|45|40|55|50|45|50|64|100|50|44|59|55|27|40|50|33|46|27|33|30|33|31|30|51|74|41|27,2026-06-03|2026-06-04|2026-06-05|2026-06-08|2026-06-09|2026-06-10|2026-06-11|2026-06-12|2026-06-15|2026-06-16|2026-06-17|2026-06-18|2026-06-22|2026-06-23|2026-06-24|2026-06-25|2026-06-26|2026-06-29|2026-06-30|2026-07-01|2026-07-02|2026-07-06|2026-07-07|2026-07-08|2026-07-09|2026-07-10|2026-07-13|2026-07-14|2026-07-15|2026-07-16,2026-07-16 23:04:54,44.6
Meta Platforms,48|50|61|70|71|71|68|82|63|91|67|84|66|83|100|42|46|53|68|81|33|22|20|25|25|35|29|24|20|16,2026-06-03|2026-06-04|2026-06-05|2026-06-08|2026-06-09|2026-06-10|2026-06-11|2026-06-12|2026-06-15|2026-06-16|2026-06-17|2026-06-18|2026-06-22|2026-06-23|2026-06-24|2026-06-25|2026-06-26|2026-06-29|2026-06-30|2026-07-01|2026-07-02|2026-07-06|2026-07-07|2026-07-08|2026-07-09|2026-07-10|2026-07-13|2026-07-14|2026-07-15|2026-07-16,2026-07-16 23:04:58,53.8
Centene,21|21|18|23|20|21|14|16|46|100|66|45|27|26|27|26|23|30|22|24|21|19|22|22|21|19|19|21|21|19,2026-06-03|2026-06-04|2026-06-05|2026-06-08|2026-06-09|2026-06-10|2026-06-11|2026-06-12|2026-06-15|2026-06-16|2026-06-17|2026-06-18|2026-06-22|2026-06-23|2026-06-24|2026-06-25|2026-06-26|2026-06-29|2026-06-30|2026-07-01|2026-07-02|2026-07-06|2026-07-07|2026-07-08|2026-07-09|2026-07-10|2026-07-13|2026-07-14|2026-07-15|2026-07-16,2026-07-16 23:05:01,27.3
Home Depot,80|79|80|80|75|77|72|79|77|76|77|77|75|72|76|80|82|90|81|79|81|72|73|76|71|71|71|68|69|69,2026-06-03|2026-06-04|2026-06-05|2026-06-08|2026-06-09|2026-06-10|2026-06-11|2026-06-12|2026-06-15|2026-06-16|2026-06-17|2026-06-18|2026-06-22|2026-06-23|2026-06-24|2026-06-25|2026-06-26|2026-06-29|2026-06-30|2026-07-01|2026-07-02|2026-07-06|2026-07-07|2026-07-08|2026-07-09|2026-07-10|2026-07-13|2026-07-14|2026-07-15|2026-07-16,2026-07-16 23:05:04,76.2
Fannie Mae,95|85|86|88|81|85|85|73|85|94|79|85|82|79|100|67|85|77|86|78|48|46|51|69|59|51|55|57|63|48,2026-06-03|2026-06-04|2026-06-05|2026-06-08|2026-06-09|2026-06-10|2026-06-11|2026-06-12|2026-06-15|2026-06-16|2026-06-17|2026-06-18|2026-06-22|2026-06-23|2026-06-24|2026-06-25|2026-06-26|2026-06-29|2026-06-30|2026-07-01|2026-07-02|2026-07-06|2026-07-07|2026-07-08|2026-07-09|2026-07-10|2026-07-13|2026-07-14|2026-07-15|2026-07-16,2026-07-16 23:05:08,74.1
Kroger,62|59|63|59|62|64|59|61|57|60|63|61|58|52|62|67|65|60|67|99|84|61|65|70|64|66|62|64|87|75,2026-06-03|2026-06-04|2026-06-05|2026-06-08|2026-06-09|2026-06-10|2026-06-11|2026-06-12|2026-06-15|2026-06-16|2026-06-17|2026-06-18|2026-06-22|2026-06-23|2026-06-24|2026-06-25|2026-06-26|2026-06-29|2026-06-30|2026-07-01|2026-07-02|2026-07-06|2026-07-07|2026-07-08|2026-07-09|2026-07-10|2026-07-13|2026-07-14|2026-07-15|2026-07-16,2026-07-16 23:05:11,65.3
Phillips 66,25|25|22|30|30|37|27|28|28|31|100|26|34|29|30|24|22|25|19|21|21|20|23|27|27|24|21|21|21|21,2026-06-03|2026-06-04|2026-06-05|2026-06-08|2026-06-09|2026-06-10|2026-06-11|2026-06-12|2026-06-15|2026-06-16|2026-06-17|2026-06-18|2026-06-22|2026-06-23|2026-06-24|2026-06-25|2026-06-26|2026-06-29|2026-06-30|2026-07-01|2026-07-02|2026-07-06|2026-07-07|2026-07-08|2026-07-09|2026-07-10|2026-07-13|2026-07-14|2026-07-15|2026-07-16,2026-07-16 23:05:14,28.0
Marathon Petroleum,11|14|15|14|15|17|14|11|14|13|100|13|11|19|18|12|20|8|15|13|8|8|11|12|11|11|12|12|11|10,2026-06-03|2026-06-04|2026-06-05|2026-06-08|2026-06-09|2026-06-10|2026-06-11|2026-06-12|2026-06-15|2026-06-16|2026-06-17|2026-06-18|2026-06-22|2026-06-23|2026-06-24|2026-06-25|2026-06-26|2026-06-29|2026-06-30|2026-07-01|2026-07-02|2026-07-06|2026-07-07|2026-07-08|2026-07-09|2026-07-10|2026-07-13|2026-07-14|2026-07-15|2026-07-16,2026-07-16 23:05:17,15.8
Verizon,,2026-06-03|2026-06-04|2026-06-05|2026-06-08|2026-06-09|2026-06-10|2026-06-11|2026-06-12|2026-06-15|2026-06-16|2026-06-17|2026-06-18|2026-06-22|2026-06-23|2026-06-24|2026-06-25|2026-06-26|2026-06-29|2026-06-30|2026-07-01|2026-07-02|2026-07-06|2026-07-07|2026-07-08|2026-07-09|2026-07-10|2026-07-13|2026-07-14|2026-07-15|2026-07-16,2026-07-16 23:05:51,0.0
Nvidia,92|87|90|100|90|89|82|82|89|87|72|71|80|84|85|67|76|77|74|70|46|47|46|50|52|48|46|47|45|40,2026-06-03|2026-06-04|2026-06-05|2026-06-08|2026-06-09|2026-06-10|2026-06-11|2026-06-12|2026-06-15|2026-06-16|2026-06-17|2026-06-18|2026-06-22|2026-06-23|2026-06-24|2026-06-25|2026-06-26|2026-06-29|2026-06-30|2026-07-01|2026-07-02|2026-07-06|2026-07-07|2026-07-08|2026-07-09|2026-07-10|2026-07-13|2026-07-14|2026-07-15|2026-07-16,2026-07-16 23:06:02,70.4
Goldman Sachs,73|76|72|97|90|89|82|96|81|89|90|78|77|100|95|57|67|72|75|82|54|55|54|58|60|56|62|73|62|52,2026-06-03|2026-06-04|2026-06-05|2026-06-08|2026-06-09|2026-06-10|2026-06-11|2026-06-12|2026-06-15|2026-06-16|2026-06-17|2026-06-18|2026-06-22|2026-06-23|2026-06-24|2026-06-25|2026-06-26|2026-06-29|2026-06-30|2026-07-01|2026-07-02|2026-07-06|2026-07-07|2026-07-08|2026-07-09|2026-07-10|2026-07-13|2026-07-14|2026-07-15|2026-07-16,2026-07-16 23:06:04,74.1
Wells Fargo,88|90|89|86|82|91|79|82|82|92|85|87|84|77|79|83|84|91|93|100|97|83|84|87|81|92|81|80|83|87,2026-06-03|2026-06-04|2026-06-05|2026-06-08|2026-06-09|2026-06-10|2026-06-11|2026-06-12|2026-06-15|2026-06-16|2026-06-17|2026-06-18|2026-06-22|2026-06-23|2026-06-24|2026-06-25|2026-06-26|2026-06-29|2026-06-30|2026-07-01|2026-07-02|2026-07-06|2026-07-07|2026-07-08|2026-07-09|2026-07-10|2026-07-13|2026-07-14|2026-07-15|2026-07-16,2026-07-16 23:06:18,86.0
Valero Energy,10|0|0|0|9|0|0|0|9|0|100|0|0|11|12|9|0|0|0|9|4|2|4|4|4|5|4|5|5|3,2026-06-03|2026-06-04|2026-06-05|2026-06-08|2026-06-09|2026-06-10|2026-06-11|2026-06-12|2026-06-15|2026-06-16|2026-06-17|2026-06-18|2026-06-22|2026-06-23|2026-06-24|2026-06-25|2026-06-26|2026-06-29|2026-06-30|2026-07-01|2026-07-02|2026-07-06|2026-07-07|2026-07-08|2026-07-09|2026-07-10|2026-07-13|2026-07-14|2026-07-15|2026-07-16,2026-07-16 23:06:22,7.0
Comcast,,2026-06-03|2026-06-04|2026-06-05|2026-06-08|2026-06-09|2026-06-10|2026-06-11|2026-06-12|2026-06-15|2026-06-16|2026-06-17|2026-06-18|2026-06-22|2026-06-23|2026-06-24|2026-06-25|2026-06-26|2026-06-29|2026-06-30|2026-07-01|2026-07-02|2026-07-06|2026-07-07|2026-07-08|2026-07-09|2026-07-10|2026-07-13|2026-07-14|2026-07-15|2026-07-16,2026-07-16 23:06:56,0.0
AT&T,,2026-06-03|2026-06-04|2026-06-05|2026-06-08|2026-06-09|2026-06-10|2026-06-11|2026-06-12|2026-06-15|2026-06-16|2026-06-17|2026-06-18|2026-06-22|2026-06-23|2026-06-24|2026-06-25|2026-06-26|2026-06-29|2026-06-30|2026-07-01|2026-07-02|2026-07-06|2026-07-07|2026-07-08|2026-07-09|2026-07-10|2026-07-13|2026-07-14|2026-07-15|2026-07-16,2026-07-16 23:07:38,0.0
Freddie Mac,,2026-06-03|2026-06-04|2026-06-05|2026-06-08|2026-06-09|2026-06-10|2026-06-11|2026-06-12|2026-06-15|2026-06-16|2026-06-17|2026-06-18|2026-06-22|2026-06-23|2026-06-24|2026-06-25|2026-06-26|2026-06-29|2026-06-30|2026-07-01|2026-07-02|2026-07-06|2026-07-07|2026-07-08|2026-07-09|2026-07-10|2026-07-13|2026-07-14|2026-07-15|2026-07-16,2026-07-16 23:07:48,0.0
Humana,,2026-06-03|2026-06-04|2026-06-05|2026-06-08|2026-06-09|2026-06-10|2026-06-11|2026-06-12|2026-06-15|2026-06-16|2026-06-17|2026-06-18|2026-06-22|2026-06-23|2026-06-24|2026-06-25|2026-06-26|2026-06-29|2026-06-30|2026-07-01|2026-07-02|2026-07-06|2026-07-07|2026-07-08|2026-07-09|2026-07-10|2026-07-13|2026-07-14|2026-07-15|2026-07-16,2026-07-16 23:07:48,0.0
Morgan Stanley,,2026-06-03|2026-06-04|2026-06-05|2026-06-08|2026-06-09|2026-06-10|2026-06-11|2026-06-12|2026-06-15|2026-06-16|2026-06-17|2026-06-18|2026-06-22|2026-06-23|2026-06-24|2026-06-25|2026-06-26|2026-06-29|2026-06-30|2026-07-01|2026-07-02|2026-07-06|2026-07-07|2026-07-08|2026-07-09|2026-07-10|2026-07-13|2026-07-14|2026-07-15|2026-07-16,2026-07-16 23:07:48,0.0
Target Corporation,,2026-06-03|2026-06-04|2026-06-05|2026-06-08|2026-06-09|2026-06-10|2026-06-11|2026-06-12|2026-06-15|2026-06-16|2026-06-17|2026-06-18|2026-06-22|2026-06-23|2026-06-24|2026-06-25|2026-06-26|2026-06-29|2026-06-30|2026-07-01|2026-07-02|2026-07-06|2026-07-07|2026-07-08|2026-07-09|2026-07-10|2026-07-13|2026-07-14|2026-07-15|2026-07-16,2026-07-16 23:07:48,0.0
StoneX Group,,2026-06-03|2026-06-04|2026-06-05|2026-06-08|2026-06-09|2026-06-10|2026-06-11|2026-06-12|2026-06-15|2026-06-16|2026-06-17|2026-06-18|2026-06-22|2026-06-23|2026-06-24|2026-06-25|2026-06-26|2026-06-29|2026-06-30|2026-07-01|2026-07-02|2026-07-06|2026-07-07|2026-07-08|2026-07-09|2026-07-10|2026-07-13|2026-07-14|2026-07-15|2026-07-16,2026-07-16 23:07:48,0.0
Tesla,,2026-06-03|2026-06-04|2026-06-05|2026-06-08|2026-06-09|2026-06-10|2026-06-11|2026-06-12|2026-06-15|2026-06-16|2026-06-17|2026-06-18|2026-06-22|2026-06-23|2026-06-24|2026-06-25|2026-06-26|2026-06-29|2026-06-30|2026-07-01|2026-07-02|2026-07-06|2026-07-07|2026-07-08|2026-07-09|2026-07-10|2026-07-13|2026-07-14|2026-07-15|2026-07-16,2026-07-16 23:07:48,0.0
Dell Technologies,,2026-06-03|2026-06-04|2026-06-05|2026-06-08|2026-06-09|2026-06-10|2026-06-11|2026-06-12|2026-06-15|2026-06-16|2026-06-17|2026-06-18|2026-06-22|2026-06-23|2026-06-24|2026-06-25|2026-06-26|2026-06-29|2026-06-30|2026-07-01|2026-07-02|2026-07-06|2026-07-07|2026-07-08|2026-07-09|2026-07-10|2026-07-13|2026-07-14|2026-07-15|2026-07-16,2026-07-16 23:07:48,0.0
PepsiCo,,2026-06-03|2026-06-04|2026-06-05|2026-06-08|2026-06-09|2026-06-10|2026-06-11|2026-06-12|2026-06-15|2026-06-16|2026-06-17|2026-06-18|2026-06-22|2026-06-23|2026-06-24|2026-06-25|2026-06-26|2026-06-29|2026-06-30|2026-07-01|2026-07-02|2026-07-06|2026-07-07|2026-07-08|2026-07-09|2026-07-10|2026-07-13|2026-07-14|2026-07-15|2026-07-16,2026-07-16 23:07:48,0.0
Disney,,2026-06-03|2026-06-04|2026-06-05|2026-06-08|2026-06-09|2026-06-10|2026-06-11|2026-06-12|2026-06-15|2026-06-16|2026-06-17|2026-06-18|2026-06-22|2026-06-23|2026-06-24|2026-06-25|2026-06-26|2026-06-29|2026-06-30|2026-07-01|2026-07-02|2026-07-06|2026-07-07|2026-07-08|2026-07-09|2026-07-10|2026-07-13|2026-07-14|2026-07-15|2026-07-16,2026-07-16 23:07:48,0.0
UPS,,2026-06-03|2026-06-04|2026-06-05|2026-06-08|2026-06-09|2026-06-10|2026-06-11|2026-06-12|2026-06-15|2026-06-16|2026-06-17|2026-06-18|2026-06-22|2026-06-23|2026-06-24|2026-06-25|2026-06-26|2026-06-29|2026-06-30|2026-07-01|2026-07-02|2026-07-06|2026-07-07|2026-07-08|2026-07-09|2026-07-10|2026-07-13|2026-07-14|2026-07-15|2026-07-16,2026-07-16 23:07:48,0.0
Johnson & Johnson,,2026-06-03|2026-06-04|2026-06-05|2026-06-08|2026-06-09|2026-06-10|2026-06-11|2026-06-12|2026-06-15|2026-06-16|2026-06-17|2026-06-18|2026-06-22|2026-06-23|2026-06-24|2026-06-25|2026-06-26|2026-06-29|2026-06-30|2026-07-01|2026-07-02|2026-07-06|2026-07-07|2026-07-08|2026-07-09|2026-07-10|2026-07-13|2026-07-14|2026-07-15|2026-07-16,2026-07-16 23:07:48,0.0
FedEx,,2026-06-03|2026-06-04|2026-06-05|2026-06-08|2026-06-09|2026-06-10|2026-06-11|2026-06-12|2026-06-15|2026-06-16|2026-06-17|2026-06-18|2026-06-22|2026-06-23|2026-06-24|2026-06-25|2026-06-26|2026-06-29|2026-06-30|2026-07-01|2026-07-02|2026-07-06|2026-07-07|2026-07-08|2026-07-09|2026-07-10|2026-07-13|2026-07-14|2026-07-15|2026-07-16,2026-07-16 23:07:48,0.0
Archer Daniels Midland,,2026-06-03|2026-06-04|2026-06-05|2026-06-08|2026-06-09|2026-06-10|2026-06-11|2026-06-12|2026-06-15|2026-06-16|2026-06-17|2026-06-18|2026-06-22|2026-06-23|2026-06-24|2026-06-25|2026-06-26|2026-06-29|2026-06-30|2026-07-01|2026-07-02|2026-07-06|2026-07-07|2026-07-08|2026-07-09|2026-07-10|2026-07-13|2026-07-14|2026-07-15|2026-07-16,2026-07-16 23:07:48,0.0
Procter & Gamble,,2026-06-03|2026-06-04|2026-06-05|2026-06-08|2026-06-09|2026-06-10|2026-06-11|2026-06-12|2026-06-15|2026-06-16|2026-06-17|2026-06-18|2026-06-22|2026-06-23|2026-06-24|2026-06-25|2026-06-26|2026-06-29|2026-06-30|2026-07-01|2026-07-02|2026-07-06|2026-07-07|2026-07-08|2026-07-09|2026-07-10|2026-07-13|2026-07-14|2026-07-15|2026-07-16,2026-07-16 23:07:48,0.0
Lowe's,,2026-06-03|2026-06-04|2026-06-05|2026-06-08|2026-06-09|2026-06-10|2026-06-11|2026-06-12|2026-06-15|2026-06-16|2026-06-17|2026-06-18|2026-06-22|2026-06-23|2026-06-24|2026-06-25|2026-06-26|2026-06-29|2026-06-30|2026-07-01|2026-07-02|2026-07-06|2026-07-07|2026-07-08|2026-07-09|2026-07-10|2026-07-13|2026-07-14|2026-07-15|2026-07-16,2026-07-16 23:07:48,0.0
Energy Transfer,,2026-06-03|2026-06-04|2026-06-05|2026-06-08|2026-06-09|2026-06-10|2026-06-11|2026-06-12|2026-06-15|2026-06-16|2026-06-17|2026-06-18|2026-06-22|2026-06-23|2026-06-24|2026-06-25|2026-06-26|2026-06-29|2026-06-30|2026-07-01|2026-07-02|2026-07-06|2026-07-07|2026-07-08|2026-07-09|2026-07-10|2026-07-13|2026-07-14|2026-07-15|2026-07-16,2026-07-16 23:07:48,0.0
RTX,,2026-06-03|2026-06-04|2026-06-05|2026-06-08|2026-06-09|2026-06-10|2026-06-11|2026-06-12|2026-06-15|2026-06-16|2026-06-17|2026-06-18|2026-06-22|2026-06-23|2026-06-24|2026-06-25|2026-06-26|2026-06-29|2026-06-30|2026-07-01|2026-07-02|2026-07-06|2026-07-07|2026-07-08|2026-07-09|2026-07-10|2026-07-13|2026-07-14|2026-07-15|2026-07-16,2026-07-16 23:07:48,0.0
Albertsons,,2026-06-03|2026-06-04|2026-06-05|2026-06-08|2026-06-09|2026-06-10|2026-06-11|2026-06-12|2026-06-15|2026-06-16|2026-06-17|2026-06-18|2026-06-22|2026-06-23|2026-06-24|2026-06-25|2026-06-26|2026-06-29|2026-06-30|2026-07-01|2026-07-02|2026-07-06|2026-07-07|2026-07-08|2026-07-09|2026-07-10|2026-07-13|2026-07-14|2026-07-15|2026-07-16,2026-07-16 23:07:48,0.0
Sysco,,2026-06-03|2026-06-04|2026-06-05|2026-06-08|2026-06-09|2026-06-10|2026-06-11|2026-06-12|2026-06-15|2026-06-16|2026-06-17|2026-06-18|2026-06-22|2026-06-23|2026-06-24|2026-06-25|2026-06-26|2026-06-29|2026-06-30|2026-07-01|2026-07-02|2026-07-06|2026-07-07|2026-07-08|2026-07-09|2026-07-10|2026-07-13|2026-07-14|2026-07-15|2026-07-16,2026-07-16 23:07:48,0.0
Progressive Insurance,,2026-06-03|2026-06-04|2026-06-05|2026-06-08|2026-06-09|2026-06-10|2026-06-11|2026-06-12|2026-06-15|2026-06-16|2026-06-17|2026-06-18|2026-06-22|2026-06-23|2026-06-24|2026-06-25|2026-06-26|2026-06-29|2026-06-30|2026-07-01|2026-07-02|2026-07-06|2026-07-07|2026-07-08|2026-07-09|2026-07-10|2026-07-13|2026-07-14|2026-07-15|2026-07-16,2026-07-16 23:07:48,0.0
American Express,,2026-06-03|2026-06-04|2026-06-05|2026-06-08|2026-06-09|2026-06-10|2026-06-11|2026-06-12|2026-06-15|2026-06-16|2026-06-17|2026-06-18|2026-06-22|2026-06-23|2026-06-24|2026-06-25|2026-06-26|2026-06-29|2026-06-30|2026-07-01|2026-07-02|2026-07-06|2026-07-07|2026-07-08|2026-07-09|2026-07-10|2026-07-13|2026-07-14|2026-07-15|2026-07-16,2026-07-16 23:07:48,0.0
Lockheed Martin,,2026-06-03|2026-06-04|2026-06-05|2026-06-08|2026-06-09|2026-06-10|2026-06-11|2026-06-12|2026-06-15|2026-06-16|2026-06-17|2026-06-18|2026-06-22|2026-06-23|2026-06-24|2026-06-25|2026-06-26|2026-06-29|2026-06-30|2026-07-01|2026-07-02|2026-07-06|2026-07-07|2026-07-08|2026-07-09|2026-07-10|2026-07-13|2026-07-14|2026-07-15|2026-07-16,2026-07-16 23:07:48,0.0
MetLife Inc,,2026-06-03|2026-06-04|2026-06-05|2026-06-08|2026-06-09|2026-06-10|2026-06-11|2026-06-12|2026-06-15|2026-06-16|2026-06-17|2026-06-18|2026-06-22|2026-06-23|2026-06-24|2026-06-25|2026-06-26|2026-06-29|2026-06-30|2026-07-01|2026-07-02|2026-07-06|2026-07-07|2026-07-08|2026-07-09|2026-07-10|2026-07-13|2026-07-14|2026-07-15|2026-07-16,2026-07-16 23:07:48,0.0
HCA Healthcare,,2026-06-03|2026-06-04|2026-06-05|2026-06-08|2026-06-09|2026-06-10|2026-06-11|2026-06-12|2026-06-15|2026-06-16|2026-06-17|2026-06-18|2026-06-22|2026-06-23|2026-06-24|2026-06-25|2026-06-26|2026-06-29|2026-06-30|2026-07-01|2026-07-02|2026-07-06|2026-07-07|2026-07-08|2026-07-09|2026-07-10|2026-07-13|2026-07-14|2026-07-15|2026-07-16,2026-07-16 23:07:48,0.0
Prudential Financial,,2026-06-03|2026-06-04|2026-06-05|2026-06-08|2026-06-09|2026-06-10|2026-06-11|2026-06-12|2026-06-15|2026-06-16|2026-06-17|2026-06-18|2026-06-22|2026-06-23|2026-06-24|2026-06-25|2026-06-26|2026-06-29|2026-06-30|2026-07-01|2026-07-02|2026-07-06|2026-07-07|2026-07-08|2026-07-09|2026-07-10|2026-07-13|2026-07-14|2026-07-15|2026-07-16,2026-07-16 23:07:48,0.0
Boeing,,2026-06-03|2026-06-04|2026-06-05|2026-06-08|2026-06-09|2026-06-10|2026-06-11|2026-06-12|2026-06-15|2026-06-16|2026-06-17|2026-06-18|2026-06-22|2026-06-23|2026-06-24|2026-06-25|2026-06-26|2026-06-29|2026-06-30|2026-07-01|2026-07-02|2026-07-06|2026-07-07|2026-07-08|2026-07-09|2026-07-10|2026-07-13|2026-07-14|2026-07-15|2026-07-16,2026-07-16 23:07:48,0.0
Caterpillar,,2026-06-03|2026-06-04|2026-06-05|2026-06-08|2026-06-09|2026-06-10|2026-06-11|2026-06-12|2026-06-15|2026-06-16|2026-06-17|2026-06-18|2026-06-22|2026-06-23|2026-06-24|2026-06-25|2026-06-26|2026-06-29|2026-06-30|2026-07-01|2026-07-02|2026-07-06|2026-07-07|2026-07-08|2026-07-09|2026-07-10|2026-07-13|2026-07-14|2026-07-15|2026-07-16,2026-07-16 23:07:48,0.0
Merck,,2026-06-03|2026-06-04|2026-06-05|2026-06-08|2026-06-09|2026-06-10|2026-06-11|2026-06-12|2026-06-15|2026-06-16|2026-06-17|2026-06-18|2026-06-22|2026-06-23|2026-06-24|2026-06-25|2026-06-26|2026-06-29|2026-06-30|2026-07-01|2026-07-02|2026-07-06|2026-07-07|2026-07-08|2026-07-09|2026-07-10|2026-07-13|2026-07-14|2026-07-15|2026-07-16,2026-07-16 23:07:48,0.0
Allstate,,2026-06-03|2026-06-04|2026-06-05|2026-06-08|2026-06-09|2026-06-10|2026-06-11|2026-06-12|2026-06-15|2026-06-16|2026-06-17|2026-06-18|2026-06-22|2026-06-23|2026-06-24|2026-06-25|2026-06-26|2026-06-29|2026-06-30|2026-07-01|2026-07-02|2026-07-06|2026-07-07|2026-07-08|2026-07-09|2026-07-10|2026-07-13|2026-07-14|2026-07-15|2026-07-16,2026-07-16 23:07:48,0.0
Pfizer,,2026-06-03|2026-06-04|2026-06-05|2026-06-08|2026-06-09|2026-06-10|2026-06-11|2026-06-12|2026-06-15|2026-06-16|2026-06-17|2026-06-18|2026-06-22|2026-06-23|2026-06-24|2026-06-25|2026-06-26|2026-06-29|2026-06-30|2026-07-01|2026-07-02|2026-07-06|2026-07-07|2026-07-08|2026-07-09|2026-07-10|2026-07-13|2026-07-14|2026-07-15|2026-07-16,2026-07-16 23:07:48,0.0
IBM,,2026-06-03|2026-06-04|2026-06-05|2026-06-08|2026-06-09|2026-06-10|2026-06-11|2026-06-12|2026-06-15|2026-06-16|2026-06-17|2026-06-18|2026-06-22|2026-06-23|2026-06-24|2026-06-25|2026-06-26|2026-06-29|2026-06-30|2026-07-01|2026-07-02|2026-07-06|2026-07-07|2026-07-08|2026-07-09|2026-07-10|2026-07-13|2026-07-14|2026-07-15|2026-07-16,2026-07-16 23:07:48,0.0
Delta Air Lines,,2026-06-03|2026-06-04|2026-06-05|2026-06-08|2026-06-09|2026-06-10|2026-06-11|2026-06-12|2026-06-15|2026-06-16|2026-06-17|2026-06-18|2026-06-22|2026-06-23|2026-06-24|2026-06-25|2026-06-26|2026-06-29|2026-06-30|2026-07-01|2026-07-02|2026-07-06|2026-07-07|2026-07-08|2026-07-09|2026-07-10|2026-07-13|2026-07-14|2026-07-15|2026-07-16,2026-07-16 23:07:48,0.0
Publix Super Markets,,2026-06-03|2026-06-04|2026-06-05|2026-06-08|2026-06-09|2026-06-10|2026-06-11|2026-06-12|2026-06-15|2026-06-16|2026-06-17|2026-06-18|2026-06-22|2026-06-23|2026-06-24|2026-06-25|2026-06-26|2026-06-29|2026-06-30|2026-07-01|2026-07-02|2026-07-06|2026-07-07|2026-07-08|2026-07-09|2026-07-10|2026-07-13|2026-07-14|2026-07-15|2026-07-16,2026-07-16 23:07:48,0.0
TD Synnex,,2026-06-03|2026-06-04|2026-06-05|2026-06-08|2026-06-09|2026-06-10|2026-06-11|2026-06-12|2026-06-15|2026-06-16|2026-06-17|2026-06-18|2026-06-22|2026-06-23|2026-06-24|2026-06-25|2026-06-26|2026-06-29|2026-06-30|2026-07-01|2026-07-02|2026-07-06|2026-07-07|2026-07-08|2026-07-09|2026-07-10|2026-07-13|2026-07-14|2026-07-15|2026-07-16,2026-07-16 23:07:48,0.0
United Airlines,,2026-06-03|2026-06-04|2026-06-05|2026-06-08|2026-06-09|2026-06-10|2026-06-11|2026-06-12|2026-06-15|2026-06-16|2026-06-17|2026-06-18|2026-06-22|2026-06-23|2026-06-24|2026-06-25|2026-06-26|2026-06-29|2026-06-30|2026-07-01|2026-07-02|2026-07-06|2026-07-07|2026-07-08|2026-07-09|2026-07-10|2026-07-13|2026-07-14|2026-07-15|2026-07-16,2026-07-16 23:07:48,0.0
ConocoPhillips,,2026-06-03|2026-06-04|2026-06-05|2026-06-08|2026-06-09|2026-06-10|2026-06-11|2026-06-12|2026-06-15|2026-06-16|2026-06-17|2026-06-18|2026-06-22|2026-06-23|2026-06-24|2026-06-25|2026-06-26|2026-06-29|2026-06-30|2026-07-01|2026-07-02|2026-07-06|2026-07-07|2026-07-08|2026-07-09|2026-07-10|2026-07-13|2026-07-14|2026-07-15|2026-07-16,2026-07-16 23:07:48,0.0
TJX,,2026-06-03|2026-06-04|2026-06-05|2026-06-08|2026-06-09|2026-06-10|2026-06-11|2026-06-12|2026-06-15|2026-06-16|2026-06-17|2026-06-18|2026-06-22|2026-06-23|2026-06-24|2026-06-25|2026-06-26|2026-06-29|2026-06-30|2026-07-01|2026-07-02|2026-07-06|2026-07-07|2026-07-08|2026-07-09|2026-07-10|2026-07-13|2026-07-14|2026-07-15|2026-07-16,2026-07-16 23:07:48,0.0
AbbVie,,2026-06-03|2026-06-04|2026-06-05|2026-06-08|2026-06-09|2026-06-10|2026-06-11|2026-06-12|2026-06-15|2026-06-16|2026-06-17|2026-06-18|2026-06-22|2026-06-23|2026-06-24|2026-06-25|2026-06-26|2026-06-29|2026-06-30|2026-07-01|2026-07-02|2026-07-06|2026-07-07|2026-07-08|2026-07-09|2026-07-10|2026-07-13|2026-07-14|2026-07-15|2026-07-16,2026-07-16 23:07:48,0.0
Enterprise Products Partners,,2026-06-03|2026-06-04|2026-06-05|2026-06-08|2026-06-09|2026-06-10|2026-06-11|2026-06-12|2026-06-15|2026-06-16|2026-06-17|2026-06-18|2026-06-22|2026-06-23|2026-06-24|2026-06-25|2026-06-26|2026-06-29|2026-06-30|2026-07-01|2026-07-02|2026-07-06|2026-07-07|2026-07-08|2026-07-09|2026-07-10|2026-07-13|2026-07-14|2026-07-15|2026-07-16,2026-07-16 23:07:48,0.0
Charter Communications,,2026-06-03|2026-06-04|2026-06-05|2026-06-08|2026-06-09|2026-06-10|2026-06-11|2026-06-12|2026-06-15|2026-06-16|2026-06-17|2026-06-18|2026-06-22|2026-06-23|2026-06-24|2026-06-25|2026-06-26|2026-06-29|2026-06-30|2026-07-01|2026-07-02|2026-07-06|2026-07-07|2026-07-08|2026-07-09|2026-07-10|2026-07-13|2026-07-14|2026-07-15|2026-07-16,2026-07-16 23:07:48,0.0
Performance Food,,2026-06-03|2026-06-04|2026-06-05|2026-06-08|2026-06-09|2026-06-10|2026-06-11|2026-06-12|2026-06-15|2026-06-16|2026-06-17|2026-06-18|2026-06-22|2026-06-23|2026-06-24|2026-06-25|2026-06-26|2026-06-29|2026-06-30|2026-07-01|2026-07-02|2026-07-06|2026-07-07|2026-07-08|2026-07-09|2026-07-10|2026-07-13|2026-07-14|2026-07-15|2026-07-16,2026-07-16 23:07:48,0.0
American Airlines,,2026-06-03|2026-06-04|2026-06-05|2026-06-08|2026-06-09|2026-06-10|2026-06-11|2026-06-12|2026-06-15|2026-06-16|2026-06-17|2026-06-18|2026-06-22|2026-06-23|2026-06-24|2026-06-25|2026-06-26|2026-06-29|2026-06-30|2026-07-01|2026-07-02|2026-07-06|2026-07-07|2026-07-08|2026-07-09|2026-07-10|2026-07-13|2026-07-14|2026-07-15|2026-07-16,2026-07-16 23:07:48,0.0
Capital One,,2026-06-03|2026-06-04|2026-06-05|2026-06-08|2026-06-09|2026-06-10|2026-06-11|2026-06-12|2026-06-15|2026-06-16|2026-06-17|2026-06-18|2026-06-22|2026-06-23|2026-06-24|2026-06-25|2026-06-26|2026-06-29|2026-06-30|2026-07-01|2026-07-02|2026-07-06|2026-07-07|2026-07-08|2026-07-09|2026-07-10|2026-07-13|2026-07-14|2026-07-15|2026-07-16,2026-07-16 23:07:48,0.0
Cisco Systems,,2026-06-03|2026-06-04|2026-06-05|2026-06-08|2026-06-09|2026-06-10|2026-06-11|2026-06-12|2026-06-15|2026-06-16|2026-06-17|2026-06-18|2026-06-22|2026-06-23|2026-06-24|2026-06-25|2026-06-26|2026-06-29|2026-06-30|2026-07-01|2026-07-02|2026-07-06|2026-07-07|2026-07-08|2026-07-09|2026-07-10|2026-07-13|2026-07-14|2026-07-15|2026-07-16,2026-07-16 23:07:48,0.0
HP,,2026-06-03|2026-06-04|2026-06-05|2026-06-08|2026-06-09|2026-06-10|2026-06-11|2026-06-12|2026-06-15|2026-06-16|2026-06-17|2026-06-18|2026-06-22|2026-06-23|2026-06-24|2026-06-25|2026-06-26|2026-06-29|2026-06-30|2026-07-01|2026-07-02|2026-07-06|2026-07-07|2026-07-08|2026-07-09|2026-07-10|2026-07-13|2026-07-14|2026-07-15|2026-07-16,2026-07-16 23:07:48,0.0
Tyson Foods,,2026-06-03|2026-06-04|2026-06-05|2026-06-08|2026-06-09|2026-06-10|2026-06-11|2026-06-12|2026-06-15|2026-06-16|2026-06-17|2026-06-18|2026-06-22|2026-06-23|2026-06-24|2026-06-25|2026-06-26|2026-06-29|2026-06-30|2026-07-01|2026-07-02|2026-07-06|2026-07-07|2026-07-08|2026-07-09|2026-07-10|2026-07-13|2026-07-14|2026-07-15|2026-07-16,2026-07-16 23:07:48,0.0
Intel,,2026-06-03|2026-06-04|2026-06-05|2026-06-08|2026-06-09|2026-06-10|2026-06-11|2026-06-12|2026-06-15|2026-06-16|2026-06-17|2026-06-18|2026-06-22|2026-06-23|2026-06-24|2026-06-25|2026-06-26|2026-06-29|2026-06-30|2026-07-01|2026-07-02|2026-07-06|2026-07-07|2026-07-08|2026-07-09|2026-07-10|2026-07-13|2026-07-14|2026-07-15|2026-07-16,2026-07-16 23:07:48,0.0
Oracle,,2026-06-03|2026-06-04|2026-06-05|2026-06-08|2026-06-09|2026-06-10|2026-06-11|2026-06-12|2026-06-15|2026-06-16|2026-06-17|2026-06-18|2026-06-22|2026-06-23|2026-06-24|2026-06-25|2026-06-26|2026-06-29|2026-06-30|2026-07-01|2026-07-02|2026-07-06|2026-07-07|2026-07-08|2026-07-09|2026-07-10|2026-07-13|2026-07-14|2026-07-15|2026-07-16,2026-07-16 23:07:48,0.0
Broadcom,,2026-06-03|2026-06-04|2026-06-05|2026-06-08|2026-06-09|2026-06-10|2026-06-11|2026-06-12|2026-06-15|2026-06-16|2026-06-17|2026-06-18|2026-06-22|2026-06-23|2026-06-24|2026-06-25|2026-06-26|2026-06-29|2026-06-30|2026-07-01|2026-07-02|2026-07-06|2026-07-07|2026-07-08|2026-07-09|2026-07-10|2026-07-13|2026-07-14|2026-07-15|2026-07-16,2026-07-16 23:07:48,0.0
Deere,,2026-06-03|2026-06-04|2026-06-05|2026-06-08|2026-06-09|2026-06-10|2026-06-11|2026-06-12|2026-06-15|2026-06-16|2026-06-17|2026-06-18|2026-06-22|2026-06-23|2026-06-24|2026-06-25|2026-06-26|2026-06-29|2026-06-30|2026-07-01|2026-07-02|2026-07-06|2026-07-07|2026-07-08|2026-07-09|2026-07-10|2026-07-13|2026-07-14|2026-07-15|2026-07-16,2026-07-16 23:07:48,0.0
Nike,,2026-06-03|2026-06-04|2026-06-05|2026-06-08|2026-06-09|2026-06-10|2026-06-11|2026-06-12|2026-06-15|2026-06-16|2026-06-17|2026-06-18|2026-06-22|2026-06-23|2026-06-24|2026-06-25|2026-06-26|2026-06-29|2026-06-30|2026-07-01|2026-07-02|2026-07-06|2026-07-07|2026-07-08|2026-07-09|2026-07-10|2026-07-13|2026-07-14|2026-07-15|2026-07-16,2026-07-16 23:07:48,0.0
Plains GP,,2026-06-03|2026-06-04|2026-06-05|2026-06-08|2026-06-09|2026-06-10|2026-06-11|2026-06-12|2026-06-15|2026-06-16|2026-06-17|2026-06-18|2026-06-22|2026-06-23|2026-06-24|2026-06-25|2026-06-26|2026-06-29|2026-06-30|2026-07-01|2026-07-02|2026-07-06|2026-07-07|2026-07-08|2026-07-09|2026-07-10|2026-07-13|2026-07-14|2026-07-15|2026-07-16,2026-07-16 23:07:48,0.0
Bristol-Myers Squibb,,2026-06-03|2026-06-04|2026-06-05|2026-06-08|2026-06-09|2026-06-10|2026-06-11|2026-06-12|2026-06-15|2026-06-16|2026-06-17|2026-06-18|2026-06-22|2026-06-23|2026-06-24|2026-06-25|2026-06-26|2026-06-29|2026-06-30|2026-07-01|2026-07-02|2026-07-06|2026-07-07|2026-07-08|2026-07-09|2026-07-10|2026-07-13|2026-07-14|2026-07-15|2026-07-16,2026-07-16 23:07:48,0.0
Ingram Micro,,2026-06-03|2026-06-04|2026-06-05|2026-06-08|2026-06-09|2026-06-10|2026-06-11|2026-06-12|2026-06-15|2026-06-16|2026-06-17|2026-06-18|2026-06-22|2026-06-23|2026-06-24|2026-06-25|2026-06-26|2026-06-29|2026-06-30|2026-07-01|2026-07-02|2026-07-06|2026-07-07|2026-07-08|2026-07-09|2026-07-10|2026-07-13|2026-07-14|2026-07-15|2026-07-16,2026-07-16 23:07:48,0.0
General Dynamics,,2026-06-03|2026-06-04|2026-06-05|2026-06-08|2026-06-09|2026-06-10|2026-06-11|2026-06-12|2026-06-15|2026-06-16|2026-06-17|2026-06-18|2026-06-22|2026-06-23|2026-06-24|2026-06-25|2026-06-26|2026-06-29|2026-06-30|2026-07-01|2026-07-02|2026-07-06|2026-07-07|2026-07-08|2026-07-09|2026-07-10|2026-07-13|2026-07-14|2026-07-15|2026-07-16,2026-07-16 23:07:48,0.0
The Coca-Cola Company,,2026-06-03|2026-06-04|2026-06-05|2026-06-08|2026-06-09|2026-06-10|2026-06-11|2026-06-12|2026-06-15|2026-06-16|2026-06-17|2026-06-18|2026-06-22|2026-06-23|2026-06-24|2026-06-25|2026-06-26|2026-06-29|2026-06-30|2026-07-01|2026-07-02|2026-07-06|2026-07-07|2026-07-08|2026-07-09|2026-07-10|2026-07-13|2026-07-14|2026-07-15|2026-07-16,2026-07-16 23:07:48,0.0
Travelers Insurance,,2026-06-03|2026-06-04|2026-06-05|2026-06-08|2026-06-09|2026-06-10|2026-06-11|2026-06-12|2026-06-15|2026-06-16|2026-06-17|2026-06-18|2026-06-22|2026-06-23|2026-06-24|2026-06-25|2026-06-26|2026-06-29|2026-06-30|2026-07-01|2026-07-02|2026-07-06|2026-07-07|2026-07-08|2026-07-09|2026-07-10|2026-07-13|2026-07-14|2026-07-15|2026-07-16,2026-07-16 23:07:48,0.0
Eli Lilly,,2026-06-03|2026-06-04|2026-06-05|2026-06-08|2026-06-09|2026-06-10|2026-06-11|2026-06-12|2026-06-15|2026-06-16|2026-06-17|2026-06-18|2026-06-22|2026-06-23|2026-06-24|2026-06-25|2026-06-26|2026-06-29|2026-06-30|2026-07-01|2026-07-02|2026-07-06|2026-07-07|2026-07-08|2026-07-09|2026-07-10|2026-07-13|2026-07-14|2026-07-15|2026-07-16,2026-07-16 23:07:48,0.0
Uber,,2026-06-03|2026-06-04|2026-06-05|2026-06-08|2026-06-09|2026-06-10|2026-06-11|2026-06-12|2026-06-15|2026-06-16|2026-06-17|2026-06-18|2026-06-22|2026-06-23|2026-06-24|2026-06-25|2026-06-26|2026-06-29|2026-06-30|2026-07-01|2026-07-02|2026-07-06|2026-07-07|2026-07-08|2026-07-09|2026-07-10|2026-07-13|2026-07-14|2026-07-15|2026-07-16,2026-07-16 23:07:48,0.0
Thermo Fisher Scientific,,2026-06-03|2026-06-04|2026-06-05|2026-06-08|2026-06-09|2026-06-10|2026-06-11|2026-06-12|2026-06-15|2026-06-16|2026-06-17|2026-06-18|2026-06-22|2026-06-23|2026-06-24|2026-06-25|2026-06-26|2026-06-29|2026-06-30|2026-07-01|2026-07-02|2026-07-06|2026-07-07|2026-07-08|2026-07-09|2026-07-10|2026-07-13|2026-07-14|2026-07-15|2026-07-16,2026-07-16 23:07:48,0.0
US Bancorp,,2026-06-03|2026-06-04|2026-06-05|2026-06-08|2026-06-09|2026-06-10|2026-06-11|2026-06-12|2026-06-15|2026-06-16|2026-06-17|2026-06-18|2026-06-22|2026-06-23|2026-06-24|2026-06-25|2026-06-26|2026-06-29|2026-06-30|2026-07-01|2026-07-02|2026-07-06|2026-07-07|2026-07-08|2026-07-09|2026-07-10|2026-07-13|2026-07-14|2026-07-15|2026-07-16,2026-07-16 23:07:48,0.0
World Kinect,,2026-06-03|2026-06-04|2026-06-05|2026-06-08|2026-06-09|2026-06-10|2026-06-11|2026-06-12|2026-06-15|2026-06-16|2026-06-17|2026-06-18|2026-06-22|2026-06-23|2026-06-24|2026-06-25|2026-06-26|2026-06-29|2026-06-30|2026-07-01|2026-07-02|2026-07-06|2026-07-07|2026-07-08|2026-07-09|2026-07-10|2026-07-13|2026-07-14|2026-07-15|2026-07-16,2026-07-16 23:07:48,0.0
Abbott Laboratories,,2026-06-03|2026-06-04|2026-06-05|2026-06-08|2026-06-09|2026-06-10|2026-06-11|2026-06-12|2026-06-15|2026-06-16|2026-06-17|2026-06-18|2026-06-22|2026-06-23|2026-06-24|2026-06-25|2026-06-26|2026-06-29|2026-06-30|2026-07-01|2026-07-02|2026-07-06|2026-07-07|2026-07-08|2026-07-09|2026-07-10|2026-07-13|2026-07-14|2026-07-15|2026-07-16,2026-07-16 23:07:48,0.0
Best Buy,,2026-06-03|2026-06-04|2026-06-05|2026-06-08|2026-06-09|2026-06-10|2026-06-11|2026-06-12|2026-06-15|2026-06-16|2026-06-17|2026-06-18|2026-06-22|2026-06-23|2026-06-24|2026-06-25|2026-06-26|2026-06-29|2026-06-30|2026-07-01|2026-07-02|2026-07-06|2026-07-07|2026-07-08|2026-07-09|2026-07-10|2026-07-13|2026-07-14|2026-07-15|2026-07-16,2026-07-16 23:07:48,0.0
Northrop Grumman,,2026-06-03|2026-06-04|2026-06-05|2026-06-08|2026-06-09|2026-06-10|2026-06-11|2026-06-12|2026-06-15|2026-06-16|2026-06-17|2026-06-18|2026-06-22|2026-06-23|2026-06-24|2026-06-25|2026-06-26|2026-06-29|2026-06-30|2026-07-01|2026-07-02|2026-07-06|2026-07-07|2026-07-08|2026-07-09|2026-07-10|2026-07-13|2026-07-14|2026-07-15|2026-07-16,2026-07-16 23:07:48,0.0
Molina Healthcare,,2026-06-03|2026-06-04|2026-06-05|2026-06-08|2026-06-09|2026-06-10|2026-06-11|2026-06-12|2026-06-15|2026-06-16|2026-06-17|2026-06-18|2026-06-22|2026-06-23|2026-06-24|2026-06-25|2026-06-26|2026-06-29|2026-06-30|2026-07-01|2026-07-02|2026-07-06|2026-07-07|2026-07-08|2026-07-09|2026-07-10|2026-07-13|2026-07-14|2026-07-15|2026-07-16,2026-07-16 23:07:48,0.0
Dollar General,,2026-06-03|2026-06-04|2026-06-05|2026-06-08|2026-06-09|2026-06-10|2026-06-11|2026-06-12|2026-06-15|2026-06-16|2026-06-17|2026-06-18|2026-06-22|2026-06-23|2026-06-24|2026-06-25|2026-06-26|2026-06-29|2026-06-30|2026-07-01|2026-07-02|2026-07-06|2026-07-07|2026-07-08|2026-07-09|2026-07-10|2026-07-13|2026-07-14|2026-07-15|2026-07-16,2026-07-16 23:07:48,0.0
Warner Bros Discovery,,2026-06-03|2026-06-04|2026-06-05|2026-06-08|2026-06-09|2026-06-10|2026-06-11|2026-06-12|2026-06-15|2026-06-16|2026-06-17|2026-06-18|2026-06-22|2026-06-23|2026-06-24|2026-06-25|2026-06-26|2026-06-29|2026-06-30|2026-07-01|2026-07-02|2026-07-06|2026-07-07|2026-07-08|2026-07-09|2026-07-10|2026-07-13|2026-07-14|2026-07-15|2026-07-16,2026-07-16 23:07:48,0.0
Netflix,,2026-06-03|2026-06-04|2026-06-05|2026-06-08|2026-06-09|2026-06-10|2026-06-11|2026-06-12|2026-06-15|2026-06-16|2026-06-17|2026-06-18|2026-06-22|2026-06-23|2026-06-24|2026-06-25|2026-06-26|2026-06-29|2026-06-30|2026-07-01|2026-07-02|2026-07-06|2026-07-07|2026-07-08|2026-07-09|2026-07-10|2026-07-13|2026-07-14|2026-07-15|2026-07-16,2026-07-16 23:07:48,0.0
Qualcomm,,2026-06-03|2026-06-04|2026-06-05|2026-06-08|2026-06-09|2026-06-10|2026-06-11|2026-06-12|2026-06-15|2026-06-16|2026-06-17|2026-06-18|2026-06-22|2026-06-23|2026-06-24|2026-06-25|2026-06-26|2026-06-29|2026-06-30|2026-07-01|2026-07-02|2026-07-06|2026-07-07|2026-07-08|2026-07-09|2026-07-10|2026-07-13|2026-07-14|2026-07-15|2026-07-16,2026-07-16 23:07:48,0.0
Honeywell,,2026-06-03|2026-06-04|2026-06-05|2026-06-08|2026-06-09|2026-06-10|2026-06-11|2026-06-12|2026-06-15|2026-06-16|2026-06-17|2026-06-18|2026-06-22|2026-06-23|2026-06-24|2026-06-25|2026-06-26|2026-06-29|2026-06-30|2026-07-01|2026-07-02|2026-07-06|2026-07-07|2026-07-08|2026-07-09|2026-07-10|2026-07-13|2026-07-14|2026-07-15|2026-07-16,2026-07-16 23:07:48,0.0
Salesforce,,2026-06-03|2026-06-04|2026-06-05|2026-06-08|2026-06-09|2026-06-10|2026-06-11|2026-06-12|2026-06-15|2026-06-16|2026-06-17|2026-06-18|2026-06-22|2026-06-23|2026-06-24|2026-06-25|2026-06-26|2026-06-29|2026-06-30|2026-07-01|2026-07-02|2026-07-06|2026-07-07|2026-07-08|2026-07-09|2026-07-10|2026-07-13|2026-07-14|2026-07-15|2026-07-16,2026-07-16 23:07:48,0.0
Philip Morris International,,2026-06-03|2026-06-04|2026-06-05|2026-06-08|2026-06-09|2026-06-10|2026-06-11|2026-06-12|2026-06-15|2026-06-16|2026-06-17|2026-06-18|2026-06-22|2026-06-23|2026-06-24|2026-06-25|2026-06-26|2026-06-29|2026-06-30|2026-07-01|2026-07-02|2026-07-06|2026-07-07|2026-07-08|2026-07-09|2026-07-10|2026-07-13|2026-07-14|2026-07-15|2026-07-16,2026-07-16 23:07:48,0.0
US Foods,,2026-06-03|2026-06-04|2026-06-05|2026-06-08|2026-06-09|2026-06-10|2026-06-11|2026-06-12|2026-06-15|2026-06-16|2026-06-17|2026-06-18|2026-06-22|2026-06-23|2026-06-24|2026-06-25|2026-06-26|2026-06-29|2026-06-30|2026-07-01|2026-07-02|2026-07-06|2026-07-07|2026-07-08|2026-07-09|2026-07-10|2026-07-13|2026-07-14|2026-07-15|2026-07-16,2026-07-16 23:07:48,0.0
DR Horton Inc,,2026-06-03|2026-06-04|2026-06-05|2026-06-08|2026-06-09|2026-06-10|2026-06-11|2026-06-12|2026-06-15|2026-06-16|2026-06-17|2026-06-18|2026-06-22|2026-06-23|2026-06-24|2026-06-25|2026-06-26|2026-06-29|2026-06-30|2026-07-01|2026-07-02|2026-07-06|2026-07-07|2026-07-08|2026-07-09|2026-07-10|2026-07-13|2026-07-14|2026-07-15|2026-07-16,2026-07-16 23:07:48,0.0
Lithia Motors,,2026-06-03|2026-06-04|2026-06-05|2026-06-08|2026-06-09|2026-06-10|2026-06-11|2026-06-12|2026-06-15|2026-06-16|2026-06-17|2026-06-18|2026-06-22|2026-06-23|2026-06-24|2026-06-25|2026-06-26|2026-06-29|2026-06-30|2026-07-01|2026-07-02|2026-07-06|2026-07-07|2026-07-08|2026-07-09|2026-07-10|2026-07-13|2026-07-14|2026-07-15|2026-07-16,2026-07-16 23:07:48,0.0
Mondelez,,2026-06-03|2026-06-04|2026-06-05|2026-06-08|2026-06-09|2026-06-10|2026-06-11|2026-06-12|2026-06-15|2026-06-16|2026-06-17|2026-06-18|2026-06-22|2026-06-23|2026-06-24|2026-06-25|2026-06-26|2026-06-29|2026-06-30|2026-07-01|2026-07-02|2026-07-06|2026-07-07|2026-07-08|2026-07-09|2026-07-10|2026-07-13|2026-07-14|2026-07-15|2026-07-16,2026-07-16 23:07:48,0.0
Starbucks,,2026-06-03|2026-06-04|2026-06-05|2026-06-08|2026-06-09|2026-06-10|2026-06-11|2026-06-12|2026-06-15|2026-06-16|2026-06-17|2026-06-18|2026-06-22|2026-06-23|2026-06-24|2026-06-25|2026-06-26|2026-06-29|2026-06-30|2026-07-01|2026-07-02|2026-07-06|2026-07-07|2026-07-08|2026-07-09|2026-07-10|2026-07-13|2026-07-14|2026-07-15|2026-07-16,2026-07-16 23:07:48,0.0
Visa Inc,,2026-06-03|2026-06-04|2026-06-05|2026-06-08|2026-06-09|2026-06-10|2026-06-11|2026-06-12|2026-06-15|2026-06-16|2026-06-17|2026-06-18|2026-06-22|2026-06-23|2026-06-24|2026-06-25|2026-06-26|2026-06-29|2026-06-30|2026-07-01|2026-07-02|2026-07-06|2026-07-07|2026-07-08|2026-07-09|2026-07-10|2026-07-13|2026-07-14|2026-07-15|2026-07-16,2026-07-16 23:07:48,0.0
CBRE Group,,2026-06-03|2026-06-04|2026-06-05|2026-06-08|2026-06-09|2026-06-10|2026-06-11|2026-06-12|2026-06-15|2026-06-16|2026-06-17|2026-06-18|2026-06-22|2026-06-23|2026-06-24|2026-06-25|2026-06-26|2026-06-29|2026-06-30|2026-07-01|2026-07-02|2026-07-06|2026-07-07|2026-07-08|2026-07-09|2026-07-10|2026-07-13|2026-07-14|2026-07-15|2026-07-16,2026-07-16 23:07:48,0.0
Lennar,,2026-06-03|2026-06-04|2026-06-05|2026-06-08|2026-06-09|2026-06-10|2026-06-11|2026-06-12|2026-06-15|2026-06-16|2026-06-17|2026-06-18|2026-06-22|2026-06-23|2026-06-24|2026-06-25|2026-06-26|2026-06-29|2026-06-30|2026-07-01|2026-07-02|2026-07-06|2026-07-07|2026-07-08|2026-07-09|2026-07-10|2026-07-13|2026-07-14|2026-07-15|2026-07-16,2026-07-16 23:07:48,0.0
GE Vernova,,2026-06-03|2026-06-04|2026-06-05|2026-06-08|2026-06-09|2026-06-10|2026-06-11|2026-06-12|2026-06-15|2026-06-16|2026-06-17|2026-06-18|2026-06-22|2026-06-23|2026-06-24|2026-06-25|2026-06-26|2026-06-29|2026-06-30|2026-07-01|2026-07-02|2026-07-06|2026-07-07|2026-07-08|2026-07-09|2026-07-10|2026-07-13|2026-07-14|2026-07-15|2026-07-16,2026-07-16 23:07:48,0.0
PNC Financial Services,,2026-06-03|2026-06-04|2026-06-05|2026-06-08|2026-06-09|2026-06-10|2026-06-11|2026-06-12|2026-06-15|2026-06-16|2026-06-17|2026-06-18|2026-06-22|2026-06-23|2026-06-24|2026-06-25|2026-06-26|2026-06-29|2026-06-30|2026-07-01|2026-07-02|2026-07-06|2026-07-07|2026-07-08|2026-07-09|2026-07-10|2026-07-13|2026-07-14|2026-07-15|2026-07-16,2026-07-16 23:07:48,0.0
Cummins Inc,,2026-06-03|2026-06-04|2026-06-05|2026-06-08|2026-06-09|2026-06-10|2026-06-11|2026-06-12|2026-06-15|2026-06-16|2026-06-17|2026-06-18|2026-06-22|2026-06-23|2026-06-24|2026-06-25|2026-06-26|2026-06-29|2026-06-30|2026-07-01|2026-07-02|2026-07-06|2026-07-07|2026-07-08|2026-07-09|2026-07-10|2026-07-13|2026-07-14|2026-07-15|2026-07-16,2026-07-16 23:07:48,0.0
Paccar,,2026-06-03|2026-06-04|2026-06-05|2026-06-08|2026-06-09|2026-06-10|2026-06-11|2026-06-12|2026-06-15|2026-06-16|2026-06-17|2026-06-18|2026-06-22|2026-06-23|2026-06-24|2026-06-25|2026-06-26|2026-06-29|2026-06-30|2026-07-01|2026-07-02|2026-07-06|2026-07-07|2026-07-08|2026-07-09|2026-07-10|2026-07-13|2026-07-14|2026-07-15|2026-07-16,2026-07-16 23:07:48,0.0
Amgen,,2026-06-03|2026-06-04|2026-06-05|2026-06-08|2026-06-09|2026-06-10|2026-06-11|2026-06-12|2026-06-15|2026-06-16|2026-06-17|2026-06-18|2026-06-22|2026-06-23|2026-06-24|2026-06-25|2026-06-26|2026-06-29|2026-06-30|2026-07-01|2026-07-02|2026-07-06|2026-07-07|2026-07-08|2026-07-09|2026-07-10|2026-07-13|2026-07-14|2026-07-15|2026-07-16,2026-07-16 23:07:48,0.0
PBF Energy,,2026-06-03|2026-06-04|2026-06-05|2026-06-08|2026-06-09|2026-06-10|2026-06-11|2026-06-12|2026-06-15|2026-06-16|2026-06-17|2026-06-18|2026-06-22|2026-06-23|2026-06-24|2026-06-25|2026-06-26|2026-06-29|2026-06-30|2026-07-01|2026-07-02|2026-07-06|2026-07-07|2026-07-08|2026-07-09|2026-07-10|2026-07-13|2026-07-14|2026-07-15|2026-07-16,2026-07-16 23:07:48,0.0
PayPal,,2026-06-03|2026-06-04|2026-06-05|2026-06-08|2026-06-09|2026-06-10|2026-06-11|2026-06-12|2026-06-15|2026-06-16|2026-06-17|2026-06-18|2026-06-22|2026-06-23|2026-06-24|2026-06-25|2026-06-26|2026-06-29|2026-06-30|2026-07-01|2026-07-02|2026-07-06|2026-07-07|2026-07-08|2026-07-09|2026-07-10|2026-07-13|2026-07-14|2026-07-15|2026-07-16,2026-07-16 23:07:48,0.0
United Natural Foods,,2026-06-03|2026-06-04|2026-06-05|2026-06-08|2026-06-09|2026-06-10|2026-06-11|2026-06-12|2026-06-15|2026-06-16|2026-06-17|2026-06-18|2026-06-22|2026-06-23|2026-06-24|2026-06-25|2026-06-26|2026-06-29|2026-06-30|2026-07-01|2026-07-02|2026-07-06|2026-07-07|2026-07-08|2026-07-09|2026-07-10|2026-07-13|2026-07-14|2026-07-15|2026-07-16,2026-07-16 23:07:48,0.0
Dollar Tree,,2026-06-03|2026-06-04|2026-06-05|2026-06-08|2026-06-09|2026-06-10|2026-06-11|2026-06-12|2026-06-15|2026-06-16|2026-06-17|2026-06-18|2026-06-22|2026-06-23|2026-06-24|2026-06-25|2026-06-26|2026-06-29|2026-06-30|2026-07-01|2026-07-02|2026-07-06|2026-07-07|2026-07-08|2026-07-09|2026-07-10|2026-07-13|2026-07-14|2026-07-15|2026-07-16,2026-07-16 23:07:48,0.0
Nucor,,2026-06-03|2026-06-04|2026-06-05|2026-06-08|2026-06-09|2026-06-10|2026-06-11|2026-06-12|2026-06-15|2026-06-16|2026-06-17|2026-06-18|2026-06-22|2026-06-23|2026-06-24|2026-06-25|2026-06-26|2026-06-29|2026-06-30|2026-07-01|2026-07-02|2026-07-06|2026-07-07|2026-07-08|2026-07-09|2026-07-10|2026-07-13|2026-07-14|2026-07-15|2026-07-16,2026-07-16 23:07:48,0.0
Penske Automotive,,2026-06-03|2026-06-04|2026-06-05|2026-06-08|2026-06-09|2026-06-10|2026-06-11|2026-06-12|2026-06-15|2026-06-16|2026-06-17|2026-06-18|2026-06-22|2026-06-23|2026-06-24|2026-06-25|2026-06-26|2026-06-29|2026-06-30|2026-07-01|2026-07-02|2026-07-06|2026-07-07|2026-07-08|2026-07-09|2026-07-10|2026-07-13|2026-07-14|2026-07-15|2026-07-16,2026-07-16 23:07:48,0.0
Coupang,,2026-06-03|2026-06-04|2026-06-05|2026-06-08|2026-06-09|2026-06-10|2026-06-11|2026-06-12|2026-06-15|2026-06-16|2026-06-17|2026-06-18|2026-06-22|2026-06-23|2026-06-24|2026-06-25|2026-06-26|2026-06-29|2026-06-30|2026-07-01|2026-07-02|2026-07-06|2026-07-07|2026-07-08|2026-07-09|2026-07-10|2026-07-13|2026-07-14|2026-07-15|2026-07-16,2026-07-16 23:07:48,0.0
Hewlett Packard Enterprise,,2026-06-03|2026-06-04|2026-06-05|2026-06-08|2026-06-09|2026-06-10|2026-06-11|2026-06-12|2026-06-15|2026-06-16|2026-06-17|2026-06-18|2026-06-22|2026-06-23|2026-06-24|2026-06-25|2026-06-26|2026-06-29|2026-06-30|2026-07-01|2026-07-02|2026-07-06|2026-07-07|2026-07-08|2026-07-09|2026-07-10|2026-07-13|2026-07-14|2026-07-15|2026-07-16,2026-07-16 23:07:48,0.0
Duke Energy,,2026-06-03|2026-06-04|2026-06-05|2026-06-08|2026-06-09|2026-06-10|2026-06-11|2026-06-12|2026-06-15|2026-06-16|2026-06-17|2026-06-18|2026-06-22|2026-06-23|2026-06-24|2026-06-25|2026-06-26|2026-06-29|2026-06-30|2026-07-01|2026-07-02|2026-07-06|2026-07-07|2026-07-08|2026-07-09|2026-07-10|2026-07-13|2026-07-14|2026-07-15|2026-07-16,2026-07-16 23:07:48,0.0
KKR & Co,,2026-06-03|2026-06-04|2026-06-05|2026-06-08|2026-06-09|2026-06-10|2026-06-11|2026-06-12|2026-06-15|2026-06-16|2026-06-17|2026-06-18|2026-06-22|2026-06-23|2026-06-24|2026-06-25|2026-06-26|2026-06-29|2026-06-30|2026-07-01|2026-07-02|2026-07-06|2026-07-07|2026-07-08|2026-07-09|2026-07-10|2026-07-13|2026-07-14|2026-07-15|2026-07-16,2026-07-16 23:07:48,0.0
Jabil,,2026-06-03|2026-06-04|2026-06-05|2026-06-08|2026-06-09|2026-06-10|2026-06-11|2026-06-12|2026-06-15|2026-06-16|2026-06-17|2026-06-18|2026-06-22|2026-06-23|2026-06-24|2026-06-25|2026-06-26|2026-06-29|2026-06-30|2026-07-01|2026-07-02|2026-07-06|2026-07-07|2026-07-08|2026-07-09|2026-07-10|2026-07-13|2026-07-14|2026-07-15|2026-07-16,2026-07-16 23:07:48,0.0
Gilead Sciences,,2026-06-03|2026-06-04|2026-06-05|2026-06-08|2026-06-09|2026-06-10|2026-06-11|2026-06-12|2026-06-15|2026-06-16|2026-06-17|2026-06-18|2026-06-22|2026-06-23|2026-06-24|2026-06-25|2026-06-26|2026-06-29|2026-06-30|2026-07-01|2026-07-02|2026-07-06|2026-07-07|2026-07-08|2026-07-09|2026-07-10|2026-07-13|2026-07-14|2026-07-15|2026-07-16,2026-07-16 23:07:48,0.0
HF Sinclair,,2026-06-03|2026-06-04|2026-06-05|2026-06-08|2026-06-09|2026-06-10|2026-06-11|2026-06-12|2026-06-15|2026-06-16|2026-06-17|2026-06-18|2026-06-22|2026-06-23|2026-06-24|2026-06-25|2026-06-26|2026-06-29|2026-06-30|2026-07-01|2026-07-02|2026-07-06|2026-07-07|2026-07-08|2026-07-09|2026-07-10|2026-07-13|2026-07-14|2026-07-15|2026-07-16,2026-07-16 23:07:48,0.0
CarMax,,2026-06-03|2026-06-04|2026-06-05|2026-06-08|2026-06-09|2026-06-10|2026-06-11|2026-06-12|2026-06-15|2026-06-16|2026-06-17|2026-06-18|2026-06-22|2026-06-23|2026-06-24|2026-06-25|2026-06-26|2026-06-29|2026-06-30|2026-07-01|2026-07-02|2026-07-06|2026-07-07|2026-07-08|2026-07-09|2026-07-10|2026-07-13|2026-07-14|2026-07-15|2026-07-16,2026-07-16 23:07:48,0.0
Mastercard,,2026-06-03|2026-06-04|2026-06-05|2026-06-08|2026-06-09|2026-06-10|2026-06-11|2026-06-12|2026-06-15|2026-06-16|2026-06-17|2026-06-18|2026-06-22|2026-06-23|2026-06-24|2026-06-25|2026-06-26|2026-06-29|2026-06-30|2026-07-01|2026-07-02|2026-07-06|2026-07-07|2026-07-08|2026-07-09|2026-07-10|2026-07-13|2026-07-14|2026-07-15|2026-07-16,2026-07-16 23:07:48,0.0
NRG Energy,,2026-06-03|2026-06-04|2026-06-05|2026-06-08|2026-06-09|2026-06-10|2026-06-11|2026-06-12|2026-06-15|2026-06-16|2026-06-17|2026-06-18|2026-06-22|2026-06-23|2026-06-24|2026-06-25|2026-06-26|2026-06-29|2026-06-30|2026-07-01|2026-07-02|2026-07-06|2026-07-07|2026-07-08|2026-07-09|2026-07-10|2026-07-13|2026-07-14|2026-07-15|2026-07-16,2026-07-16 23:07:48,0.0
Arrow Electronics,,2026-06-03|2026-06-04|2026-06-05|2026-06-08|2026-06-09|2026-06-10|2026-06-11|2026-06-12|2026-06-15|2026-06-16|2026-06-17|2026-06-18|2026-06-22|2026-06-23|2026-06-24|2026-06-25|2026-06-26|2026-06-29|2026-06-30|2026-07-01|2026-07-02|2026-07-06|2026-07-07|2026-07-08|2026-07-09|2026-07-10|2026-07-13|2026-07-14|2026-07-15|2026-07-16,2026-07-16 23:07:48,0.0
Baker Hughes,,2026-06-03|2026-06-04|2026-06-05|2026-06-08|2026-06-09|2026-06-10|2026-06-11|2026-06-12|2026-06-15|2026-06-16|2026-06-17|2026-06-18|2026-06-22|2026-06-23|2026-06-24|2026-06-25|2026-06-26|2026-06-29|2026-06-30|2026-07-01|2026-07-02|2026-07-06|2026-07-07|2026-07-08|2026-07-09|2026-07-10|2026-07-13|2026-07-14|2026-07-15|2026-07-16,2026-07-16 23:07:48,0.0
Southwest Airlines,,2026-06-03|2026-06-04|2026-06-05|2026-06-08|2026-06-09|2026-06-10|2026-06-11|2026-06-12|2026-06-15|2026-06-16|2026-06-17|2026-06-18|2026-06-22|2026-06-23|2026-06-24|2026-06-25|2026-06-26|2026-06-29|2026-06-30|2026-07-01|2026-07-02|2026-07-06|2026-07-07|2026-07-08|2026-07-09|2026-07-10|2026-07-13|2026-07-14|2026-07-15|2026-07-16,2026-07-16 23:07:48,0.0
AIG,,2026-06-03|2026-06-04|2026-06-05|2026-06-08|2026-06-09|2026-06-10|2026-06-11|2026-06-12|2026-06-15|2026-06-16|2026-06-17|2026-06-18|2026-06-22|2026-06-23|2026-06-24|2026-06-25|2026-06-26|2026-06-29|2026-06-30|2026-07-01|2026-07-02|2026-07-06|2026-07-07|2026-07-08|2026-07-09|2026-07-10|2026-07-13|2026-07-14|2026-07-15|2026-07-16,2026-07-16 23:07:48,0.0
Applied Materials,,2026-06-03|2026-06-04|2026-06-05|2026-06-08|2026-06-09|2026-06-10|2026-06-11|2026-06-12|2026-06-15|2026-06-16|2026-06-17|2026-06-18|2026-06-22|2026-06-23|2026-06-24|2026-06-25|2026-06-26|2026-06-29|2026-06-30|2026-07-01|2026-07-02|2026-07-06|2026-07-07|2026-07-08|2026-07-09|2026-07-10|2026-07-13|2026-07-14|2026-07-15|2026-07-16,2026-07-16 23:07:48,0.0
Occidental Petroleum,,2026-06-03|2026-06-04|2026-06-05|2026-06-08|2026-06-09|2026-06-10|2026-06-11|2026-06-12|2026-06-15|2026-06-16|2026-06-17|2026-06-18|2026-06-22|2026-06-23|2026-06-24|2026-06-25|2026-06-26|2026-06-29|2026-06-30|2026-07-01|2026-07-02|2026-07-06|2026-07-07|2026-07-08|2026-07-09|2026-07-10|2026-07-13|2026-07-14|2026-07-15|2026-07-16,2026-07-16 23:07:48,0.0
AutoNation,,2026-06-03|2026-06-04|2026-06-05|2026-06-08|2026-06-09|2026-06-10|2026-06-11|2026-06-12|2026-06-15|2026-06-16|2026-06-17|2026-06-18|2026-06-22|2026-06-23|2026-06-24|2026-06-25|2026-06-26|2026-06-29|2026-06-30|2026-07-01|2026-07-02|2026-07-06|2026-07-07|2026-07-08|2026-07-09|2026-07-10|2026-07-13|2026-07-14|2026-07-15|2026-07-16,2026-07-16 23:07:48,0.0
Southern Company,,2026-06-03|2026-06-04|2026-06-05|2026-06-08|2026-06-09|2026-06-10|2026-06-11|2026-06-12|2026-06-15|2026-06-16|2026-06-17|2026-06-18|2026-06-22|2026-06-23|2026-06-24|2026-06-25|2026-06-26|2026-06-29|2026-06-30|2026-07-01|2026-07-02|2026-07-06|2026-07-07|2026-07-08|2026-07-09|2026-07-10|2026-07-13|2026-07-14|2026-07-15|2026-07-16,2026-07-16 23:07:48,0.0
The Hartford Insurance Group,,2026-06-03|2026-06-04|2026-06-05|2026-06-08|2026-06-09|2026-06-10|2026-06-11|2026-06-12|2026-06-15|2026-06-16|2026-06-17|2026-06-18|2026-06-22|2026-06-23|2026-06-24|2026-06-25|2026-06-26|2026-06-29|2026-06-30|2026-07-01|2026-07-02|2026-07-06|2026-07-07|2026-07-08|2026-07-09|2026-07-10|2026-07-13|2026-07-14|2026-07-15|2026-07-16,2026-07-16 23:07:48,0.0
Apollo Global Management,,2026-06-03|2026-06-04|2026-06-05|2026-06-08|2026-06-09|2026-06-10|2026-06-11|2026-06-12|2026-06-15|2026-06-16|2026-06-17|2026-06-18|2026-06-22|2026-06-23|2026-06-24|2026-06-25|2026-06-26|2026-06-29|2026-06-30|2026-07-01|2026-07-02|2026-07-06|2026-07-07|2026-07-08|2026-07-09|2026-07-10|2026-07-13|2026-07-14|2026-07-15|2026-07-16,2026-07-16 23:07:48,0.0
Charles Schwab,,2026-06-03|2026-06-04|2026-06-05|2026-06-08|2026-06-09|2026-06-10|2026-06-11|2026-06-12|2026-06-15|2026-06-16|2026-06-17|2026-06-18|2026-06-22|2026-06-23|2026-06-24|2026-06-25|2026-06-26|2026-06-29|2026-06-30|2026-07-01|2026-07-02|2026-07-06|2026-07-07|2026-07-08|2026-07-09|2026-07-10|2026-07-13|2026-07-14|2026-07-15|2026-07-16,2026-07-16 23:07:48,0.0
McDonalds,,2026-06-03|2026-06-04|2026-06-05|2026-06-08|2026-06-09|2026-06-10|2026-06-11|2026-06-12|2026-06-15|2026-06-16|2026-06-17|2026-06-18|2026-06-22|2026-06-23|2026-06-24|2026-06-25|2026-06-26|2026-06-29|2026-06-30|2026-07-01|2026-07-02|2026-07-06|2026-07-07|2026-07-08|2026-07-09|2026-07-10|2026-07-13|2026-07-14|2026-07-15|2026-07-16,2026-07-16 23:07:48,0.0
Kraft Heinz,,2026-06-03|2026-06-04|2026-06-05|2026-06-08|2026-06-09|2026-06-10|2026-06-11|2026-06-12|2026-06-15|2026-06-16|2026-06-17|2026-06-18|2026-06-22|2026-06-23|2026-06-24|2026-06-25|2026-06-26|2026-06-29|2026-06-30|2026-07-01|2026-07-02|2026-07-06|2026-07-07|2026-07-08|2026-07-09|2026-07-10|2026-07-13|2026-07-14|2026-07-15|2026-07-16,2026-07-16 23:07:48,0.0
Advanced Micro Devices,,2026-06-03|2026-06-04|2026-06-05|2026-06-08|2026-06-09|2026-06-10|2026-06-11|2026-06-12|2026-06-15|2026-06-16|2026-06-17|2026-06-18|2026-06-22|2026-06-23|2026-06-24|2026-06-25|2026-06-26|2026-06-29|2026-06-30|2026-07-01|2026-07-02|2026-07-06|2026-07-07|2026-07-08|2026-07-09|2026-07-10|2026-07-13|2026-07-14|2026-07-15|2026-07-16,2026-07-16 23:07:48,0.0
Truist Financial,,2026-06-03|2026-06-04|2026-06-05|2026-06-08|2026-06-09|2026-06-10|2026-06-11|2026-06-12|2026-06-15|2026-06-16|2026-06-17|2026-06-18|2026-06-22|2026-06-23|2026-06-24|2026-06-25|2026-06-26|2026-06-29|2026-06-30|2026-07-01|2026-07-02|2026-07-06|2026-07-07|2026-07-08|2026-07-09|2026-07-10|2026-07-13|2026-07-14|2026-07-15|2026-07-16,2026-07-16 23:07:48,0.0
Freeport-McMoRan,,2026-06-03|2026-06-04|2026-06-05|2026-06-08|2026-06-09|2026-06-10|2026-06-11|2026-06-12|2026-06-15|2026-06-16|2026-06-17|2026-06-18|2026-06-22|2026-06-23|2026-06-24|2026-06-25|2026-06-26|2026-06-29|2026-06-30|2026-07-01|2026-07-02|2026-07-06|2026-07-07|2026-07-08|2026-07-09|2026-07-10|2026-07-13|2026-07-14|2026-07-15|2026-07-16,2026-07-16 23:07:48,0.0
Micron Technology,,2026-06-03|2026-06-04|2026-06-05|2026-06-08|2026-06-09|2026-06-10|2026-06-11|2026-06-12|2026-06-15|2026-06-16|2026-06-17|2026-06-18|2026-06-22|2026-06-23|2026-06-24|2026-06-25|2026-06-26|2026-06-29|2026-06-30|2026-07-01|2026-07-02|2026-07-06|2026-07-07|2026-07-08|2026-07-09|2026-07-10|2026-07-13|2026-07-14|2026-07-15|2026-07-16,2026-07-16 23:07:48,0.0
Marriott International,,2026-06-03|2026-06-04|2026-06-05|2026-06-08|2026-06-09|2026-06-10|2026-06-11|2026-06-12|2026-06-15|2026-06-16|2026-06-17|2026-06-18|2026-06-22|2026-06-23|2026-06-24|2026-06-25|2026-06-26|2026-06-29|2026-06-30|2026-07-01|2026-07-02|2026-07-06|2026-07-07|2026-07-08|2026-07-09|2026-07-10|2026-07-13|2026-07-14|2026-07-15|2026-07-16,2026-07-16 23:07:48,0.0
Carrier Global,,2026-06-03|2026-06-04|2026-06-05|2026-06-08|2026-06-09|2026-06-10|2026-06-11|2026-06-12|2026-06-15|2026-06-16|2026-06-17|2026-06-18|2026-06-22|2026-06-23|2026-06-24|2026-06-25|2026-06-26|2026-06-29|2026-06-30|2026-07-01|2026-07-02|2026-07-06|2026-07-07|2026-07-08|2026-07-09|2026-07-10|2026-07-13|2026-07-14|2026-07-15|2026-07-16,2026-07-16 23:07:48,0.0
NextEra Energy,,2026-06-03|2026-06-04|2026-06-05|2026-06-08|2026-06-09|2026-06-10|2026-06-11|2026-06-12|2026-06-15|2026-06-16|2026-06-17|2026-06-18|2026-06-22|2026-06-23|2026-06-24|2026-06-25|2026-06-26|2026-06-29|2026-06-30|2026-07-01|2026-07-02|2026-07-06|2026-07-07|2026-07-08|2026-07-09|2026-07-10|2026-07-13|2026-07-14|2026-07-15|2026-07-16,2026-07-16 23:07:48,0.0
3M Company,,2026-06-03|2026-06-04|2026-06-05|2026-06-08|2026-06-09|2026-06-10|2026-06-11|2026-06-12|2026-06-15|2026-06-16|2026-06-17|2026-06-18|2026-06-22|2026-06-23|2026-06-24|2026-06-25|2026-06-26|2026-06-29|2026-06-30|2026-07-01|2026-07-02|2026-07-06|2026-07-07|2026-07-08|2026-07-09|2026-07-10|2026-07-13|2026-07-14|2026-07-15|2026-07-16,2026-07-16 23:07:48,0.0
Pacific Gas and Electric Company,,2026-06-03|2026-06-04|2026-06-05|2026-06-08|2026-06-09|2026-06-10|2026-06-11|2026-06-12|2026-06-15|2026-06-16|2026-06-17|2026-06-18|2026-06-22|2026-06-23|2026-06-24|2026-06-25|2026-06-26|2026-06-29|2026-06-30|2026-07-01|2026-07-02|2026-07-06|2026-07-07|2026-07-08|2026-07-09|2026-07-10|2026-07-13|2026-07-14|2026-07-15|2026-07-16,2026-07-16 23:07:48,0.0
Union Pacific,,2026-06-03|2026-06-04|2026-06-05|2026-06-08|2026-06-09|2026-06-10|2026-06-11|2026-06-12|2026-06-15|2026-06-16|2026-06-17|2026-06-18|2026-06-22|2026-06-23|2026-06-24|2026-06-25|2026-06-26|2026-06-29|2026-06-30|2026-07-01|2026-07-02|2026-07-06|2026-07-07|2026-07-08|2026-07-09|2026-07-10|2026-07-13|2026-07-14|2026-07-15|2026-07-16,2026-07-16 23:07:48,0.0
Synchrony Financial,,2026-06-03|2026-06-04|2026-06-05|2026-06-08|2026-06-09|2026-06-10|2026-06-11|2026-06-12|2026-06-15|2026-06-16|2026-06-17|2026-06-18|2026-06-22|2026-06-23|2026-06-24|2026-06-25|2026-06-26|2026-06-29|2026-06-30|2026-07-01|2026-07-02|2026-07-06|2026-07-07|2026-07-08|2026-07-09|2026-07-10|2026-07-13|2026-07-14|2026-07-15|2026-07-16,2026-07-16 23:07:48,0.0
Danaher,,2026-06-03|2026-06-04|2026-06-05|2026-06-08|2026-06-09|2026-06-10|2026-06-11|2026-06-12|2026-06-15|2026-06-16|2026-06-17|2026-06-18|2026-06-22|2026-06-23|2026-06-24|2026-06-25|2026-06-26|2026-06-29|2026-06-30|2026-07-01|2026-07-02|2026-07-06|2026-07-07|2026-07-08|2026-07-09|2026-07-10|2026-07-13|2026-07-14|2026-07-15|2026-07-16,2026-07-16 23:07:48,0.0
Avnet,,2026-06-03|2026-06-04|2026-06-05|2026-06-08|2026-06-09|2026-06-10|2026-06-11|2026-06-12|2026-06-15|2026-06-16|2026-06-17|2026-06-18|2026-06-22|2026-06-23|2026-06-24|2026-06-25|2026-06-26|2026-06-29|2026-06-30|2026-07-01|2026-07-02|2026-07-06|2026-07-07|2026-07-08|2026-07-09|2026-07-10|2026-07-13|2026-07-14|2026-07-15|2026-07-16,2026-07-16 23:07:48,0.0
Booking Holdings,,2026-06-03|2026-06-04|2026-06-05|2026-06-08|2026-06-09|2026-06-10|2026-06-11|2026-06-12|2026-06-15|2026-06-16|2026-06-17|2026-06-18|2026-06-22|2026-06-23|2026-06-24|2026-06-25|2026-06-26|2026-06-29|2026-06-30|2026-07-01|2026-07-02|2026-07-06|2026-07-07|2026-07-08|2026-07-09|2026-07-10|2026-07-13|2026-07-14|2026-07-15|2026-07-16,2026-07-16 23:07:48,0.0
EOG Resources,,2026-06-03|2026-06-04|2026-06-05|2026-06-08|2026-06-09|2026-06-10|2026-06-11|2026-06-12|2026-06-15|2026-06-16|2026-06-17|2026-06-18|2026-06-22|2026-06-23|2026-06-24|2026-06-25|2026-06-26|2026-06-29|2026-06-30|2026-07-01|2026-07-02|2026-07-06|2026-07-07|2026-07-08|2026-07-09|2026-07-10|2026-07-13|2026-07-14|2026-07-15|2026-07-16,2026-07-16 23:07:48,0.0
Quanta Services,,2026-06-03|2026-06-04|2026-06-05|2026-06-08|2026-06-09|2026-06-10|2026-06-11|2026-06-12|2026-06-15|2026-06-16|2026-06-17|2026-06-18|2026-06-22|2026-06-23|2026-06-24|2026-06-25|2026-06-26|2026-06-29|2026-06-30|2026-07-01|2026-07-02|2026-07-06|2026-07-07|2026-07-08|2026-07-09|2026-07-10|2026-07-13|2026-07-14|2026-07-15|2026-07-16,2026-07-16 23:07:48,0.0
Constellation Energy,,2026-06-03|2026-06-04|2026-06-05|2026-06-08|2026-06-09|2026-06-10|2026-06-11|2026-06-12|2026-06-15|2026-06-16|2026-06-17|2026-06-18|2026-06-22|2026-06-23|2026-06-24|2026-06-25|2026-06-26|2026-06-29|2026-06-30|2026-07-01|2026-07-02|2026-07-06|2026-07-07|2026-07-08|2026-07-09|2026-07-10|2026-07-13|2026-07-14|2026-07-15|2026-07-16,2026-07-16 23:07:48,0.0
Genuine Parts Company,,2026-06-03|2026-06-04|2026-06-05|2026-06-08|2026-06-09|2026-06-10|2026-06-11|2026-06-12|2026-06-15|2026-06-16|2026-06-17|2026-06-18|2026-06-22|2026-06-23|2026-06-24|2026-06-25|2026-06-26|2026-06-29|2026-06-30|2026-07-01|2026-07-02|2026-07-06|2026-07-07|2026-07-08|2026-07-09|2026-07-10|2026-07-13|2026-07-14|2026-07-15|2026-07-16,2026-07-16 23:07:48,0.0
Jones Lang LaSalle,,2026-06-03|2026-06-04|2026-06-05|2026-06-08|2026-06-09|2026-06-10|2026-06-11|2026-06-12|2026-06-15|2026-06-16|2026-06-17|2026-06-18|2026-06-22|2026-06-23|2026-06-24|2026-06-25|2026-06-26|2026-06-29|2026-06-30|2026-07-01|2026-07-02|2026-07-06|2026-07-07|2026-07-08|2026-07-09|2026-07-10|2026-07-13|2026-07-14|2026-07-15|2026-07-16,2026-07-16 23:07:48,0.0
Lear Corporation,,2026-06-03|2026-06-04|2026-06-05|2026-06-08|2026-06-09|2026-06-10|2026-06-11|2026-06-12|2026-06-15|2026-06-16|2026-06-17|2026-06-18|2026-06-22|2026-06-23|2026-06-24|2026-06-25|2026-06-26|2026-06-29|2026-06-30|2026-07-01|2026-07-02|2026-07-06|2026-07-07|2026-07-08|2026-07-09|2026-07-10|2026-07-13|2026-07-14|2026-07-15|2026-07-16,2026-07-16 23:07:48,0.0
Live Nation Entertainment,,2026-06-03|2026-06-04|2026-06-05|2026-06-08|2026-06-09|2026-06-10|2026-06-11|2026-06-12|2026-06-15|2026-06-16|2026-06-17|2026-06-18|2026-06-22|2026-06-23|2026-06-24|2026-06-25|2026-06-26|2026-06-29|2026-06-30|2026-07-01|2026-07-02|2026-07-06|2026-07-07|2026-07-08|2026-07-09|2026-07-10|2026-07-13|2026-07-14|2026-07-15|2026-07-16,2026-07-16 23:07:48,0.0
Sherwin-Williams,,2026-06-03|2026-06-04|2026-06-05|2026-06-08|2026-06-09|2026-06-10|2026-06-11|2026-06-12|2026-06-15|2026-06-16|2026-06-17|2026-06-18|2026-06-22|2026-06-23|2026-06-24|2026-06-25|2026-06-26|2026-06-29|2026-06-30|2026-07-01|2026-07-02|2026-07-06|2026-07-07|2026-07-08|2026-07-09|2026-07-10|2026-07-13|2026-07-14|2026-07-15|2026-07-16,2026-07-16 23:07:48,0.0
Exelon,,2026-06-03|2026-06-04|2026-06-05|2026-06-08|2026-06-09|2026-06-10|2026-06-11|2026-06-12|2026-06-15|2026-06-16|2026-06-17|2026-06-18|2026-06-22|2026-06-23|2026-06-24|2026-06-25|2026-06-26|2026-06-29|2026-06-30|2026-07-01|2026-07-02|2026-07-06|2026-07-07|2026-07-08|2026-07-09|2026-07-10|2026-07-13|2026-07-14|2026-07-15|2026-07-16,2026-07-16 23:07:48,0.0
Macys,,2026-06-03|2026-06-04|2026-06-05|2026-06-08|2026-06-09|2026-06-10|2026-06-11|2026-06-12|2026-06-15|2026-06-16|2026-06-17|2026-06-18|2026-06-22|2026-06-23|2026-06-24|2026-06-25|2026-06-26|2026-06-29|2026-06-30|2026-07-01|2026-07-02|2026-07-06|2026-07-07|2026-07-08|2026-07-09|2026-07-10|2026-07-13|2026-07-14|2026-07-15|2026-07-16,2026-07-16 23:07:48,0.0
Halliburton,,2026-06-03|2026-06-04|2026-06-05|2026-06-08|2026-06-09|2026-06-10|2026-06-11|2026-06-12|2026-06-15|2026-06-16|2026-06-17|2026-06-18|2026-06-22|2026-06-23|2026-06-24|2026-06-25|2026-06-26|2026-06-29|2026-06-30|2026-07-01|2026-07-02|2026-07-06|2026-07-07|2026-07-08|2026-07-09|2026-07-10|2026-07-13|2026-07-14|2026-07-15|2026-07-16,2026-07-16 23:07:48,0.0
Stryker,,2026-06-03|2026-06-04|2026-06-05|2026-06-08|2026-06-09|2026-06-10|2026-06-11|2026-06-12|2026-06-15|2026-06-16|2026-06-17|2026-06-18|2026-06-22|2026-06-23|2026-06-24|2026-06-25|2026-06-26|2026-06-29|2026-06-30|2026-07-01|2026-07-02|2026-07-06|2026-07-07|2026-07-08|2026-07-09|2026-07-10|2026-07-13|2026-07-14|2026-07-15|2026-07-16,2026-07-16 23:07:48,0.0
Reinsurance Group of America,,2026-06-03|2026-06-04|2026-06-05|2026-06-08|2026-06-09|2026-06-10|2026-06-11|2026-06-12|2026-06-15|2026-06-16|2026-06-17|2026-06-18|2026-06-22|2026-06-23|2026-06-24|2026-06-25|2026-06-26|2026-06-29|2026-06-30|2026-07-01|2026-07-02|2026-07-06|2026-07-07|2026-07-08|2026-07-09|2026-07-10|2026-07-13|2026-07-14|2026-07-15|2026-07-16,2026-07-16 23:07:48,0.0
State Street,,2026-06-03|2026-06-04|2026-06-05|2026-06-08|2026-06-09|2026-06-10|2026-06-11|2026-06-12|2026-06-15|2026-06-16|2026-06-17|2026-06-18|2026-06-22|2026-06-23|2026-06-24|2026-06-25|2026-06-26|2026-06-29|2026-06-30|2026-07-01|2026-07-02|2026-07-06|2026-07-07|2026-07-08|2026-07-09|2026-07-10|2026-07-13|2026-07-14|2026-07-15|2026-07-16,2026-07-16 23:07:48,0.0
WESCO International,,2026-06-03|2026-06-04|2026-06-05|2026-06-08|2026-06-09|2026-06-10|2026-06-11|2026-06-12|2026-06-15|2026-06-16|2026-06-17|2026-06-18|2026-06-22|2026-06-23|2026-06-24|2026-06-25|2026-06-26|2026-06-29|2026-06-30|2026-07-01|2026-07-02|2026-07-06|2026-07-07|2026-07-08|2026-07-09|2026-07-10|2026-07-13|2026-07-14|2026-07-15|2026-07-16,2026-07-16 23:07:48,0.0
Oneok,,2026-06-03|2026-06-04|2026-06-05|2026-06-08|2026-06-09|2026-06-10|2026-06-11|2026-06-12|2026-06-15|2026-06-16|2026-06-17|2026-06-18|2026-06-22|2026-06-23|2026-06-24|2026-06-25|2026-06-26|2026-06-29|2026-06-30|2026-07-01|2026-07-02|2026-07-06|2026-07-07|2026-07-08|2026-07-09|2026-07-10|2026-07-13|2026-07-14|2026-07-15|2026-07-16,2026-07-16 23:07:48,0.0
Adobe,,2026-06-03|2026-06-04|2026-06-05|2026-06-08|2026-06-09|2026-06-10|2026-06-11|2026-06-12|2026-06-15|2026-06-16|2026-06-17|2026-06-18|2026-06-22|2026-06-23|2026-06-24|2026-06-25|2026-06-26|2026-06-29|2026-06-30|2026-07-01|2026-07-02|2026-07-06|2026-07-07|2026-07-08|2026-07-09|2026-07-10|2026-07-13|2026-07-14|2026-07-15|2026-07-16,2026-07-16 23:07:48,0.0
L3Harris Technologies,,2026-06-03|2026-06-04|2026-06-05|2026-06-08|2026-06-09|2026-06-10|2026-06-11|2026-06-12|2026-06-15|2026-06-16|2026-06-17|2026-06-18|2026-06-22|2026-06-23|2026-06-24|2026-06-25|2026-06-26|2026-06-29|2026-06-30|2026-07-01|2026-07-02|2026-07-06|2026-07-07|2026-07-08|2026-07-09|2026-07-10|2026-07-13|2026-07-14|2026-07-15|2026-07-16,2026-07-16 23:07:48,0.0
Ross Stores,,2026-06-03|2026-06-04|2026-06-05|2026-06-08|2026-06-09|2026-06-10|2026-06-11|2026-06-12|2026-06-15|2026-06-16|2026-06-17|2026-06-18|2026-06-22|2026-06-23|2026-06-24|2026-06-25|2026-06-26|2026-06-29|2026-06-30|2026-07-01|2026-07-02|2026-07-06|2026-07-07|2026-07-08|2026-07-09|2026-07-10|2026-07-13|2026-07-14|2026-07-15|2026-07-16,2026-07-16 23:07:48,0.0
CDW,,2026-06-03|2026-06-04|2026-06-05|2026-06-08|2026-06-09|2026-06-10|2026-06-11|2026-06-12|2026-06-15|2026-06-16|2026-06-17|2026-06-18|2026-06-22|2026-06-23|2026-06-24|2026-06-25|2026-06-26|2026-06-29|2026-06-30|2026-07-01|2026-07-02|2026-07-06|2026-07-07|2026-07-08|2026-07-09|2026-07-10|2026-07-13|2026-07-14|2026-07-15|2026-07-16,2026-07-16 23:07:48,0.0
Tenet Healthcare,,2026-06-03|2026-06-04|2026-06-05|2026-06-08|2026-06-09|2026-06-10|2026-06-11|2026-06-12|2026-06-15|2026-06-16|2026-06-17|2026-06-18|2026-06-22|2026-06-23|2026-06-24|2026-06-25|2026-06-26|2026-06-29|2026-06-30|2026-07-01|2026-07-02|2026-07-06|2026-07-07|2026-07-08|2026-07-09|2026-07-10|2026-07-13|2026-07-14|2026-07-15|2026-07-16,2026-07-16 23:07:48,0.0
BJ's Wholesale Club,,2026-06-03|2026-06-04|2026-06-05|2026-06-08|2026-06-09|2026-06-10|2026-06-11|2026-06-12|2026-06-15|2026-06-16|2026-06-17|2026-06-18|2026-06-22|2026-06-23|2026-06-24|2026-06-25|2026-06-26|2026-06-29|2026-06-30|2026-07-01|2026-07-02|2026-07-06|2026-07-07|2026-07-08|2026-07-09|2026-07-10|2026-07-13|2026-07-14|2026-07-15|2026-07-16,2026-07-16 23:07:48,0.0
Altria,,2026-06-03|2026-06-04|2026-06-05|2026-06-08|2026-06-09|2026-06-10|2026-06-11|2026-06-12|2026-06-15|2026-06-16|2026-06-17|2026-06-18|2026-06-22|2026-06-23|2026-06-24|2026-06-25|2026-06-26|2026-06-29|2026-06-30|2026-07-01|2026-07-02|2026-07-06|2026-07-07|2026-07-08|2026-07-09|2026-07-10|2026-07-13|2026-07-14|2026-07-15|2026-07-16,2026-07-16 23:07:48,0.0
BlackRock,,2026-06-03|2026-06-04|2026-06-05|2026-06-08|2026-06-09|2026-06-10|2026-06-11|2026-06-12|2026-06-15|2026-06-16|2026-06-17|2026-06-18|2026-06-22|2026-06-23|2026-06-24|2026-06-25|2026-06-26|2026-06-29|2026-06-30|2026-07-01|2026-07-02|2026-07-06|2026-07-07|2026-07-08|2026-07-09|2026-07-10|2026-07-13|2026-07-14|2026-07-15|2026-07-16,2026-07-16 23:07:48,0.0
Becton Dickinson,,2026-06-03|2026-06-04|2026-06-05|2026-06-08|2026-06-09|2026-06-10|2026-06-11|2026-06-12|2026-06-15|2026-06-16|2026-06-17|2026-06-18|2026-06-22|2026-06-23|2026-06-24|2026-06-25|2026-06-26|2026-06-29|2026-06-30|2026-07-01|2026-07-02|2026-07-06|2026-07-07|2026-07-08|2026-07-09|2026-07-10|2026-07-13|2026-07-14|2026-07-15|2026-07-16,2026-07-16 23:07:48,0.0
Colgate-Palmolive,,2026-06-03|2026-06-04|2026-06-05|2026-06-08|2026-06-09|2026-06-10|2026-06-11|2026-06-12|2026-06-15|2026-06-16|2026-06-17|2026-06-18|2026-06-22|2026-06-23|2026-06-24|2026-06-25|2026-06-26|2026-06-29|2026-06-30|2026-07-01|2026-07-02|2026-07-06|2026-07-07|2026-07-08|2026-07-09|2026-07-10|2026-07-13|2026-07-14|2026-07-15|2026-07-16,2026-07-16 23:07:48,0.0
Kimberly-Clark,,2026-06-03|2026-06-04|2026-06-05|2026-06-08|2026-06-09|2026-06-10|2026-06-11|2026-06-12|2026-06-15|2026-06-16|2026-06-17|2026-06-18|2026-06-22|2026-06-23|2026-06-24|2026-06-25|2026-06-26|2026-06-29|2026-06-30|2026-07-01|2026-07-02|2026-07-06|2026-07-07|2026-07-08|2026-07-09|2026-07-10|2026-07-13|2026-07-14|2026-07-15|2026-07-16,2026-07-16 23:07:48,0.0
Group 1 Automotive,,2026-06-03|2026-06-04|2026-06-05|2026-06-08|2026-06-09|2026-06-10|2026-06-11|2026-06-12|2026-06-15|2026-06-16|2026-06-17|2026-06-18|2026-06-22|2026-06-23|2026-06-24|2026-06-25|2026-06-26|2026-06-29|2026-06-30|2026-07-01|2026-07-02|2026-07-06|2026-07-07|2026-07-08|2026-07-09|2026-07-10|2026-07-13|2026-07-14|2026-07-15|2026-07-16,2026-07-16 23:07:48,0.0
Parker-Hannifin,,2026-06-03|2026-06-04|2026-06-05|2026-06-08|2026-06-09|2026-06-10|2026-06-11|2026-06-12|2026-06-15|2026-06-16|2026-06-17|2026-06-18|2026-06-22|2026-06-23|2026-06-24|2026-06-25|2026-06-26|2026-06-29|2026-06-30|2026-07-01|2026-07-02|2026-07-06|2026-07-07|2026-07-08|2026-07-09|2026-07-10|2026-07-13|2026-07-14|2026-07-15|2026-07-16,2026-07-16 23:07:48,0.0
General Mills,,2026-06-03|2026-06-04|2026-06-05|2026-06-08|2026-06-09|2026-06-10|2026-06-11|2026-06-12|2026-06-15|2026-06-16|2026-06-17|2026-06-18|2026-06-22|2026-06-23|2026-06-24|2026-06-25|2026-06-26|2026-06-29|2026-06-30|2026-07-01|2026-07-02|2026-07-06|2026-07-07|2026-07-08|2026-07-09|2026-07-10|2026-07-13|2026-07-14|2026-07-15|2026-07-16,2026-07-16 23:07:48,0.0
Cognizant Technology Solutions,,2026-06-03|2026-06-04|2026-06-05|2026-06-08|2026-06-09|2026-06-10|2026-06-11|2026-06-12|2026-06-15|2026-06-16|2026-06-17|2026-06-18|2026-06-22|2026-06-23|2026-06-24|2026-06-25|2026-06-26|2026-06-29|2026-06-30|2026-07-01|2026-07-02|2026-07-06|2026-07-07|2026-07-08|2026-07-09|2026-07-10|2026-07-13|2026-07-14|2026-07-15|2026-07-16,2026-07-16 23:07:48,0.0
American Electric Power,,2026-06-03|2026-06-04|2026-06-05|2026-06-08|2026-06-09|2026-06-10|2026-06-11|2026-06-12|2026-06-15|2026-06-16|2026-06-17|2026-06-18|2026-06-22|2026-06-23|2026-06-24|2026-06-25|2026-06-26|2026-06-29|2026-06-30|2026-07-01|2026-07-02|2026-07-06|2026-07-07|2026-07-08|2026-07-09|2026-07-10|2026-07-13|2026-07-14|2026-07-15|2026-07-16,2026-07-16 23:07:48,0.0
GE HealthCare Technologies,,2026-06-03|2026-06-04|2026-06-05|2026-06-08|2026-06-09|2026-06-10|2026-06-11|2026-06-12|2026-06-15|2026-06-16|2026-06-17|2026-06-18|2026-06-22|2026-06-23|2026-06-24|2026-06-25|2026-06-26|2026-06-29|2026-06-30|2026-07-01|2026-07-02|2026-07-06|2026-07-07|2026-07-08|2026-07-09|2026-07-10|2026-07-13|2026-07-14|2026-07-15|2026-07-16,2026-07-16 23:07:48,0.0
Automatic Data Processing,,2026-06-03|2026-06-04|2026-06-05|2026-06-08|2026-06-09|2026-06-10|2026-06-11|2026-06-12|2026-06-15|2026-06-16|2026-06-17|2026-06-18|2026-06-22|2026-06-23|2026-06-24|2026-06-25|2026-06-26|2026-06-29|2026-06-30|2026-07-01|2026-07-02|2026-07-06|2026-07-07|2026-07-08|2026-07-09|2026-07-10|2026-07-13|2026-07-14|2026-07-15|2026-07-16,2026-07-16 23:07:48,0.0
Cleveland-Cliffs,,2026-06-03|2026-06-04|2026-06-05|2026-06-08|2026-06-09|2026-06-10|2026-06-11|2026-06-12|2026-06-15|2026-06-16|2026-06-17|2026-06-18|2026-06-22|2026-06-23|2026-06-24|2026-06-25|2026-06-26|2026-06-29|2026-06-30|2026-07-01|2026-07-02|2026-07-06|2026-07-07|2026-07-08|2026-07-09|2026-07-10|2026-07-13|2026-07-14|2026-07-15|2026-07-16,2026-07-16 23:07:48,0.0
Aflac,,2026-06-03|2026-06-04|2026-06-05|2026-06-08|2026-06-09|2026-06-10|2026-06-11|2026-06-12|2026-06-15|2026-06-16|2026-06-17|2026-06-18|2026-06-22|2026-06-23|2026-06-24|2026-06-25|2026-06-26|2026-06-29|2026-06-30|2026-07-01|2026-07-02|2026-07-06|2026-07-07|2026-07-08|2026-07-09|2026-07-10|2026-07-13|2026-07-14|2026-07-15|2026-07-16,2026-07-16 23:07:48,0.0
Goodyear Tire & Rubber,,2026-06-03|2026-06-04|2026-06-05|2026-06-08|2026-06-09|2026-06-10|2026-06-11|2026-06-12|2026-06-15|2026-06-16|2026-06-17|2026-06-18|2026-06-22|2026-06-23|2026-06-24|2026-06-25|2026-06-26|2026-06-29|2026-06-30|2026-07-01|2026-07-02|2026-07-06|2026-07-07|2026-07-08|2026-07-09|2026-07-10|2026-07-13|2026-07-14|2026-07-15|2026-07-16,2026-07-16 23:07:48,0.0
Corebridge Financial,,2026-06-03|2026-06-04|2026-06-05|2026-06-08|2026-06-09|2026-06-10|2026-06-11|2026-06-12|2026-06-15|2026-06-16|2026-06-17|2026-06-18|2026-06-22|2026-06-23|2026-06-24|2026-06-25|2026-06-26|2026-06-29|2026-06-30|2026-07-01|2026-07-02|2026-07-06|2026-07-07|2026-07-08|2026-07-09|2026-07-10|2026-07-13|2026-07-14|2026-07-15|2026-07-16,2026-07-16 23:07:48,0.0
Newmont,,2026-06-03|2026-06-04|2026-06-05|2026-06-08|2026-06-09|2026-06-10|2026-06-11|2026-06-12|2026-06-15|2026-06-16|2026-06-17|2026-06-18|2026-06-22|2026-06-23|2026-06-24|2026-06-25|2026-06-26|2026-06-29|2026-06-30|2026-07-01|2026-07-02|2026-07-06|2026-07-07|2026-07-08|2026-07-09|2026-07-10|2026-07-13|2026-07-14|2026-07-15|2026-07-16,2026-07-16 23:07:48,0.0
International Paper,,2026-06-03|2026-06-04|2026-06-05|2026-06-08|2026-06-09|2026-06-10|2026-06-11|2026-06-12|2026-06-15|2026-06-16|2026-06-17|2026-06-18|2026-06-22|2026-06-23|2026-06-24|2026-06-25|2026-06-26|2026-06-29|2026-06-30|2026-07-01|2026-07-02|2026-07-06|2026-07-07|2026-07-08|2026-07-09|2026-07-10|2026-07-13|2026-07-14|2026-07-15|2026-07-16,2026-07-16 23:07:48,0.0
AutoZone,,2026-06-03|2026-06-04|2026-06-05|2026-06-08|2026-06-09|2026-06-10|2026-06-11|2026-06-12|2026-06-15|2026-06-16|2026-06-17|2026-06-18|2026-06-22|2026-06-23|2026-06-24|2026-06-25|2026-06-26|2026-06-29|2026-06-30|2026-07-01|2026-07-02|2026-07-06|2026-07-07|2026-07-08|2026-07-09|2026-07-10|2026-07-13|2026-07-14|2026-07-15|2026-07-16,2026-07-16 23:07:48,0.0
Lincoln National,,2026-06-03|2026-06-04|2026-06-05|2026-06-08|2026-06-09|2026-06-10|2026-06-11|2026-06-12|2026-06-15|2026-06-16|2026-06-17|2026-06-18|2026-06-22|2026-06-23|2026-06-24|2026-06-25|2026-06-26|2026-06-29|2026-06-30|2026-07-01|2026-07-02|2026-07-06|2026-07-07|2026-07-08|2026-07-09|2026-07-10|2026-07-13|2026-07-14|2026-07-15|2026-07-16,2026-07-16 23:07:48,0.0
PulteGroup,,2026-06-03|2026-06-04|2026-06-05|2026-06-08|2026-06-09|2026-06-10|2026-06-11|2026-06-12|2026-06-15|2026-06-16|2026-06-17|2026-06-18|2026-06-22|2026-06-23|2026-06-24|2026-06-25|2026-06-26|2026-06-29|2026-06-30|2026-07-01|2026-07-02|2026-07-06|2026-07-07|2026-07-08|2026-07-09|2026-07-10|2026-07-13|2026-07-14|2026-07-15|2026-07-16,2026-07-16 23:07:48,0.0
Ameriprise Financial,,2026-06-03|2026-06-04|2026-06-05|2026-06-08|2026-06-09|2026-06-10|2026-06-11|2026-06-12|2026-06-15|2026-06-16|2026-06-17|2026-06-18|2026-06-22|2026-06-23|2026-06-24|2026-06-25|2026-06-26|2026-06-29|2026-06-30|2026-07-01|2026-07-02|2026-07-06|2026-07-07|2026-07-08|2026-07-09|2026-07-10|2026-07-13|2026-07-14|2026-07-15|2026-07-16,2026-07-16 23:07:48,0.0
Murphy USA,,2026-06-03|2026-06-04|2026-06-05|2026-06-08|2026-06-09|2026-06-10|2026-06-11|2026-06-12|2026-06-15|2026-06-16|2026-06-17|2026-06-18|2026-06-22|2026-06-23|2026-06-24|2026-06-25|2026-06-26|2026-06-29|2026-06-30|2026-07-01|2026-07-02|2026-07-06|2026-07-07|2026-07-08|2026-07-09|2026-07-10|2026-07-13|2026-07-14|2026-07-15|2026-07-16,2026-07-16 23:07:48,0.0
ManpowerGroup,,2026-06-03|2026-06-04|2026-06-05|2026-06-08|2026-06-09|2026-06-10|2026-06-11|2026-06-12|2026-06-15|2026-06-16|2026-06-17|2026-06-18|2026-06-22|2026-06-23|2026-06-24|2026-06-25|2026-06-26|2026-06-29|2026-06-30|2026-07-01|2026-07-02|2026-07-06|2026-07-07|2026-07-08|2026-07-09|2026-07-10|2026-07-13|2026-07-14|2026-07-15|2026-07-16,2026-07-16 23:07:48,0.0
CH Robinson Worldwide,,2026-06-03|2026-06-04|2026-06-05|2026-06-08|2026-06-09|2026-06-10|2026-06-11|2026-06-12|2026-06-15|2026-06-16|2026-06-17|2026-06-18|2026-06-22|2026-06-23|2026-06-24|2026-06-25|2026-06-26|2026-06-29|2026-06-30|2026-07-01|2026-07-02|2026-07-06|2026-07-07|2026-07-08|2026-07-09|2026-07-10|2026-07-13|2026-07-14|2026-07-15|2026-07-16,2026-07-16 23:07:48,0.0
PPG Industries,,2026-06-03|2026-06-04|2026-06-05|2026-06-08|2026-06-09|2026-06-10|2026-06-11|2026-06-12|2026-06-15|2026-06-16|2026-06-17|2026-06-18|2026-06-22|2026-06-23|2026-06-24|2026-06-25|2026-06-26|2026-06-29|2026-06-30|2026-07-01|2026-07-02|2026-07-06|2026-07-07|2026-07-08|2026-07-09|2026-07-10|2026-07-13|2026-07-14|2026-07-15|2026-07-16,2026-07-16 23:07:48,0.0
Edison International,,2026-06-03|2026-06-04|2026-06-05|2026-06-08|2026-06-09|2026-06-10|2026-06-11|2026-06-12|2026-06-15|2026-06-16|2026-06-17|2026-06-18|2026-06-22|2026-06-23|2026-06-24|2026-06-25|2026-06-26|2026-06-29|2026-06-30|2026-07-01|2026-07-02|2026-07-06|2026-07-07|2026-07-08|2026-07-09|2026-07-10|2026-07-13|2026-07-14|2026-07-15|2026-07-16,2026-07-16 23:07:48,0.0
Steel Dynamics,,2026-06-03|2026-06-04|2026-06-05|2026-06-08|2026-06-09|2026-06-10|2026-06-11|2026-06-12|2026-06-15|2026-06-16|2026-06-17|2026-06-18|2026-06-22|2026-06-23|2026-06-24|2026-06-25|2026-06-26|2026-06-29|2026-06-30|2026-07-01|2026-07-02|2026-07-06|2026-07-07|2026-07-08|2026-07-09|2026-07-10|2026-07-13|2026-07-14|2026-07-15|2026-07-16,2026-07-16 23:07:48,0.0
Loews,,2026-06-03|2026-06-04|2026-06-05|2026-06-08|2026-06-09|2026-06-10|2026-06-11|2026-06-12|2026-06-15|2026-06-16|2026-06-17|2026-06-18|2026-06-22|2026-06-23|2026-06-24|2026-06-25|2026-06-26|2026-06-29|2026-06-30|2026-07-01|2026-07-02|2026-07-06|2026-07-07|2026-07-08|2026-07-09|2026-07-10|2026-07-13|2026-07-14|2026-07-15|2026-07-16,2026-07-16 23:07:48,0.0
Emerson Electric,,2026-06-03|2026-06-04|2026-06-05|2026-06-08|2026-06-09|2026-06-10|2026-06-11|2026-06-12|2026-06-15|2026-06-16|2026-06-17|2026-06-18|2026-06-22|2026-06-23|2026-06-24|2026-06-25|2026-06-26|2026-06-29|2026-06-30|2026-07-01|2026-07-02|2026-07-06|2026-07-07|2026-07-08|2026-07-09|2026-07-10|2026-07-13|2026-07-14|2026-07-15|2026-07-16,2026-07-16 23:07:48,0.0
Aramark,,2026-06-03|2026-06-04|2026-06-05|2026-06-08|2026-06-09|2026-06-10|2026-06-11|2026-06-12|2026-06-15|2026-06-16|2026-06-17|2026-06-18|2026-06-22|2026-06-23|2026-06-24|2026-06-25|2026-06-26|2026-06-29|2026-06-30|2026-07-01|2026-07-02|2026-07-06|2026-07-07|2026-07-08|2026-07-09|2026-07-10|2026-07-13|2026-07-14|2026-07-15|2026-07-16,2026-07-16 23:07:48,0.0
MGM Resorts International,,2026-06-03|2026-06-04|2026-06-05|2026-06-08|2026-06-09|2026-06-10|2026-06-11|2026-06-12|2026-06-15|2026-06-16|2026-06-17|2026-06-18|2026-06-22|2026-06-23|2026-06-24|2026-06-25|2026-06-26|2026-06-29|2026-06-30|2026-07-01|2026-07-02|2026-07-06|2026-07-07|2026-07-08|2026-07-09|2026-07-10|2026-07-13|2026-07-14|2026-07-15|2026-07-16,2026-07-16 23:07:48,0.0
Vistra,,2026-06-03|2026-06-04|2026-06-05|2026-06-08|2026-06-09|2026-06-10|2026-06-11|2026-06-12|2026-06-15|2026-06-16|2026-06-17|2026-06-18|2026-06-22|2026-06-23|2026-06-24|2026-06-25|2026-06-26|2026-06-29|2026-06-30|2026-07-01|2026-07-02|2026-07-06|2026-07-07|2026-07-08|2026-07-09|2026-07-10|2026-07-13|2026-07-14|2026-07-15|2026-07-16,2026-07-16 23:07:48,0.0
Asbury Automotive Group,,2026-06-03|2026-06-04|2026-06-05|2026-06-08|2026-06-09|2026-06-10|2026-06-11|2026-06-12|2026-06-15|2026-06-16|2026-06-17|2026-06-18|2026-06-22|2026-06-23|2026-06-24|2026-06-25|2026-06-26|2026-06-29|2026-06-30|2026-07-01|2026-07-02|2026-07-06|2026-07-07|2026-07-08|2026-07-09|2026-07-10|2026-07-13|2026-07-14|2026-07-15|2026-07-16,2026-07-16 23:07:48,0.0
WW Grainger,,2026-06-03|2026-06-04|2026-06-05|2026-06-08|2026-06-09|2026-06-10|2026-06-11|2026-06-12|2026-06-15|2026-06-16|2026-06-17|2026-06-18|2026-06-22|2026-06-23|2026-06-24|2026-06-25|2026-06-26|2026-06-29|2026-06-30|2026-07-01|2026-07-02|2026-07-06|2026-07-07|2026-07-08|2026-07-09|2026-07-10|2026-07-13|2026-07-14|2026-07-15|2026-07-16,2026-07-16 23:07:48,0.0
Global Partners,,2026-06-03|2026-06-04|2026-06-05|2026-06-08|2026-06-09|2026-06-10|2026-06-11|2026-06-12|2026-06-15|2026-06-16|2026-06-17|2026-06-18|2026-06-22|2026-06-23|2026-06-24|2026-06-25|2026-06-26|2026-06-29|2026-06-30|2026-07-01|2026-07-02|2026-07-06|2026-07-07|2026-07-08|2026-07-09|2026-07-10|2026-07-13|2026-07-14|2026-07-15|2026-07-16,2026-07-16 23:07:48,0.0
Jacobs Solutions,,2026-06-03|2026-06-04|2026-06-05|2026-06-08|2026-06-09|2026-06-10|2026-06-11|2026-06-12|2026-06-15|2026-06-16|2026-06-17|2026-06-18|2026-06-22|2026-06-23|2026-06-24|2026-06-25|2026-06-26|2026-06-29|2026-06-30|2026-07-01|2026-07-02|2026-07-06|2026-07-07|2026-07-08|2026-07-09|2026-07-10|2026-07-13|2026-07-14|2026-07-15|2026-07-16,2026-07-16 23:07:48,0.0
Corteva,,2026-06-03|2026-06-04|2026-06-05|2026-06-08|2026-06-09|2026-06-10|2026-06-11|2026-06-12|2026-06-15|2026-06-16|2026-06-17|2026-06-18|2026-06-22|2026-06-23|2026-06-24|2026-06-25|2026-06-26|2026-06-29|2026-06-30|2026-07-01|2026-07-02|2026-07-06|2026-07-07|2026-07-08|2026-07-09|2026-07-10|2026-07-13|2026-07-14|2026-07-15|2026-07-16,2026-07-16 23:07:48,0.0
Boston Scientific,,2026-06-03|2026-06-04|2026-06-05|2026-06-08|2026-06-09|2026-06-10|2026-06-11|2026-06-12|2026-06-15|2026-06-16|2026-06-17|2026-06-18|2026-06-22|2026-06-23|2026-06-24|2026-06-25|2026-06-26|2026-06-29|2026-06-30|2026-07-01|2026-07-02|2026-07-06|2026-07-07|2026-07-08|2026-07-09|2026-07-10|2026-07-13|2026-07-14|2026-07-15|2026-07-16,2026-07-16 23:07:48,0.0
O'Reilly Automotive,,2026-06-03|2026-06-04|2026-06-05|2026-06-08|2026-06-09|2026-06-10|2026-06-11|2026-06-12|2026-06-15|2026-06-16|2026-06-17|2026-06-18|2026-06-22|2026-06-23|2026-06-24|2026-06-25|2026-06-26|2026-06-29|2026-06-30|2026-07-01|2026-07-02|2026-07-06|2026-07-07|2026-07-08|2026-07-09|2026-07-10|2026-07-13|2026-07-14|2026-07-15|2026-07-16,2026-07-16 23:07:48,0.0
Leidos,,2026-06-03|2026-06-04|2026-06-05|2026-06-08|2026-06-09|2026-06-10|2026-06-11|2026-06-12|2026-06-15|2026-06-16|2026-06-17|2026-06-18|2026-06-22|2026-06-23|2026-06-24|2026-06-25|2026-06-26|2026-06-29|2026-06-30|2026-07-01|2026-07-02|2026-07-06|2026-07-07|2026-07-08|2026-07-09|2026-07-10|2026-07-13|2026-07-14|2026-07-15|2026-07-16,2026-07-16 23:07:48,0.0
Markel Group,,2026-06-03|2026-06-04|2026-06-05|2026-06-08|2026-06-09|2026-06-10|2026-06-11|2026-06-12|2026-06-15|2026-06-16|2026-06-17|2026-06-18|2026-06-22|2026-06-23|2026-06-24|2026-06-25|2026-06-26|2026-06-29|2026-06-30|2026-07-01|2026-07-02|2026-07-06|2026-07-07|2026-07-08|2026-07-09|2026-07-10|2026-07-13|2026-07-14|2026-07-15|2026-07-16,2026-07-16 23:07:48,0.0
Whirlpool,,2026-06-03|2026-06-04|2026-06-05|2026-06-08|2026-06-09|2026-06-10|2026-06-11|2026-06-12|2026-06-15|2026-06-16|2026-06-17|2026-06-18|2026-06-22|2026-06-23|2026-06-24|2026-06-25|2026-06-26|2026-06-29|2026-06-30|2026-07-01|2026-07-02|2026-07-06|2026-07-07|2026-07-08|2026-07-09|2026-07-10|2026-07-13|2026-07-14|2026-07-15|2026-07-16,2026-07-16 23:07:48,0.0
Builders FirstSource,,2026-06-03|2026-06-04|2026-06-05|2026-06-08|2026-06-09|2026-06-10|2026-06-11|2026-06-12|2026-06-15|2026-06-16|2026-06-17|2026-06-18|2026-06-22|2026-06-23|2026-06-24|2026-06-25|2026-06-26|2026-06-29|2026-06-30|2026-07-01|2026-07-02|2026-07-06|2026-07-07|2026-07-08|2026-07-09|2026-07-10|2026-07-13|2026-07-14|2026-07-15|2026-07-16,2026-07-16 23:07:48,0.0
Ally Financial,,2026-06-03|2026-06-04|2026-06-05|2026-06-08|2026-06-09|2026-06-10|2026-06-11|2026-06-12|2026-06-15|2026-06-16|2026-06-17|2026-06-18|2026-06-22|2026-06-23|2026-06-24|2026-06-25|2026-06-26|2026-06-29|2026-06-30|2026-07-01|2026-07-02|2026-07-06|2026-07-07|2026-07-08|2026-07-09|2026-07-10|2026-07-13|2026-07-14|2026-07-15|2026-07-16,2026-07-16 23:07:48,0.0
Targa Resources,,2026-06-03|2026-06-04|2026-06-05|2026-06-08|2026-06-09|2026-06-10|2026-06-11|2026-06-12|2026-06-15|2026-06-16|2026-06-17|2026-06-18|2026-06-22|2026-06-23|2026-06-24|2026-06-25|2026-06-26|2026-06-29|2026-06-30|2026-07-01|2026-07-02|2026-07-06|2026-07-07|2026-07-08|2026-07-09|2026-07-10|2026-07-13|2026-07-14|2026-07-15|2026-07-16,2026-07-16 23:07:48,0.0
Fluor,,2026-06-03|2026-06-04|2026-06-05|2026-06-08|2026-06-09|2026-06-10|2026-06-11|2026-06-12|2026-06-15|2026-06-16|2026-06-17|2026-06-18|2026-06-22|2026-06-23|2026-06-24|2026-06-25|2026-06-26|2026-06-29|2026-06-30|2026-07-01|2026-07-02|2026-07-06|2026-07-07|2026-07-08|2026-07-09|2026-07-10|2026-07-13|2026-07-14|2026-07-15|2026-07-16,2026-07-16 23:07:48,0.0
Intuit,,2026-06-03|2026-06-04|2026-06-05|2026-06-08|2026-06-09|2026-06-10|2026-06-11|2026-06-12|2026-06-15|2026-06-16|2026-06-17|2026-06-18|2026-06-22|2026-06-23|2026-06-24|2026-06-25|2026-06-26|2026-06-29|2026-06-30|2026-07-01|2026-07-02|2026-07-06|2026-07-07|2026-07-08|2026-07-09|2026-07-10|2026-07-13|2026-07-14|2026-07-15|2026-07-16,2026-07-16 23:07:48,0.0
AECOM,,2026-06-03|2026-06-04|2026-06-05|2026-06-08|2026-06-09|2026-06-10|2026-06-11|2026-06-12|2026-06-15|2026-06-16|2026-06-17|2026-06-18|2026-06-22|2026-06-23|2026-06-24|2026-06-25|2026-06-26|2026-06-29|2026-06-30|2026-07-01|2026-07-02|2026-07-06|2026-07-07|2026-07-08|2026-07-09|2026-07-10|2026-07-13|2026-07-14|2026-07-15|2026-07-16,2026-07-16 23:07:48,0.0
Kohl's,,2026-06-03|2026-06-04|2026-06-05|2026-06-08|2026-06-09|2026-06-10|2026-06-11|2026-06-12|2026-06-15|2026-06-16|2026-06-17|2026-06-18|2026-06-22|2026-06-23|2026-06-24|2026-06-25|2026-06-26|2026-06-29|2026-06-30|2026-07-01|2026-07-02|2026-07-06|2026-07-07|2026-07-08|2026-07-09|2026-07-10|2026-07-13|2026-07-14|2026-07-15|2026-07-16,2026-07-16 23:07:48,0.0
PrIncipal Financial,,2026-06-03|2026-06-04|2026-06-05|2026-06-08|2026-06-09|2026-06-10|2026-06-11|2026-06-12|2026-06-15|2026-06-16|2026-06-17|2026-06-18|2026-06-22|2026-06-23|2026-06-24|2026-06-25|2026-06-26|2026-06-29|2026-06-30|2026-07-01|2026-07-02|2026-07-06|2026-07-07|2026-07-08|2026-07-09|2026-07-10|2026-07-13|2026-07-14|2026-07-15|2026-07-16,2026-07-16 23:07:48,0.0
Dominion Energy,,2026-06-03|2026-06-04|2026-06-05|2026-06-08|2026-06-09|2026-06-10|2026-06-11|2026-06-12|2026-06-15|2026-06-16|2026-06-17|2026-06-18|2026-06-22|2026-06-23|2026-06-24|2026-06-25|2026-06-26|2026-06-29|2026-06-30|2026-07-01|2026-07-02|2026-07-06|2026-07-07|2026-07-08|2026-07-09|2026-07-10|2026-07-13|2026-07-14|2026-07-15|2026-07-16,2026-07-16 23:07:48,0.0
Kyndryl,,2026-06-03|2026-06-04|2026-06-05|2026-06-08|2026-06-09|2026-06-10|2026-06-11|2026-06-12|2026-06-15|2026-06-16|2026-06-17|2026-06-18|2026-06-22|2026-06-23|2026-06-24|2026-06-25|2026-06-26|2026-06-29|2026-06-30|2026-07-01|2026-07-02|2026-07-06|2026-07-07|2026-07-08|2026-07-09|2026-07-10|2026-07-13|2026-07-14|2026-07-15|2026-07-16,2026-07-16 23:07:48,0.0
Republic Services,,2026-06-03|2026-06-04|2026-06-05|2026-06-08|2026-06-09|2026-06-10|2026-06-11|2026-06-12|2026-06-15|2026-06-16|2026-06-17|2026-06-18|2026-06-22|2026-06-23|2026-06-24|2026-06-25|2026-06-26|2026-06-29|2026-06-30|2026-07-01|2026-07-02|2026-07-06|2026-07-07|2026-07-08|2026-07-09|2026-07-10|2026-07-13|2026-07-14|2026-07-15|2026-07-16,2026-07-16 23:07:48,0.0
Devon Energy,,2026-06-03|2026-06-04|2026-06-05|2026-06-08|2026-06-09|2026-06-10|2026-06-11|2026-06-12|2026-06-15|2026-06-16|2026-06-17|2026-06-18|2026-06-22|2026-06-23|2026-06-24|2026-06-25|2026-06-26|2026-06-29|2026-06-30|2026-07-01|2026-07-02|2026-07-06|2026-07-07|2026-07-08|2026-07-09|2026-07-10|2026-07-13|2026-07-14|2026-07-15|2026-07-16,2026-07-16 23:07:48,0.0
Illinois Tool Works,,2026-06-03|2026-06-04|2026-06-05|2026-06-08|2026-06-09|2026-06-10|2026-06-11|2026-06-12|2026-06-15|2026-06-16|2026-06-17|2026-06-18|2026-06-22|2026-06-23|2026-06-24|2026-06-25|2026-06-26|2026-06-29|2026-06-30|2026-07-01|2026-07-02|2026-07-06|2026-07-07|2026-07-08|2026-07-09|2026-07-10|2026-07-13|2026-07-14|2026-07-15|2026-07-16,2026-07-16 23:07:48,0.0
Northern Trust,,2026-06-03|2026-06-04|2026-06-05|2026-06-08|2026-06-09|2026-06-10|2026-06-11|2026-06-12|2026-06-15|2026-06-16|2026-06-17|2026-06-18|2026-06-22|2026-06-23|2026-06-24|2026-06-25|2026-06-26|2026-06-29|2026-06-30|2026-07-01|2026-07-02|2026-07-06|2026-07-07|2026-07-08|2026-07-09|2026-07-10|2026-07-13|2026-07-14|2026-07-15|2026-07-16,2026-07-16 23:07:48,0.0
Universal Health Services,,2026-06-03|2026-06-04|2026-06-05|2026-06-08|2026-06-09|2026-06-10|2026-06-11|2026-06-12|2026-06-15|2026-06-16|2026-06-17|2026-06-18|2026-06-22|2026-06-23|2026-06-24|2026-06-25|2026-06-26|2026-06-29|2026-06-30|2026-07-01|2026-07-02|2026-07-06|2026-07-07|2026-07-08|2026-07-09|2026-07-10|2026-07-13|2026-07-14|2026-07-15|2026-07-16,2026-07-16 23:07:48,0.0
Ecolab,,2026-06-03|2026-06-04|2026-06-05|2026-06-08|2026-06-09|2026-06-10|2026-06-11|2026-06-12|2026-06-15|2026-06-16|2026-06-17|2026-06-18|2026-06-22|2026-06-23|2026-06-24|2026-06-25|2026-06-26|2026-06-29|2026-06-30|2026-07-01|2026-07-02|2026-07-06|2026-07-07|2026-07-08|2026-07-09|2026-07-10|2026-07-13|2026-07-14|2026-07-15|2026-07-16,2026-07-16 23:07:48,0.0
Cheniere Energy,,2026-06-03|2026-06-04|2026-06-05|2026-06-08|2026-06-09|2026-06-10|2026-06-11|2026-06-12|2026-06-15|2026-06-16|2026-06-17|2026-06-18|2026-06-22|2026-06-23|2026-06-24|2026-06-25|2026-06-26|2026-06-29|2026-06-30|2026-07-01|2026-07-02|2026-07-06|2026-07-07|2026-07-08|2026-07-09|2026-07-10|2026-07-13|2026-07-14|2026-07-15|2026-07-16,2026-07-16 23:07:48,0.0
Omnicom Group,,2026-06-03|2026-06-04|2026-06-05|2026-06-08|2026-06-09|2026-06-10|2026-06-11|2026-06-12|2026-06-15|2026-06-16|2026-06-17|2026-06-18|2026-06-22|2026-06-23|2026-06-24|2026-06-25|2026-06-26|2026-06-29|2026-06-30|2026-07-01|2026-07-02|2026-07-06|2026-07-07|2026-07-08|2026-07-09|2026-07-10|2026-07-13|2026-07-14|2026-07-15|2026-07-16,2026-07-16 23:07:48,0.0
Texas Instruments,,2026-06-03|2026-06-04|2026-06-05|2026-06-08|2026-06-09|2026-06-10|2026-06-11|2026-06-12|2026-06-15|2026-06-16|2026-06-17|2026-06-18|2026-06-22|2026-06-23|2026-06-24|2026-06-25|2026-06-26|2026-06-29|2026-06-30|2026-07-01|2026-07-02|2026-07-06|2026-07-07|2026-07-08|2026-07-09|2026-07-10|2026-07-13|2026-07-14|2026-07-15|2026-07-16,2026-07-16 23:07:48,0.0
Estée Lauder,,2026-06-03|2026-06-04|2026-06-05|2026-06-08|2026-06-09|2026-06-10|2026-06-11|2026-06-12|2026-06-15|2026-06-16|2026-06-17|2026-06-18|2026-06-22|2026-06-23|2026-06-24|2026-06-25|2026-06-26|2026-06-29|2026-06-30|2026-07-01|2026-07-02|2026-07-06|2026-07-07|2026-07-08|2026-07-09|2026-07-10|2026-07-13|2026-07-14|2026-07-15|2026-07-16,2026-07-16 23:07:48,0.0
Kenvue,,2026-06-03|2026-06-04|2026-06-05|2026-06-08|2026-06-09|2026-06-10|2026-06-11|2026-06-12|2026-06-15|2026-06-16|2026-06-17|2026-06-18|2026-06-22|2026-06-23|2026-06-24|2026-06-25|2026-06-26|2026-06-29|2026-06-30|2026-07-01|2026-07-02|2026-07-06|2026-07-07|2026-07-08|2026-07-09|2026-07-10|2026-07-13|2026-07-14|2026-07-15|2026-07-16,2026-07-16 23:07:48,0.0
IQVIA,,2026-06-03|2026-06-04|2026-06-05|2026-06-08|2026-06-09|2026-06-10|2026-06-11|2026-06-12|2026-06-15|2026-06-16|2026-06-17|2026-06-18|2026-06-22|2026-06-23|2026-06-24|2026-06-25|2026-06-26|2026-06-29|2026-06-30|2026-07-01|2026-07-02|2026-07-06|2026-07-07|2026-07-08|2026-07-09|2026-07-10|2026-07-13|2026-07-14|2026-07-15|2026-07-16,2026-07-16 23:07:48,0.0
Stanley Black & Decker,,2026-06-03|2026-06-04|2026-06-05|2026-06-08|2026-06-09|2026-06-10|2026-06-11|2026-06-12|2026-06-15|2026-06-16|2026-06-17|2026-06-18|2026-06-22|2026-06-23|2026-06-24|2026-06-25|2026-06-26|2026-06-29|2026-06-30|2026-07-01|2026-07-02|2026-07-06|2026-07-07|2026-07-08|2026-07-09|2026-07-10|2026-07-13|2026-07-14|2026-07-15|2026-07-16,2026-07-16 23:07:48,0.0
Keurig Dr Pepper,,2026-06-03|2026-06-04|2026-06-05|2026-06-08|2026-06-09|2026-06-10|2026-06-11|2026-06-12|2026-06-15|2026-06-16|2026-06-17|2026-06-18|2026-06-22|2026-06-23|2026-06-24|2026-06-25|2026-06-26|2026-06-29|2026-06-30|2026-07-01|2026-07-02|2026-07-06|2026-07-07|2026-07-08|2026-07-09|2026-07-10|2026-07-13|2026-07-14|2026-07-15|2026-07-16,2026-07-16 23:07:48,0.0
United Rentals,,2026-06-03|2026-06-04|2026-06-05|2026-06-08|2026-06-09|2026-06-10|2026-06-11|2026-06-12|2026-06-15|2026-06-16|2026-06-17|2026-06-18|2026-06-22|2026-06-23|2026-06-24|2026-06-25|2026-06-26|2026-06-29|2026-06-30|2026-07-01|2026-07-02|2026-07-06|2026-07-07|2026-07-08|2026-07-09|2026-07-10|2026-07-13|2026-07-14|2026-07-15|2026-07-16,2026-07-16 23:07:48,0.0
Consolidated Edison,,2026-06-03|2026-06-04|2026-06-05|2026-06-08|2026-06-09|2026-06-10|2026-06-11|2026-06-12|2026-06-15|2026-06-16|2026-06-17|2026-06-18|2026-06-22|2026-06-23|2026-06-24|2026-06-25|2026-06-26|2026-06-29|2026-06-30|2026-07-01|2026-07-02|2026-07-06|2026-07-07|2026-07-08|2026-07-09|2026-07-10|2026-07-13|2026-07-14|2026-07-15|2026-07-16,2026-07-16 23:07:48,0.0
Amphenol,,2026-06-03|2026-06-04|2026-06-05|2026-06-08|2026-06-09|2026-06-10|2026-06-11|2026-06-12|2026-06-15|2026-06-16|2026-06-17|2026-06-18|2026-06-22|2026-06-23|2026-06-24|2026-06-25|2026-06-26|2026-06-29|2026-06-30|2026-07-01|2026-07-02|2026-07-06|2026-07-07|2026-07-08|2026-07-09|2026-07-10|2026-07-13|2026-07-14|2026-07-15|2026-07-16,2026-07-16 23:07:48,0.0
Baxter International,,2026-06-03|2026-06-04|2026-06-05|2026-06-08|2026-06-09|2026-06-10|2026-06-11|2026-06-12|2026-06-15|2026-06-16|2026-06-17|2026-06-18|2026-06-22|2026-06-23|2026-06-24|2026-06-25|2026-06-26|2026-06-29|2026-06-30|2026-07-01|2026-07-02|2026-07-06|2026-07-07|2026-07-08|2026-07-09|2026-07-10|2026-07-13|2026-07-14|2026-07-15|2026-07-16,2026-07-16 23:07:48,0.0
Kinder Morgan,,2026-06-03|2026-06-04|2026-06-05|2026-06-08|2026-06-09|2026-06-10|2026-06-11|2026-06-12|2026-06-15|2026-06-16|2026-06-17|2026-06-18|2026-06-22|2026-06-23|2026-06-24|2026-06-25|2026-06-26|2026-06-29|2026-06-30|2026-07-01|2026-07-02|2026-07-06|2026-07-07|2026-07-08|2026-07-09|2026-07-10|2026-07-13|2026-07-14|2026-07-15|2026-07-16,2026-07-16 23:07:48,0.0
First Citizens BancShares,,2026-06-03|2026-06-04|2026-06-05|2026-06-08|2026-06-09|2026-06-10|2026-06-11|2026-06-12|2026-06-15|2026-06-16|2026-06-17|2026-06-18|2026-06-22|2026-06-23|2026-06-24|2026-06-25|2026-06-26|2026-06-29|2026-06-30|2026-07-01|2026-07-02|2026-07-06|2026-07-07|2026-07-08|2026-07-09|2026-07-10|2026-07-13|2026-07-14|2026-07-15|2026-07-16,2026-07-16 23:07:48,0.0
Raymond James Financial,,2026-06-03|2026-06-04|2026-06-05|2026-06-08|2026-06-09|2026-06-10|2026-06-11|2026-06-12|2026-06-15|2026-06-16|2026-06-17|2026-06-18|2026-06-22|2026-06-23|2026-06-24|2026-06-25|2026-06-26|2026-06-29|2026-06-30|2026-07-01|2026-07-02|2026-07-06|2026-07-07|2026-07-08|2026-07-09|2026-07-10|2026-07-13|2026-07-14|2026-07-15|2026-07-16,2026-07-16 23:07:48,0.0
Lam Research,,2026-06-03|2026-06-04|2026-06-05|2026-06-08|2026-06-09|2026-06-10|2026-06-11|2026-06-12|2026-06-15|2026-06-16|2026-06-17|2026-06-18|2026-06-22|2026-06-23|2026-06-24|2026-06-25|2026-06-26|2026-06-29|2026-06-30|2026-07-01|2026-07-02|2026-07-06|2026-07-07|2026-07-08|2026-07-09|2026-07-10|2026-07-13|2026-07-14|2026-07-15|2026-07-16,2026-07-16 23:07:48,0.0
Tractor Supply,,2026-06-03|2026-06-04|2026-06-05|2026-06-08|2026-06-09|2026-06-10|2026-06-11|2026-06-12|2026-06-15|2026-06-16|2026-06-17|2026-06-18|2026-06-22|2026-06-23|2026-06-24|2026-06-25|2026-06-26|2026-06-29|2026-06-30|2026-07-01|2026-07-02|2026-07-06|2026-07-07|2026-07-08|2026-07-09|2026-07-10|2026-07-13|2026-07-14|2026-07-15|2026-07-16,2026-07-16 23:07:48,0.0
Caseys General Stores,,2026-06-03|2026-06-04|2026-06-05|2026-06-08|2026-06-09|2026-06-10|2026-06-11|2026-06-12|2026-06-15|2026-06-16|2026-06-17|2026-06-18|2026-06-22|2026-06-23|2026-06-24|2026-06-25|2026-06-26|2026-06-29|2026-06-30|2026-07-01|2026-07-02|2026-07-06|2026-07-07|2026-07-08|2026-07-09|2026-07-10|2026-07-13|2026-07-14|2026-07-15|2026-07-16,2026-07-16 23:07:48,0.0
Viatris,,2026-06-03|2026-06-04|2026-06-05|2026-06-08|2026-06-09|2026-06-10|2026-06-11|2026-06-12|2026-06-15|2026-06-16|2026-06-17|2026-06-18|2026-06-22|2026-06-23|2026-06-24|2026-06-25|2026-06-26|2026-06-29|2026-06-30|2026-07-01|2026-07-02|2026-07-06|2026-07-07|2026-07-08|2026-07-09|2026-07-10|2026-07-13|2026-07-14|2026-07-15|2026-07-16,2026-07-16 23:07:48,0.0
EMCOR Group,,2026-06-03|2026-06-04|2026-06-05|2026-06-08|2026-06-09|2026-06-10|2026-06-11|2026-06-12|2026-06-15|2026-06-16|2026-06-17|2026-06-18|2026-06-22|2026-06-23|2026-06-24|2026-06-25|2026-06-26|2026-06-29|2026-06-30|2026-07-01|2026-07-02|2026-07-06|2026-07-07|2026-07-08|2026-07-09|2026-07-10|2026-07-13|2026-07-14|2026-07-15|2026-07-16,2026-07-16 23:07:48,0.0
CSX,,2026-06-03|2026-06-04|2026-06-05|2026-06-08|2026-06-09|2026-06-10|2026-06-11|2026-06-12|2026-06-15|2026-06-16|2026-06-17|2026-06-18|2026-06-22|2026-06-23|2026-06-24|2026-06-25|2026-06-26|2026-06-29|2026-06-30|2026-07-01|2026-07-02|2026-07-06|2026-07-07|2026-07-08|2026-07-09|2026-07-10|2026-07-13|2026-07-14|2026-07-15|2026-07-16,2026-07-16 23:07:48,0.0
LKQ,,2026-06-03|2026-06-04|2026-06-05|2026-06-08|2026-06-09|2026-06-10|2026-06-11|2026-06-12|2026-06-15|2026-06-16|2026-06-17|2026-06-18|2026-06-22|2026-06-23|2026-06-24|2026-06-25|2026-06-26|2026-06-29|2026-06-30|2026-07-01|2026-07-02|2026-07-06|2026-07-07|2026-07-08|2026-07-09|2026-07-10|2026-07-13|2026-07-14|2026-07-15|2026-07-16,2026-07-16 23:07:48,0.0
Otis Worldwide,,2026-06-03|2026-06-04|2026-06-05|2026-06-08|2026-06-09|2026-06-10|2026-06-11|2026-06-12|2026-06-15|2026-06-16|2026-06-17|2026-06-18|2026-06-22|2026-06-23|2026-06-24|2026-06-25|2026-06-26|2026-06-29|2026-06-30|2026-07-01|2026-07-02|2026-07-06|2026-07-07|2026-07-08|2026-07-09|2026-07-10|2026-07-13|2026-07-14|2026-07-15|2026-07-16,2026-07-16 23:07:48,0.0
Sonic Automotive,,2026-06-03|2026-06-04|2026-06-05|2026-06-08|2026-06-09|2026-06-10|2026-06-11|2026-06-12|2026-06-15|2026-06-16|2026-06-17|2026-06-18|2026-06-22|2026-06-23|2026-06-24|2026-06-25|2026-06-26|2026-06-29|2026-06-30|2026-07-01|2026-07-02|2026-07-06|2026-07-07|2026-07-08|2026-07-09|2026-07-10|2026-07-13|2026-07-14|2026-07-15|2026-07-16,2026-07-16 23:07:48,0.0
S&P Global,,2026-06-03|2026-06-04|2026-06-05|2026-06-08|2026-06-09|2026-06-10|2026-06-11|2026-06-12|2026-06-15|2026-06-16|2026-06-17|2026-06-18|2026-06-22|2026-06-23|2026-06-24|2026-06-25|2026-06-26|2026-06-29|2026-06-30|2026-07-01|2026-07-02|2026-07-06|2026-07-07|2026-07-08|2026-07-09|2026-07-10|2026-07-13|2026-07-14|2026-07-15|2026-07-16,2026-07-16 23:07:48,0.0
Regeneron Pharmaceuticals,,2026-06-03|2026-06-04|2026-06-05|2026-06-08|2026-06-09|2026-06-10|2026-06-11|2026-06-12|2026-06-15|2026-06-16|2026-06-17|2026-06-18|2026-06-22|2026-06-23|2026-06-24|2026-06-25|2026-06-26|2026-06-29|2026-06-30|2026-07-01|2026-07-02|2026-07-06|2026-07-07|2026-07-08|2026-07-09|2026-07-10|2026-07-13|2026-07-14|2026-07-15|2026-07-16,2026-07-16 23:07:48,0.0
BorgWarner,,2026-06-03|2026-06-04|2026-06-05|2026-06-08|2026-06-09|2026-06-10|2026-06-11|2026-06-12|2026-06-15|2026-06-16|2026-06-17|2026-06-18|2026-06-22|2026-06-23|2026-06-24|2026-06-25|2026-06-26|2026-06-29|2026-06-30|2026-07-01|2026-07-02|2026-07-06|2026-07-07|2026-07-08|2026-07-09|2026-07-10|2026-07-13|2026-07-14|2026-07-15|2026-07-16,2026-07-16 23:07:48,0.0
Reliance Inc,,2026-06-03|2026-06-04|2026-06-05|2026-06-08|2026-06-09|2026-06-10|2026-06-11|2026-06-12|2026-06-15|2026-06-16|2026-06-17|2026-06-18|2026-06-22|2026-06-23|2026-06-24|2026-06-25|2026-06-26|2026-06-29|2026-06-30|2026-07-01|2026-07-02|2026-07-06|2026-07-07|2026-07-08|2026-07-09|2026-07-10|2026-07-13|2026-07-14|2026-07-15|2026-07-16,2026-07-16 23:07:48,0.0
Textron,,2026-06-03|2026-06-04|2026-06-05|2026-06-08|2026-06-09|2026-06-10|2026-06-11|2026-06-12|2026-06-15|2026-06-16|2026-06-17|2026-06-18|2026-06-22|2026-06-23|2026-06-24|2026-06-25|2026-06-26|2026-06-29|2026-06-30|2026-07-01|2026-07-02|2026-07-06|2026-07-07|2026-07-08|2026-07-09|2026-07-10|2026-07-13|2026-07-14|2026-07-15|2026-07-16,2026-07-16 23:07:48,0.0
Expedia,,2026-06-03|2026-06-04|2026-06-05|2026-06-08|2026-06-09|2026-06-10|2026-06-11|2026-06-12|2026-06-15|2026-06-16|2026-06-17|2026-06-18|2026-06-22|2026-06-23|2026-06-24|2026-06-25|2026-06-26|2026-06-29|2026-06-30|2026-07-01|2026-07-02|2026-07-06|2026-07-07|2026-07-08|2026-07-09|2026-07-10|2026-07-13|2026-07-14|2026-07-15|2026-07-16,2026-07-16 23:07:48,0.0
Fidelity National Financial,,2026-06-03|2026-06-04|2026-06-05|2026-06-08|2026-06-09|2026-06-10|2026-06-11|2026-06-12|2026-06-15|2026-06-16|2026-06-17|2026-06-18|2026-06-22|2026-06-23|2026-06-24|2026-06-25|2026-06-26|2026-06-29|2026-06-30|2026-07-01|2026-07-02|2026-07-06|2026-07-07|2026-07-08|2026-07-09|2026-07-10|2026-07-13|2026-07-14|2026-07-15|2026-07-16,2026-07-16 23:07:48,0.0
Carvana,,2026-06-03|2026-06-04|2026-06-05|2026-06-08|2026-06-09|2026-06-10|2026-06-11|2026-06-12|2026-06-15|2026-06-16|2026-06-17|2026-06-18|2026-06-22|2026-06-23|2026-06-24|2026-06-25|2026-06-26|2026-06-29|2026-06-30|2026-07-01|2026-07-02|2026-07-06|2026-07-07|2026-07-08|2026-07-09|2026-07-10|2026-07-13|2026-07-14|2026-07-15|2026-07-16,2026-07-16 23:07:48,0.0
DXC Technology,,2026-06-03|2026-06-04|2026-06-05|2026-06-08|2026-06-09|2026-06-10|2026-06-11|2026-06-12|2026-06-15|2026-06-16|2026-06-17|2026-06-18|2026-06-22|2026-06-23|2026-06-24|2026-06-25|2026-06-26|2026-06-29|2026-06-30|2026-07-01|2026-07-02|2026-07-06|2026-07-07|2026-07-08|2026-07-09|2026-07-10|2026-07-13|2026-07-14|2026-07-15|2026-07-16,2026-07-16 23:07:48,0.0
WR Berkley,,2026-06-03|2026-06-04|2026-06-05|2026-06-08|2026-06-09|2026-06-10|2026-06-11|2026-06-12|2026-06-15|2026-06-16|2026-06-17|2026-06-18|2026-06-22|2026-06-23|2026-06-24|2026-06-25|2026-06-26|2026-06-29|2026-06-30|2026-07-01|2026-07-02|2026-07-06|2026-07-07|2026-07-08|2026-07-09|2026-07-10|2026-07-13|2026-07-14|2026-07-15|2026-07-16,2026-07-16 23:07:48,0.0
M&T Bank,,2026-06-03|2026-06-04|2026-06-05|2026-06-08|2026-06-09|2026-06-10|2026-06-11|2026-06-12|2026-06-15|2026-06-16|2026-06-17|2026-06-18|2026-06-22|2026-06-23|2026-06-24|2026-06-25|2026-06-26|2026-06-29|2026-06-30|2026-07-01|2026-07-02|2026-07-06|2026-07-07|2026-07-08|2026-07-09|2026-07-10|2026-07-13|2026-07-14|2026-07-15|2026-07-16,2026-07-16 23:07:48,0.0
Dicks Sporting Goods,,2026-06-03|2026-06-04|2026-06-05|2026-06-08|2026-06-09|2026-06-10|2026-06-11|2026-06-12|2026-06-15|2026-06-16|2026-06-17|2026-06-18|2026-06-22|2026-06-23|2026-06-24|2026-06-25|2026-06-26|2026-06-29|2026-06-30|2026-07-01|2026-07-02|2026-07-06|2026-07-07|2026-07-08|2026-07-09|2026-07-10|2026-07-13|2026-07-14|2026-07-15|2026-07-16,2026-07-16 23:07:48,0.0
Xcel Energy,,2026-06-03|2026-06-04|2026-06-05|2026-06-08|2026-06-09|2026-06-10|2026-06-11|2026-06-12|2026-06-15|2026-06-16|2026-06-17|2026-06-18|2026-06-22|2026-06-23|2026-06-24|2026-06-25|2026-06-26|2026-06-29|2026-06-30|2026-07-01|2026-07-02|2026-07-06|2026-07-07|2026-07-08|2026-07-09|2026-07-10|2026-07-13|2026-07-14|2026-07-15|2026-07-16,2026-07-16 23:07:48,0.0
Fifth Third Bancorp,,2026-06-03|2026-06-04|2026-06-05|2026-06-08|2026-06-09|2026-06-10|2026-06-11|2026-06-12|2026-06-15|2026-06-16|2026-06-17|2026-06-18|2026-06-22|2026-06-23|2026-06-24|2026-06-25|2026-06-26|2026-06-29|2026-06-30|2026-07-01|2026-07-02|2026-07-06|2026-07-07|2026-07-08|2026-07-09|2026-07-10|2026-07-13|2026-07-14|2026-07-15|2026-07-16,2026-07-16 23:07:48,0.0
Blackstone,,2026-06-03|2026-06-04|2026-06-05|2026-06-08|2026-06-09|2026-06-10|2026-06-11|2026-06-12|2026-06-15|2026-06-16|2026-06-17|2026-06-18|2026-06-22|2026-06-23|2026-06-24|2026-06-25|2026-06-26|2026-06-29|2026-06-30|2026-07-01|2026-07-02|2026-07-06|2026-07-07|2026-07-08|2026-07-09|2026-07-10|2026-07-13|2026-07-14|2026-07-15|2026-07-16,2026-07-16 23:07:48,0.0
Sempra,,2026-06-03|2026-06-04|2026-06-05|2026-06-08|2026-06-09|2026-06-10|2026-06-11|2026-06-12|2026-06-15|2026-06-16|2026-06-17|2026-06-18|2026-06-22|2026-06-23|2026-06-24|2026-06-25|2026-06-26|2026-06-29|2026-06-30|2026-07-01|2026-07-02|2026-07-06|2026-07-07|2026-07-08|2026-07-09|2026-07-10|2026-07-13|2026-07-14|2026-07-15|2026-07-16,2026-07-16 23:07:48,0.0
Corning,,2026-06-03|2026-06-04|2026-06-05|2026-06-08|2026-06-09|2026-06-10|2026-06-11|2026-06-12|2026-06-15|2026-06-16|2026-06-17|2026-06-18|2026-06-22|2026-06-23|2026-06-24|2026-06-25|2026-06-26|2026-06-29|2026-06-30|2026-07-01|2026-07-02|2026-07-06|2026-07-07|2026-07-08|2026-07-09|2026-07-10|2026-07-13|2026-07-14|2026-07-15|2026-07-16,2026-07-16 23:07:48,0.0
Lumen Technologies,,2026-06-03|2026-06-04|2026-06-05|2026-06-08|2026-06-09|2026-06-10|2026-06-11|2026-06-12|2026-06-15|2026-06-16|2026-06-17|2026-06-18|2026-06-22|2026-06-23|2026-06-24|2026-06-25|2026-06-26|2026-06-29|2026-06-30|2026-07-01|2026-07-02|2026-07-06|2026-07-07|2026-07-08|2026-07-09|2026-07-10|2026-07-13|2026-07-14|2026-07-15|2026-07-16,2026-07-16 23:07:48,0.0
FirstEnergy,,2026-06-03|2026-06-04|2026-06-05|2026-06-08|2026-06-09|2026-06-10|2026-06-11|2026-06-12|2026-06-15|2026-06-16|2026-06-17|2026-06-18|2026-06-22|2026-06-23|2026-06-24|2026-06-25|2026-06-26|2026-06-29|2026-06-30|2026-07-01|2026-07-02|2026-07-06|2026-07-07|2026-07-08|2026-07-09|2026-07-10|2026-07-13|2026-07-14|2026-07-15|2026-07-16,2026-07-16 23:07:48,0.0
Labcorp Holdings,,2026-06-03|2026-06-04|2026-06-05|2026-06-08|2026-06-09|2026-06-10|2026-06-11|2026-06-12|2026-06-15|2026-06-16|2026-06-17|2026-06-18|2026-06-22|2026-06-23|2026-06-24|2026-06-25|2026-06-26|2026-06-29|2026-06-30|2026-07-01|2026-07-02|2026-07-06|2026-07-07|2026-07-08|2026-07-09|2026-07-10|2026-07-13|2026-07-14|2026-07-15|2026-07-16,2026-07-16 23:07:48,0.0
Western Digital,,2026-06-03|2026-06-04|2026-06-05|2026-06-08|2026-06-09|2026-06-10|2026-06-11|2026-06-12|2026-06-15|2026-06-16|2026-06-17|2026-06-18|2026-06-22|2026-06-23|2026-06-24|2026-06-25|2026-06-26|2026-06-29|2026-06-30|2026-07-01|2026-07-02|2026-07-06|2026-07-07|2026-07-08|2026-07-09|2026-07-10|2026-07-13|2026-07-14|2026-07-15|2026-07-16,2026-07-16 23:07:48,0.0
Unum Group,,2026-06-03|2026-06-04|2026-06-05|2026-06-08|2026-06-09|2026-06-10|2026-06-11|2026-06-12|2026-06-15|2026-06-16|2026-06-17|2026-06-18|2026-06-22|2026-06-23|2026-06-24|2026-06-25|2026-06-26|2026-06-29|2026-06-30|2026-07-01|2026-07-02|2026-07-06|2026-07-07|2026-07-08|2026-07-09|2026-07-10|2026-07-13|2026-07-14|2026-07-15|2026-07-16,2026-07-16 23:07:48,0.0
DaVita,,2026-06-03|2026-06-04|2026-06-05|2026-06-08|2026-06-09|2026-06-10|2026-06-11|2026-06-12|2026-06-15|2026-06-16|2026-06-17|2026-06-18|2026-06-22|2026-06-23|2026-06-24|2026-06-25|2026-06-26|2026-06-29|2026-06-30|2026-07-01|2026-07-02|2026-07-06|2026-07-07|2026-07-08|2026-07-09|2026-07-10|2026-07-13|2026-07-14|2026-07-15|2026-07-16,2026-07-16 23:07:48,0.0
Henry Schein,,2026-06-03|2026-06-04|2026-06-05|2026-06-08|2026-06-09|2026-06-10|2026-06-11|2026-06-12|2026-06-15|2026-06-16|2026-06-17|2026-06-18|2026-06-22|2026-06-23|2026-06-24|2026-06-25|2026-06-26|2026-06-29|2026-06-30|2026-07-01|2026-07-02|2026-07-06|2026-07-07|2026-07-08|2026-07-09|2026-07-10|2026-07-13|2026-07-14|2026-07-15|2026-07-16,2026-07-16 23:07:48,0.0
Ryder System,,2026-06-03|2026-06-04|2026-06-05|2026-06-08|2026-06-09|2026-06-10|2026-06-11|2026-06-12|2026-06-15|2026-06-16|2026-06-17|2026-06-18|2026-06-22|2026-06-23|2026-06-24|2026-06-25|2026-06-26|2026-06-29|2026-06-30|2026-07-01|2026-07-02|2026-07-06|2026-07-07|2026-07-08|2026-07-09|2026-07-10|2026-07-13|2026-07-14|2026-07-15|2026-07-16,2026-07-16 23:07:48,0.0
Community Health Systems,,2026-06-03|2026-06-04|2026-06-05|2026-06-08|2026-06-09|2026-06-10|2026-06-11|2026-06-12|2026-06-15|2026-06-16|2026-06-17|2026-06-18|2026-06-22|2026-06-23|2026-06-24|2026-06-25|2026-06-26|2026-06-29|2026-06-30|2026-07-01|2026-07-02|2026-07-06|2026-07-07|2026-07-08|2026-07-09|2026-07-10|2026-07-13|2026-07-14|2026-07-15|2026-07-16,2026-07-16 23:07:48,0.0
Delek US,,2026-06-03|2026-06-04|2026-06-05|2026-06-08|2026-06-09|2026-06-10|2026-06-11|2026-06-12|2026-06-15|2026-06-16|2026-06-17|2026-06-18|2026-06-22|2026-06-23|2026-06-24|2026-06-25|2026-06-26|2026-06-29|2026-06-30|2026-07-01|2026-07-02|2026-07-06|2026-07-07|2026-07-08|2026-07-09|2026-07-10|2026-07-13|2026-07-14|2026-07-15|2026-07-16,2026-07-16 23:07:48,0.0
DTE Energy,,2026-06-03|2026-06-04|2026-06-05|2026-06-08|2026-06-09|2026-06-10|2026-06-11|2026-06-12|2026-06-15|2026-06-16|2026-06-17|2026-06-18|2026-06-22|2026-06-23|2026-06-24|2026-06-25|2026-06-26|2026-06-29|2026-06-30|2026-07-01|2026-07-02|2026-07-06|2026-07-07|2026-07-08|2026-07-09|2026-07-10|2026-07-13|2026-07-14|2026-07-15|2026-07-16,2026-07-16 23:07:48,0.0
Equitable Holdings,,2026-06-03|2026-06-04|2026-06-05|2026-06-08|2026-06-09|2026-06-10|2026-06-11|2026-06-12|2026-06-15|2026-06-16|2026-06-17|2026-06-18|2026-06-22|2026-06-23|2026-06-24|2026-06-25|2026-06-26|2026-06-29|2026-06-30|2026-07-01|2026-07-02|2026-07-06|2026-07-07|2026-07-08|2026-07-09|2026-07-10|2026-07-13|2026-07-14|2026-07-15|2026-07-16,2026-07-16 23:07:48,0.0
DuPont de Nemours,,2026-06-03|2026-06-04|2026-06-05|2026-06-08|2026-06-09|2026-06-10|2026-06-11|2026-06-12|2026-06-15|2026-06-16|2026-06-17|2026-06-18|2026-06-22|2026-06-23|2026-06-24|2026-06-25|2026-06-26|2026-06-29|2026-06-30|2026-07-01|2026-07-02|2026-07-06|2026-07-07|2026-07-08|2026-07-09|2026-07-10|2026-07-13|2026-07-14|2026-07-15|2026-07-16,2026-07-16 23:07:48,0.0
LPL Financial,,2026-06-03|2026-06-04|2026-06-05|2026-06-08|2026-06-09|2026-06-10|2026-06-11|2026-06-12|2026-06-15|2026-06-16|2026-06-17|2026-06-18|2026-06-22|2026-06-23|2026-06-24|2026-06-25|2026-06-26|2026-06-29|2026-06-30|2026-07-01|2026-07-02|2026-07-06|2026-07-07|2026-07-08|2026-07-09|2026-07-10|2026-07-13|2026-07-14|2026-07-15|2026-07-16,2026-07-16 23:07:48,0.0
Citizens Financial Group,,2026-06-03|2026-06-04|2026-06-05|2026-06-08|2026-06-09|2026-06-10|2026-06-11|2026-06-12|2026-06-15|2026-06-16|2026-06-17|2026-06-18|2026-06-22|2026-06-23|2026-06-24|2026-06-25|2026-06-26|2026-06-29|2026-06-30|2026-07-01|2026-07-02|2026-07-06|2026-07-07|2026-07-08|2026-07-09|2026-07-10|2026-07-13|2026-07-14|2026-07-15|2026-07-16,2026-07-16 23:07:48,0.0
