company,trends_history,date_history,last_updated,avg_interest
LPL Financial,86|83|79|79|86|80|88|66|76|87|78|41|75|58|52|55|77|77|80|78|100|90|77|68|74|80|78|76|74|69,2026-07-01|2026-07-02|2026-07-06|2026-07-07|2026-07-08|2026-07-09|2026-07-10|2026-07-13|2026-07-14|2026-07-15|2026-07-16|2026-07-17|2026-07-20|2026-07-23|2026-07-24|2026-07-27|2026-07-28|2026-07-29|2026-07-30|2026-08-03|2026-08-04|2026-08-05|2026-08-06|2026-08-07|2026-08-10|2026-08-11|2026-08-12|2026-08-13|2026-08-14|2026-08-18,2026-08-18 18:17:58,75.6
Citizens Financial Group,0|0|50|55|97|85|0|0|0|0|49|78|0|0|0|0|0|0|0|0|14|12|14|11|11|14|12|14|14|15,2026-07-02|2026-07-06|2026-07-07|2026-07-08|2026-07-09|2026-07-10|2026-07-13|2026-07-14|2026-07-15|2026-07-16|2026-07-17|2026-07-20|2026-07-23|2026-07-24|2026-07-27|2026-07-28|2026-07-29|2026-07-30|2026-07-31|2026-08-03|2026-08-04|2026-08-05|2026-08-06|2026-08-07|2026-08-10|2026-08-11|2026-08-12|2026-08-13|2026-08-14|2026-08-18,2026-08-18 18:18:11,18.2
MasTec,44|58|100|72|39|32|31|50|47|33|43|42|43|37|43|54|50|50|91|57|50|47|48|37|42|44|43|41|40|46,2026-07-06|2026-07-07|2026-07-08|2026-07-09|2026-07-10|2026-07-13|2026-07-14|2026-07-15|2026-07-16|2026-07-17|2026-07-20|2026-07-21|2026-07-23|2026-07-24|2026-07-27|2026-07-28|2026-07-29|2026-07-30|2026-07-31|2026-08-03|2026-08-04|2026-08-05|2026-08-06|2026-08-07|2026-08-10|2026-08-11|2026-08-12|2026-08-13|2026-08-14|2026-08-18,2026-08-18 18:18:14,48.5
AES,59|59|60|69|63|56|53|53|56|54|56|51|50|47|57|63|48|47|50|52|51|54|52|62|52|100|66|50|55|47,2026-07-06|2026-07-07|2026-07-08|2026-07-09|2026-07-10|2026-07-13|2026-07-14|2026-07-15|2026-07-16|2026-07-17|2026-07-20|2026-07-21|2026-07-23|2026-07-24|2026-07-27|2026-07-28|2026-07-29|2026-07-30|2026-07-31|2026-08-03|2026-08-04|2026-08-05|2026-08-06|2026-08-07|2026-08-10|2026-08-11|2026-08-12|2026-08-13|2026-08-14|2026-08-18,2026-08-18 18:18:17,56.4
Norfolk Southern,84|76|76|82|87|91|76|86|78|67|62|77|82|58|60|100|74|75|59|61|61|61|62|64|64|65|69|63|64|61,2026-07-02|2026-07-06|2026-07-07|2026-07-08|2026-07-09|2026-07-10|2026-07-13|2026-07-14|2026-07-15|2026-07-16|2026-07-17|2026-07-20|2026-07-23|2026-07-24|2026-07-27|2026-07-28|2026-07-29|2026-07-30|2026-07-31|2026-08-03|2026-08-04|2026-08-05|2026-08-06|2026-08-07|2026-08-10|2026-08-11|2026-08-12|2026-08-13|2026-08-14|2026-08-18,2026-08-18 18:18:21,71.5
Air Products & Chemicals,0|0|0|0|0|0|0|0|0|0|0|0|0|0|0|0|0|0|0|0|100|0|0|0|0|0|0|0|0|0,2026-07-01|2026-07-02|2026-07-06|2026-07-07|2026-07-08|2026-07-09|2026-07-10|2026-07-13|2026-07-14|2026-07-15|2026-07-16|2026-07-17|2026-07-20|2026-07-23|2026-07-24|2026-07-27|2026-07-28|2026-07-29|2026-07-30|2026-08-03|2026-08-04|2026-08-05|2026-08-06|2026-08-07|2026-08-10|2026-08-11|2026-08-12|2026-08-13|2026-08-14|2026-08-18,2026-08-18 18:18:24,3.3
JB Hunt Transport Services,,2026-07-01|2026-07-02|2026-07-06|2026-07-07|2026-07-08|2026-07-09|2026-07-10|2026-07-13|2026-07-14|2026-07-15|2026-07-16|2026-07-17|2026-07-20|2026-07-23|2026-07-24|2026-07-27|2026-07-28|2026-07-29|2026-07-30|2026-08-03|2026-08-04|2026-08-05|2026-08-06|2026-08-07|2026-08-10|2026-08-11|2026-08-12|2026-08-13|2026-08-14|2026-08-18,2026-08-18 18:18:28,0.0
Ball Corporation,75|39|49|100|74|56|31|52|55|0|45|47|0|0|0|0|40|0|0|0|28|26|26|20|30|30|28|25|22|21,2026-07-02|2026-07-06|2026-07-07|2026-07-08|2026-07-09|2026-07-10|2026-07-13|2026-07-14|2026-07-15|2026-07-16|2026-07-17|2026-07-20|2026-07-23|2026-07-24|2026-07-27|2026-07-28|2026-07-29|2026-07-30|2026-07-31|2026-08-03|2026-08-04|2026-08-05|2026-08-06|2026-08-07|2026-08-10|2026-08-11|2026-08-12|2026-08-13|2026-08-14|2026-08-18,2026-08-18 18:18:29,30.6
Conagra Brands,0|100|0|65|72|48|95|61|52|64|0|59|0|0|47|0|0|0|0|57|36|36|35|38|40|42|39|35|33|33,2026-07-07|2026-07-08|2026-07-09|2026-07-10|2026-07-13|2026-07-14|2026-07-15|2026-07-16|2026-07-17|2026-07-20|2026-07-21|2026-07-22|2026-07-23|2026-07-24|2026-07-27|2026-07-28|2026-07-29|2026-07-30|2026-07-31|2026-08-03|2026-08-04|2026-08-05|2026-08-06|2026-08-07|2026-08-10|2026-08-11|2026-08-12|2026-08-13|2026-08-14|2026-08-18,2026-08-18 18:18:32,36.2
Huntington Bancshares,0|0|0|0|0|0|0|0|0|0|0|0|0|0|0|0|0|0|0|0|54|61|41|100|42|42|42|69|56|0,2026-07-06|2026-07-07|2026-07-08|2026-07-09|2026-07-10|2026-07-13|2026-07-14|2026-07-15|2026-07-16|2026-07-17|2026-07-20|2026-07-22|2026-07-23|2026-07-24|2026-07-27|2026-07-28|2026-07-29|2026-07-30|2026-07-31|2026-08-03|2026-08-04|2026-08-05|2026-08-06|2026-08-07|2026-08-10|2026-08-11|2026-08-12|2026-08-13|2026-08-14|2026-08-18,2026-08-18 18:18:35,16.9
Hormel Foods,0|0|23|17|100|44|21|0|22|19|0|24|0|0|20|27|0|0|21|0|13|13|12|15|13|14|13|15|12|14,2026-07-02|2026-07-06|2026-07-07|2026-07-08|2026-07-09|2026-07-10|2026-07-13|2026-07-14|2026-07-15|2026-07-16|2026-07-17|2026-07-20|2026-07-21|2026-07-23|2026-07-24|2026-07-27|2026-07-28|2026-07-29|2026-07-30|2026-08-03|2026-08-04|2026-08-05|2026-08-06|2026-08-07|2026-08-10|2026-08-11|2026-08-12|2026-08-13|2026-08-14|2026-08-18,2026-08-18 18:18:49,15.7
Eversource Energy,0|30|26|0|0|0|29|0|0|0|0|40|0|0|0|29|0|0|0|28|19|20|21|17|15|17|14|18|14|13,2026-07-02|2026-07-06|2026-07-07|2026-07-08|2026-07-09|2026-07-10|2026-07-13|2026-07-14|2026-07-15|2026-07-16|2026-07-17|2026-07-20|2026-07-23|2026-07-24|2026-07-27|2026-07-28|2026-07-29|2026-07-30|2026-07-31|2026-08-03|2026-08-04|2026-08-05|2026-08-06|2026-08-07|2026-08-10|2026-08-11|2026-08-12|2026-08-13|2026-08-14|2026-08-18,2026-08-18 18:18:53,11.7
Alcoa Corporation,0|0|0|0|0|0|0|0|0|0|0|0|0|0|0|0|0|0|0|0|100|0|76|0|0|0|0|0|0|0,2026-07-07|2026-07-08|2026-07-09|2026-07-10|2026-07-13|2026-07-14|2026-07-15|2026-07-16|2026-07-17|2026-07-20|2026-07-21|2026-07-22|2026-07-23|2026-07-24|2026-07-27|2026-07-28|2026-07-29|2026-07-30|2026-07-31|2026-08-03|2026-08-04|2026-08-05|2026-08-06|2026-08-07|2026-08-10|2026-08-11|2026-08-12|2026-08-13|2026-08-14|2026-08-18,2026-08-18 18:18:56,5.9
Entergy,97|89|78|81|78|69|89|79|69|73|70|72|77|63|67|73|74|71|87|62|67|64|69|63|69|67|63|73|66|82,2026-07-02|2026-07-06|2026-07-07|2026-07-08|2026-07-09|2026-07-10|2026-07-13|2026-07-14|2026-07-15|2026-07-16|2026-07-17|2026-07-20|2026-07-23|2026-07-24|2026-07-27|2026-07-28|2026-07-29|2026-07-30|2026-07-31|2026-08-03|2026-08-04|2026-08-05|2026-08-06|2026-08-07|2026-08-10|2026-08-11|2026-08-12|2026-08-13|2026-08-14|2026-08-18,2026-08-18 18:19:00,73.4
Assurant,85|86|89|93|99|84|77|80|90|94|85|86|100|76|83|94|88|81|78|94|87|84|82|76|84|82|89|78|83|73,2026-07-01|2026-07-02|2026-07-06|2026-07-07|2026-07-08|2026-07-09|2026-07-10|2026-07-13|2026-07-14|2026-07-15|2026-07-16|2026-07-17|2026-07-20|2026-07-23|2026-07-24|2026-07-27|2026-07-28|2026-07-29|2026-07-30|2026-08-03|2026-08-04|2026-08-05|2026-08-06|2026-08-07|2026-08-10|2026-08-11|2026-08-12|2026-08-13|2026-08-14|2026-08-18,2026-08-18 18:19:02,85.3
Chewy,95|90|92|93|91|97|89|86|84|87|100|89|91|94|98|95|89|93|96|91|81|82|86|85|91|86|82|83|86|88,2026-07-06|2026-07-07|2026-07-08|2026-07-09|2026-07-10|2026-07-13|2026-07-14|2026-07-15|2026-07-16|2026-07-17|2026-07-20|2026-07-22|2026-07-23|2026-07-24|2026-07-27|2026-07-28|2026-07-29|2026-07-30|2026-07-31|2026-08-03|2026-08-04|2026-08-05|2026-08-06|2026-08-07|2026-08-10|2026-08-11|2026-08-12|2026-08-13|2026-08-14|2026-08-18,2026-08-18 18:19:06,89.7
Wayfair,76|71|71|72|69|72|64|67|62|67|75|73|81|80|85|79|73|72|71|74|76|75|73|70|79|75|72|74|76|75,2026-07-06|2026-07-07|2026-07-08|2026-07-09|2026-07-10|2026-07-13|2026-07-14|2026-07-15|2026-07-16|2026-07-17|2026-07-20|2026-07-21|2026-07-23|2026-07-24|2026-07-27|2026-07-28|2026-07-29|2026-07-30|2026-07-31|2026-08-03|2026-08-04|2026-08-05|2026-08-06|2026-08-07|2026-08-10|2026-08-11|2026-08-12|2026-08-13|2026-08-14|2026-08-18,2026-08-18 18:19:09,73.3
Avis Budget,100|95|82|68|75|91|81|85|74|77|71|57|81|67|61|69|58|66|65|75|54|55|62|60|65|66|60|57|57|60,2026-07-01|2026-07-02|2026-07-06|2026-07-07|2026-07-08|2026-07-09|2026-07-10|2026-07-13|2026-07-14|2026-07-15|2026-07-16|2026-07-17|2026-07-20|2026-07-23|2026-07-24|2026-07-27|2026-07-28|2026-07-29|2026-07-30|2026-08-03|2026-08-04|2026-08-05|2026-08-06|2026-08-07|2026-08-10|2026-08-11|2026-08-12|2026-08-13|2026-08-14|2026-08-18,2026-08-18 18:19:13,69.8
Intercontinental Exchange,0|68|45|78|75|80|52|53|0|0|0|0|0|0|44|0|46|100|49|56|33|39|33|21|29|33|32|36|31|25,2026-07-02|2026-07-06|2026-07-07|2026-07-08|2026-07-09|2026-07-10|2026-07-13|2026-07-14|2026-07-15|2026-07-16|2026-07-17|2026-07-20|2026-07-23|2026-07-24|2026-07-27|2026-07-28|2026-07-29|2026-07-30|2026-07-31|2026-08-03|2026-08-04|2026-08-05|2026-08-06|2026-08-07|2026-08-10|2026-08-11|2026-08-12|2026-08-13|2026-08-14|2026-08-18,2026-08-18 18:19:17,35.3
Alaska Air,63|69|65|68|68|75|69|62|58|61|65|70|71|68|62|56|64|54|56|59|48|53|51|51|56|53|49|46|52|54,2026-07-02|2026-07-06|2026-07-07|2026-07-08|2026-07-09|2026-07-10|2026-07-13|2026-07-14|2026-07-15|2026-07-16|2026-07-17|2026-07-20|2026-07-21|2026-07-23|2026-07-24|2026-07-27|2026-07-28|2026-07-29|2026-07-30|2026-08-03|2026-08-04|2026-08-05|2026-08-06|2026-08-07|2026-08-10|2026-08-11|2026-08-12|2026-08-13|2026-08-14|2026-08-18,2026-08-18 18:19:19,59.9
GXO Logistics,62|72|44|60|49|51|0|72|0|0|70|0|64|64|0|0|70|0|69|57|54|85|72|43|49|69|57|49|42|46,2026-07-01|2026-07-02|2026-07-06|2026-07-07|2026-07-08|2026-07-09|2026-07-10|2026-07-13|2026-07-14|2026-07-15|2026-07-16|2026-07-17|2026-07-20|2026-07-23|2026-07-24|2026-07-27|2026-07-28|2026-07-29|2026-07-30|2026-08-03|2026-08-04|2026-08-05|2026-08-06|2026-08-07|2026-08-10|2026-08-11|2026-08-12|2026-08-13|2026-08-14|2026-08-18,2026-08-18 18:19:22,45.7
AGCO,39|38|25|17|31|22|39|38|29|26|12|22|43|18|19|13|13|17|18|22|19|16|15|15|17|16|14|14|15|16,2026-07-01|2026-07-02|2026-07-06|2026-07-07|2026-07-08|2026-07-09|2026-07-10|2026-07-13|2026-07-14|2026-07-15|2026-07-16|2026-07-17|2026-07-20|2026-07-23|2026-07-24|2026-07-27|2026-07-28|2026-07-29|2026-07-30|2026-08-03|2026-08-04|2026-08-05|2026-08-06|2026-08-07|2026-08-10|2026-08-11|2026-08-12|2026-08-13|2026-08-14|2026-08-18,2026-08-18 18:19:24,21.9
Molson Coors Beverage,0|0|0|0|0|0|0|0|0|0|0|0|0|100|0|0|0|0|0|0|10|6|7|10|14|8|7|9|10|0,2026-07-01|2026-07-02|2026-07-06|2026-07-07|2026-07-08|2026-07-09|2026-07-10|2026-07-13|2026-07-14|2026-07-15|2026-07-16|2026-07-17|2026-07-20|2026-07-23|2026-07-24|2026-07-27|2026-07-28|2026-07-29|2026-07-30|2026-08-03|2026-08-04|2026-08-05|2026-08-06|2026-08-07|2026-08-10|2026-08-11|2026-08-12|2026-08-13|2026-08-14|2026-08-18,2026-08-18 18:19:28,6.0
Arthur J Gallagher,0|0|0|0|0|0|0|0|0|0|0|0|100|0|0|0|0|0|93|0|36|41|50|43|51|57|46|39|46|33,2026-07-02|2026-07-06|2026-07-07|2026-07-08|2026-07-09|2026-07-10|2026-07-13|2026-07-14|2026-07-15|2026-07-16|2026-07-17|2026-07-20|2026-07-23|2026-07-24|2026-07-27|2026-07-28|2026-07-29|2026-07-30|2026-07-31|2026-08-03|2026-08-04|2026-08-05|2026-08-06|2026-08-07|2026-08-10|2026-08-11|2026-08-12|2026-08-13|2026-08-14|2026-08-18,2026-08-18 18:19:32,21.2
Huntington Ingalls Industries,0|0|0|100|0|0|0|0|0|0|0|0|0|0|0|0|0|0|0|0|23|19|15|17|18|18|19|19|22|24,2026-07-01|2026-07-02|2026-07-06|2026-07-07|2026-07-08|2026-07-09|2026-07-10|2026-07-13|2026-07-14|2026-07-15|2026-07-16|2026-07-17|2026-07-20|2026-07-23|2026-07-24|2026-07-27|2026-07-28|2026-07-29|2026-07-30|2026-08-03|2026-08-04|2026-08-05|2026-08-06|2026-08-07|2026-08-10|2026-08-11|2026-08-12|2026-08-13|2026-08-14|2026-08-18,2026-08-18 18:19:46,9.8
International Flavors & Fragrances,0|0|0|0|0|0|0|0|0|0|0|0|0|0|0|0|0|0|0|0|69|0|63|0|66|0|0|92|100|0,2026-07-01|2026-07-02|2026-07-06|2026-07-07|2026-07-08|2026-07-09|2026-07-10|2026-07-13|2026-07-14|2026-07-15|2026-07-16|2026-07-17|2026-07-20|2026-07-23|2026-07-24|2026-07-27|2026-07-28|2026-07-29|2026-07-30|2026-08-03|2026-08-04|2026-08-05|2026-08-06|2026-08-07|2026-08-10|2026-08-11|2026-08-12|2026-08-13|2026-08-14|2026-08-18,2026-08-18 18:19:49,13.0
Darden Restaurants,71|34|40|100|88|68|61|59|54|44|59|70|44|47|57|54|41|39|0|50|51|46|46|40|54|48|42|53|55|44,2026-07-02|2026-07-06|2026-07-07|2026-07-08|2026-07-09|2026-07-10|2026-07-13|2026-07-14|2026-07-15|2026-07-16|2026-07-17|2026-07-20|2026-07-22|2026-07-23|2026-07-24|2026-07-27|2026-07-28|2026-07-29|2026-07-30|2026-08-03|2026-08-04|2026-08-05|2026-08-06|2026-08-07|2026-08-10|2026-08-11|2026-08-12|2026-08-13|2026-08-14|2026-08-18,2026-08-18 18:19:52,52.0
CIncinnati Financial,66|82|96|49|81|76|100|49|41|42|0|83|77|82|0|72|63|0|46|0|49|38|38|39|46|55|48|49|61|53,2026-07-01|2026-07-02|2026-07-06|2026-07-07|2026-07-08|2026-07-09|2026-07-10|2026-07-13|2026-07-14|2026-07-15|2026-07-16|2026-07-17|2026-07-20|2026-07-23|2026-07-24|2026-07-27|2026-07-28|2026-07-29|2026-07-30|2026-08-03|2026-08-04|2026-08-05|2026-08-06|2026-08-07|2026-08-10|2026-08-11|2026-08-12|2026-08-13|2026-08-14|2026-08-18,2026-08-18 18:19:55,52.7
Chipotle Mexican Grill,56|52|48|58|50|46|47|28|42|40|45|46|37|39|42|36|42|44|36|39|30|68|28|27|23|23|46|28|30|26,2026-07-07|2026-07-08|2026-07-09|2026-07-10|2026-07-13|2026-07-14|2026-07-15|2026-07-16|2026-07-17|2026-07-20|2026-07-21|2026-07-22|2026-07-23|2026-07-24|2026-07-27|2026-07-28|2026-07-29|2026-07-30|2026-07-31|2026-08-03|2026-08-04|2026-08-05|2026-08-06|2026-08-07|2026-08-10|2026-08-11|2026-08-12|2026-08-13|2026-08-14|2026-08-18,2026-08-18 18:19:59,40.1
Yum China,0|0|0|0|0|0|0|0|0|59|0|0|0|0|0|0|0|0|0|0|18|22|17|29|29|20|27|23|28|34,2026-07-01|2026-07-02|2026-07-06|2026-07-07|2026-07-08|2026-07-09|2026-07-10|2026-07-13|2026-07-14|2026-07-15|2026-07-16|2026-07-17|2026-07-20|2026-07-23|2026-07-24|2026-07-27|2026-07-28|2026-07-29|2026-07-30|2026-08-03|2026-08-04|2026-08-05|2026-08-06|2026-08-07|2026-08-10|2026-08-11|2026-08-12|2026-08-13|2026-08-14|2026-08-18,2026-08-18 18:20:04,10.2
Las Vegas Sands,0|45|63|60|0|48|0|0|0|0|0|100|0|0|48|0|0|0|0|0|25|24|26|22|25|22|20|21|29|14,2026-07-07|2026-07-08|2026-07-09|2026-07-10|2026-07-13|2026-07-14|2026-07-15|2026-07-16|2026-07-17|2026-07-20|2026-07-21|2026-07-22|2026-07-23|2026-07-24|2026-07-27|2026-07-28|2026-07-29|2026-07-30|2026-07-31|2026-08-03|2026-08-04|2026-08-05|2026-08-06|2026-08-07|2026-08-10|2026-08-11|2026-08-12|2026-08-13|2026-08-14|2026-08-18,2026-08-18 18:20:07,19.7
Ulta Beauty,61|71|66|69|71|65|65|57|58|56|63|92|52|59|54|53|59|52|65|53|57|54|59|65|53|54|54|57|59|61,2026-07-01|2026-07-02|2026-07-06|2026-07-07|2026-07-08|2026-07-09|2026-07-10|2026-07-13|2026-07-14|2026-07-15|2026-07-16|2026-07-17|2026-07-20|2026-07-23|2026-07-24|2026-07-27|2026-07-28|2026-07-29|2026-07-30|2026-08-03|2026-08-04|2026-08-05|2026-08-06|2026-08-07|2026-08-10|2026-08-11|2026-08-12|2026-08-13|2026-08-14|2026-08-18,2026-08-18 18:20:11,60.5
Caesars Entertainment,56|50|53|66|100|83|51|42|0|63|78|45|39|0|42|36|52|81|0|39|35|29|33|26|28|27|52|53|40|27,2026-07-01|2026-07-02|2026-07-06|2026-07-07|2026-07-08|2026-07-09|2026-07-10|2026-07-13|2026-07-14|2026-07-15|2026-07-16|2026-07-17|2026-07-20|2026-07-23|2026-07-24|2026-07-27|2026-07-28|2026-07-29|2026-07-30|2026-08-03|2026-08-04|2026-08-05|2026-08-06|2026-08-07|2026-08-10|2026-08-11|2026-08-12|2026-08-13|2026-08-14|2026-08-18,2026-08-18 18:20:15,44.2
The Andersons Inc,0|0|0|0|0|0|0|0|0|0|0|0|0|0|0|0|0|0|0|0|0|0|0|0|0|0|0|0|100|0,2026-07-01|2026-07-02|2026-07-06|2026-07-07|2026-07-08|2026-07-09|2026-07-10|2026-07-13|2026-07-14|2026-07-15|2026-07-16|2026-07-17|2026-07-20|2026-07-23|2026-07-24|2026-07-27|2026-07-28|2026-07-29|2026-07-30|2026-08-03|2026-08-04|2026-08-05|2026-08-06|2026-08-07|2026-08-10|2026-08-11|2026-08-12|2026-08-13|2026-08-14|2026-08-18,2026-08-18 18:20:18,3.3
Hershey,68|72|71|66|80|80|82|75|71|68|75|85|80|77|79|79|68|74|79|75|72|71|72|75|74|77|74|78|95|69,2026-07-01|2026-07-02|2026-07-06|2026-07-07|2026-07-08|2026-07-09|2026-07-10|2026-07-13|2026-07-14|2026-07-15|2026-07-16|2026-07-17|2026-07-20|2026-07-23|2026-07-24|2026-07-27|2026-07-28|2026-07-29|2026-07-30|2026-08-03|2026-08-04|2026-08-05|2026-08-06|2026-08-07|2026-08-10|2026-08-11|2026-08-12|2026-08-13|2026-08-14|2026-08-18,2026-08-18 18:20:21,75.4
Hilton Worldwide,,2026-07-01|2026-07-02|2026-07-06|2026-07-07|2026-07-08|2026-07-09|2026-07-10|2026-07-13|2026-07-14|2026-07-15|2026-07-16|2026-07-17|2026-07-20|2026-07-23|2026-07-24|2026-07-27|2026-07-28|2026-07-29|2026-07-30|2026-08-03|2026-08-04|2026-08-05|2026-08-06|2026-08-07|2026-08-10|2026-08-11|2026-08-12|2026-08-13|2026-08-14|2026-08-18,2026-08-18 18:20:56,0.0
The Mosaic Company,,2026-07-07|2026-07-08|2026-07-09|2026-07-10|2026-07-13|2026-07-14|2026-07-15|2026-07-16|2026-07-17|2026-07-20|2026-07-21|2026-07-22|2026-07-23|2026-07-24|2026-07-27|2026-07-28|2026-07-29|2026-07-30|2026-07-31|2026-08-03|2026-08-04|2026-08-05|2026-08-06|2026-08-07|2026-08-10|2026-08-11|2026-08-12|2026-08-13|2026-08-14|2026-08-18,2026-08-18 18:21:38,0.0
Airbnb,,2026-07-07|2026-07-08|2026-07-09|2026-07-10|2026-07-13|2026-07-14|2026-07-15|2026-07-16|2026-07-17|2026-07-20|2026-07-21|2026-07-22|2026-07-23|2026-07-24|2026-07-27|2026-07-28|2026-07-29|2026-07-30|2026-07-31|2026-08-03|2026-08-04|2026-08-05|2026-08-06|2026-08-07|2026-08-10|2026-08-11|2026-08-12|2026-08-13|2026-08-14|2026-08-18,2026-08-18 18:21:48,0.0
Diamondback Energy,,2026-07-07|2026-07-08|2026-07-09|2026-07-10|2026-07-13|2026-07-14|2026-07-15|2026-07-16|2026-07-17|2026-07-20|2026-07-21|2026-07-22|2026-07-23|2026-07-24|2026-07-27|2026-07-28|2026-07-29|2026-07-30|2026-07-31|2026-08-03|2026-08-04|2026-08-05|2026-08-06|2026-08-07|2026-08-10|2026-08-11|2026-08-12|2026-08-13|2026-08-14|2026-08-18,2026-08-18 18:21:48,0.0
American Tower,,2026-07-06|2026-07-07|2026-07-08|2026-07-09|2026-07-10|2026-07-13|2026-07-14|2026-07-15|2026-07-16|2026-07-17|2026-07-20|2026-07-21|2026-07-23|2026-07-24|2026-07-27|2026-07-28|2026-07-29|2026-07-30|2026-07-31|2026-08-03|2026-08-04|2026-08-05|2026-08-06|2026-08-07|2026-08-10|2026-08-11|2026-08-12|2026-08-13|2026-08-14|2026-08-18,2026-08-18 18:21:48,0.0
Vertex Pharmaceuticals,,2026-07-06|2026-07-07|2026-07-08|2026-07-09|2026-07-10|2026-07-13|2026-07-14|2026-07-15|2026-07-16|2026-07-17|2026-07-20|2026-07-21|2026-07-23|2026-07-24|2026-07-27|2026-07-28|2026-07-29|2026-07-30|2026-07-31|2026-08-03|2026-08-04|2026-08-05|2026-08-06|2026-08-07|2026-08-10|2026-08-11|2026-08-12|2026-08-13|2026-08-14|2026-08-18,2026-08-18 18:21:48,0.0
ServiceNow,,2026-07-07|2026-07-08|2026-07-09|2026-07-10|2026-07-13|2026-07-14|2026-07-15|2026-07-16|2026-07-17|2026-07-20|2026-07-21|2026-07-22|2026-07-23|2026-07-24|2026-07-27|2026-07-28|2026-07-29|2026-07-30|2026-07-31|2026-08-03|2026-08-04|2026-08-05|2026-08-06|2026-08-07|2026-08-10|2026-08-11|2026-08-12|2026-08-13|2026-08-14|2026-08-18,2026-08-18 18:21:48,0.0
Owens Corning,,2026-07-01|2026-07-02|2026-07-06|2026-07-07|2026-07-08|2026-07-09|2026-07-10|2026-07-13|2026-07-14|2026-07-15|2026-07-16|2026-07-17|2026-07-20|2026-07-23|2026-07-24|2026-07-27|2026-07-28|2026-07-29|2026-07-30|2026-08-03|2026-08-04|2026-08-05|2026-08-06|2026-08-07|2026-08-10|2026-08-11|2026-08-12|2026-08-13|2026-08-14|2026-08-18,2026-08-18 18:21:48,0.0
Advance Auto Parts,,2026-07-01|2026-07-02|2026-07-06|2026-07-07|2026-07-08|2026-07-09|2026-07-10|2026-07-13|2026-07-14|2026-07-15|2026-07-16|2026-07-17|2026-07-20|2026-07-23|2026-07-24|2026-07-27|2026-07-28|2026-07-29|2026-07-30|2026-08-03|2026-08-04|2026-08-05|2026-08-06|2026-08-07|2026-08-10|2026-08-11|2026-08-12|2026-08-13|2026-08-14|2026-08-18,2026-08-18 18:21:48,0.0
Toll Brothers,,2026-07-01|2026-07-02|2026-07-06|2026-07-07|2026-07-08|2026-07-09|2026-07-10|2026-07-13|2026-07-14|2026-07-15|2026-07-16|2026-07-17|2026-07-20|2026-07-23|2026-07-24|2026-07-27|2026-07-28|2026-07-29|2026-07-30|2026-08-03|2026-08-04|2026-08-05|2026-08-06|2026-08-07|2026-08-10|2026-08-11|2026-08-12|2026-08-13|2026-08-14|2026-08-18,2026-08-18 18:21:48,0.0
Mohawk Industries,,2026-07-01|2026-07-02|2026-07-06|2026-07-07|2026-07-08|2026-07-09|2026-07-10|2026-07-13|2026-07-14|2026-07-15|2026-07-16|2026-07-17|2026-07-20|2026-07-23|2026-07-24|2026-07-27|2026-07-28|2026-07-29|2026-07-30|2026-08-03|2026-08-04|2026-08-05|2026-08-06|2026-08-07|2026-08-10|2026-08-11|2026-08-12|2026-08-13|2026-08-14|2026-08-18,2026-08-18 18:21:48,0.0
Motorola Solutions,,2026-07-01|2026-07-02|2026-07-06|2026-07-07|2026-07-08|2026-07-09|2026-07-10|2026-07-13|2026-07-14|2026-07-15|2026-07-16|2026-07-17|2026-07-20|2026-07-23|2026-07-24|2026-07-27|2026-07-28|2026-07-29|2026-07-30|2026-08-03|2026-08-04|2026-08-05|2026-08-06|2026-08-07|2026-08-10|2026-08-11|2026-08-12|2026-08-13|2026-08-14|2026-08-18,2026-08-18 18:21:48,0.0
Oshkosh Corporation,,2026-07-01|2026-07-02|2026-07-06|2026-07-07|2026-07-08|2026-07-09|2026-07-10|2026-07-13|2026-07-14|2026-07-15|2026-07-16|2026-07-17|2026-07-20|2026-07-23|2026-07-24|2026-07-27|2026-07-28|2026-07-29|2026-07-30|2026-08-03|2026-08-04|2026-08-05|2026-08-06|2026-08-07|2026-08-10|2026-08-11|2026-08-12|2026-08-13|2026-08-14|2026-08-18,2026-08-18 18:21:48,0.0
DoorDash,,2026-07-06|2026-07-07|2026-07-08|2026-07-09|2026-07-10|2026-07-13|2026-07-14|2026-07-15|2026-07-16|2026-07-17|2026-07-20|2026-07-22|2026-07-23|2026-07-24|2026-07-27|2026-07-28|2026-07-29|2026-07-30|2026-07-31|2026-08-03|2026-08-04|2026-08-05|2026-08-06|2026-08-07|2026-08-10|2026-08-11|2026-08-12|2026-08-13|2026-08-14|2026-08-18,2026-08-18 18:21:48,0.0
NVR Inc,,2026-07-01|2026-07-02|2026-07-06|2026-07-07|2026-07-08|2026-07-09|2026-07-10|2026-07-13|2026-07-14|2026-07-15|2026-07-16|2026-07-17|2026-07-20|2026-07-23|2026-07-24|2026-07-27|2026-07-28|2026-07-29|2026-07-30|2026-08-03|2026-08-04|2026-08-05|2026-08-06|2026-08-07|2026-08-10|2026-08-11|2026-08-12|2026-08-13|2026-08-14|2026-08-18,2026-08-18 18:21:48,0.0
Booz Allen Hamilton,,2026-07-01|2026-07-02|2026-07-06|2026-07-07|2026-07-08|2026-07-09|2026-07-10|2026-07-13|2026-07-14|2026-07-15|2026-07-16|2026-07-17|2026-07-20|2026-07-23|2026-07-24|2026-07-27|2026-07-28|2026-07-29|2026-07-30|2026-08-03|2026-08-04|2026-08-05|2026-08-06|2026-08-07|2026-08-10|2026-08-11|2026-08-12|2026-08-13|2026-08-14|2026-08-18,2026-08-18 18:21:48,0.0
Burlington Stores,,2026-07-01|2026-07-02|2026-07-06|2026-07-07|2026-07-08|2026-07-09|2026-07-10|2026-07-13|2026-07-14|2026-07-15|2026-07-16|2026-07-17|2026-07-20|2026-07-23|2026-07-24|2026-07-27|2026-07-28|2026-07-29|2026-07-30|2026-08-03|2026-08-04|2026-08-05|2026-08-06|2026-08-07|2026-08-10|2026-08-11|2026-08-12|2026-08-13|2026-08-14|2026-08-18,2026-08-18 18:21:48,0.0
Expeditors International of Washington,,2026-07-01|2026-07-02|2026-07-06|2026-07-07|2026-07-08|2026-07-09|2026-07-10|2026-07-13|2026-07-14|2026-07-15|2026-07-16|2026-07-17|2026-07-20|2026-07-23|2026-07-24|2026-07-27|2026-07-28|2026-07-29|2026-07-30|2026-08-03|2026-08-04|2026-08-05|2026-08-06|2026-08-07|2026-08-10|2026-08-11|2026-08-12|2026-08-13|2026-08-14|2026-08-18,2026-08-18 18:21:48,0.0
Lululemon athletica,,2026-07-07|2026-07-08|2026-07-09|2026-07-10|2026-07-13|2026-07-14|2026-07-15|2026-07-16|2026-07-17|2026-07-20|2026-07-21|2026-07-22|2026-07-23|2026-07-24|2026-07-27|2026-07-28|2026-07-29|2026-07-30|2026-07-31|2026-08-03|2026-08-04|2026-08-05|2026-08-06|2026-08-07|2026-08-10|2026-08-11|2026-08-12|2026-08-13|2026-08-14|2026-08-18,2026-08-18 18:21:48,0.0
Fidelity National Information Services,,2026-07-02|2026-07-06|2026-07-07|2026-07-08|2026-07-09|2026-07-10|2026-07-13|2026-07-14|2026-07-15|2026-07-16|2026-07-17|2026-07-20|2026-07-23|2026-07-24|2026-07-27|2026-07-28|2026-07-29|2026-07-30|2026-07-31|2026-08-03|2026-08-04|2026-08-05|2026-08-06|2026-08-07|2026-08-10|2026-08-11|2026-08-12|2026-08-13|2026-08-14|2026-08-18,2026-08-18 18:21:48,0.0
Jefferies Financial,,2026-07-01|2026-07-02|2026-07-06|2026-07-07|2026-07-08|2026-07-09|2026-07-10|2026-07-13|2026-07-14|2026-07-15|2026-07-16|2026-07-17|2026-07-20|2026-07-23|2026-07-24|2026-07-27|2026-07-28|2026-07-29|2026-07-30|2026-08-03|2026-08-04|2026-08-05|2026-08-06|2026-08-07|2026-08-10|2026-08-11|2026-08-12|2026-08-13|2026-08-14|2026-08-18,2026-08-18 18:21:48,0.0
Williams Companies,,2026-07-06|2026-07-07|2026-07-08|2026-07-09|2026-07-10|2026-07-13|2026-07-14|2026-07-15|2026-07-16|2026-07-17|2026-07-20|2026-07-21|2026-07-23|2026-07-24|2026-07-27|2026-07-28|2026-07-29|2026-07-30|2026-07-31|2026-08-03|2026-08-04|2026-08-05|2026-08-06|2026-08-07|2026-08-10|2026-08-11|2026-08-12|2026-08-13|2026-08-14|2026-08-18,2026-08-18 18:21:48,0.0
VF Corporation,,2026-07-02|2026-07-06|2026-07-07|2026-07-08|2026-07-09|2026-07-10|2026-07-13|2026-07-14|2026-07-15|2026-07-16|2026-07-17|2026-07-20|2026-07-23|2026-07-24|2026-07-27|2026-07-28|2026-07-29|2026-07-30|2026-07-31|2026-08-03|2026-08-04|2026-08-05|2026-08-06|2026-08-07|2026-08-10|2026-08-11|2026-08-12|2026-08-13|2026-08-14|2026-08-18,2026-08-18 18:21:48,0.0
Autoliv,,2026-07-01|2026-07-02|2026-07-06|2026-07-07|2026-07-08|2026-07-09|2026-07-10|2026-07-13|2026-07-14|2026-07-15|2026-07-16|2026-07-17|2026-07-20|2026-07-23|2026-07-24|2026-07-27|2026-07-28|2026-07-29|2026-07-30|2026-08-03|2026-08-04|2026-08-05|2026-08-06|2026-08-07|2026-08-10|2026-08-11|2026-08-12|2026-08-13|2026-08-14|2026-08-18,2026-08-18 18:21:48,0.0
Westinghouse Air Brake Technologies,,2026-07-01|2026-07-02|2026-07-06|2026-07-07|2026-07-08|2026-07-09|2026-07-10|2026-07-13|2026-07-14|2026-07-15|2026-07-16|2026-07-17|2026-07-20|2026-07-23|2026-07-24|2026-07-27|2026-07-28|2026-07-29|2026-07-30|2026-08-03|2026-08-04|2026-08-05|2026-08-06|2026-08-07|2026-08-10|2026-08-11|2026-08-12|2026-08-13|2026-08-14|2026-08-18,2026-08-18 18:21:48,0.0
Public Service Enterprise Group,,2026-07-02|2026-07-06|2026-07-07|2026-07-08|2026-07-09|2026-07-10|2026-07-13|2026-07-14|2026-07-15|2026-07-16|2026-07-17|2026-07-20|2026-07-23|2026-07-24|2026-07-27|2026-07-28|2026-07-29|2026-07-30|2026-07-31|2026-08-03|2026-08-04|2026-08-05|2026-08-06|2026-08-07|2026-08-10|2026-08-11|2026-08-12|2026-08-13|2026-08-14|2026-08-18,2026-08-18 18:21:48,0.0
Ebay,,2026-07-06|2026-07-07|2026-07-08|2026-07-09|2026-07-10|2026-07-13|2026-07-14|2026-07-15|2026-07-16|2026-07-17|2026-07-20|2026-07-21|2026-07-23|2026-07-24|2026-07-27|2026-07-28|2026-07-29|2026-07-30|2026-07-31|2026-08-03|2026-08-04|2026-08-05|2026-08-06|2026-08-07|2026-08-10|2026-08-11|2026-08-12|2026-08-13|2026-08-14|2026-08-18,2026-08-18 18:21:48,0.0
Celanese,,2026-07-01|2026-07-02|2026-07-06|2026-07-07|2026-07-08|2026-07-09|2026-07-10|2026-07-13|2026-07-14|2026-07-15|2026-07-16|2026-07-17|2026-07-20|2026-07-23|2026-07-24|2026-07-27|2026-07-28|2026-07-29|2026-07-30|2026-08-03|2026-08-04|2026-08-05|2026-08-06|2026-08-07|2026-08-10|2026-08-11|2026-08-12|2026-08-13|2026-08-14|2026-08-18,2026-08-18 18:21:48,0.0
Global Payments,,2026-07-01|2026-07-02|2026-07-06|2026-07-07|2026-07-08|2026-07-09|2026-07-10|2026-07-13|2026-07-14|2026-07-15|2026-07-16|2026-07-17|2026-07-20|2026-07-23|2026-07-24|2026-07-27|2026-07-28|2026-07-29|2026-07-30|2026-08-03|2026-08-04|2026-08-05|2026-08-06|2026-08-07|2026-08-10|2026-08-11|2026-08-12|2026-08-13|2026-08-14|2026-08-18,2026-08-18 18:21:48,0.0
News Corp,,2026-07-02|2026-07-06|2026-07-07|2026-07-08|2026-07-09|2026-07-10|2026-07-13|2026-07-14|2026-07-15|2026-07-16|2026-07-17|2026-07-20|2026-07-23|2026-07-24|2026-07-27|2026-07-28|2026-07-29|2026-07-30|2026-07-31|2026-08-03|2026-08-04|2026-08-05|2026-08-06|2026-08-07|2026-08-10|2026-08-11|2026-08-12|2026-08-13|2026-08-14|2026-08-18,2026-08-18 18:21:48,0.0
THOR Industries,,2026-07-01|2026-07-02|2026-07-06|2026-07-07|2026-07-08|2026-07-09|2026-07-10|2026-07-13|2026-07-14|2026-07-15|2026-07-16|2026-07-17|2026-07-20|2026-07-23|2026-07-24|2026-07-27|2026-07-28|2026-07-29|2026-07-30|2026-08-03|2026-08-04|2026-08-05|2026-08-06|2026-08-07|2026-08-10|2026-08-11|2026-08-12|2026-08-13|2026-08-14|2026-08-18,2026-08-18 18:21:48,0.0
Icahn Enterprises,,2026-07-07|2026-07-08|2026-07-09|2026-07-10|2026-07-13|2026-07-14|2026-07-15|2026-07-16|2026-07-17|2026-07-20|2026-07-21|2026-07-23|2026-07-24|2026-07-27|2026-07-28|2026-07-29|2026-07-30|2026-07-31|2026-08-03|2026-08-04|2026-08-05|2026-08-06|2026-08-07|2026-08-10|2026-08-11|2026-08-12|2026-08-13|2026-08-14|2026-08-17|2026-08-18,2026-08-18 18:21:48,0.0
Constellation Brands,,2026-07-02|2026-07-06|2026-07-07|2026-07-08|2026-07-09|2026-07-10|2026-07-13|2026-07-14|2026-07-15|2026-07-16|2026-07-17|2026-07-20|2026-07-23|2026-07-24|2026-07-27|2026-07-28|2026-07-29|2026-07-30|2026-07-31|2026-08-03|2026-08-04|2026-08-05|2026-08-06|2026-08-07|2026-08-10|2026-08-11|2026-08-12|2026-08-13|2026-08-14|2026-08-18,2026-08-18 18:21:48,0.0
Quest Diagnostics,,2026-07-01|2026-07-02|2026-07-06|2026-07-07|2026-07-08|2026-07-09|2026-07-10|2026-07-13|2026-07-14|2026-07-15|2026-07-16|2026-07-17|2026-07-20|2026-07-23|2026-07-24|2026-07-27|2026-07-28|2026-07-29|2026-07-30|2026-08-03|2026-08-04|2026-08-05|2026-08-06|2026-08-07|2026-08-10|2026-08-11|2026-08-12|2026-08-13|2026-08-14|2026-08-18,2026-08-18 18:21:48,0.0
KLA,,2026-07-08|2026-07-09|2026-07-10|2026-07-13|2026-07-14|2026-07-15|2026-07-16|2026-07-17|2026-07-20|2026-07-21|2026-07-22|2026-07-23|2026-07-24|2026-07-27|2026-07-28|2026-07-29|2026-07-30|2026-07-31|2026-08-03|2026-08-04|2026-08-05|2026-08-06|2026-08-07|2026-08-10|2026-08-11|2026-08-12|2026-08-13|2026-08-14|2026-08-17|2026-08-18,2026-08-18 18:21:48,0.0
QXO Building Products,,2026-07-07|2026-07-08|2026-07-09|2026-07-10|2026-07-13|2026-07-14|2026-07-15|2026-07-16|2026-07-17|2026-07-20|2026-07-21|2026-07-22|2026-07-23|2026-07-24|2026-07-27|2026-07-28|2026-07-29|2026-07-30|2026-07-31|2026-08-03|2026-08-04|2026-08-05|2026-08-06|2026-08-07|2026-08-10|2026-08-11|2026-08-12|2026-08-13|2026-08-14|2026-08-18,2026-08-18 18:21:48,0.0
APA,,2026-07-07|2026-07-08|2026-07-09|2026-07-10|2026-07-13|2026-07-14|2026-07-15|2026-07-16|2026-07-17|2026-07-20|2026-07-21|2026-07-22|2026-07-23|2026-07-24|2026-07-27|2026-07-28|2026-07-29|2026-07-30|2026-07-31|2026-08-03|2026-08-04|2026-08-05|2026-08-06|2026-08-07|2026-08-10|2026-08-11|2026-08-12|2026-08-13|2026-08-14|2026-08-18,2026-08-18 18:21:48,0.0
Biogen,,2026-07-01|2026-07-02|2026-07-06|2026-07-07|2026-07-08|2026-07-09|2026-07-10|2026-07-13|2026-07-14|2026-07-15|2026-07-16|2026-07-17|2026-07-20|2026-07-23|2026-07-24|2026-07-27|2026-07-28|2026-07-29|2026-07-30|2026-08-03|2026-08-04|2026-08-05|2026-08-06|2026-08-07|2026-08-10|2026-08-11|2026-08-12|2026-08-13|2026-08-14|2026-08-18,2026-08-18 18:21:48,0.0
Campbell Soup,,2026-07-07|2026-07-08|2026-07-09|2026-07-10|2026-07-13|2026-07-14|2026-07-15|2026-07-16|2026-07-17|2026-07-20|2026-07-21|2026-07-22|2026-07-23|2026-07-24|2026-07-27|2026-07-28|2026-07-29|2026-07-30|2026-07-31|2026-08-03|2026-08-04|2026-08-05|2026-08-06|2026-08-07|2026-08-10|2026-08-11|2026-08-12|2026-08-13|2026-08-14|2026-08-18,2026-08-18 18:21:48,0.0
Concentrix,,2026-07-02|2026-07-06|2026-07-07|2026-07-08|2026-07-09|2026-07-10|2026-07-13|2026-07-14|2026-07-15|2026-07-16|2026-07-17|2026-07-20|2026-07-21|2026-07-23|2026-07-24|2026-07-27|2026-07-28|2026-07-29|2026-07-30|2026-08-03|2026-08-04|2026-08-05|2026-08-06|2026-08-07|2026-08-10|2026-08-11|2026-08-12|2026-08-13|2026-08-14|2026-08-18,2026-08-18 18:21:48,0.0
Cintas,,2026-07-02|2026-07-06|2026-07-07|2026-07-08|2026-07-09|2026-07-10|2026-07-13|2026-07-14|2026-07-15|2026-07-16|2026-07-17|2026-07-20|2026-07-23|2026-07-24|2026-07-27|2026-07-28|2026-07-29|2026-07-30|2026-07-31|2026-08-03|2026-08-04|2026-08-05|2026-08-06|2026-08-07|2026-08-10|2026-08-11|2026-08-12|2026-08-13|2026-08-14|2026-08-18,2026-08-18 18:21:48,0.0
Analog Devices,,2026-07-07|2026-07-08|2026-07-09|2026-07-10|2026-07-13|2026-07-14|2026-07-15|2026-07-16|2026-07-17|2026-07-20|2026-07-21|2026-07-22|2026-07-23|2026-07-24|2026-07-27|2026-07-28|2026-07-29|2026-07-30|2026-07-31|2026-08-03|2026-08-04|2026-08-05|2026-08-06|2026-08-07|2026-08-10|2026-08-11|2026-08-12|2026-08-13|2026-08-14|2026-08-18,2026-08-18 18:21:48,0.0
Eastman Chemical,,2026-07-01|2026-07-02|2026-07-06|2026-07-07|2026-07-08|2026-07-09|2026-07-10|2026-07-13|2026-07-14|2026-07-15|2026-07-16|2026-07-17|2026-07-20|2026-07-23|2026-07-24|2026-07-27|2026-07-28|2026-07-29|2026-07-30|2026-08-03|2026-08-04|2026-08-05|2026-08-06|2026-08-07|2026-08-10|2026-08-11|2026-08-12|2026-08-13|2026-08-14|2026-08-18,2026-08-18 18:21:48,0.0
Interactive Brokers,,2026-07-07|2026-07-08|2026-07-09|2026-07-10|2026-07-13|2026-07-14|2026-07-15|2026-07-16|2026-07-17|2026-07-20|2026-07-21|2026-07-22|2026-07-23|2026-07-24|2026-07-27|2026-07-28|2026-07-29|2026-07-30|2026-07-31|2026-08-03|2026-08-04|2026-08-05|2026-08-06|2026-08-07|2026-08-10|2026-08-11|2026-08-12|2026-08-13|2026-08-14|2026-08-18,2026-08-18 18:21:48,0.0
Regions Financial,,2026-07-02|2026-07-06|2026-07-07|2026-07-08|2026-07-09|2026-07-10|2026-07-13|2026-07-14|2026-07-15|2026-07-16|2026-07-17|2026-07-20|2026-07-23|2026-07-24|2026-07-27|2026-07-28|2026-07-29|2026-07-30|2026-07-31|2026-08-03|2026-08-04|2026-08-05|2026-08-06|2026-08-07|2026-08-10|2026-08-11|2026-08-12|2026-08-13|2026-08-14|2026-08-18,2026-08-18 18:21:48,0.0
JetBlue Airways,,2026-07-07|2026-07-08|2026-07-09|2026-07-10|2026-07-13|2026-07-14|2026-07-15|2026-07-16|2026-07-17|2026-07-20|2026-07-21|2026-07-22|2026-07-23|2026-07-24|2026-07-27|2026-07-28|2026-07-29|2026-07-30|2026-07-31|2026-08-03|2026-08-04|2026-08-05|2026-08-06|2026-08-07|2026-08-10|2026-08-11|2026-08-12|2026-08-13|2026-08-14|2026-08-18,2026-08-18 18:21:48,0.0
Zoetis,,2026-07-06|2026-07-07|2026-07-08|2026-07-09|2026-07-10|2026-07-13|2026-07-14|2026-07-15|2026-07-16|2026-07-17|2026-07-20|2026-07-22|2026-07-23|2026-07-24|2026-07-27|2026-07-28|2026-07-29|2026-07-30|2026-07-31|2026-08-03|2026-08-04|2026-08-05|2026-08-06|2026-08-07|2026-08-10|2026-08-11|2026-08-12|2026-08-13|2026-08-14|2026-08-18,2026-08-18 18:21:48,0.0
KeyCorp,,2026-07-07|2026-07-08|2026-07-09|2026-07-10|2026-07-13|2026-07-14|2026-07-15|2026-07-16|2026-07-17|2026-07-20|2026-07-21|2026-07-22|2026-07-23|2026-07-24|2026-07-27|2026-07-28|2026-07-29|2026-07-30|2026-07-31|2026-08-03|2026-08-04|2026-08-05|2026-08-06|2026-08-07|2026-08-10|2026-08-11|2026-08-12|2026-08-13|2026-08-14|2026-08-18,2026-08-18 18:21:48,0.0
Oscar Health,,2026-07-07|2026-07-08|2026-07-09|2026-07-10|2026-07-13|2026-07-14|2026-07-15|2026-07-16|2026-07-17|2026-07-20|2026-07-21|2026-07-22|2026-07-23|2026-07-24|2026-07-27|2026-07-28|2026-07-29|2026-07-30|2026-07-31|2026-08-03|2026-08-04|2026-08-05|2026-08-06|2026-08-07|2026-08-10|2026-08-11|2026-08-12|2026-08-13|2026-08-14|2026-08-18,2026-08-18 18:21:48,0.0
Ovintiv,,2026-07-01|2026-07-02|2026-07-06|2026-07-07|2026-07-08|2026-07-09|2026-07-10|2026-07-13|2026-07-14|2026-07-15|2026-07-16|2026-07-17|2026-07-20|2026-07-23|2026-07-24|2026-07-27|2026-07-28|2026-07-29|2026-07-30|2026-08-03|2026-08-04|2026-08-05|2026-08-06|2026-08-07|2026-08-10|2026-08-11|2026-08-12|2026-08-13|2026-08-14|2026-08-18,2026-08-18 18:21:48,0.0
Seaboard,,2026-07-01|2026-07-02|2026-07-06|2026-07-07|2026-07-08|2026-07-09|2026-07-10|2026-07-13|2026-07-14|2026-07-15|2026-07-16|2026-07-17|2026-07-20|2026-07-23|2026-07-24|2026-07-27|2026-07-28|2026-07-29|2026-07-30|2026-08-03|2026-08-04|2026-08-05|2026-08-06|2026-08-07|2026-08-10|2026-08-11|2026-08-12|2026-08-13|2026-08-14|2026-08-18,2026-08-18 18:21:48,0.0
Hertz,,2026-07-07|2026-07-08|2026-07-09|2026-07-10|2026-07-13|2026-07-14|2026-07-15|2026-07-16|2026-07-17|2026-07-20|2026-07-21|2026-07-22|2026-07-23|2026-07-24|2026-07-27|2026-07-28|2026-07-29|2026-07-30|2026-07-31|2026-08-03|2026-08-04|2026-08-05|2026-08-06|2026-08-07|2026-08-10|2026-08-11|2026-08-12|2026-08-13|2026-08-14|2026-08-18,2026-08-18 18:21:48,0.0
NOV,,2026-07-06|2026-07-07|2026-07-08|2026-07-09|2026-07-10|2026-07-13|2026-07-14|2026-07-15|2026-07-16|2026-07-17|2026-07-20|2026-07-22|2026-07-23|2026-07-24|2026-07-27|2026-07-28|2026-07-29|2026-07-30|2026-07-31|2026-08-03|2026-08-04|2026-08-05|2026-08-06|2026-08-07|2026-08-10|2026-08-11|2026-08-12|2026-08-13|2026-08-14|2026-08-18,2026-08-18 18:21:48,0.0
Graphic Packaging,,2026-07-01|2026-07-02|2026-07-06|2026-07-07|2026-07-08|2026-07-09|2026-07-10|2026-07-13|2026-07-14|2026-07-15|2026-07-16|2026-07-17|2026-07-20|2026-07-23|2026-07-24|2026-07-27|2026-07-28|2026-07-29|2026-07-30|2026-08-03|2026-08-04|2026-08-05|2026-08-06|2026-08-07|2026-08-10|2026-08-11|2026-08-12|2026-08-13|2026-08-14|2026-08-18,2026-08-18 18:21:48,0.0
Avery Dennison,,2026-07-01|2026-07-02|2026-07-06|2026-07-07|2026-07-08|2026-07-09|2026-07-10|2026-07-13|2026-07-14|2026-07-15|2026-07-16|2026-07-17|2026-07-20|2026-07-23|2026-07-24|2026-07-27|2026-07-28|2026-07-29|2026-07-30|2026-08-03|2026-08-04|2026-08-05|2026-08-06|2026-08-07|2026-08-10|2026-08-11|2026-08-12|2026-08-13|2026-08-14|2026-08-18,2026-08-18 18:21:48,0.0
Equinix,,2026-07-06|2026-07-07|2026-07-08|2026-07-09|2026-07-10|2026-07-13|2026-07-14|2026-07-15|2026-07-16|2026-07-17|2026-07-20|2026-07-21|2026-07-22|2026-07-23|2026-07-24|2026-07-27|2026-07-28|2026-07-29|2026-07-30|2026-08-03|2026-08-04|2026-08-05|2026-08-06|2026-08-07|2026-08-10|2026-08-11|2026-08-12|2026-08-13|2026-08-14|2026-08-18,2026-08-18 18:21:48,0.0
Insight Enterprises,,2026-07-01|2026-07-02|2026-07-06|2026-07-07|2026-07-08|2026-07-09|2026-07-10|2026-07-13|2026-07-14|2026-07-15|2026-07-16|2026-07-17|2026-07-20|2026-07-23|2026-07-24|2026-07-27|2026-07-28|2026-07-29|2026-07-30|2026-08-03|2026-08-04|2026-08-05|2026-08-06|2026-08-07|2026-08-10|2026-08-11|2026-08-12|2026-08-13|2026-08-14|2026-08-18,2026-08-18 18:21:48,0.0
Sirius XM,,2026-07-02|2026-07-06|2026-07-07|2026-07-08|2026-07-09|2026-07-10|2026-07-13|2026-07-14|2026-07-15|2026-07-16|2026-07-17|2026-07-20|2026-07-23|2026-07-24|2026-07-27|2026-07-28|2026-07-29|2026-07-30|2026-07-31|2026-08-03|2026-08-04|2026-08-05|2026-08-06|2026-08-07|2026-08-10|2026-08-11|2026-08-12|2026-08-13|2026-08-14|2026-08-18,2026-08-18 18:21:48,0.0
PVH,,2026-07-01|2026-07-02|2026-07-06|2026-07-07|2026-07-08|2026-07-09|2026-07-10|2026-07-13|2026-07-14|2026-07-15|2026-07-16|2026-07-17|2026-07-20|2026-07-23|2026-07-24|2026-07-27|2026-07-28|2026-07-29|2026-07-30|2026-08-03|2026-08-04|2026-08-05|2026-08-06|2026-08-07|2026-08-10|2026-08-11|2026-08-12|2026-08-13|2026-08-14|2026-08-18,2026-08-18 18:21:48,0.0
CenterPoint Energy,,2026-07-02|2026-07-06|2026-07-07|2026-07-08|2026-07-09|2026-07-10|2026-07-13|2026-07-14|2026-07-15|2026-07-16|2026-07-17|2026-07-20|2026-07-23|2026-07-24|2026-07-27|2026-07-28|2026-07-29|2026-07-30|2026-07-31|2026-08-03|2026-08-04|2026-08-05|2026-08-06|2026-08-07|2026-08-10|2026-08-11|2026-08-12|2026-08-13|2026-08-14|2026-08-18,2026-08-18 18:21:48,0.0
WEC Energy,,2026-07-02|2026-07-06|2026-07-07|2026-07-08|2026-07-09|2026-07-10|2026-07-13|2026-07-14|2026-07-15|2026-07-16|2026-07-17|2026-07-20|2026-07-23|2026-07-24|2026-07-27|2026-07-28|2026-07-29|2026-07-30|2026-07-31|2026-08-03|2026-08-04|2026-08-05|2026-08-06|2026-08-07|2026-08-10|2026-08-11|2026-08-12|2026-08-13|2026-08-14|2026-08-18,2026-08-18 18:21:48,0.0
Xylem Inc,,2026-07-02|2026-07-06|2026-07-07|2026-07-08|2026-07-09|2026-07-10|2026-07-13|2026-07-14|2026-07-15|2026-07-16|2026-07-17|2026-07-20|2026-07-21|2026-07-23|2026-07-24|2026-07-27|2026-07-28|2026-07-29|2026-07-30|2026-08-03|2026-08-04|2026-08-05|2026-08-06|2026-08-07|2026-08-10|2026-08-11|2026-08-12|2026-08-13|2026-08-14|2026-08-18,2026-08-18 18:21:48,0.0
Franklin Resources,,2026-07-02|2026-07-06|2026-07-07|2026-07-08|2026-07-09|2026-07-10|2026-07-13|2026-07-14|2026-07-15|2026-07-16|2026-07-17|2026-07-20|2026-07-23|2026-07-24|2026-07-27|2026-07-28|2026-07-29|2026-07-30|2026-07-31|2026-08-03|2026-08-04|2026-08-05|2026-08-06|2026-08-07|2026-08-10|2026-08-11|2026-08-12|2026-08-13|2026-08-14|2026-08-18,2026-08-18 18:21:48,0.0
PPL Corporation,,2026-07-02|2026-07-06|2026-07-07|2026-07-08|2026-07-09|2026-07-10|2026-07-13|2026-07-14|2026-07-15|2026-07-16|2026-07-17|2026-07-20|2026-07-23|2026-07-24|2026-07-27|2026-07-28|2026-07-29|2026-07-30|2026-07-31|2026-08-03|2026-08-04|2026-08-05|2026-08-06|2026-08-07|2026-08-10|2026-08-11|2026-08-12|2026-08-13|2026-08-14|2026-08-18,2026-08-18 18:21:48,0.0
Workday,,2026-07-07|2026-07-08|2026-07-09|2026-07-10|2026-07-13|2026-07-14|2026-07-15|2026-07-16|2026-07-17|2026-07-20|2026-07-21|2026-07-22|2026-07-23|2026-07-24|2026-07-27|2026-07-28|2026-07-29|2026-07-30|2026-07-31|2026-08-03|2026-08-04|2026-08-05|2026-08-06|2026-08-07|2026-08-10|2026-08-11|2026-08-12|2026-08-13|2026-08-14|2026-08-18,2026-08-18 18:21:48,0.0
Dover Corporation,,2026-07-01|2026-07-02|2026-07-06|2026-07-07|2026-07-08|2026-07-09|2026-07-10|2026-07-13|2026-07-14|2026-07-15|2026-07-16|2026-07-17|2026-07-20|2026-07-23|2026-07-24|2026-07-27|2026-07-28|2026-07-29|2026-07-30|2026-08-03|2026-08-04|2026-08-05|2026-08-06|2026-08-07|2026-08-10|2026-08-11|2026-08-12|2026-08-13|2026-08-14|2026-08-18,2026-08-18 18:21:48,0.0
Packaging Corp of America,,2026-07-01|2026-07-02|2026-07-06|2026-07-07|2026-07-08|2026-07-09|2026-07-10|2026-07-13|2026-07-14|2026-07-15|2026-07-16|2026-07-17|2026-07-20|2026-07-23|2026-07-24|2026-07-27|2026-07-28|2026-07-29|2026-07-30|2026-08-03|2026-08-04|2026-08-05|2026-08-06|2026-08-07|2026-08-10|2026-08-11|2026-08-12|2026-08-13|2026-08-14|2026-08-18,2026-08-18 18:21:48,0.0
ABM Industries,,2026-07-01|2026-07-02|2026-07-06|2026-07-07|2026-07-08|2026-07-09|2026-07-10|2026-07-13|2026-07-14|2026-07-15|2026-07-16|2026-07-17|2026-07-20|2026-07-23|2026-07-24|2026-07-27|2026-07-28|2026-07-29|2026-07-30|2026-08-03|2026-08-04|2026-08-05|2026-08-06|2026-08-07|2026-08-10|2026-08-11|2026-08-12|2026-08-13|2026-08-14|2026-08-18,2026-08-18 18:21:48,0.0
Intuitive Surgical,,2026-07-07|2026-07-08|2026-07-09|2026-07-10|2026-07-13|2026-07-14|2026-07-15|2026-07-16|2026-07-17|2026-07-20|2026-07-21|2026-07-22|2026-07-23|2026-07-24|2026-07-27|2026-07-28|2026-07-29|2026-07-30|2026-07-31|2026-08-03|2026-08-04|2026-08-05|2026-08-06|2026-08-07|2026-08-10|2026-08-11|2026-08-12|2026-08-13|2026-08-14|2026-08-18,2026-08-18 18:21:48,0.0
American Financial Group,,2026-07-01|2026-07-02|2026-07-06|2026-07-07|2026-07-08|2026-07-09|2026-07-10|2026-07-13|2026-07-14|2026-07-15|2026-07-16|2026-07-17|2026-07-20|2026-07-23|2026-07-24|2026-07-27|2026-07-28|2026-07-29|2026-07-30|2026-08-03|2026-08-04|2026-08-05|2026-08-06|2026-08-07|2026-08-10|2026-08-11|2026-08-12|2026-08-13|2026-08-14|2026-08-18,2026-08-18 18:21:48,0.0
Rockwell Automation,,2026-07-02|2026-07-06|2026-07-07|2026-07-08|2026-07-09|2026-07-10|2026-07-13|2026-07-14|2026-07-15|2026-07-16|2026-07-17|2026-07-20|2026-07-23|2026-07-24|2026-07-27|2026-07-28|2026-07-29|2026-07-30|2026-08-03|2026-08-04|2026-08-05|2026-08-06|2026-08-07|2026-08-10|2026-08-11|2026-08-12|2026-08-13|2026-08-14|2026-08-17|2026-08-18,2026-08-18 18:21:48,0.0
Solventum,,2026-07-01|2026-07-02|2026-07-06|2026-07-07|2026-07-08|2026-07-09|2026-07-10|2026-07-13|2026-07-14|2026-07-15|2026-07-16|2026-07-17|2026-07-20|2026-07-23|2026-07-24|2026-07-27|2026-07-28|2026-07-29|2026-07-30|2026-08-03|2026-08-04|2026-08-05|2026-08-06|2026-08-07|2026-08-10|2026-08-11|2026-08-12|2026-08-13|2026-08-14|2026-08-18,2026-08-18 18:21:48,0.0
Old Republic International,,2026-07-01|2026-07-02|2026-07-06|2026-07-07|2026-07-08|2026-07-09|2026-07-10|2026-07-13|2026-07-14|2026-07-15|2026-07-16|2026-07-17|2026-07-20|2026-07-23|2026-07-24|2026-07-27|2026-07-28|2026-07-29|2026-07-30|2026-08-03|2026-08-04|2026-08-05|2026-08-06|2026-08-07|2026-08-10|2026-08-11|2026-08-12|2026-08-13|2026-08-14|2026-08-18,2026-08-18 18:21:48,0.0
Prologis,,2026-07-02|2026-07-06|2026-07-07|2026-07-08|2026-07-09|2026-07-10|2026-07-13|2026-07-14|2026-07-15|2026-07-16|2026-07-17|2026-07-20|2026-07-23|2026-07-24|2026-07-27|2026-07-28|2026-07-29|2026-07-30|2026-07-31|2026-08-03|2026-08-04|2026-08-05|2026-08-06|2026-08-07|2026-08-10|2026-08-11|2026-08-12|2026-08-13|2026-08-14|2026-08-18,2026-08-18 18:21:48,0.0
JM Smucker,,2026-07-01|2026-07-02|2026-07-06|2026-07-07|2026-07-08|2026-07-09|2026-07-10|2026-07-13|2026-07-14|2026-07-15|2026-07-16|2026-07-17|2026-07-20|2026-07-23|2026-07-24|2026-07-27|2026-07-28|2026-07-29|2026-07-30|2026-08-03|2026-08-04|2026-08-05|2026-08-06|2026-08-07|2026-08-10|2026-08-11|2026-08-12|2026-08-13|2026-08-14|2026-08-18,2026-08-18 18:21:48,0.0
Taylor Morrison Home,,2026-07-23,2026-08-18 18:21:48,0.0
XPO,,2026-07-01|2026-07-02|2026-07-06|2026-07-07|2026-07-08|2026-07-09|2026-07-10|2026-07-13|2026-07-14|2026-07-15|2026-07-16|2026-07-17|2026-07-20|2026-07-23|2026-07-24|2026-07-27|2026-07-28|2026-07-29|2026-07-30|2026-08-03|2026-08-04|2026-08-05|2026-08-06|2026-08-07|2026-08-10|2026-08-11|2026-08-12|2026-08-13|2026-08-14|2026-08-18,2026-08-18 18:21:48,0.0
Voya Financial,,2026-07-01|2026-07-02|2026-07-06|2026-07-07|2026-07-08|2026-07-09|2026-07-10|2026-07-13|2026-07-14|2026-07-15|2026-07-16|2026-07-17|2026-07-20|2026-07-23|2026-07-24|2026-07-27|2026-07-28|2026-07-29|2026-07-30|2026-08-03|2026-08-04|2026-08-05|2026-08-06|2026-08-07|2026-08-10|2026-08-11|2026-08-12|2026-08-13|2026-08-14|2026-08-18,2026-08-18 18:21:48,0.0
Palo Alto Networks,,2026-07-07|2026-07-08|2026-07-09|2026-07-10|2026-07-13|2026-07-14|2026-07-15|2026-07-16|2026-07-17|2026-07-20|2026-07-21|2026-07-22|2026-07-23|2026-07-24|2026-07-27|2026-07-28|2026-07-29|2026-07-30|2026-07-31|2026-08-03|2026-08-04|2026-08-05|2026-08-06|2026-08-07|2026-08-10|2026-08-11|2026-08-12|2026-08-13|2026-08-14|2026-08-18,2026-08-18 18:21:48,0.0
Vertiv,,2026-07-07|2026-07-08|2026-07-09|2026-07-10|2026-07-13|2026-07-14|2026-07-15|2026-07-16|2026-07-17|2026-07-20|2026-07-21|2026-07-22|2026-07-23|2026-07-24|2026-07-27|2026-07-28|2026-07-29|2026-07-30|2026-07-31|2026-08-03|2026-08-04|2026-08-05|2026-08-06|2026-08-07|2026-08-10|2026-08-11|2026-08-12|2026-08-13|2026-08-14|2026-08-18,2026-08-18 18:21:48,0.0
Welltower,,2026-07-06|2026-07-07|2026-07-08|2026-07-09|2026-07-10|2026-07-13|2026-07-14|2026-07-15|2026-07-16|2026-07-17|2026-07-20|2026-07-22|2026-07-23|2026-07-24|2026-07-27|2026-07-28|2026-07-29|2026-07-30|2026-07-31|2026-08-03|2026-08-04|2026-08-05|2026-08-06|2026-08-07|2026-08-10|2026-08-11|2026-08-12|2026-08-13|2026-08-14|2026-08-18,2026-08-18 18:21:48,0.0
Par Pacific,,2026-07-02|2026-07-06|2026-07-07|2026-07-08|2026-07-09|2026-07-10|2026-07-13|2026-07-14|2026-07-15|2026-07-16|2026-07-17|2026-07-20|2026-07-21|2026-07-23|2026-07-24|2026-07-27|2026-07-28|2026-07-29|2026-07-30|2026-08-03|2026-08-04|2026-08-05|2026-08-06|2026-08-07|2026-08-10|2026-08-11|2026-08-12|2026-08-13|2026-08-14|2026-08-18,2026-08-18 18:21:48,0.0
TransDigm,,2026-07-01|2026-07-02|2026-07-06|2026-07-07|2026-07-08|2026-07-09|2026-07-10|2026-07-13|2026-07-14|2026-07-15|2026-07-16|2026-07-17|2026-07-20|2026-07-23|2026-07-24|2026-07-27|2026-07-28|2026-07-29|2026-07-30|2026-08-03|2026-08-04|2026-08-05|2026-08-06|2026-08-07|2026-08-10|2026-08-11|2026-08-12|2026-08-13|2026-08-14|2026-08-18,2026-08-18 18:21:48,0.0
Commercial Metals,,2026-07-01|2026-07-02|2026-07-06|2026-07-07|2026-07-08|2026-07-09|2026-07-10|2026-07-13|2026-07-14|2026-07-15|2026-07-16|2026-07-17|2026-07-20|2026-07-23|2026-07-24|2026-07-27|2026-07-28|2026-07-29|2026-07-30|2026-08-03|2026-08-04|2026-08-05|2026-08-06|2026-08-07|2026-08-10|2026-08-11|2026-08-12|2026-08-13|2026-08-14|2026-08-18,2026-08-18 18:21:48,0.0
Post Holdings,,2026-07-01|2026-07-02|2026-07-06|2026-07-07|2026-07-08|2026-07-09|2026-07-10|2026-07-13|2026-07-14|2026-07-15|2026-07-16|2026-07-17|2026-07-20|2026-07-23|2026-07-24|2026-07-27|2026-07-28|2026-07-29|2026-07-30|2026-08-03|2026-08-04|2026-08-05|2026-08-06|2026-08-07|2026-08-10|2026-08-11|2026-08-12|2026-08-13|2026-08-14|2026-08-18,2026-08-18 18:21:48,0.0
Masco,,2026-07-01|2026-07-02|2026-07-06|2026-07-07|2026-07-08|2026-07-09|2026-07-10|2026-07-13|2026-07-14|2026-07-15|2026-07-16|2026-07-17|2026-07-20|2026-07-23|2026-07-24|2026-07-27|2026-07-28|2026-07-29|2026-07-30|2026-08-03|2026-08-04|2026-08-05|2026-08-06|2026-08-07|2026-08-10|2026-08-11|2026-08-12|2026-08-13|2026-08-14|2026-08-18,2026-08-18 18:21:48,0.0
Rush Enterprises,,2026-06-29|2026-06-30|2026-07-01|2026-07-02|2026-07-06|2026-07-07|2026-07-08|2026-07-09|2026-07-10|2026-07-13|2026-07-14|2026-07-15|2026-07-16|2026-07-17|2026-07-20|2026-07-23|2026-07-24|2026-07-27|2026-07-28|2026-07-29|2026-07-30|2026-08-03|2026-08-04|2026-08-05|2026-08-06|2026-08-07|2026-08-12|2026-08-13|2026-08-14|2026-08-18,2026-08-18 18:21:48,0.0
KBR,,2026-07-01|2026-07-02|2026-07-06|2026-07-07|2026-07-08|2026-07-09|2026-07-10|2026-07-13|2026-07-14|2026-07-15|2026-07-16|2026-07-17|2026-07-20|2026-07-23|2026-07-24|2026-07-27|2026-07-28|2026-07-29|2026-07-30|2026-08-03|2026-08-04|2026-08-05|2026-08-06|2026-08-07|2026-08-10|2026-08-11|2026-08-12|2026-08-13|2026-08-14|2026-08-18,2026-08-18 18:21:48,0.0
Sprouts Farmers Market,,2026-07-02|2026-07-06|2026-07-07|2026-07-08|2026-07-09|2026-07-10|2026-07-13|2026-07-14|2026-07-15|2026-07-16|2026-07-17|2026-07-20|2026-07-21|2026-07-23|2026-07-24|2026-07-27|2026-07-28|2026-07-29|2026-07-30|2026-08-03|2026-08-04|2026-08-05|2026-08-06|2026-08-07|2026-08-10|2026-08-11|2026-08-12|2026-08-13|2026-08-14|2026-08-18,2026-08-18 18:21:48,0.0
Williams-Sonoma,,2026-07-01|2026-07-02|2026-07-06|2026-07-07|2026-07-08|2026-07-09|2026-07-10|2026-07-13|2026-07-14|2026-07-15|2026-07-16|2026-07-17|2026-07-20|2026-07-23|2026-07-24|2026-07-27|2026-07-28|2026-07-29|2026-07-30|2026-08-03|2026-08-04|2026-08-05|2026-08-06|2026-08-07|2026-08-10|2026-08-11|2026-08-12|2026-08-13|2026-08-14|2026-08-18,2026-08-18 18:21:48,0.0
Zimmer Biomet,,2026-07-01|2026-07-02|2026-07-06|2026-07-07|2026-07-08|2026-07-09|2026-07-10|2026-07-13|2026-07-14|2026-07-15|2026-07-16|2026-07-17|2026-07-20|2026-07-23|2026-07-24|2026-07-27|2026-07-28|2026-07-29|2026-07-30|2026-08-03|2026-08-04|2026-08-05|2026-08-06|2026-08-07|2026-08-10|2026-08-11|2026-08-12|2026-08-13|2026-08-14|2026-08-18,2026-08-18 18:21:48,0.0
CACI International,,2026-07-01|2026-07-02|2026-07-06|2026-07-07|2026-07-08|2026-07-09|2026-07-10|2026-07-13|2026-07-14|2026-07-15|2026-07-16|2026-07-17|2026-07-20|2026-07-23|2026-07-24|2026-07-27|2026-07-28|2026-07-29|2026-07-30|2026-08-03|2026-08-04|2026-08-05|2026-08-06|2026-08-07|2026-08-10|2026-08-11|2026-08-12|2026-08-13|2026-08-14|2026-08-18,2026-08-18 18:21:48,0.0
Microchip Technology,,2026-07-07|2026-07-08|2026-07-09|2026-07-10|2026-07-13|2026-07-14|2026-07-15|2026-07-16|2026-07-17|2026-07-20|2026-07-21|2026-07-22|2026-07-23|2026-07-24|2026-07-27|2026-07-28|2026-07-29|2026-07-30|2026-07-31|2026-08-03|2026-08-04|2026-08-05|2026-08-06|2026-08-07|2026-08-10|2026-08-11|2026-08-12|2026-08-13|2026-08-14|2026-08-18,2026-08-18 18:21:48,0.0
Watsco,,2026-07-01|2026-07-02|2026-07-06|2026-07-07|2026-07-08|2026-07-09|2026-07-10|2026-07-13|2026-07-14|2026-07-15|2026-07-16|2026-07-17|2026-07-20|2026-07-23|2026-07-24|2026-07-27|2026-07-28|2026-07-29|2026-07-30|2026-08-03|2026-08-04|2026-08-05|2026-08-06|2026-08-07|2026-08-10|2026-08-11|2026-08-12|2026-08-13|2026-08-14|2026-08-18,2026-08-18 18:21:48,0.0
Newell Brands,,2026-07-06|2026-07-07|2026-07-08|2026-07-09|2026-07-10|2026-07-13|2026-07-14|2026-07-15|2026-07-16|2026-07-17|2026-07-20|2026-07-22|2026-07-23|2026-07-24|2026-07-27|2026-07-28|2026-07-29|2026-07-30|2026-07-31|2026-08-03|2026-08-04|2026-08-05|2026-08-06|2026-08-07|2026-08-10|2026-08-11|2026-08-12|2026-08-13|2026-08-14|2026-08-18,2026-08-18 18:21:48,0.0
ARKO,,2026-07-01|2026-07-02|2026-07-06|2026-07-07|2026-07-08|2026-07-09|2026-07-10|2026-07-13|2026-07-14|2026-07-15|2026-07-16|2026-07-17|2026-07-20|2026-07-23|2026-07-24|2026-07-27|2026-07-28|2026-07-29|2026-07-30|2026-08-03|2026-08-04|2026-08-05|2026-08-06|2026-08-07|2026-08-10|2026-08-11|2026-08-12|2026-08-13|2026-08-14|2026-08-18,2026-08-18 18:21:48,0.0
Sanmina,,2026-07-02|2026-07-06|2026-07-07|2026-07-08|2026-07-09|2026-07-10|2026-07-13|2026-07-14|2026-07-15|2026-07-16|2026-07-17|2026-07-20|2026-07-21|2026-07-23|2026-07-24|2026-07-27|2026-07-28|2026-07-29|2026-07-30|2026-08-03|2026-08-04|2026-08-05|2026-08-06|2026-08-07|2026-08-10|2026-08-11|2026-08-12|2026-08-13|2026-08-14|2026-08-18,2026-08-18 18:21:48,0.0
Electronic Arts,,2026-07-17|2026-08-04|2026-08-05|2026-08-06|2026-08-07|2026-08-10,2026-08-18 18:21:48,0.0
Yum Brands,,2026-07-02|2026-07-06|2026-07-07|2026-07-08|2026-07-09|2026-07-10|2026-07-13|2026-07-14|2026-07-15|2026-07-16|2026-07-17|2026-07-20|2026-07-23|2026-07-24|2026-07-27|2026-07-28|2026-07-29|2026-07-30|2026-07-31|2026-08-03|2026-08-04|2026-08-05|2026-08-06|2026-08-07|2026-08-10|2026-08-11|2026-08-12|2026-08-13|2026-08-14|2026-08-18,2026-08-18 18:21:48,0.0
Fastenal,,2026-07-06|2026-07-07|2026-07-08|2026-07-09|2026-07-10|2026-07-13|2026-07-14|2026-07-15|2026-07-16|2026-07-17|2026-07-20|2026-07-21|2026-07-23|2026-07-24|2026-07-27|2026-07-28|2026-07-29|2026-07-30|2026-07-31|2026-08-03|2026-08-04|2026-08-05|2026-08-06|2026-08-07|2026-08-10|2026-08-11|2026-08-12|2026-08-13|2026-08-14|2026-08-18,2026-08-18 18:21:48,0.0
CMS Energy,,2026-07-02|2026-07-06|2026-07-07|2026-07-08|2026-07-09|2026-07-10|2026-07-13|2026-07-14|2026-07-15|2026-07-16|2026-07-17|2026-07-20|2026-07-23|2026-07-24|2026-07-27|2026-07-28|2026-07-29|2026-07-30|2026-07-31|2026-08-03|2026-08-04|2026-08-05|2026-08-06|2026-08-07|2026-08-10|2026-08-11|2026-08-12|2026-08-13|2026-08-14|2026-08-18,2026-08-18 18:21:48,0.0
Monster Beverage,,2026-07-06|2026-07-07|2026-07-08|2026-07-09|2026-07-10|2026-07-13|2026-07-14|2026-07-15|2026-07-16|2026-07-17|2026-07-20|2026-07-21|2026-07-23|2026-07-24|2026-07-27|2026-07-28|2026-07-29|2026-07-30|2026-07-31|2026-08-03|2026-08-04|2026-08-05|2026-08-06|2026-08-07|2026-08-11|2026-08-12|2026-08-13|2026-08-14|2026-08-17|2026-08-18,2026-08-18 18:21:48,0.0
Science Applications International,,2026-07-01|2026-07-02|2026-07-06|2026-07-07|2026-07-08|2026-07-09|2026-07-10|2026-07-13|2026-07-14|2026-07-15|2026-07-16|2026-07-17|2026-07-20|2026-07-23|2026-07-24|2026-07-27|2026-07-28|2026-07-29|2026-07-30|2026-08-03|2026-08-04|2026-08-05|2026-08-06|2026-08-07|2026-08-10|2026-08-11|2026-08-12|2026-08-13|2026-08-14|2026-08-18,2026-08-18 18:21:48,0.0
Core & Main,,2026-07-01|2026-07-02|2026-07-06|2026-07-07|2026-07-08|2026-07-09|2026-07-10|2026-07-13|2026-07-14|2026-07-15|2026-07-16|2026-07-17|2026-07-20|2026-07-23|2026-07-24|2026-07-27|2026-07-28|2026-07-29|2026-07-30|2026-08-03|2026-08-04|2026-08-05|2026-08-06|2026-08-07|2026-08-10|2026-08-11|2026-08-12|2026-08-13|2026-08-14|2026-08-18,2026-08-18 18:21:48,0.0
Howmet Aerospace,,2026-07-06|2026-07-07|2026-07-08|2026-07-09|2026-07-10|2026-07-13|2026-07-14|2026-07-15|2026-07-16|2026-07-17|2026-07-20|2026-07-22|2026-07-23|2026-07-24|2026-07-27|2026-07-28|2026-07-29|2026-07-30|2026-07-31|2026-08-03|2026-08-04|2026-08-05|2026-08-06|2026-08-07|2026-08-10|2026-08-11|2026-08-12|2026-08-13|2026-08-14|2026-08-18,2026-08-18 18:21:48,0.0
Ingredion,,2026-07-01|2026-07-02|2026-07-06|2026-07-07|2026-07-08|2026-07-09|2026-07-10|2026-07-13|2026-07-14|2026-07-15|2026-07-16|2026-07-17|2026-07-20|2026-07-23|2026-07-24|2026-07-27|2026-07-28|2026-07-29|2026-07-30|2026-08-03|2026-08-04|2026-08-05|2026-08-06|2026-08-07|2026-08-10|2026-08-11|2026-08-12|2026-08-13|2026-08-14|2026-08-18,2026-08-18 18:21:48,0.0
Vulcan Materials,,2026-07-01|2026-07-02|2026-07-06|2026-07-07|2026-07-08|2026-07-09|2026-07-10|2026-07-13|2026-07-14|2026-07-15|2026-07-16|2026-07-17|2026-07-20|2026-07-23|2026-07-24|2026-07-27|2026-07-28|2026-07-29|2026-07-30|2026-08-03|2026-08-04|2026-08-05|2026-08-06|2026-08-07|2026-08-10|2026-08-11|2026-08-12|2026-08-13|2026-08-14|2026-08-18,2026-08-18 18:21:48,0.0
Smurfit Westrock,,2026-07-07|2026-07-08|2026-07-09|2026-07-10|2026-07-13|2026-07-14|2026-07-15|2026-07-16|2026-07-17|2026-07-20|2026-07-21|2026-07-22|2026-07-23|2026-07-24|2026-07-27|2026-07-28|2026-07-29|2026-07-30|2026-07-31|2026-08-03|2026-08-04|2026-08-05|2026-08-06|2026-08-07|2026-08-10|2026-08-11|2026-08-12|2026-08-13|2026-08-14|2026-08-18,2026-08-18 18:21:48,0.0
Crown Holdings,,2026-07-02|2026-07-06|2026-07-07|2026-07-08|2026-07-09|2026-07-10|2026-07-13|2026-07-14|2026-07-15|2026-07-16|2026-07-17|2026-07-20|2026-07-22|2026-07-23|2026-07-24|2026-07-27|2026-07-28|2026-07-29|2026-07-30|2026-08-03|2026-08-04|2026-08-05|2026-08-06|2026-08-07|2026-08-10|2026-08-11|2026-08-12|2026-08-13|2026-08-14|2026-08-18,2026-08-18 18:21:48,0.0
Dana Incorporated,,2026-07-01|2026-07-02|2026-07-06|2026-07-07|2026-07-08|2026-07-09|2026-07-10|2026-07-13|2026-07-14|2026-07-15|2026-07-16|2026-07-17|2026-07-20|2026-07-23|2026-07-24|2026-07-27|2026-07-28|2026-07-29|2026-07-30|2026-08-03|2026-08-04|2026-08-05|2026-08-06|2026-08-07|2026-08-10|2026-08-11|2026-08-12|2026-08-13|2026-08-14|2026-08-18,2026-08-18 18:21:48,0.0
Albemarle Corporation,,2026-07-07|2026-07-08|2026-07-09|2026-07-10|2026-07-13|2026-07-14|2026-07-15|2026-07-16|2026-07-17|2026-07-20|2026-07-21|2026-07-22|2026-07-23|2026-07-24|2026-07-27|2026-07-28|2026-07-29|2026-07-30|2026-07-31|2026-08-03|2026-08-04|2026-08-05|2026-08-06|2026-08-07|2026-08-10|2026-08-11|2026-08-12|2026-08-13|2026-08-14|2026-08-18,2026-08-18 18:21:48,0.0
Polaris Inc,,2026-07-01|2026-07-02|2026-07-06|2026-07-07|2026-07-08|2026-07-09|2026-07-10|2026-07-13|2026-07-14|2026-07-15|2026-07-16|2026-07-17|2026-07-20|2026-07-23|2026-07-24|2026-07-27|2026-07-28|2026-07-29|2026-07-30|2026-08-03|2026-08-04|2026-08-05|2026-08-06|2026-08-07|2026-08-10|2026-08-11|2026-08-12|2026-08-13|2026-08-14|2026-08-18,2026-08-18 18:21:48,0.0
UGI Utilities Inc,,2026-07-01|2026-07-02|2026-07-06|2026-07-07|2026-07-08|2026-07-09|2026-07-10|2026-07-13|2026-07-14|2026-07-15|2026-07-16|2026-07-17|2026-07-20|2026-07-23|2026-07-24|2026-07-27|2026-07-28|2026-07-29|2026-07-30|2026-08-03|2026-08-04|2026-08-05|2026-08-06|2026-08-07|2026-08-10|2026-08-11|2026-08-12|2026-08-13|2026-08-14|2026-08-18,2026-08-18 18:21:48,0.0
Expand Energy Corporation,,2026-07-07|2026-07-08|2026-07-09|2026-07-10|2026-07-13|2026-07-14|2026-07-15|2026-07-16|2026-07-17|2026-07-20|2026-07-21|2026-07-22|2026-07-23|2026-07-24|2026-07-27|2026-07-28|2026-07-29|2026-07-30|2026-07-31|2026-08-03|2026-08-04|2026-08-05|2026-08-06|2026-08-07|2026-08-10|2026-08-11|2026-08-12|2026-08-13|2026-08-14|2026-08-18,2026-08-18 18:21:48,0.0
NGL Energy Partners,,2026-07-02|2026-07-06|2026-07-07|2026-07-08|2026-07-09|2026-07-10|2026-07-13|2026-07-14|2026-07-15|2026-07-16|2026-07-17|2026-07-20|2026-07-22|2026-07-23|2026-07-24|2026-07-27|2026-07-28|2026-07-29|2026-07-30|2026-08-03|2026-08-04|2026-08-05|2026-08-06|2026-08-07|2026-08-10|2026-08-11|2026-08-12|2026-08-13|2026-08-14|2026-08-18,2026-08-18 18:21:48,0.0
ON Semiconductor,,2026-07-07|2026-07-08|2026-07-09|2026-07-10|2026-07-13|2026-07-14|2026-07-15|2026-07-16|2026-07-17|2026-07-20|2026-07-21|2026-07-22|2026-07-23|2026-07-24|2026-07-27|2026-07-28|2026-07-29|2026-07-30|2026-07-31|2026-08-03|2026-08-04|2026-08-05|2026-08-06|2026-08-07|2026-08-10|2026-08-11|2026-08-12|2026-08-13|2026-08-14|2026-08-18,2026-08-18 18:21:48,0.0
Flagstar Financial,,2026-07-01|2026-07-02|2026-07-06|2026-07-07|2026-07-08|2026-07-09|2026-07-10|2026-07-13|2026-07-14|2026-07-15|2026-07-16|2026-07-17|2026-07-20|2026-07-23|2026-07-24|2026-07-27|2026-07-28|2026-07-29|2026-07-30|2026-08-03|2026-08-04|2026-08-05|2026-08-06|2026-08-07|2026-08-10|2026-08-11|2026-08-12|2026-08-13|2026-08-14|2026-08-18,2026-08-18 18:21:48,0.0
Weyerhaeuser,,2026-07-02|2026-07-06|2026-07-07|2026-07-08|2026-07-09|2026-07-10|2026-07-13|2026-07-14|2026-07-15|2026-07-16|2026-07-17|2026-07-20|2026-07-23|2026-07-24|2026-07-27|2026-07-28|2026-07-29|2026-07-30|2026-07-31|2026-08-03|2026-08-04|2026-08-05|2026-08-06|2026-08-07|2026-08-10|2026-08-11|2026-08-12|2026-08-13|2026-08-14|2026-08-18,2026-08-18 18:21:48,0.0
Genworth Financial,,2026-07-01|2026-07-02|2026-07-06|2026-07-07|2026-07-08|2026-07-09|2026-07-10|2026-07-13|2026-07-14|2026-07-15|2026-07-16|2026-07-17|2026-07-20|2026-07-23|2026-07-24|2026-07-27|2026-07-28|2026-07-29|2026-07-30|2026-08-03|2026-08-04|2026-08-05|2026-08-06|2026-08-07|2026-08-10|2026-08-11|2026-08-12|2026-08-13|2026-08-14|2026-08-18,2026-08-18 18:21:48,0.0
Bath & Body Works,,2026-07-01|2026-07-02|2026-07-06|2026-07-07|2026-07-08|2026-07-09|2026-07-10|2026-07-13|2026-07-14|2026-07-15|2026-07-16|2026-07-17|2026-07-20|2026-07-23|2026-07-24|2026-07-27|2026-07-28|2026-07-29|2026-07-30|2026-08-03|2026-08-04|2026-08-05|2026-08-06|2026-08-07|2026-08-10|2026-08-11|2026-08-12|2026-08-13|2026-08-14|2026-08-18,2026-08-18 18:21:48,0.0
Clorox,,2026-07-02|2026-07-06|2026-07-07|2026-07-08|2026-07-09|2026-07-10|2026-07-13|2026-07-14|2026-07-15|2026-07-16|2026-07-17|2026-07-20|2026-07-23|2026-07-24|2026-07-27|2026-07-28|2026-07-29|2026-07-30|2026-07-31|2026-08-03|2026-08-04|2026-08-05|2026-08-06|2026-08-07|2026-08-10|2026-08-11|2026-08-12|2026-08-13|2026-08-14|2026-08-18,2026-08-18 18:21:48,0.0
RPM International,,2026-07-01|2026-07-02|2026-07-06|2026-07-07|2026-07-08|2026-07-09|2026-07-10|2026-07-13|2026-07-14|2026-07-15|2026-07-16|2026-07-17|2026-07-20|2026-07-23|2026-07-24|2026-07-27|2026-07-28|2026-07-29|2026-07-30|2026-08-03|2026-08-04|2026-08-05|2026-08-06|2026-08-07|2026-08-10|2026-08-11|2026-08-12|2026-08-13|2026-08-14|2026-08-18,2026-08-18 18:21:48,0.0
UFP Industries,,2026-07-01|2026-07-02|2026-07-06|2026-07-07|2026-07-08|2026-07-09|2026-07-10|2026-07-13|2026-07-14|2026-07-15|2026-07-16|2026-07-17|2026-07-20|2026-07-23|2026-07-24|2026-07-27|2026-07-28|2026-07-29|2026-07-30|2026-08-03|2026-08-04|2026-08-05|2026-08-06|2026-08-07|2026-08-10|2026-08-11|2026-08-12|2026-08-13|2026-08-14|2026-08-18,2026-08-18 18:21:48,0.0
Ameren,,2026-07-01|2026-07-02|2026-07-06|2026-07-07|2026-07-08|2026-07-09|2026-07-10|2026-07-13|2026-07-14|2026-07-15|2026-07-16|2026-07-17|2026-07-20|2026-07-23|2026-07-24|2026-07-27|2026-07-28|2026-07-29|2026-07-30|2026-08-03|2026-08-04|2026-08-05|2026-08-06|2026-08-07|2026-08-10|2026-08-11|2026-08-12|2026-08-13|2026-08-14|2026-08-18,2026-08-18 18:21:48,0.0
Knight Swift Transportation,,2026-07-01|2026-07-02|2026-07-06|2026-07-07|2026-07-08|2026-07-09|2026-07-10|2026-07-13|2026-07-14|2026-07-15|2026-07-16|2026-07-17|2026-07-20|2026-07-23|2026-07-24|2026-07-27|2026-07-28|2026-07-29|2026-07-30|2026-08-03|2026-08-04|2026-08-05|2026-08-06|2026-08-07|2026-08-10|2026-08-11|2026-08-12|2026-08-13|2026-08-14|2026-08-18,2026-08-18 18:21:48,0.0
Super Micro Computer,,2026-07-07|2026-07-08|2026-07-09|2026-07-10|2026-07-13|2026-07-14|2026-07-15|2026-07-16|2026-07-17|2026-07-20|2026-07-21|2026-07-22|2026-07-23|2026-07-24|2026-07-27|2026-07-28|2026-07-29|2026-07-30|2026-07-31|2026-08-03|2026-08-04|2026-08-05|2026-08-06|2026-08-07|2026-08-10|2026-08-11|2026-08-12|2026-08-13|2026-08-14|2026-08-18,2026-08-18 18:21:48,0.0
O-I Glass,,2026-07-02|2026-07-06|2026-07-07|2026-07-08|2026-07-09|2026-07-10|2026-07-13|2026-07-14|2026-07-15|2026-07-16|2026-07-17|2026-07-20|2026-07-21|2026-07-23|2026-07-24|2026-07-27|2026-07-28|2026-07-29|2026-07-30|2026-08-03|2026-08-04|2026-08-05|2026-08-06|2026-08-07|2026-08-10|2026-08-11|2026-08-12|2026-08-13|2026-08-14|2026-08-18,2026-08-18 18:21:48,0.0
Crown Castle,,2026-07-02|2026-07-06|2026-07-07|2026-07-08|2026-07-09|2026-07-10|2026-07-13|2026-07-14|2026-07-15|2026-07-16|2026-07-17|2026-07-20|2026-07-23|2026-07-24|2026-07-27|2026-07-28|2026-07-29|2026-07-30|2026-07-31|2026-08-03|2026-08-04|2026-08-05|2026-08-06|2026-08-07|2026-08-10|2026-08-11|2026-08-12|2026-08-13|2026-08-14|2026-08-18,2026-08-18 18:21:48,0.0
Avantor,,2026-07-02|2026-07-06|2026-07-07|2026-07-08|2026-07-09|2026-07-10|2026-07-13|2026-07-14|2026-07-15|2026-07-16|2026-07-17|2026-07-20|2026-07-21|2026-07-23|2026-07-24|2026-07-27|2026-07-28|2026-07-29|2026-07-30|2026-08-03|2026-08-04|2026-08-05|2026-08-06|2026-08-07|2026-08-10|2026-08-11|2026-08-12|2026-08-13|2026-08-14|2026-08-18,2026-08-18 18:21:48,0.0
Opendoor Technologies,,2026-07-07|2026-07-08|2026-07-09|2026-07-10|2026-07-13|2026-07-14|2026-07-15|2026-07-16|2026-07-17|2026-07-20|2026-07-21|2026-07-22|2026-07-23|2026-07-24|2026-07-27|2026-07-28|2026-07-29|2026-07-30|2026-07-31|2026-08-03|2026-08-04|2026-08-05|2026-08-06|2026-08-07|2026-08-10|2026-08-11|2026-08-12|2026-08-13|2026-08-14|2026-08-18,2026-08-18 18:21:48,0.0
APi Group,,2026-07-01|2026-07-02|2026-07-06|2026-07-07|2026-07-08|2026-07-09|2026-07-10|2026-07-13|2026-07-14|2026-07-15|2026-07-16|2026-07-17|2026-07-20|2026-07-23|2026-07-24|2026-07-27|2026-07-28|2026-07-29|2026-07-30|2026-08-03|2026-08-04|2026-08-05|2026-08-06|2026-08-07|2026-08-10|2026-08-11|2026-08-12|2026-08-13|2026-08-14|2026-08-18,2026-08-18 18:21:48,0.0
EQT,,2026-07-07|2026-07-08|2026-07-09|2026-07-10|2026-07-13|2026-07-14|2026-07-15|2026-07-16|2026-07-17|2026-07-20|2026-07-21|2026-07-22|2026-07-23|2026-07-24|2026-07-27|2026-07-28|2026-07-29|2026-07-30|2026-07-31|2026-08-03|2026-08-04|2026-08-05|2026-08-06|2026-08-07|2026-08-10|2026-08-11|2026-08-12|2026-08-13|2026-08-14|2026-08-18,2026-08-18 18:21:48,0.0
Xerox,,2026-07-06|2026-07-07|2026-07-08|2026-07-09|2026-07-10|2026-07-13|2026-07-14|2026-07-15|2026-07-16|2026-07-17|2026-07-20|2026-07-21|2026-07-23|2026-07-24|2026-07-27|2026-07-28|2026-07-29|2026-07-30|2026-07-31|2026-08-03|2026-08-04|2026-08-05|2026-08-06|2026-08-07|2026-08-10|2026-08-11|2026-08-12|2026-08-13|2026-08-14|2026-08-18,2026-08-18 18:21:48,0.0
Ingersoll Rand,,2026-07-02|2026-07-06|2026-07-07|2026-07-08|2026-07-09|2026-07-10|2026-07-13|2026-07-14|2026-07-15|2026-07-16|2026-07-17|2026-07-20|2026-07-23|2026-07-24|2026-07-27|2026-07-28|2026-07-29|2026-07-30|2026-07-31|2026-08-03|2026-08-04|2026-08-05|2026-08-06|2026-08-07|2026-08-10|2026-08-11|2026-08-12|2026-08-13|2026-08-14|2026-08-18,2026-08-18 18:21:48,0.0
Dillards,,2026-07-01|2026-07-02|2026-07-06|2026-07-07|2026-07-08|2026-07-09|2026-07-10|2026-07-13|2026-07-14|2026-07-15|2026-07-16|2026-07-17|2026-07-20|2026-07-23|2026-07-24|2026-07-27|2026-07-28|2026-07-29|2026-07-30|2026-08-03|2026-08-04|2026-08-05|2026-08-06|2026-08-07|2026-08-10|2026-08-11|2026-08-12|2026-08-13|2026-08-14|2026-08-18,2026-08-18 18:21:48,0.0
Martin Marietta Materials,,2026-07-02|2026-07-06|2026-07-07|2026-07-08|2026-07-09|2026-07-10|2026-07-13|2026-07-14|2026-07-15|2026-07-16|2026-07-17|2026-07-20|2026-07-23|2026-07-24|2026-07-27|2026-07-28|2026-07-29|2026-07-30|2026-07-31|2026-08-03|2026-08-04|2026-08-05|2026-08-06|2026-08-07|2026-08-10|2026-08-11|2026-08-12|2026-08-13|2026-08-14|2026-08-18,2026-08-18 18:21:48,0.0
Moderna,,2026-07-07|2026-07-08|2026-07-09|2026-07-10|2026-07-13|2026-07-14|2026-07-15|2026-07-16|2026-07-17|2026-07-20|2026-07-21|2026-07-22|2026-07-23|2026-07-24|2026-07-27|2026-07-28|2026-07-29|2026-07-30|2026-07-31|2026-08-03|2026-08-04|2026-08-05|2026-08-06|2026-08-07|2026-08-10|2026-08-11|2026-08-12|2026-08-13|2026-08-14|2026-08-18,2026-08-18 18:21:48,0.0
Boise Cascade,,2026-07-01|2026-07-02|2026-07-06|2026-07-07|2026-07-08|2026-07-09|2026-07-10|2026-07-13|2026-07-14|2026-07-15|2026-07-16|2026-07-17|2026-07-20|2026-07-23|2026-07-24|2026-07-27|2026-07-28|2026-07-29|2026-07-30|2026-08-03|2026-08-04|2026-08-05|2026-08-06|2026-08-07|2026-08-10|2026-08-11|2026-08-12|2026-08-13|2026-08-14|2026-08-18,2026-08-18 18:21:48,0.0
Agilent Technologies,,2026-07-02|2026-07-06|2026-07-07|2026-07-08|2026-07-09|2026-07-10|2026-07-13|2026-07-14|2026-07-15|2026-07-16|2026-07-17|2026-07-20|2026-07-23|2026-07-24|2026-07-27|2026-07-28|2026-07-29|2026-07-30|2026-07-31|2026-08-03|2026-08-04|2026-08-05|2026-08-06|2026-08-07|2026-08-10|2026-08-11|2026-08-12|2026-08-13|2026-08-14|2026-08-18,2026-08-18 18:21:48,0.0
Olin Corporation,,2026-07-01|2026-07-02|2026-07-06|2026-07-07|2026-07-08|2026-07-09|2026-07-10|2026-07-13|2026-07-14|2026-07-15|2026-07-16|2026-07-17|2026-07-20|2026-07-23|2026-07-24|2026-07-27|2026-07-28|2026-07-29|2026-07-30|2026-08-03|2026-08-04|2026-08-05|2026-08-06|2026-08-07|2026-08-10|2026-08-11|2026-08-12|2026-08-13|2026-08-14|2026-08-18,2026-08-18 18:21:48,0.0
Darling Ingredients,,2026-07-01|2026-07-02|2026-07-06|2026-07-07|2026-07-08|2026-07-09|2026-07-10|2026-07-13|2026-07-14|2026-07-15|2026-07-16|2026-07-17|2026-07-20|2026-07-23|2026-07-24|2026-07-27|2026-07-28|2026-07-29|2026-07-30|2026-08-03|2026-08-04|2026-08-05|2026-08-06|2026-08-07|2026-08-10|2026-08-11|2026-08-12|2026-08-13|2026-08-14|2026-08-18,2026-08-18 18:21:48,0.0
Sonoco Products,,2026-07-01|2026-07-02|2026-07-06|2026-07-07|2026-07-08|2026-07-09|2026-07-10|2026-07-13|2026-07-14|2026-07-15|2026-07-16|2026-07-17|2026-07-20|2026-07-23|2026-07-24|2026-07-27|2026-07-28|2026-07-29|2026-07-30|2026-08-03|2026-08-04|2026-08-05|2026-08-06|2026-08-07|2026-08-10|2026-08-11|2026-08-12|2026-08-13|2026-08-14|2026-08-18,2026-08-18 18:21:48,0.0
Hyatt Hotels,,2026-07-01|2026-07-02|2026-07-06|2026-07-07|2026-07-08|2026-07-09|2026-07-10|2026-07-13|2026-07-14|2026-07-15|2026-07-16|2026-07-17|2026-07-20|2026-07-23|2026-07-24|2026-07-27|2026-07-28|2026-07-29|2026-07-30|2026-08-03|2026-08-04|2026-08-05|2026-08-06|2026-08-07|2026-08-10|2026-08-11|2026-08-12|2026-08-13|2026-08-14|2026-08-18,2026-08-18 18:21:48,0.0
McCormick & Company,,2026-07-02|2026-07-06|2026-07-07|2026-07-08|2026-07-09|2026-07-10|2026-07-13|2026-07-14|2026-07-15|2026-07-16|2026-07-17|2026-07-20|2026-07-23|2026-07-24|2026-07-27|2026-07-28|2026-07-29|2026-07-30|2026-07-31|2026-08-03|2026-08-04|2026-08-05|2026-08-06|2026-08-07|2026-08-10|2026-08-11|2026-08-12|2026-08-13|2026-08-14|2026-08-18,2026-08-18 18:21:48,0.0
Tapestry,,2026-07-01|2026-07-02|2026-07-06|2026-07-07|2026-07-08|2026-07-09|2026-07-10|2026-07-13|2026-07-14|2026-07-15|2026-07-16|2026-07-17|2026-07-20|2026-07-23|2026-07-24|2026-07-27|2026-07-28|2026-07-29|2026-07-30|2026-08-03|2026-08-04|2026-08-05|2026-08-06|2026-08-07|2026-08-10|2026-08-11|2026-08-12|2026-08-13|2026-08-14|2026-08-18,2026-08-18 18:21:48,0.0
CF Industries,,2026-07-02|2026-07-06|2026-07-07|2026-07-08|2026-07-09|2026-07-10|2026-07-13|2026-07-14|2026-07-15|2026-07-16|2026-07-17|2026-07-20|2026-07-21|2026-07-23|2026-07-24|2026-07-27|2026-07-28|2026-07-29|2026-07-30|2026-08-03|2026-08-04|2026-08-05|2026-08-06|2026-08-07|2026-08-10|2026-08-11|2026-08-12|2026-08-13|2026-08-14|2026-08-18,2026-08-18 18:21:48,0.0
Ametek,,2026-07-01|2026-07-02|2026-07-06|2026-07-07|2026-07-08|2026-07-09|2026-07-10|2026-07-13|2026-07-14|2026-07-15|2026-07-16|2026-07-17|2026-07-20|2026-07-23|2026-07-24|2026-07-27|2026-07-28|2026-07-29|2026-07-30|2026-08-03|2026-08-04|2026-08-05|2026-08-06|2026-08-07|2026-08-10|2026-08-11|2026-08-12|2026-08-13|2026-08-14|2026-08-18,2026-08-18 18:21:48,0.0
Wynn Resorts,,2026-07-02|2026-07-06|2026-07-07|2026-07-08|2026-07-09|2026-07-10|2026-07-13|2026-07-14|2026-07-15|2026-07-16|2026-07-17|2026-07-20|2026-07-21|2026-07-23|2026-07-24|2026-07-27|2026-07-28|2026-07-29|2026-07-30|2026-08-03|2026-08-04|2026-08-05|2026-08-06|2026-08-07|2026-08-10|2026-08-11|2026-08-12|2026-08-13|2026-08-14|2026-08-18,2026-08-18 18:21:48,0.0
Amkor Technology,,2026-07-07|2026-07-08|2026-07-09|2026-07-10|2026-07-13|2026-07-14|2026-07-15|2026-07-16|2026-07-17|2026-07-20|2026-07-21|2026-07-22|2026-07-23|2026-07-24|2026-07-27|2026-07-28|2026-07-29|2026-07-30|2026-07-31|2026-08-03|2026-08-04|2026-08-05|2026-08-06|2026-08-07|2026-08-10|2026-08-11|2026-08-12|2026-08-13|2026-08-14|2026-08-18,2026-08-18 18:21:48,0.0
Insperity,,2026-07-01|2026-07-02|2026-07-06|2026-07-07|2026-07-08|2026-07-09|2026-07-10|2026-07-13|2026-07-14|2026-07-15|2026-07-16|2026-07-17|2026-07-20|2026-07-23|2026-07-24|2026-07-27|2026-07-28|2026-07-29|2026-07-30|2026-08-03|2026-08-04|2026-08-05|2026-08-06|2026-08-07|2026-08-10|2026-08-11|2026-08-12|2026-08-13|2026-08-14|2026-08-18,2026-08-18 18:21:48,0.0
T Rowe Price,,2026-07-01|2026-07-02|2026-07-06|2026-07-07|2026-07-08|2026-07-09|2026-07-10|2026-07-13|2026-07-14|2026-07-15|2026-07-16|2026-07-17|2026-07-20|2026-07-23|2026-07-24|2026-07-27|2026-07-28|2026-07-29|2026-07-30|2026-08-03|2026-08-04|2026-08-05|2026-08-06|2026-08-07|2026-08-10|2026-08-11|2026-08-12|2026-08-13|2026-08-14|2026-08-18,2026-08-18 18:21:48,0.0
Ralph Lauren,,2026-07-01|2026-07-02|2026-07-06|2026-07-07|2026-07-08|2026-07-09|2026-07-10|2026-07-13|2026-07-14|2026-07-15|2026-07-16|2026-07-17|2026-07-20|2026-07-23|2026-07-24|2026-07-27|2026-07-28|2026-07-29|2026-07-30|2026-08-03|2026-08-04|2026-08-05|2026-08-06|2026-08-07|2026-08-10|2026-08-11|2026-08-12|2026-08-13|2026-08-14|2026-08-18,2026-08-18 18:21:48,0.0
KB Home,,2026-07-01|2026-07-02|2026-07-06|2026-07-07|2026-07-08|2026-07-09|2026-07-10|2026-07-13|2026-07-14|2026-07-15|2026-07-16|2026-07-17|2026-07-20|2026-07-23|2026-07-24|2026-07-27|2026-07-28|2026-07-29|2026-07-30|2026-08-03|2026-08-04|2026-08-05|2026-08-06|2026-08-07|2026-08-10|2026-08-11|2026-08-12|2026-08-13|2026-08-14|2026-08-18,2026-08-18 18:21:48,0.0
Brunswick Corporation,,2026-07-01|2026-07-02|2026-07-06|2026-07-07|2026-07-08|2026-07-09|2026-07-10|2026-07-13|2026-07-14|2026-07-15|2026-07-16|2026-07-17|2026-07-20|2026-07-23|2026-07-24|2026-07-27|2026-07-28|2026-07-29|2026-07-30|2026-08-03|2026-08-04|2026-08-05|2026-08-06|2026-08-07|2026-08-10|2026-08-11|2026-08-12|2026-08-13|2026-08-14|2026-08-18,2026-08-18 18:21:48,0.0
Robert Half,,2026-07-01|2026-07-02|2026-07-06|2026-07-07|2026-07-08|2026-07-09|2026-07-10|2026-07-13|2026-07-14|2026-07-15|2026-07-16|2026-07-17|2026-07-20|2026-07-23|2026-07-24|2026-07-27|2026-07-28|2026-07-29|2026-07-30|2026-08-03|2026-08-04|2026-08-05|2026-08-06|2026-08-07|2026-08-10|2026-08-11|2026-08-12|2026-08-13|2026-08-14|2026-08-18,2026-08-18 18:21:48,0.0
PENN Entertainment,,2026-07-02|2026-07-06|2026-07-07|2026-07-08|2026-07-09|2026-07-10|2026-07-13|2026-07-14|2026-07-15|2026-07-16|2026-07-17|2026-07-20|2026-07-23|2026-07-24|2026-07-27|2026-07-28|2026-07-29|2026-07-30|2026-07-31|2026-08-03|2026-08-04|2026-08-05|2026-08-06|2026-08-07|2026-08-10|2026-08-11|2026-08-12|2026-08-13|2026-08-14|2026-08-18,2026-08-18 18:21:48,0.0
NetApp,,2026-07-02|2026-07-06|2026-07-07|2026-07-08|2026-07-09|2026-07-10|2026-07-13|2026-07-14|2026-07-15|2026-07-16|2026-07-17|2026-07-20|2026-07-23|2026-07-24|2026-07-27|2026-07-28|2026-07-29|2026-07-30|2026-07-31|2026-08-03|2026-08-04|2026-08-05|2026-08-06|2026-08-07|2026-08-10|2026-08-11|2026-08-12|2026-08-13|2026-08-14|2026-08-18,2026-08-18 18:21:48,0.0
Organon,,2026-07-01|2026-07-02|2026-07-06|2026-07-07|2026-07-08|2026-07-09|2026-07-10|2026-07-13|2026-07-14|2026-07-15|2026-07-16|2026-07-17|2026-07-20|2026-07-23|2026-07-24|2026-07-27|2026-07-28|2026-07-29|2026-07-30|2026-08-03|2026-08-04|2026-08-05|2026-08-06|2026-08-07|2026-08-10|2026-08-11|2026-08-12|2026-08-13|2026-08-14|2026-08-18,2026-08-18 18:21:48,0.0
Petco Health and Wellness,,2026-07-02|2026-07-06|2026-07-07|2026-07-08|2026-07-09|2026-07-10|2026-07-13|2026-07-14|2026-07-15|2026-07-16|2026-07-17|2026-07-20|2026-07-23|2026-07-24|2026-07-27|2026-07-28|2026-07-29|2026-07-30|2026-07-31|2026-08-03|2026-08-04|2026-08-05|2026-08-06|2026-08-07|2026-08-10|2026-08-11|2026-08-12|2026-08-13|2026-08-14|2026-08-18,2026-08-18 18:21:48,0.0
Regal Rexnord,,2026-07-02|2026-07-06|2026-07-07|2026-07-08|2026-07-09|2026-07-10|2026-07-13|2026-07-14|2026-07-15|2026-07-16|2026-07-17|2026-07-20|2026-07-21|2026-07-23|2026-07-24|2026-07-27|2026-07-28|2026-07-29|2026-07-30|2026-08-03|2026-08-04|2026-08-05|2026-08-06|2026-08-07|2026-08-10|2026-08-11|2026-08-12|2026-08-13|2026-08-14|2026-08-18,2026-08-18 18:21:48,0.0
Resideo Technologies,,2026-07-07|2026-07-08|2026-07-09|2026-07-10|2026-07-13|2026-07-14|2026-07-15|2026-07-16|2026-07-17|2026-07-20|2026-07-21|2026-07-22|2026-07-23|2026-07-24|2026-07-27|2026-07-28|2026-07-29|2026-07-30|2026-07-31|2026-08-03|2026-08-04|2026-08-05|2026-08-06|2026-08-07|2026-08-10|2026-08-11|2026-08-12|2026-08-13|2026-08-14|2026-08-18,2026-08-18 18:21:48,0.0
Camping World,,2026-07-01|2026-07-02|2026-07-06|2026-07-07|2026-07-08|2026-07-09|2026-07-10|2026-07-13|2026-07-14|2026-07-15|2026-07-16|2026-07-17|2026-07-20|2026-07-23|2026-07-24|2026-07-27|2026-07-28|2026-07-29|2026-07-30|2026-08-03|2026-08-04|2026-08-05|2026-08-06|2026-08-07|2026-08-10|2026-08-11|2026-08-12|2026-08-13|2026-08-14|2026-08-18,2026-08-18 18:21:48,0.0
Huntsman Corporation,,2026-07-06|2026-07-07|2026-07-08|2026-07-09|2026-07-10|2026-07-13|2026-07-14|2026-07-15|2026-07-16|2026-07-17|2026-07-20|2026-07-21|2026-07-23|2026-07-24|2026-07-27|2026-07-28|2026-07-29|2026-07-30|2026-07-31|2026-08-03|2026-08-04|2026-08-05|2026-08-06|2026-08-07|2026-08-10|2026-08-11|2026-08-12|2026-08-13|2026-08-14|2026-08-18,2026-08-18 18:21:48,0.0
Levi Strauss,,2026-07-02|2026-07-06|2026-07-07|2026-07-08|2026-07-09|2026-07-10|2026-07-13|2026-07-14|2026-07-15|2026-07-16|2026-07-17|2026-07-20|2026-07-22|2026-07-23|2026-07-24|2026-07-27|2026-07-28|2026-07-29|2026-07-30|2026-08-03|2026-08-04|2026-08-05|2026-08-06|2026-08-07|2026-08-10|2026-08-11|2026-08-12|2026-08-13|2026-08-14|2026-08-18,2026-08-18 18:21:48,0.0
Roper Technologies,,2026-07-01|2026-07-02|2026-07-06|2026-07-07|2026-07-08|2026-07-09|2026-07-10|2026-07-13|2026-07-14|2026-07-15|2026-07-16|2026-07-17|2026-07-20|2026-07-23|2026-07-24|2026-07-27|2026-07-28|2026-07-29|2026-07-30|2026-08-03|2026-08-04|2026-08-05|2026-08-06|2026-08-07|2026-08-10|2026-08-11|2026-08-12|2026-08-13|2026-08-14|2026-08-18,2026-08-18 18:21:48,0.0
Academy Sports and Outdoors,,2026-07-01|2026-07-02|2026-07-06|2026-07-07|2026-07-08|2026-07-09|2026-07-10|2026-07-13|2026-07-14|2026-07-15|2026-07-16|2026-07-17|2026-07-20|2026-07-23|2026-07-24|2026-07-27|2026-07-28|2026-07-29|2026-07-30|2026-08-03|2026-08-04|2026-08-05|2026-08-06|2026-08-07|2026-08-10|2026-08-11|2026-08-12|2026-08-13|2026-08-14|2026-08-18,2026-08-18 18:21:48,0.0
Meritage Homes,,2026-07-01|2026-07-02|2026-07-06|2026-07-07|2026-07-08|2026-07-09|2026-07-10|2026-07-13|2026-07-14|2026-07-15|2026-07-16|2026-07-17|2026-07-20|2026-07-23|2026-07-24|2026-07-27|2026-07-28|2026-07-29|2026-07-30|2026-08-03|2026-08-04|2026-08-05|2026-08-06|2026-08-07|2026-08-10|2026-08-11|2026-08-12|2026-08-13|2026-08-14|2026-08-18,2026-08-18 18:21:48,0.0
Fortive,,2026-07-02|2026-07-06|2026-07-07|2026-07-08|2026-07-09|2026-07-10|2026-07-13|2026-07-14|2026-07-15|2026-07-16|2026-07-17|2026-07-20|2026-07-23|2026-07-24|2026-07-27|2026-07-28|2026-07-29|2026-07-30|2026-07-31|2026-08-03|2026-08-04|2026-08-05|2026-08-06|2026-08-07|2026-08-10|2026-08-11|2026-08-12|2026-08-13|2026-08-14|2026-08-18,2026-08-18 18:21:48,0.0
Nasdaq Inc,,2026-07-02|2026-07-06|2026-07-07|2026-07-08|2026-07-09|2026-07-10|2026-07-13|2026-07-14|2026-07-15|2026-07-16|2026-07-17|2026-07-20|2026-07-23|2026-07-24|2026-07-27|2026-07-28|2026-07-29|2026-07-30|2026-07-31|2026-08-03|2026-08-04|2026-08-05|2026-08-06|2026-08-07|2026-08-10|2026-08-11|2026-08-12|2026-08-13|2026-08-14|2026-08-18,2026-08-18 18:21:48,0.0
Broadridge Financial Solutions,,2026-07-01|2026-07-02|2026-07-06|2026-07-07|2026-07-08|2026-07-09|2026-07-10|2026-07-13|2026-07-14|2026-07-15|2026-07-16|2026-07-17|2026-07-20|2026-07-23|2026-07-24|2026-07-27|2026-07-28|2026-07-29|2026-07-30|2026-08-03|2026-08-04|2026-08-05|2026-08-06|2026-08-07|2026-08-10|2026-08-11|2026-08-12|2026-08-13|2026-08-14|2026-08-18,2026-08-18 18:21:48,0.0
Warner Music Group,,2026-07-01|2026-07-02|2026-07-06|2026-07-07|2026-07-08|2026-07-09|2026-07-10|2026-07-13|2026-07-14|2026-07-15|2026-07-16|2026-07-17|2026-07-20|2026-07-23|2026-07-24|2026-07-27|2026-07-28|2026-07-29|2026-07-30|2026-08-03|2026-08-04|2026-08-05|2026-08-06|2026-08-07|2026-08-10|2026-08-11|2026-08-12|2026-08-13|2026-08-14|2026-08-18,2026-08-18 18:21:48,0.0
Chemours,,2026-07-02|2026-07-06|2026-07-07|2026-07-08|2026-07-09|2026-07-10|2026-07-13|2026-07-14|2026-07-15|2026-07-16|2026-07-17|2026-07-20|2026-07-21|2026-07-23|2026-07-24|2026-07-27|2026-07-28|2026-07-29|2026-07-30|2026-08-03|2026-08-04|2026-08-05|2026-08-06|2026-08-07|2026-08-10|2026-08-11|2026-08-12|2026-08-13|2026-08-14|2026-08-18,2026-08-18 18:21:48,0.0
ADT,,2026-07-01|2026-07-02|2026-07-06|2026-07-07|2026-07-08|2026-07-09|2026-07-10|2026-07-13|2026-07-14|2026-07-15|2026-07-16|2026-07-17|2026-07-20|2026-07-23|2026-07-24|2026-07-27|2026-07-28|2026-07-29|2026-07-30|2026-08-03|2026-08-04|2026-08-05|2026-08-06|2026-08-07|2026-08-10|2026-08-11|2026-08-12|2026-08-13|2026-08-14|2026-08-18,2026-08-18 18:21:48,0.0
Edwards Lifesciences,,2026-07-02|2026-07-06|2026-07-07|2026-07-08|2026-07-09|2026-07-10|2026-07-13|2026-07-14|2026-07-15|2026-07-16|2026-07-17|2026-07-20|2026-07-23|2026-07-24|2026-07-27|2026-07-28|2026-07-29|2026-07-30|2026-07-31|2026-08-03|2026-08-04|2026-08-05|2026-08-06|2026-08-07|2026-08-10|2026-08-11|2026-08-12|2026-08-13|2026-08-14|2026-08-18,2026-08-18 18:21:48,0.0
First American Financial,,2026-07-01|2026-07-02|2026-07-06|2026-07-07|2026-07-08|2026-07-09|2026-07-10|2026-07-13|2026-07-14|2026-07-15|2026-07-16|2026-07-17|2026-07-20|2026-07-23|2026-07-24|2026-07-27|2026-07-28|2026-07-29|2026-07-30|2026-08-03|2026-08-04|2026-08-05|2026-08-06|2026-08-07|2026-08-10|2026-08-11|2026-08-12|2026-08-13|2026-08-14|2026-08-18,2026-08-18 18:21:48,0.0
Hanover Insurance Group,,2026-07-01|2026-07-02|2026-07-06|2026-07-07|2026-07-08|2026-07-09|2026-07-10|2026-07-13|2026-07-14|2026-07-15|2026-07-16|2026-07-17|2026-07-20|2026-07-23|2026-07-24|2026-07-27|2026-07-28|2026-07-29|2026-07-30|2026-08-03|2026-08-04|2026-08-05|2026-08-06|2026-08-07|2026-08-10|2026-08-11|2026-08-12|2026-08-13|2026-08-14|2026-08-18,2026-08-18 18:21:48,0.0
Silgan,,2026-07-01|2026-07-02|2026-07-06|2026-07-07|2026-07-08|2026-07-09|2026-07-10|2026-07-13|2026-07-14|2026-07-15|2026-07-16|2026-07-17|2026-07-20|2026-07-23|2026-07-24|2026-07-27|2026-07-28|2026-07-29|2026-07-30|2026-08-03|2026-08-04|2026-08-05|2026-08-06|2026-08-07|2026-08-10|2026-08-11|2026-08-12|2026-08-13|2026-08-14|2026-08-18,2026-08-18 18:21:48,0.0
Moodys Corporation,,2026-07-01|2026-07-02|2026-07-06|2026-07-07|2026-07-08|2026-07-09|2026-07-10|2026-07-13|2026-07-14|2026-07-15|2026-07-16|2026-07-17|2026-07-20|2026-07-23|2026-07-24|2026-07-27|2026-07-28|2026-07-29|2026-07-30|2026-08-03|2026-08-04|2026-08-05|2026-08-06|2026-08-07|2026-08-10|2026-08-11|2026-08-12|2026-08-13|2026-08-14|2026-08-18,2026-08-18 18:21:48,0.0
Gartner,,2026-07-01|2026-07-02|2026-07-06|2026-07-07|2026-07-08|2026-07-09|2026-07-10|2026-07-13|2026-07-14|2026-07-15|2026-07-16|2026-07-17|2026-07-20|2026-07-23|2026-07-24|2026-07-27|2026-07-28|2026-07-29|2026-07-30|2026-08-03|2026-08-04|2026-08-05|2026-08-06|2026-08-07|2026-08-10|2026-08-11|2026-08-12|2026-08-13|2026-08-14|2026-08-18,2026-08-18 18:21:48,0.0
Under Armour,,2026-07-06|2026-07-07|2026-07-08|2026-07-09|2026-07-10|2026-07-13|2026-07-14|2026-07-15|2026-07-16|2026-07-17|2026-07-20|2026-07-22|2026-07-23|2026-07-24|2026-07-27|2026-07-28|2026-07-29|2026-07-30|2026-07-31|2026-08-03|2026-08-04|2026-08-05|2026-08-06|2026-08-07|2026-08-10|2026-08-11|2026-08-12|2026-08-13|2026-08-14|2026-08-18,2026-08-18 18:21:48,0.0
Ingles Markets,,2026-07-01|2026-07-02|2026-07-06|2026-07-07|2026-07-08|2026-07-09|2026-07-10|2026-07-13|2026-07-14|2026-07-15|2026-07-16|2026-07-17|2026-07-20|2026-07-23|2026-07-24|2026-07-27|2026-07-28|2026-07-29|2026-07-30|2026-08-03|2026-08-04|2026-08-05|2026-08-06|2026-08-07|2026-08-10|2026-08-11|2026-08-12|2026-08-13|2026-08-14|2026-08-18,2026-08-18 18:21:48,0.0
Church & Dwight,,2026-07-01|2026-07-02|2026-07-06|2026-07-07|2026-07-08|2026-07-09|2026-07-10|2026-07-13|2026-07-14|2026-07-15|2026-07-16|2026-07-17|2026-07-20|2026-07-23|2026-07-24|2026-07-27|2026-07-28|2026-07-29|2026-07-30|2026-08-03|2026-08-04|2026-08-05|2026-08-06|2026-08-07|2026-08-10|2026-08-11|2026-08-12|2026-08-13|2026-08-14|2026-08-18,2026-08-18 18:21:48,0.0
Old Dominion Freight Line,,2026-07-01|2026-07-02|2026-07-06|2026-07-07|2026-07-08|2026-07-09|2026-07-10|2026-07-13|2026-07-14|2026-07-15|2026-07-16|2026-07-17|2026-07-20|2026-07-23|2026-07-24|2026-07-27|2026-07-28|2026-07-29|2026-07-30|2026-08-03|2026-08-04|2026-08-05|2026-08-06|2026-08-07|2026-08-10|2026-08-11|2026-08-12|2026-08-13|2026-08-14|2026-08-18,2026-08-18 18:21:48,0.0
U-Haul,,2026-07-01|2026-07-02|2026-07-06|2026-07-07|2026-07-08|2026-07-09|2026-07-10|2026-07-13|2026-07-14|2026-07-15|2026-07-16|2026-07-17|2026-07-20|2026-07-23|2026-07-24|2026-07-27|2026-07-28|2026-07-29|2026-07-30|2026-08-03|2026-08-04|2026-08-05|2026-08-06|2026-08-07|2026-08-10|2026-08-11|2026-08-12|2026-08-13|2026-08-14|2026-08-18,2026-08-18 18:21:48,0.0
Arista Networks,,2026-07-07|2026-07-08|2026-07-09|2026-07-10|2026-07-13|2026-07-14|2026-07-15|2026-07-16|2026-07-17|2026-07-20|2026-07-21|2026-07-22|2026-07-23|2026-07-24|2026-07-27|2026-07-28|2026-07-29|2026-07-30|2026-07-31|2026-08-03|2026-08-04|2026-08-05|2026-08-06|2026-08-07|2026-08-10|2026-08-11|2026-08-12|2026-08-13|2026-08-14|2026-08-18,2026-08-18 18:21:48,0.0
Synopsys,,2026-07-07|2026-07-08|2026-07-09|2026-07-10|2026-07-13|2026-07-14|2026-07-15|2026-07-16|2026-07-17|2026-07-20|2026-07-21|2026-07-22|2026-07-23|2026-07-24|2026-07-27|2026-07-28|2026-07-29|2026-07-30|2026-07-31|2026-08-03|2026-08-04|2026-08-05|2026-08-06|2026-08-07|2026-08-10|2026-08-11|2026-08-12|2026-08-13|2026-08-14|2026-08-18,2026-08-18 18:21:48,0.0
Harley-Davidson,,2026-07-01|2026-07-02|2026-07-06|2026-07-07|2026-07-08|2026-07-09|2026-07-10|2026-07-13|2026-07-14|2026-07-15|2026-07-16|2026-07-17|2026-07-20|2026-07-23|2026-07-24|2026-07-27|2026-07-28|2026-07-29|2026-07-30|2026-08-03|2026-08-04|2026-08-05|2026-08-06|2026-08-07|2026-08-10|2026-08-11|2026-08-12|2026-08-13|2026-08-14|2026-08-18,2026-08-18 18:21:48,0.0
Primoris Services,,2026-07-01|2026-07-02|2026-07-06|2026-07-07|2026-07-08|2026-07-09|2026-07-10|2026-07-13|2026-07-14|2026-07-15|2026-07-16|2026-07-17|2026-07-20|2026-07-23|2026-07-24|2026-07-27|2026-07-28|2026-07-29|2026-07-30|2026-08-03|2026-08-04|2026-08-05|2026-08-06|2026-08-07|2026-08-10|2026-08-11|2026-08-12|2026-08-13|2026-08-14|2026-08-18,2026-08-18 18:21:48,0.0
Carlisle Companies,,2026-07-01|2026-07-02|2026-07-06|2026-07-07|2026-07-08|2026-07-09|2026-07-10|2026-07-13|2026-07-14|2026-07-15|2026-07-16|2026-07-17|2026-07-20|2026-07-23|2026-07-24|2026-07-27|2026-07-28|2026-07-29|2026-07-30|2026-08-03|2026-08-04|2026-08-05|2026-08-06|2026-08-07|2026-08-10|2026-08-11|2026-08-12|2026-08-13|2026-08-14|2026-08-18,2026-08-18 18:21:48,0.0
Simon Property Group,,2026-07-02|2026-07-06|2026-07-07|2026-07-08|2026-07-09|2026-07-10|2026-07-13|2026-07-14|2026-07-15|2026-07-16|2026-07-17|2026-07-20|2026-07-23|2026-07-24|2026-07-27|2026-07-28|2026-07-29|2026-07-30|2026-07-31|2026-08-03|2026-08-04|2026-08-05|2026-08-06|2026-08-07|2026-08-10|2026-08-11|2026-08-12|2026-08-13|2026-08-14|2026-08-18,2026-08-18 18:21:48,0.0
Teledyne Technologies,,2026-07-02|2026-07-06|2026-07-07|2026-07-08|2026-07-09|2026-07-10|2026-07-13|2026-07-14|2026-07-15|2026-07-16|2026-07-17|2026-07-20|2026-07-21|2026-07-23|2026-07-24|2026-07-27|2026-07-28|2026-07-29|2026-07-30|2026-08-03|2026-08-04|2026-08-05|2026-08-06|2026-08-07|2026-08-10|2026-08-11|2026-08-12|2026-08-13|2026-08-14|2026-08-18,2026-08-18 18:21:48,0.0
CME Group,,2026-07-07|2026-07-08|2026-07-09|2026-07-10|2026-07-13|2026-07-14|2026-07-15|2026-07-16|2026-07-17|2026-07-20|2026-07-21|2026-07-22|2026-07-23|2026-07-24|2026-07-27|2026-07-28|2026-07-29|2026-07-30|2026-07-31|2026-08-03|2026-08-04|2026-08-05|2026-08-06|2026-08-07|2026-08-10|2026-08-11|2026-08-12|2026-08-13|2026-08-14|2026-08-18,2026-08-18 18:21:48,0.0
Coty,,2026-07-02|2026-07-06|2026-07-07|2026-07-08|2026-07-09|2026-07-10|2026-07-13|2026-07-14|2026-07-15|2026-07-16|2026-07-17|2026-07-20|2026-07-23|2026-07-24|2026-07-27|2026-07-28|2026-07-29|2026-07-30|2026-07-31|2026-08-03|2026-08-04|2026-08-05|2026-08-06|2026-08-07|2026-08-10|2026-08-11|2026-08-12|2026-08-13|2026-08-14|2026-08-18,2026-08-18 18:21:48,0.0
Pool Corporation,,2026-07-06|2026-07-07|2026-07-08|2026-07-09|2026-07-10|2026-07-13|2026-07-14|2026-07-15|2026-07-16|2026-07-17|2026-07-20|2026-07-22|2026-07-23|2026-07-24|2026-07-27|2026-07-28|2026-07-29|2026-07-30|2026-07-31|2026-08-03|2026-08-04|2026-08-05|2026-08-06|2026-08-07|2026-08-10|2026-08-11|2026-08-12|2026-08-13|2026-08-14|2026-08-18,2026-08-18 18:21:48,0.0
Evergy,,2026-07-01|2026-07-02|2026-07-06|2026-07-07|2026-07-08|2026-07-09|2026-07-10|2026-07-13|2026-07-14|2026-07-15|2026-07-16|2026-07-17|2026-07-20|2026-07-23|2026-07-24|2026-07-27|2026-07-28|2026-07-29|2026-07-30|2026-08-03|2026-08-04|2026-08-05|2026-08-06|2026-08-07|2026-08-10|2026-08-11|2026-08-12|2026-08-13|2026-08-14|2026-08-18,2026-08-18 18:21:48,0.0
Marvell Technology,,2026-07-07|2026-07-08|2026-07-09|2026-07-10|2026-07-13|2026-07-14|2026-07-15|2026-07-16|2026-07-17|2026-07-20|2026-07-21|2026-07-22|2026-07-23|2026-07-24|2026-07-27|2026-07-28|2026-07-29|2026-07-30|2026-07-31|2026-08-03|2026-08-04|2026-08-05|2026-08-06|2026-08-07|2026-08-10|2026-08-11|2026-08-12|2026-08-13|2026-08-14|2026-08-18,2026-08-18 18:21:48,0.0
NiSource,,2026-07-02|2026-07-06|2026-07-07|2026-07-08|2026-07-09|2026-07-10|2026-07-13|2026-07-14|2026-07-15|2026-07-16|2026-07-17|2026-07-20|2026-07-23|2026-07-24|2026-07-27|2026-07-28|2026-07-29|2026-07-30|2026-07-31|2026-08-03|2026-08-04|2026-08-05|2026-08-06|2026-08-07|2026-08-10|2026-08-11|2026-08-12|2026-08-13|2026-08-14|2026-08-18,2026-08-18 18:21:48,0.0
SS&C Technologies,,2026-07-01|2026-07-02|2026-07-06|2026-07-07|2026-07-08|2026-07-09|2026-07-10|2026-07-13|2026-07-14|2026-07-15|2026-07-16|2026-07-17|2026-07-20|2026-07-23|2026-07-24|2026-07-27|2026-07-28|2026-07-29|2026-07-30|2026-08-03|2026-08-04|2026-08-05|2026-08-06|2026-08-07|2026-08-10|2026-08-11|2026-08-12|2026-08-13|2026-08-14|2026-08-18,2026-08-18 18:21:48,0.0
Schneider National,,2026-07-01|2026-07-02|2026-07-06|2026-07-07|2026-07-08|2026-07-09|2026-07-10|2026-07-13|2026-07-14|2026-07-15|2026-07-16|2026-07-17|2026-07-20|2026-07-23|2026-07-24|2026-07-27|2026-07-28|2026-07-29|2026-07-30|2026-08-03|2026-08-04|2026-08-05|2026-08-06|2026-08-07|2026-08-10|2026-08-11|2026-08-12|2026-08-13|2026-08-14|2026-08-18,2026-08-18 18:21:48,0.0
Autodesk,,2026-07-01|2026-07-02|2026-07-06|2026-07-07|2026-07-08|2026-07-09|2026-07-10|2026-07-13|2026-07-14|2026-07-15|2026-07-16|2026-07-17|2026-07-20|2026-07-23|2026-07-24|2026-07-27|2026-07-28|2026-07-29|2026-07-30|2026-08-03|2026-08-04|2026-08-05|2026-08-06|2026-08-07|2026-08-10|2026-08-11|2026-08-12|2026-08-13|2026-08-14|2026-08-18,2026-08-18 18:21:48,0.0
Iron Mountain,,2026-07-02|2026-07-06|2026-07-07|2026-07-08|2026-07-09|2026-07-10|2026-07-13|2026-07-14|2026-07-15|2026-07-16|2026-07-17|2026-07-20|2026-07-23|2026-07-24|2026-07-27|2026-07-28|2026-07-29|2026-07-30|2026-07-31|2026-08-03|2026-08-04|2026-08-05|2026-08-06|2026-08-07|2026-08-10|2026-08-11|2026-08-12|2026-08-13|2026-08-14|2026-08-18,2026-08-18 18:21:48,0.0
Digital Realty Trust,,2026-07-06|2026-07-07|2026-07-08|2026-07-09|2026-07-10|2026-07-13|2026-07-14|2026-07-15|2026-07-16|2026-07-17|2026-07-20|2026-07-22|2026-07-23|2026-07-24|2026-07-27|2026-07-28|2026-07-29|2026-07-30|2026-07-31|2026-08-03|2026-08-04|2026-08-05|2026-08-06|2026-08-07|2026-08-10|2026-08-11|2026-08-12|2026-08-13|2026-08-14|2026-08-18,2026-08-18 18:21:48,0.0
Keysight Technologies,,2026-07-01|2026-07-02|2026-07-06|2026-07-07|2026-07-08|2026-07-09|2026-07-10|2026-07-13|2026-07-14|2026-07-15|2026-07-16|2026-07-17|2026-07-20|2026-07-23|2026-07-24|2026-07-27|2026-07-28|2026-07-29|2026-07-30|2026-08-03|2026-08-04|2026-08-05|2026-08-06|2026-08-07|2026-08-10|2026-08-11|2026-08-12|2026-08-13|2026-08-14|2026-08-18,2026-08-18 18:21:48,0.0
Globe Life,,2026-07-01|2026-07-02|2026-07-06|2026-07-07|2026-07-08|2026-07-09|2026-07-10|2026-07-13|2026-07-14|2026-07-15|2026-07-16|2026-07-17|2026-07-20|2026-07-23|2026-07-24|2026-07-27|2026-07-28|2026-07-29|2026-07-30|2026-08-03|2026-08-04|2026-08-05|2026-08-06|2026-08-07|2026-08-10|2026-08-11|2026-08-12|2026-08-13|2026-08-14|2026-08-18,2026-08-18 18:21:48,0.0
Parsons Corporation,,2026-07-01|2026-07-02|2026-07-06|2026-07-07|2026-07-08|2026-07-09|2026-07-10|2026-07-13|2026-07-14|2026-07-15|2026-07-16|2026-07-17|2026-07-20|2026-07-23|2026-07-24|2026-07-27|2026-07-28|2026-07-29|2026-07-30|2026-08-03|2026-08-04|2026-08-05|2026-08-06|2026-08-07|2026-08-10|2026-08-11|2026-08-12|2026-08-13|2026-08-14|2026-08-18,2026-08-18 18:21:48,0.0
Mattel,,2026-07-01|2026-07-02|2026-07-06|2026-07-07|2026-07-08|2026-07-09|2026-07-10|2026-07-13|2026-07-14|2026-07-15|2026-07-16|2026-07-17|2026-07-20|2026-07-23|2026-07-24|2026-07-27|2026-07-28|2026-07-29|2026-07-30|2026-08-03|2026-08-04|2026-08-05|2026-08-06|2026-08-07|2026-08-10|2026-08-11|2026-08-12|2026-08-13|2026-08-14|2026-08-18,2026-08-18 18:21:48,0.0
Southwest Gas Holdings,,2026-07-02|2026-07-06|2026-07-07|2026-07-08|2026-07-09|2026-07-10|2026-07-13|2026-07-14|2026-07-15|2026-07-16|2026-07-17|2026-07-20|2026-07-23|2026-07-24|2026-07-27|2026-07-28|2026-07-29|2026-07-30|2026-08-03|2026-08-04|2026-08-05|2026-08-06|2026-08-07|2026-08-10|2026-08-11|2026-08-12|2026-08-13|2026-08-14|2026-08-17|2026-08-18,2026-08-18 18:21:48,0.0
Clean Harbors,,2026-07-01|2026-07-02|2026-07-06|2026-07-07|2026-07-08|2026-07-09|2026-07-10|2026-07-13|2026-07-14|2026-07-15|2026-07-16|2026-07-17|2026-07-20|2026-07-23|2026-07-24|2026-07-27|2026-07-28|2026-07-29|2026-07-30|2026-08-03|2026-08-04|2026-08-05|2026-08-06|2026-08-07|2026-08-10|2026-08-11|2026-08-12|2026-08-13|2026-08-14|2026-08-18,2026-08-18 18:21:48,0.0
Hubbell,,2026-07-08|2026-07-09|2026-07-10|2026-07-13|2026-07-14|2026-07-15|2026-07-16|2026-07-17|2026-07-20|2026-07-21|2026-07-22|2026-07-23|2026-07-24|2026-07-27|2026-07-28|2026-07-29|2026-07-30|2026-07-31|2026-08-03|2026-08-04|2026-08-05|2026-08-06|2026-08-07|2026-08-10|2026-08-11|2026-08-12|2026-08-13|2026-08-14|2026-08-17|2026-08-18,2026-08-18 18:21:48,0.0
Lamb Weston,,2026-07-01|2026-07-02|2026-07-06|2026-07-07|2026-07-08|2026-07-09|2026-07-10|2026-07-13|2026-07-14|2026-07-15|2026-07-16|2026-07-17|2026-07-20|2026-07-23|2026-07-24|2026-07-27|2026-07-28|2026-07-29|2026-07-30|2026-08-03|2026-08-04|2026-08-05|2026-08-06|2026-08-07|2026-08-10|2026-08-11|2026-08-12|2026-08-13|2026-08-14|2026-08-18,2026-08-18 18:21:48,0.0
Take-Two Interactive Software,,2026-07-06|2026-07-07|2026-07-08|2026-07-09|2026-07-10|2026-07-13|2026-07-14|2026-07-15|2026-07-16|2026-07-17|2026-07-20|2026-07-21|2026-07-23|2026-07-24|2026-07-27|2026-07-28|2026-07-29|2026-07-30|2026-07-31|2026-08-03|2026-08-04|2026-08-05|2026-08-06|2026-08-07|2026-08-10|2026-08-11|2026-08-12|2026-08-13|2026-08-14|2026-08-18,2026-08-18 18:21:48,0.0
Landstar System,,2026-07-02|2026-07-06|2026-07-07|2026-07-08|2026-07-09|2026-07-10|2026-07-13|2026-07-14|2026-07-15|2026-07-16|2026-07-17|2026-07-20|2026-07-23|2026-07-24|2026-07-27|2026-07-28|2026-07-29|2026-07-30|2026-07-31|2026-08-03|2026-08-04|2026-08-05|2026-08-06|2026-08-07|2026-08-10|2026-08-11|2026-08-12|2026-08-13|2026-08-14|2026-08-18,2026-08-18 18:21:48,0.0
Host Hotels & Resorts,,2026-07-06|2026-07-07|2026-07-08|2026-07-09|2026-07-10|2026-07-13|2026-07-14|2026-07-15|2026-07-16|2026-07-17|2026-07-20|2026-07-22|2026-07-23|2026-07-24|2026-07-27|2026-07-28|2026-07-29|2026-07-30|2026-07-31|2026-08-03|2026-08-04|2026-08-05|2026-08-06|2026-08-07|2026-08-10|2026-08-11|2026-08-12|2026-08-13|2026-08-14|2026-08-18,2026-08-18 18:21:48,0.0
Fortinet,,2026-07-07|2026-07-08|2026-07-09|2026-07-10|2026-07-13|2026-07-14|2026-07-15|2026-07-16|2026-07-17|2026-07-20|2026-07-21|2026-07-22|2026-07-23|2026-07-24|2026-07-27|2026-07-28|2026-07-29|2026-07-30|2026-07-31|2026-08-03|2026-08-04|2026-08-05|2026-08-06|2026-08-07|2026-08-10|2026-08-11|2026-08-12|2026-08-13|2026-08-14|2026-08-18,2026-08-18 18:21:48,0.0
OneMain,,2026-07-01|2026-07-02|2026-07-06|2026-07-07|2026-07-08|2026-07-09|2026-07-10|2026-07-13|2026-07-14|2026-07-15|2026-07-16|2026-07-17|2026-07-20|2026-07-23|2026-07-24|2026-07-27|2026-07-28|2026-07-29|2026-07-30|2026-08-03|2026-08-04|2026-08-05|2026-08-06|2026-08-07|2026-08-10|2026-08-11|2026-08-12|2026-08-13|2026-08-14|2026-08-18,2026-08-18 18:21:48,0.0
GameStop,,2026-07-07|2026-07-08|2026-07-09|2026-07-10|2026-07-13|2026-07-14|2026-07-15|2026-07-16|2026-07-17|2026-07-20|2026-07-21|2026-07-22|2026-07-23|2026-07-24|2026-07-27|2026-07-28|2026-07-29|2026-07-30|2026-07-31|2026-08-03|2026-08-04|2026-08-05|2026-08-06|2026-08-07|2026-08-10|2026-08-11|2026-08-12|2026-08-13|2026-08-14|2026-08-18,2026-08-18 18:21:48,0.0
Equifax,,2026-07-01|2026-07-02|2026-07-06|2026-07-07|2026-07-08|2026-07-09|2026-07-10|2026-07-13|2026-07-14|2026-07-15|2026-07-16|2026-07-17|2026-07-20|2026-07-23|2026-07-24|2026-07-27|2026-07-28|2026-07-29|2026-07-30|2026-08-03|2026-08-04|2026-08-05|2026-08-06|2026-08-07|2026-08-10|2026-08-11|2026-08-12|2026-08-13|2026-08-14|2026-08-18,2026-08-18 18:21:48,0.0
American Eagle Outfitters,,2026-07-01|2026-07-02|2026-07-06|2026-07-07|2026-07-08|2026-07-09|2026-07-10|2026-07-13|2026-07-14|2026-07-15|2026-07-16|2026-07-17|2026-07-20|2026-07-23|2026-07-24|2026-07-27|2026-07-28|2026-07-29|2026-07-30|2026-08-03|2026-08-04|2026-08-05|2026-08-06|2026-08-07|2026-08-10|2026-08-11|2026-08-12|2026-08-13|2026-08-14|2026-08-18,2026-08-18 18:21:48,0.0
Greif,,2026-07-01|2026-07-02|2026-07-06|2026-07-07|2026-07-08|2026-07-09|2026-07-10|2026-07-13|2026-07-14|2026-07-15|2026-07-16|2026-07-17|2026-07-20|2026-07-23|2026-07-24|2026-07-27|2026-07-28|2026-07-29|2026-07-30|2026-08-03|2026-08-04|2026-08-05|2026-08-06|2026-08-07|2026-08-10|2026-08-11|2026-08-12|2026-08-13|2026-08-14|2026-08-18,2026-08-18 18:21:48,0.0
Comfort Systems USA,,2026-07-02|2026-07-06|2026-07-07|2026-07-08|2026-07-09|2026-07-10|2026-07-13|2026-07-14|2026-07-15|2026-07-16|2026-07-17|2026-07-20|2026-07-22|2026-07-23|2026-07-24|2026-07-27|2026-07-28|2026-07-29|2026-07-30|2026-08-03|2026-08-04|2026-08-05|2026-08-06|2026-08-07|2026-08-10|2026-08-11|2026-08-12|2026-08-13|2026-08-14|2026-08-18,2026-08-18 18:21:48,0.0
TopBuild,,2026-06-30,2026-08-18 18:21:48,0.0
Bread Financial,,2026-07-01|2026-07-02|2026-07-06|2026-07-07|2026-07-08|2026-07-09|2026-07-10|2026-07-13|2026-07-14|2026-07-15|2026-07-16|2026-07-17|2026-07-20|2026-07-23|2026-07-24|2026-07-27|2026-07-28|2026-07-29|2026-07-30|2026-08-03|2026-08-04|2026-08-05|2026-08-06|2026-08-07|2026-08-10|2026-08-11|2026-08-12|2026-08-13|2026-08-14|2026-08-18,2026-08-18 18:21:48,0.0
Coherent,,2026-07-07|2026-07-08|2026-07-09|2026-07-10|2026-07-13|2026-07-14|2026-07-15|2026-07-16|2026-07-17|2026-07-20|2026-07-21|2026-07-22|2026-07-23|2026-07-24|2026-07-27|2026-07-28|2026-07-29|2026-07-30|2026-07-31|2026-08-03|2026-08-04|2026-08-05|2026-08-06|2026-08-07|2026-08-10|2026-08-11|2026-08-12|2026-08-13|2026-08-14|2026-08-18,2026-08-18 18:21:48,0.0
Telephone & Data Systems,,2026-07-01|2026-07-02|2026-07-06|2026-07-07|2026-07-08|2026-07-09|2026-07-10|2026-07-13|2026-07-14|2026-07-15|2026-07-16|2026-07-17|2026-07-20|2026-07-23|2026-07-24|2026-07-27|2026-07-28|2026-07-29|2026-07-30|2026-08-03|2026-08-04|2026-08-05|2026-08-06|2026-08-07|2026-08-10|2026-08-11|2026-08-12|2026-08-13|2026-08-14|2026-08-18,2026-08-18 18:21:48,0.0
Stifel Financial,,2026-07-01|2026-07-02|2026-07-06|2026-07-07|2026-07-08|2026-07-09|2026-07-10|2026-07-13|2026-07-14|2026-07-15|2026-07-16|2026-07-17|2026-07-20|2026-07-23|2026-07-24|2026-07-27|2026-07-28|2026-07-29|2026-07-30|2026-08-03|2026-08-04|2026-08-05|2026-08-06|2026-08-07|2026-08-10|2026-08-11|2026-08-12|2026-08-13|2026-08-14|2026-08-18,2026-08-18 18:21:48,0.0
Urban Outfitters,,2026-07-01|2026-07-02|2026-07-06|2026-07-07|2026-07-08|2026-07-09|2026-07-10|2026-07-13|2026-07-14|2026-07-15|2026-07-16|2026-07-17|2026-07-20|2026-07-23|2026-07-24|2026-07-27|2026-07-28|2026-07-29|2026-07-30|2026-08-03|2026-08-04|2026-08-05|2026-08-06|2026-08-07|2026-08-10|2026-08-11|2026-08-12|2026-08-13|2026-08-14|2026-08-18,2026-08-18 18:21:48,0.0
Terex,,2026-07-01|2026-07-02|2026-07-06|2026-07-07|2026-07-08|2026-07-09|2026-07-10|2026-07-13|2026-07-14|2026-07-15|2026-07-16|2026-07-17|2026-07-20|2026-07-23|2026-07-24|2026-07-27|2026-07-28|2026-07-29|2026-07-30|2026-08-03|2026-08-04|2026-08-05|2026-08-06|2026-08-07|2026-08-10|2026-08-11|2026-08-12|2026-08-13|2026-08-14|2026-08-18,2026-08-18 18:21:48,0.0
Snap-on,,2026-07-01|2026-07-02|2026-07-06|2026-07-07|2026-07-08|2026-07-09|2026-07-10|2026-07-13|2026-07-14|2026-07-15|2026-07-16|2026-07-17|2026-07-20|2026-07-23|2026-07-24|2026-07-27|2026-07-28|2026-07-29|2026-07-30|2026-08-03|2026-08-04|2026-08-05|2026-08-06|2026-08-07|2026-08-10|2026-08-11|2026-08-12|2026-08-13|2026-08-14|2026-08-18,2026-08-18 18:21:48,0.0
Flowers Foods,,2026-07-07|2026-07-08|2026-07-09|2026-07-10|2026-07-13|2026-07-14|2026-07-15|2026-07-16|2026-07-17|2026-07-20|2026-07-21|2026-07-22|2026-07-23|2026-07-24|2026-07-27|2026-07-28|2026-07-29|2026-07-30|2026-07-31|2026-08-03|2026-08-04|2026-08-05|2026-08-06|2026-08-07|2026-08-10|2026-08-11|2026-08-12|2026-08-13|2026-08-14|2026-08-18,2026-08-18 18:21:48,0.0
First Horizon,,2026-07-01|2026-07-02|2026-07-06|2026-07-07|2026-07-08|2026-07-09|2026-07-10|2026-07-13|2026-07-14|2026-07-15|2026-07-16|2026-07-17|2026-07-20|2026-07-23|2026-07-24|2026-07-27|2026-07-28|2026-07-29|2026-07-30|2026-08-03|2026-08-04|2026-08-05|2026-08-06|2026-08-07|2026-08-10|2026-08-11|2026-08-12|2026-08-13|2026-08-14|2026-08-18,2026-08-18 18:21:48,0.0
Paychex,,2026-07-06|2026-07-07|2026-07-08|2026-07-09|2026-07-10|2026-07-13|2026-07-14|2026-07-15|2026-07-16|2026-07-17|2026-07-20|2026-07-22|2026-07-23|2026-07-24|2026-07-27|2026-07-28|2026-07-29|2026-07-30|2026-07-31|2026-08-03|2026-08-04|2026-08-05|2026-08-06|2026-08-07|2026-08-10|2026-08-11|2026-08-12|2026-08-13|2026-08-14|2026-08-18,2026-08-18 18:21:48,0.0
Hasbro,,2026-07-01|2026-07-02|2026-07-06|2026-07-07|2026-07-08|2026-07-09|2026-07-10|2026-07-13|2026-07-14|2026-07-15|2026-07-16|2026-07-17|2026-07-20|2026-07-23|2026-07-24|2026-07-27|2026-07-28|2026-07-29|2026-07-30|2026-08-03|2026-08-04|2026-08-05|2026-08-06|2026-08-07|2026-08-10|2026-08-11|2026-08-12|2026-08-13|2026-08-14|2026-08-18,2026-08-18 18:21:48,0.0
Ares Management,,2026-07-02|2026-07-06|2026-07-07|2026-07-08|2026-07-09|2026-07-10|2026-07-13|2026-07-14|2026-07-15|2026-07-16|2026-07-17|2026-07-20|2026-07-23|2026-07-24|2026-07-27|2026-07-28|2026-07-29|2026-07-30|2026-07-31|2026-08-03|2026-08-04|2026-08-05|2026-08-06|2026-08-07|2026-08-10|2026-08-11|2026-08-12|2026-08-13|2026-08-14|2026-08-18,2026-08-18 18:21:48,0.0
Lennox International,,2026-07-01|2026-07-02|2026-07-06|2026-07-07|2026-07-08|2026-07-09|2026-07-10|2026-07-13|2026-07-14|2026-07-15|2026-07-16|2026-07-17|2026-07-20|2026-07-23|2026-07-24|2026-07-27|2026-07-28|2026-07-29|2026-07-30|2026-08-03|2026-08-04|2026-08-05|2026-08-06|2026-08-07|2026-08-10|2026-08-11|2026-08-12|2026-08-13|2026-08-14|2026-08-18,2026-08-18 18:21:48,0.0
Peabody Energy,,2026-07-02|2026-07-06|2026-07-07|2026-07-08|2026-07-09|2026-07-10|2026-07-13|2026-07-14|2026-07-15|2026-07-16|2026-07-17|2026-07-20|2026-07-22|2026-07-23|2026-07-24|2026-07-27|2026-07-28|2026-07-29|2026-07-30|2026-08-03|2026-08-04|2026-08-05|2026-08-06|2026-08-07|2026-08-10|2026-08-11|2026-08-12|2026-08-13|2026-08-14|2026-08-18,2026-08-18 18:21:48,0.0
Kemper Corporation,,2026-07-01|2026-07-02|2026-07-06|2026-07-07|2026-07-08|2026-07-09|2026-07-10|2026-07-13|2026-07-14|2026-07-15|2026-07-16|2026-07-17|2026-07-20|2026-07-23|2026-07-24|2026-07-27|2026-07-28|2026-07-29|2026-07-30|2026-08-03|2026-08-04|2026-08-05|2026-08-06|2026-08-07|2026-08-10|2026-08-11|2026-08-12|2026-08-13|2026-08-14|2026-08-18,2026-08-18 18:21:48,0.0
Nexstar Media Group,,2026-07-01|2026-07-02|2026-07-06|2026-07-07|2026-07-08|2026-07-09|2026-07-10|2026-07-13|2026-07-14|2026-07-15|2026-07-16|2026-07-17|2026-07-20|2026-07-23|2026-07-24|2026-07-27|2026-07-28|2026-07-29|2026-07-30|2026-08-03|2026-08-04|2026-08-05|2026-08-06|2026-08-07|2026-08-10|2026-08-11|2026-08-12|2026-08-13|2026-08-14|2026-08-18,2026-08-18 18:21:48,0.0
TriNet Group,,2026-07-01|2026-07-02|2026-07-06|2026-07-07|2026-07-08|2026-07-09|2026-07-10|2026-07-13|2026-07-14|2026-07-15|2026-07-16|2026-07-17|2026-07-20|2026-07-23|2026-07-24|2026-07-27|2026-07-28|2026-07-29|2026-07-30|2026-08-03|2026-08-04|2026-08-05|2026-08-06|2026-08-07|2026-08-10|2026-08-11|2026-08-12|2026-08-13|2026-08-14|2026-08-18,2026-08-18 18:21:48,0.0
Worthington Enterprises,,2026-07-01|2026-07-02|2026-07-06|2026-07-07|2026-07-08|2026-07-09|2026-07-10|2026-07-13|2026-07-14|2026-07-15|2026-07-16|2026-07-17|2026-07-20|2026-07-23|2026-07-24|2026-07-27|2026-07-28|2026-07-29|2026-07-30|2026-08-03|2026-08-04|2026-08-05|2026-08-06|2026-08-07|2026-08-10|2026-08-11|2026-08-12|2026-08-13|2026-08-14|2026-08-18,2026-08-18 18:21:48,0.0
Maximus,,2026-07-01|2026-07-02|2026-07-06|2026-07-07|2026-07-08|2026-07-09|2026-07-10|2026-07-13|2026-07-14|2026-07-15|2026-07-16|2026-07-17|2026-07-20|2026-07-23|2026-07-24|2026-07-27|2026-07-28|2026-07-29|2026-07-30|2026-08-03|2026-08-04|2026-08-05|2026-08-06|2026-08-07|2026-08-10|2026-08-11|2026-08-12|2026-08-13|2026-08-14|2026-08-18,2026-08-18 18:21:48,0.0
Compass Group,,2026-07-06|2026-07-07|2026-07-08|2026-07-09|2026-07-10|2026-07-13|2026-07-14|2026-07-15|2026-07-16|2026-07-17|2026-07-20|2026-07-21|2026-07-22|2026-07-23|2026-07-24|2026-07-27|2026-07-28|2026-07-29|2026-07-30|2026-08-03|2026-08-04|2026-08-05|2026-08-06|2026-08-07|2026-08-10|2026-08-11|2026-08-12|2026-08-13|2026-08-14|2026-08-18,2026-08-18 18:21:48,0.0
Brinks Company,,2026-07-01|2026-07-02|2026-07-06|2026-07-07|2026-07-08|2026-07-09|2026-07-10|2026-07-13|2026-07-14|2026-07-15|2026-07-16|2026-07-17|2026-07-20|2026-07-23|2026-07-24|2026-07-27|2026-07-28|2026-07-29|2026-07-30|2026-08-03|2026-08-04|2026-08-05|2026-08-06|2026-08-07|2026-08-10|2026-08-11|2026-08-12|2026-08-13|2026-08-14|2026-08-18,2026-08-18 18:21:48,0.0
Kelly Services Inc,,2026-07-01|2026-07-02|2026-07-06|2026-07-07|2026-07-08|2026-07-09|2026-07-10|2026-07-13|2026-07-14|2026-07-15|2026-07-16|2026-07-17|2026-07-20|2026-07-23|2026-07-24|2026-07-27|2026-07-28|2026-07-29|2026-07-30|2026-08-03|2026-08-04|2026-08-05|2026-08-06|2026-08-07|2026-08-10|2026-08-11|2026-08-12|2026-08-13|2026-08-14|2026-08-18,2026-08-18 18:21:48,0.0
Navient,,2026-07-01|2026-07-02|2026-07-06|2026-07-07|2026-07-08|2026-07-09|2026-07-10|2026-07-13|2026-07-14|2026-07-15|2026-07-16|2026-07-17|2026-07-20|2026-07-23|2026-07-24|2026-07-27|2026-07-28|2026-07-29|2026-07-30|2026-08-03|2026-08-04|2026-08-05|2026-08-06|2026-08-07|2026-08-10|2026-08-11|2026-08-12|2026-08-13|2026-08-14|2026-08-18,2026-08-18 18:21:48,0.0
AMC Entertainment,,2026-07-07|2026-07-08|2026-07-09|2026-07-10|2026-07-13|2026-07-14|2026-07-15|2026-07-16|2026-07-17|2026-07-20|2026-07-21|2026-07-22|2026-07-23|2026-07-24|2026-07-27|2026-07-28|2026-07-29|2026-07-30|2026-07-31|2026-08-03|2026-08-04|2026-08-05|2026-08-06|2026-08-07|2026-08-10|2026-08-11|2026-08-12|2026-08-13|2026-08-14|2026-08-18,2026-08-18 18:21:48,0.0
Encompass Health,,2026-07-01|2026-07-02|2026-07-06|2026-07-07|2026-07-08|2026-07-09|2026-07-10|2026-07-13|2026-07-14|2026-07-15|2026-07-16|2026-07-17|2026-07-20|2026-07-23|2026-07-24|2026-07-27|2026-07-28|2026-07-29|2026-07-30|2026-08-03|2026-08-04|2026-08-05|2026-08-06|2026-08-07|2026-08-10|2026-08-11|2026-08-12|2026-08-13|2026-08-14|2026-08-18,2026-08-18 18:21:48,0.0
Skyworks Solutions,,2026-07-02|2026-07-06|2026-07-07|2026-07-08|2026-07-09|2026-07-10|2026-07-13|2026-07-14|2026-07-15|2026-07-16|2026-07-17|2026-07-20|2026-07-22|2026-07-23|2026-07-24|2026-07-27|2026-07-28|2026-07-29|2026-07-30|2026-08-03|2026-08-04|2026-08-05|2026-08-06|2026-08-07|2026-08-10|2026-08-11|2026-08-12|2026-08-13|2026-08-14|2026-08-18,2026-08-18 18:21:48,0.0
Timken,,2026-07-01|2026-07-02|2026-07-06|2026-07-07|2026-07-08|2026-07-09|2026-07-10|2026-07-13|2026-07-14|2026-07-15|2026-07-16|2026-07-17|2026-07-20|2026-07-23|2026-07-24|2026-07-27|2026-07-28|2026-07-29|2026-07-30|2026-08-03|2026-08-04|2026-08-05|2026-08-06|2026-08-07|2026-08-10|2026-08-11|2026-08-12|2026-08-13|2026-08-14|2026-08-18,2026-08-18 18:21:48,0.0
Liberty Energy,,2026-07-06|2026-07-07|2026-07-08|2026-07-09|2026-07-10|2026-07-13|2026-07-14|2026-07-15|2026-07-16|2026-07-17|2026-07-20|2026-07-22|2026-07-23|2026-07-24|2026-07-27|2026-07-28|2026-07-29|2026-07-30|2026-07-31|2026-08-03|2026-08-04|2026-08-05|2026-08-06|2026-08-07|2026-08-10|2026-08-11|2026-08-12|2026-08-13|2026-08-14|2026-08-18,2026-08-18 18:21:48,0.0
Marriott Vacations Worldwide,,2026-07-01|2026-07-02|2026-07-06|2026-07-07|2026-07-08|2026-07-09|2026-07-10|2026-07-13|2026-07-14|2026-07-15|2026-07-16|2026-07-17|2026-07-20|2026-07-23|2026-07-24|2026-07-27|2026-07-28|2026-07-29|2026-07-30|2026-08-03|2026-08-04|2026-08-05|2026-08-06|2026-08-07|2026-08-10|2026-08-11|2026-08-12|2026-08-13|2026-08-14|2026-08-18,2026-08-18 18:21:48,0.0
Leggett & Platt,,2026-07-01|2026-07-02|2026-07-06|2026-07-07|2026-07-08|2026-07-09|2026-07-10|2026-07-13|2026-07-14|2026-07-15|2026-07-16|2026-07-17|2026-07-20|2026-07-23|2026-07-24|2026-07-27|2026-07-28|2026-07-29|2026-07-30|2026-08-03|2026-08-04|2026-08-05|2026-08-06|2026-08-07|2026-08-10|2026-08-11|2026-08-12|2026-08-13|2026-08-14|2026-08-18,2026-08-18 18:21:48,0.0
Weis Markets,,2026-07-01|2026-07-02|2026-07-06|2026-07-07|2026-07-08|2026-07-09|2026-07-10|2026-07-13|2026-07-14|2026-07-15|2026-07-16|2026-07-17|2026-07-20|2026-07-23|2026-07-24|2026-07-27|2026-07-28|2026-07-29|2026-07-30|2026-08-03|2026-08-04|2026-08-05|2026-08-06|2026-08-07|2026-08-10|2026-08-11|2026-08-12|2026-08-13|2026-08-14|2026-08-18,2026-08-18 18:21:48,0.0
Pinnacle West Capital,,2026-07-01|2026-07-02|2026-07-06|2026-07-07|2026-07-08|2026-07-09|2026-07-10|2026-07-13|2026-07-14|2026-07-15|2026-07-16|2026-07-17|2026-07-20|2026-07-23|2026-07-24|2026-07-27|2026-07-28|2026-07-29|2026-07-30|2026-08-03|2026-08-04|2026-08-05|2026-08-06|2026-08-07|2026-08-10|2026-08-11|2026-08-12|2026-08-13|2026-08-14|2026-08-18,2026-08-18 18:21:48,0.0
EPAM Systems,,2026-07-01|2026-07-02|2026-07-06|2026-07-07|2026-07-08|2026-07-09|2026-07-10|2026-07-13|2026-07-14|2026-07-15|2026-07-16|2026-07-17|2026-07-20|2026-07-23|2026-07-24|2026-07-27|2026-07-28|2026-07-29|2026-07-30|2026-08-03|2026-08-04|2026-08-05|2026-08-06|2026-08-07|2026-08-10|2026-08-11|2026-08-12|2026-08-13|2026-08-14|2026-08-18,2026-08-18 18:21:48,0.0
Antero Resources,,2026-07-06|2026-07-07|2026-07-08|2026-07-09|2026-07-10|2026-07-13|2026-07-14|2026-07-15|2026-07-16|2026-07-17|2026-07-20|2026-07-22|2026-07-23|2026-07-24|2026-07-27|2026-07-28|2026-07-29|2026-07-30|2026-07-31|2026-08-03|2026-08-04|2026-08-05|2026-08-06|2026-08-07|2026-08-10|2026-08-11|2026-08-12|2026-08-13|2026-08-14|2026-08-18,2026-08-18 18:21:48,0.0
Bloomin Brands,,2026-07-02|2026-07-06|2026-07-07|2026-07-08|2026-07-09|2026-07-10|2026-07-13|2026-07-14|2026-07-15|2026-07-16|2026-07-17|2026-07-20|2026-07-22|2026-07-23|2026-07-24|2026-07-27|2026-07-28|2026-07-29|2026-07-30|2026-08-03|2026-08-04|2026-08-05|2026-08-06|2026-08-07|2026-08-10|2026-08-11|2026-08-12|2026-08-13|2026-08-14|2026-08-18,2026-08-18 18:21:48,0.0
MDU Resources Group,,2026-07-01|2026-07-02|2026-07-06|2026-07-07|2026-07-08|2026-07-09|2026-07-10|2026-07-13|2026-07-14|2026-07-15|2026-07-16|2026-07-17|2026-07-20|2026-07-23|2026-07-24|2026-07-27|2026-07-28|2026-07-29|2026-07-30|2026-08-03|2026-08-04|2026-08-05|2026-08-06|2026-08-07|2026-08-10|2026-08-11|2026-08-12|2026-08-13|2026-08-14|2026-08-18,2026-08-18 18:21:48,0.0
Texas Roadhouse,,2026-07-01|2026-07-02|2026-07-06|2026-07-07|2026-07-08|2026-07-09|2026-07-10|2026-07-13|2026-07-14|2026-07-15|2026-07-16|2026-07-17|2026-07-20|2026-07-23|2026-07-24|2026-07-27|2026-07-28|2026-07-29|2026-07-30|2026-08-03|2026-08-04|2026-08-05|2026-08-06|2026-08-07|2026-08-10|2026-08-11|2026-08-12|2026-08-13|2026-08-14|2026-08-18,2026-08-18 18:21:48,0.0
Mercury General,,2026-07-01|2026-07-02|2026-07-06|2026-07-07|2026-07-08|2026-07-09|2026-07-10|2026-07-13|2026-07-14|2026-07-15|2026-07-16|2026-07-17|2026-07-20|2026-07-23|2026-07-24|2026-07-27|2026-07-28|2026-07-29|2026-07-30|2026-08-03|2026-08-04|2026-08-05|2026-08-06|2026-08-07|2026-08-10|2026-08-11|2026-08-12|2026-08-13|2026-08-14|2026-08-18,2026-08-18 18:21:48,0.0
Fortune Brands Innovations,,2026-07-01|2026-07-02|2026-07-06|2026-07-07|2026-07-08|2026-07-09|2026-07-10|2026-07-13|2026-07-14|2026-07-15|2026-07-16|2026-07-17|2026-07-20|2026-07-23|2026-07-24|2026-07-27|2026-07-28|2026-07-29|2026-07-30|2026-08-03|2026-08-04|2026-08-05|2026-08-06|2026-08-07|2026-08-10|2026-08-11|2026-08-12|2026-08-13|2026-08-14|2026-08-18,2026-08-18 18:21:48,0.0
Zions Bancorp,,2026-07-01|2026-07-02|2026-07-06|2026-07-07|2026-07-08|2026-07-09|2026-07-10|2026-07-13|2026-07-14|2026-07-15|2026-07-16|2026-07-17|2026-07-20|2026-07-23|2026-07-24|2026-07-27|2026-07-28|2026-07-29|2026-07-30|2026-08-03|2026-08-04|2026-08-05|2026-08-06|2026-08-07|2026-08-10|2026-08-11|2026-08-12|2026-08-13|2026-08-14|2026-08-18,2026-08-18 18:21:48,0.0
JELD-WEN Holding,,2026-07-01|2026-07-02|2026-07-06|2026-07-07|2026-07-08|2026-07-09|2026-07-10|2026-07-13|2026-07-14|2026-07-15|2026-07-16|2026-07-17|2026-07-20|2026-07-23|2026-07-24|2026-07-27|2026-07-28|2026-07-29|2026-07-30|2026-08-03|2026-08-04|2026-08-05|2026-08-06|2026-08-07|2026-08-10|2026-08-11|2026-08-12|2026-08-13|2026-08-14|2026-08-18,2026-08-18 18:21:48,0.0
Snap Inc,,2026-07-07|2026-07-08|2026-07-09|2026-07-10|2026-07-13|2026-07-14|2026-07-15|2026-07-16|2026-07-17|2026-07-20|2026-07-21|2026-07-22|2026-07-23|2026-07-24|2026-07-27|2026-07-28|2026-07-29|2026-07-30|2026-07-31|2026-08-03|2026-08-04|2026-08-05|2026-08-06|2026-08-07|2026-08-10|2026-08-11|2026-08-12|2026-08-13|2026-08-14|2026-08-18,2026-08-18 18:21:48,0.0
Zebra Technologies,,2026-07-01|2026-07-02|2026-07-06|2026-07-07|2026-07-08|2026-07-09|2026-07-10|2026-07-13|2026-07-14|2026-07-15|2026-07-16|2026-07-17|2026-07-20|2026-07-23|2026-07-24|2026-07-27|2026-07-28|2026-07-29|2026-07-30|2026-08-03|2026-08-04|2026-08-05|2026-08-06|2026-08-07|2026-08-10|2026-08-11|2026-08-12|2026-08-13|2026-08-14|2026-08-18,2026-08-18 18:21:48,0.0
Agilon Health,,2026-07-01|2026-07-02|2026-07-06|2026-07-07|2026-07-08|2026-07-09|2026-07-10|2026-07-13|2026-07-14|2026-07-15|2026-07-16|2026-07-17|2026-07-20|2026-07-23|2026-07-24|2026-07-27|2026-07-28|2026-07-29|2026-07-30|2026-08-03|2026-08-04|2026-08-05|2026-08-06|2026-08-07|2026-08-10|2026-08-11|2026-08-12|2026-08-13|2026-08-14|2026-08-18,2026-08-18 18:21:48,0.0
