company,trends_history,date_history,last_updated,avg_interest
Walmart,49|49|51|50|50|47|50|51|49|49|52|53|57|53|48|51|49|54|55|48|48|49|54|46|50|47|48|50|47|44,2026-03-04|2026-03-05|2026-03-06|2026-03-09|2026-03-10|2026-03-11|2026-03-12|2026-03-13|2026-03-16|2026-03-17|2026-03-18|2026-03-19|2026-03-20|2026-03-23|2026-03-24|2026-03-25|2026-03-26|2026-03-27|2026-03-30|2026-03-31|2026-04-01|2026-04-02|2026-04-06|2026-04-07|2026-04-08|2026-04-09|2026-04-10|2026-04-13|2026-04-14|2026-04-15,2026-04-15 15:46:27,49.9
Amazon,79|100|79|81|82|81|78|79|74|81|85|82|78|82|80|85|80|81|83|84|75|80|80|78|81|78|79|79|80|77,2026-03-04|2026-03-05|2026-03-06|2026-03-09|2026-03-10|2026-03-11|2026-03-12|2026-03-13|2026-03-16|2026-03-17|2026-03-18|2026-03-19|2026-03-20|2026-03-23|2026-03-24|2026-03-25|2026-03-26|2026-03-27|2026-03-30|2026-03-31|2026-04-01|2026-04-02|2026-04-06|2026-04-07|2026-04-08|2026-04-09|2026-04-10|2026-04-13|2026-04-14|2026-04-15,2026-04-15 15:46:31,80.7
UnitedHealth,,2026-03-04|2026-03-05|2026-03-06|2026-03-09|2026-03-10|2026-03-11|2026-03-12|2026-03-13|2026-03-16|2026-03-17|2026-03-18|2026-03-19|2026-03-20|2026-03-23|2026-03-24|2026-03-25|2026-03-26|2026-03-27|2026-03-30|2026-03-31|2026-04-01|2026-04-02|2026-04-06|2026-04-07|2026-04-08|2026-04-09|2026-04-10|2026-04-13|2026-04-14|2026-04-15,2026-04-15 15:47:05,0.0
Apple,84|82|78|74|72|73|75|72|71|72|79|75|78|79|79|88|84|89|91|93|74|71|78|70|75|77|72|74|73|71,2026-03-04|2026-03-05|2026-03-06|2026-03-09|2026-03-10|2026-03-11|2026-03-12|2026-03-13|2026-03-16|2026-03-17|2026-03-18|2026-03-19|2026-03-20|2026-03-23|2026-03-24|2026-03-25|2026-03-26|2026-03-27|2026-03-30|2026-03-31|2026-04-01|2026-04-02|2026-04-06|2026-04-07|2026-04-08|2026-04-09|2026-04-10|2026-04-13|2026-04-14|2026-04-15,2026-04-15 15:47:16,77.4
CVS Health,,2026-03-04|2026-03-05|2026-03-06|2026-03-09|2026-03-10|2026-03-11|2026-03-12|2026-03-13|2026-03-16|2026-03-17|2026-03-18|2026-03-19|2026-03-20|2026-03-23|2026-03-24|2026-03-25|2026-03-26|2026-03-27|2026-03-30|2026-03-31|2026-04-01|2026-04-02|2026-04-06|2026-04-07|2026-04-08|2026-04-09|2026-04-10|2026-04-13|2026-04-14|2026-04-15,2026-04-15 15:47:51,0.0
Alphabet,84|85|85|83|82|88|85|78|79|86|92|100|80|91|87|81|92|83|77|87|67|69|68|68|74|80|75|76|77|85,2026-03-04|2026-03-05|2026-03-06|2026-03-09|2026-03-10|2026-03-11|2026-03-12|2026-03-13|2026-03-16|2026-03-17|2026-03-18|2026-03-19|2026-03-20|2026-03-23|2026-03-24|2026-03-25|2026-03-26|2026-03-27|2026-03-30|2026-03-31|2026-04-01|2026-04-02|2026-04-06|2026-04-07|2026-04-08|2026-04-09|2026-04-10|2026-04-13|2026-04-14|2026-04-15,2026-04-15 15:48:33,81.5
Exxon Mobil,,2026-03-04|2026-03-05|2026-03-06|2026-03-09|2026-03-10|2026-03-11|2026-03-12|2026-03-13|2026-03-16|2026-03-17|2026-03-18|2026-03-19|2026-03-20|2026-03-23|2026-03-24|2026-03-25|2026-03-26|2026-03-27|2026-03-30|2026-03-31|2026-04-01|2026-04-02|2026-04-06|2026-04-07|2026-04-08|2026-04-09|2026-04-10|2026-04-13|2026-04-14|2026-04-15,2026-04-15 15:49:07,0.0
McKesson,74|80|75|74|79|77|76|70|70|77|77|68|72|79|87|84|91|70|86|100|85|75|78|90|80|72|65|75|79|73,2026-03-04|2026-03-05|2026-03-06|2026-03-09|2026-03-10|2026-03-11|2026-03-12|2026-03-13|2026-03-16|2026-03-17|2026-03-18|2026-03-19|2026-03-20|2026-03-23|2026-03-24|2026-03-25|2026-03-26|2026-03-27|2026-03-30|2026-03-31|2026-04-01|2026-04-02|2026-04-06|2026-04-07|2026-04-08|2026-04-09|2026-04-10|2026-04-13|2026-04-14|2026-04-15,2026-04-15 15:49:28,77.9
Cencora,71|77|53|87|72|68|61|47|74|100|92|63|60|99|59|76|94|85|69|74|62|54|51|57|61|52|44|55|57|44,2026-03-04|2026-03-05|2026-03-06|2026-03-09|2026-03-10|2026-03-11|2026-03-12|2026-03-13|2026-03-16|2026-03-17|2026-03-18|2026-03-19|2026-03-20|2026-03-23|2026-03-24|2026-03-25|2026-03-26|2026-03-27|2026-03-30|2026-03-31|2026-04-01|2026-04-02|2026-04-06|2026-04-07|2026-04-08|2026-04-09|2026-04-10|2026-04-13|2026-04-14|2026-04-15,2026-04-15 15:50:02,67.3
JPMorgan Chase,66|57|35|38|47|44|52|36|47|63|77|100|70|48|48|51|47|53|43|61|31|26|28|27|28|33|26|30|30|29,2026-03-04|2026-03-05|2026-03-06|2026-03-09|2026-03-10|2026-03-11|2026-03-12|2026-03-13|2026-03-16|2026-03-17|2026-03-18|2026-03-19|2026-03-20|2026-03-23|2026-03-24|2026-03-25|2026-03-26|2026-03-27|2026-03-30|2026-03-31|2026-04-01|2026-04-02|2026-04-06|2026-04-07|2026-04-08|2026-04-09|2026-04-10|2026-04-13|2026-04-14|2026-04-15,2026-04-15 15:50:05,45.7
Costco,,2026-03-04|2026-03-05|2026-03-06|2026-03-09|2026-03-10|2026-03-11|2026-03-12|2026-03-13|2026-03-16|2026-03-17|2026-03-18|2026-03-19|2026-03-20|2026-03-23|2026-03-24|2026-03-25|2026-03-26|2026-03-27|2026-03-30|2026-03-31|2026-04-01|2026-04-02|2026-04-06|2026-04-07|2026-04-08|2026-04-09|2026-04-10|2026-04-13|2026-04-14|2026-04-15,2026-04-15 15:50:40,0.0
Cigna,,2026-03-04|2026-03-05|2026-03-06|2026-03-09|2026-03-10|2026-03-11|2026-03-12|2026-03-13|2026-03-16|2026-03-17|2026-03-18|2026-03-19|2026-03-20|2026-03-23|2026-03-24|2026-03-25|2026-03-26|2026-03-27|2026-03-30|2026-03-31|2026-04-01|2026-04-02|2026-04-06|2026-04-07|2026-04-08|2026-04-09|2026-04-10|2026-04-13|2026-04-14|2026-04-15,2026-04-15 15:51:22,0.0
Microsoft,,2026-03-04|2026-03-05|2026-03-06|2026-03-09|2026-03-10|2026-03-11|2026-03-12|2026-03-13|2026-03-16|2026-03-17|2026-03-18|2026-03-19|2026-03-20|2026-03-23|2026-03-24|2026-03-25|2026-03-26|2026-03-27|2026-03-30|2026-03-31|2026-04-01|2026-04-02|2026-04-06|2026-04-07|2026-04-08|2026-04-09|2026-04-10|2026-04-13|2026-04-14|2026-04-15,2026-04-15 15:51:32,0.0
Cardinal Health,,2026-03-04|2026-03-05|2026-03-06|2026-03-09|2026-03-10|2026-03-11|2026-03-12|2026-03-13|2026-03-16|2026-03-17|2026-03-18|2026-03-19|2026-03-20|2026-03-23|2026-03-24|2026-03-25|2026-03-26|2026-03-27|2026-03-30|2026-03-31|2026-04-01|2026-04-02|2026-04-06|2026-04-07|2026-04-08|2026-04-09|2026-04-10|2026-04-13|2026-04-14|2026-04-15,2026-04-15 15:51:32,0.0
Chevron,,2026-03-04|2026-03-05|2026-03-06|2026-03-09|2026-03-10|2026-03-11|2026-03-12|2026-03-13|2026-03-16|2026-03-17|2026-03-18|2026-03-19|2026-03-20|2026-03-23|2026-03-24|2026-03-25|2026-03-26|2026-03-27|2026-03-30|2026-03-31|2026-04-01|2026-04-02|2026-04-06|2026-04-07|2026-04-08|2026-04-09|2026-04-10|2026-04-13|2026-04-14|2026-04-15,2026-04-15 15:51:32,0.0
Bank of America,,2026-03-04|2026-03-05|2026-03-06|2026-03-09|2026-03-10|2026-03-11|2026-03-12|2026-03-13|2026-03-16|2026-03-17|2026-03-18|2026-03-19|2026-03-20|2026-03-23|2026-03-24|2026-03-25|2026-03-26|2026-03-27|2026-03-30|2026-03-31|2026-04-01|2026-04-02|2026-04-06|2026-04-07|2026-04-08|2026-04-09|2026-04-10|2026-04-13|2026-04-14|2026-04-15,2026-04-15 15:51:32,0.0
General Motors,,2026-03-04|2026-03-05|2026-03-06|2026-03-09|2026-03-10|2026-03-11|2026-03-12|2026-03-13|2026-03-16|2026-03-17|2026-03-18|2026-03-19|2026-03-20|2026-03-23|2026-03-24|2026-03-25|2026-03-26|2026-03-27|2026-03-30|2026-03-31|2026-04-01|2026-04-02|2026-04-06|2026-04-07|2026-04-08|2026-04-09|2026-04-10|2026-04-13|2026-04-14|2026-04-15,2026-04-15 15:51:32,0.0
Ford Motor,,2026-03-04|2026-03-05|2026-03-06|2026-03-09|2026-03-10|2026-03-11|2026-03-12|2026-03-13|2026-03-16|2026-03-17|2026-03-18|2026-03-19|2026-03-20|2026-03-23|2026-03-24|2026-03-25|2026-03-26|2026-03-27|2026-03-30|2026-03-31|2026-04-01|2026-04-02|2026-04-06|2026-04-07|2026-04-08|2026-04-09|2026-04-10|2026-04-13|2026-04-14|2026-04-15,2026-04-15 15:51:32,0.0
Elevance Health,,2026-03-04|2026-03-05|2026-03-06|2026-03-09|2026-03-10|2026-03-11|2026-03-12|2026-03-13|2026-03-16|2026-03-17|2026-03-18|2026-03-19|2026-03-20|2026-03-23|2026-03-24|2026-03-25|2026-03-26|2026-03-27|2026-03-30|2026-03-31|2026-04-01|2026-04-02|2026-04-06|2026-04-07|2026-04-08|2026-04-09|2026-04-10|2026-04-13|2026-04-14|2026-04-15,2026-04-15 15:51:32,0.0
Citigroup,,2026-03-04|2026-03-05|2026-03-06|2026-03-09|2026-03-10|2026-03-11|2026-03-12|2026-03-13|2026-03-16|2026-03-17|2026-03-18|2026-03-19|2026-03-20|2026-03-23|2026-03-24|2026-03-25|2026-03-26|2026-03-27|2026-03-30|2026-03-31|2026-04-01|2026-04-02|2026-04-06|2026-04-07|2026-04-08|2026-04-09|2026-04-10|2026-04-13|2026-04-14|2026-04-15,2026-04-15 15:51:32,0.0
Meta Platforms,,2026-03-04|2026-03-05|2026-03-06|2026-03-09|2026-03-10|2026-03-11|2026-03-12|2026-03-13|2026-03-16|2026-03-17|2026-03-18|2026-03-19|2026-03-20|2026-03-23|2026-03-24|2026-03-25|2026-03-26|2026-03-27|2026-03-30|2026-03-31|2026-04-01|2026-04-02|2026-04-06|2026-04-07|2026-04-08|2026-04-09|2026-04-10|2026-04-13|2026-04-14|2026-04-15,2026-04-15 15:51:32,0.0
Centene,,2026-03-04|2026-03-05|2026-03-06|2026-03-09|2026-03-10|2026-03-11|2026-03-12|2026-03-13|2026-03-16|2026-03-17|2026-03-18|2026-03-19|2026-03-20|2026-03-23|2026-03-24|2026-03-25|2026-03-26|2026-03-27|2026-03-30|2026-03-31|2026-04-01|2026-04-02|2026-04-06|2026-04-07|2026-04-08|2026-04-09|2026-04-10|2026-04-13|2026-04-14|2026-04-15,2026-04-15 15:51:32,0.0
Home Depot,,2026-03-04|2026-03-05|2026-03-06|2026-03-09|2026-03-10|2026-03-11|2026-03-12|2026-03-13|2026-03-16|2026-03-17|2026-03-18|2026-03-19|2026-03-20|2026-03-23|2026-03-24|2026-03-25|2026-03-26|2026-03-27|2026-03-30|2026-03-31|2026-04-01|2026-04-02|2026-04-06|2026-04-07|2026-04-08|2026-04-09|2026-04-10|2026-04-13|2026-04-14|2026-04-15,2026-04-15 15:51:32,0.0
Fannie Mae,,2026-03-04|2026-03-05|2026-03-06|2026-03-09|2026-03-10|2026-03-11|2026-03-12|2026-03-13|2026-03-16|2026-03-17|2026-03-18|2026-03-19|2026-03-20|2026-03-23|2026-03-24|2026-03-25|2026-03-26|2026-03-27|2026-03-30|2026-03-31|2026-04-01|2026-04-02|2026-04-06|2026-04-07|2026-04-08|2026-04-09|2026-04-10|2026-04-13|2026-04-14|2026-04-15,2026-04-15 15:51:32,0.0
Kroger,,2026-03-04|2026-03-05|2026-03-06|2026-03-09|2026-03-10|2026-03-11|2026-03-12|2026-03-13|2026-03-16|2026-03-17|2026-03-18|2026-03-19|2026-03-20|2026-03-23|2026-03-24|2026-03-25|2026-03-26|2026-03-27|2026-03-30|2026-03-31|2026-04-01|2026-04-02|2026-04-06|2026-04-07|2026-04-08|2026-04-09|2026-04-10|2026-04-13|2026-04-14|2026-04-15,2026-04-15 15:51:32,0.0
Phillips 66,,2026-03-04|2026-03-05|2026-03-06|2026-03-09|2026-03-10|2026-03-11|2026-03-12|2026-03-13|2026-03-16|2026-03-17|2026-03-18|2026-03-19|2026-03-20|2026-03-23|2026-03-24|2026-03-25|2026-03-26|2026-03-27|2026-03-30|2026-03-31|2026-04-01|2026-04-02|2026-04-06|2026-04-07|2026-04-08|2026-04-09|2026-04-10|2026-04-13|2026-04-14|2026-04-15,2026-04-15 15:51:32,0.0
Marathon Petroleum,,2026-03-04|2026-03-05|2026-03-06|2026-03-09|2026-03-10|2026-03-11|2026-03-12|2026-03-13|2026-03-16|2026-03-17|2026-03-18|2026-03-19|2026-03-20|2026-03-23|2026-03-24|2026-03-25|2026-03-26|2026-03-27|2026-03-30|2026-03-31|2026-04-01|2026-04-02|2026-04-06|2026-04-07|2026-04-08|2026-04-09|2026-04-10|2026-04-13|2026-04-14|2026-04-15,2026-04-15 15:51:32,0.0
Verizon,,2026-03-04|2026-03-05|2026-03-06|2026-03-09|2026-03-10|2026-03-11|2026-03-12|2026-03-13|2026-03-16|2026-03-17|2026-03-18|2026-03-19|2026-03-20|2026-03-23|2026-03-24|2026-03-25|2026-03-26|2026-03-27|2026-03-30|2026-03-31|2026-04-01|2026-04-02|2026-04-06|2026-04-07|2026-04-08|2026-04-09|2026-04-10|2026-04-13|2026-04-14|2026-04-15,2026-04-15 15:51:32,0.0
Nvidia,,2026-03-04|2026-03-05|2026-03-06|2026-03-09|2026-03-10|2026-03-11|2026-03-12|2026-03-13|2026-03-16|2026-03-17|2026-03-18|2026-03-19|2026-03-20|2026-03-23|2026-03-24|2026-03-25|2026-03-26|2026-03-27|2026-03-30|2026-03-31|2026-04-01|2026-04-02|2026-04-06|2026-04-07|2026-04-08|2026-04-09|2026-04-10|2026-04-13|2026-04-14|2026-04-15,2026-04-15 15:51:32,0.0
Goldman Sachs,,2026-03-04|2026-03-05|2026-03-06|2026-03-09|2026-03-10|2026-03-11|2026-03-12|2026-03-13|2026-03-16|2026-03-17|2026-03-18|2026-03-19|2026-03-20|2026-03-23|2026-03-24|2026-03-25|2026-03-26|2026-03-27|2026-03-30|2026-03-31|2026-04-01|2026-04-02|2026-04-06|2026-04-07|2026-04-08|2026-04-09|2026-04-10|2026-04-13|2026-04-14|2026-04-15,2026-04-15 15:51:32,0.0
Wells Fargo,,2026-03-04|2026-03-05|2026-03-06|2026-03-09|2026-03-10|2026-03-11|2026-03-12|2026-03-13|2026-03-16|2026-03-17|2026-03-18|2026-03-19|2026-03-20|2026-03-23|2026-03-24|2026-03-25|2026-03-26|2026-03-27|2026-03-30|2026-03-31|2026-04-01|2026-04-02|2026-04-06|2026-04-07|2026-04-08|2026-04-09|2026-04-10|2026-04-13|2026-04-14|2026-04-15,2026-04-15 15:51:32,0.0
Valero Energy,,2026-03-04|2026-03-05|2026-03-06|2026-03-09|2026-03-10|2026-03-11|2026-03-12|2026-03-13|2026-03-16|2026-03-17|2026-03-18|2026-03-19|2026-03-20|2026-03-23|2026-03-24|2026-03-25|2026-03-26|2026-03-27|2026-03-30|2026-03-31|2026-04-01|2026-04-02|2026-04-06|2026-04-07|2026-04-08|2026-04-09|2026-04-10|2026-04-13|2026-04-14|2026-04-15,2026-04-15 15:51:32,0.0
Comcast,,2026-03-04|2026-03-05|2026-03-06|2026-03-09|2026-03-10|2026-03-11|2026-03-12|2026-03-13|2026-03-16|2026-03-17|2026-03-18|2026-03-19|2026-03-20|2026-03-23|2026-03-24|2026-03-25|2026-03-26|2026-03-27|2026-03-30|2026-03-31|2026-04-01|2026-04-02|2026-04-06|2026-04-07|2026-04-08|2026-04-09|2026-04-10|2026-04-13|2026-04-14|2026-04-15,2026-04-15 15:51:32,0.0
AT&T,,2026-03-04|2026-03-05|2026-03-06|2026-03-09|2026-03-10|2026-03-11|2026-03-12|2026-03-13|2026-03-16|2026-03-17|2026-03-18|2026-03-19|2026-03-20|2026-03-23|2026-03-24|2026-03-25|2026-03-26|2026-03-27|2026-03-30|2026-03-31|2026-04-01|2026-04-02|2026-04-06|2026-04-07|2026-04-08|2026-04-09|2026-04-10|2026-04-13|2026-04-14|2026-04-15,2026-04-15 15:51:32,0.0
Freddie Mac,,2026-03-04|2026-03-05|2026-03-06|2026-03-09|2026-03-10|2026-03-11|2026-03-12|2026-03-13|2026-03-16|2026-03-17|2026-03-18|2026-03-19|2026-03-20|2026-03-23|2026-03-24|2026-03-25|2026-03-26|2026-03-27|2026-03-30|2026-03-31|2026-04-01|2026-04-02|2026-04-06|2026-04-07|2026-04-08|2026-04-09|2026-04-10|2026-04-13|2026-04-14|2026-04-15,2026-04-15 15:51:32,0.0
Humana,,2026-03-04|2026-03-05|2026-03-06|2026-03-09|2026-03-10|2026-03-11|2026-03-12|2026-03-13|2026-03-16|2026-03-17|2026-03-18|2026-03-19|2026-03-20|2026-03-23|2026-03-24|2026-03-25|2026-03-26|2026-03-27|2026-03-30|2026-03-31|2026-04-01|2026-04-02|2026-04-06|2026-04-07|2026-04-08|2026-04-09|2026-04-10|2026-04-13|2026-04-14|2026-04-15,2026-04-15 15:51:32,0.0
Morgan Stanley,,2026-03-04|2026-03-05|2026-03-06|2026-03-09|2026-03-10|2026-03-11|2026-03-12|2026-03-13|2026-03-16|2026-03-17|2026-03-18|2026-03-19|2026-03-20|2026-03-23|2026-03-24|2026-03-25|2026-03-26|2026-03-27|2026-03-30|2026-03-31|2026-04-01|2026-04-02|2026-04-06|2026-04-07|2026-04-08|2026-04-09|2026-04-10|2026-04-13|2026-04-14|2026-04-15,2026-04-15 15:51:32,0.0
Target Corporation,,2026-03-04|2026-03-05|2026-03-06|2026-03-09|2026-03-10|2026-03-11|2026-03-12|2026-03-13|2026-03-16|2026-03-17|2026-03-18|2026-03-19|2026-03-20|2026-03-23|2026-03-24|2026-03-25|2026-03-26|2026-03-27|2026-03-30|2026-03-31|2026-04-01|2026-04-02|2026-04-06|2026-04-07|2026-04-08|2026-04-09|2026-04-10|2026-04-13|2026-04-14|2026-04-15,2026-04-15 15:51:32,0.0
StoneX Group,,2026-03-04|2026-03-05|2026-03-06|2026-03-09|2026-03-10|2026-03-11|2026-03-12|2026-03-13|2026-03-16|2026-03-17|2026-03-18|2026-03-19|2026-03-20|2026-03-23|2026-03-24|2026-03-25|2026-03-26|2026-03-27|2026-03-30|2026-03-31|2026-04-01|2026-04-02|2026-04-06|2026-04-07|2026-04-08|2026-04-09|2026-04-10|2026-04-13|2026-04-14|2026-04-15,2026-04-15 15:51:32,0.0
Tesla,,2026-03-04|2026-03-05|2026-03-06|2026-03-09|2026-03-10|2026-03-11|2026-03-12|2026-03-13|2026-03-16|2026-03-17|2026-03-18|2026-03-19|2026-03-20|2026-03-23|2026-03-24|2026-03-25|2026-03-26|2026-03-27|2026-03-30|2026-03-31|2026-04-01|2026-04-02|2026-04-06|2026-04-07|2026-04-08|2026-04-09|2026-04-10|2026-04-13|2026-04-14|2026-04-15,2026-04-15 15:51:32,0.0
Dell Technologies,,2026-03-04|2026-03-05|2026-03-06|2026-03-09|2026-03-10|2026-03-11|2026-03-12|2026-03-13|2026-03-16|2026-03-17|2026-03-18|2026-03-19|2026-03-20|2026-03-23|2026-03-24|2026-03-25|2026-03-26|2026-03-27|2026-03-30|2026-03-31|2026-04-01|2026-04-02|2026-04-06|2026-04-07|2026-04-08|2026-04-09|2026-04-10|2026-04-13|2026-04-14|2026-04-15,2026-04-15 15:51:32,0.0
PepsiCo,,2026-03-04|2026-03-05|2026-03-06|2026-03-09|2026-03-10|2026-03-11|2026-03-12|2026-03-13|2026-03-16|2026-03-17|2026-03-18|2026-03-19|2026-03-20|2026-03-23|2026-03-24|2026-03-25|2026-03-26|2026-03-27|2026-03-30|2026-03-31|2026-04-01|2026-04-02|2026-04-06|2026-04-07|2026-04-08|2026-04-09|2026-04-10|2026-04-13|2026-04-14|2026-04-15,2026-04-15 15:51:32,0.0
Disney,,2026-03-04|2026-03-05|2026-03-06|2026-03-09|2026-03-10|2026-03-11|2026-03-12|2026-03-13|2026-03-16|2026-03-17|2026-03-18|2026-03-19|2026-03-20|2026-03-23|2026-03-24|2026-03-25|2026-03-26|2026-03-27|2026-03-30|2026-03-31|2026-04-01|2026-04-02|2026-04-06|2026-04-07|2026-04-08|2026-04-09|2026-04-10|2026-04-13|2026-04-14|2026-04-15,2026-04-15 15:51:32,0.0
UPS,,2026-03-04|2026-03-05|2026-03-06|2026-03-09|2026-03-10|2026-03-11|2026-03-12|2026-03-13|2026-03-16|2026-03-17|2026-03-18|2026-03-19|2026-03-20|2026-03-23|2026-03-24|2026-03-25|2026-03-26|2026-03-27|2026-03-30|2026-03-31|2026-04-01|2026-04-02|2026-04-06|2026-04-07|2026-04-08|2026-04-09|2026-04-10|2026-04-13|2026-04-14|2026-04-15,2026-04-15 15:51:32,0.0
Johnson & Johnson,,2026-03-04|2026-03-05|2026-03-06|2026-03-09|2026-03-10|2026-03-11|2026-03-12|2026-03-13|2026-03-16|2026-03-17|2026-03-18|2026-03-19|2026-03-20|2026-03-23|2026-03-24|2026-03-25|2026-03-26|2026-03-27|2026-03-30|2026-03-31|2026-04-01|2026-04-02|2026-04-06|2026-04-07|2026-04-08|2026-04-09|2026-04-10|2026-04-13|2026-04-14|2026-04-15,2026-04-15 15:51:32,0.0
FedEx,,2026-03-04|2026-03-05|2026-03-06|2026-03-09|2026-03-10|2026-03-11|2026-03-12|2026-03-13|2026-03-16|2026-03-17|2026-03-18|2026-03-19|2026-03-20|2026-03-23|2026-03-24|2026-03-25|2026-03-26|2026-03-27|2026-03-30|2026-03-31|2026-04-01|2026-04-02|2026-04-06|2026-04-07|2026-04-08|2026-04-09|2026-04-10|2026-04-13|2026-04-14|2026-04-15,2026-04-15 15:51:32,0.0
Archer Daniels Midland,,2026-03-04|2026-03-05|2026-03-06|2026-03-09|2026-03-10|2026-03-11|2026-03-12|2026-03-13|2026-03-16|2026-03-17|2026-03-18|2026-03-19|2026-03-20|2026-03-23|2026-03-24|2026-03-25|2026-03-26|2026-03-27|2026-03-30|2026-03-31|2026-04-01|2026-04-02|2026-04-06|2026-04-07|2026-04-08|2026-04-09|2026-04-10|2026-04-13|2026-04-14|2026-04-15,2026-04-15 15:51:32,0.0
Procter & Gamble,,2026-03-04|2026-03-05|2026-03-06|2026-03-09|2026-03-10|2026-03-11|2026-03-12|2026-03-13|2026-03-16|2026-03-17|2026-03-18|2026-03-19|2026-03-20|2026-03-23|2026-03-24|2026-03-25|2026-03-26|2026-03-27|2026-03-30|2026-03-31|2026-04-01|2026-04-02|2026-04-06|2026-04-07|2026-04-08|2026-04-09|2026-04-10|2026-04-13|2026-04-14|2026-04-15,2026-04-15 15:51:32,0.0
Lowe's,,2026-03-04|2026-03-05|2026-03-06|2026-03-09|2026-03-10|2026-03-11|2026-03-12|2026-03-13|2026-03-16|2026-03-17|2026-03-18|2026-03-19|2026-03-20|2026-03-23|2026-03-24|2026-03-25|2026-03-26|2026-03-27|2026-03-30|2026-03-31|2026-04-01|2026-04-02|2026-04-06|2026-04-07|2026-04-08|2026-04-09|2026-04-10|2026-04-13|2026-04-14|2026-04-15,2026-04-15 15:51:32,0.0
Energy Transfer,,2026-03-04|2026-03-05|2026-03-06|2026-03-09|2026-03-10|2026-03-11|2026-03-12|2026-03-13|2026-03-16|2026-03-17|2026-03-18|2026-03-19|2026-03-20|2026-03-23|2026-03-24|2026-03-25|2026-03-26|2026-03-27|2026-03-30|2026-03-31|2026-04-01|2026-04-02|2026-04-06|2026-04-07|2026-04-08|2026-04-09|2026-04-10|2026-04-13|2026-04-14|2026-04-15,2026-04-15 15:51:32,0.0
RTX,,2026-03-04|2026-03-05|2026-03-06|2026-03-09|2026-03-10|2026-03-11|2026-03-12|2026-03-13|2026-03-16|2026-03-17|2026-03-18|2026-03-19|2026-03-20|2026-03-23|2026-03-24|2026-03-25|2026-03-26|2026-03-27|2026-03-30|2026-03-31|2026-04-01|2026-04-02|2026-04-06|2026-04-07|2026-04-08|2026-04-09|2026-04-10|2026-04-13|2026-04-14|2026-04-15,2026-04-15 15:51:32,0.0
Albertsons,,2026-03-04|2026-03-05|2026-03-06|2026-03-09|2026-03-10|2026-03-11|2026-03-12|2026-03-13|2026-03-16|2026-03-17|2026-03-18|2026-03-19|2026-03-20|2026-03-23|2026-03-24|2026-03-25|2026-03-26|2026-03-27|2026-03-30|2026-03-31|2026-04-01|2026-04-02|2026-04-06|2026-04-07|2026-04-08|2026-04-09|2026-04-10|2026-04-13|2026-04-14|2026-04-15,2026-04-15 15:51:32,0.0
Sysco,,2026-03-04|2026-03-05|2026-03-06|2026-03-09|2026-03-10|2026-03-11|2026-03-12|2026-03-13|2026-03-16|2026-03-17|2026-03-18|2026-03-19|2026-03-20|2026-03-23|2026-03-24|2026-03-25|2026-03-26|2026-03-27|2026-03-30|2026-03-31|2026-04-01|2026-04-02|2026-04-06|2026-04-07|2026-04-08|2026-04-09|2026-04-10|2026-04-13|2026-04-14|2026-04-15,2026-04-15 15:51:32,0.0
Progressive Insurance,,2026-03-04|2026-03-05|2026-03-06|2026-03-09|2026-03-10|2026-03-11|2026-03-12|2026-03-13|2026-03-16|2026-03-17|2026-03-18|2026-03-19|2026-03-20|2026-03-23|2026-03-24|2026-03-25|2026-03-26|2026-03-27|2026-03-30|2026-03-31|2026-04-01|2026-04-02|2026-04-06|2026-04-07|2026-04-08|2026-04-09|2026-04-10|2026-04-13|2026-04-14|2026-04-15,2026-04-15 15:51:32,0.0
American Express,,2026-03-04|2026-03-05|2026-03-06|2026-03-09|2026-03-10|2026-03-11|2026-03-12|2026-03-13|2026-03-16|2026-03-17|2026-03-18|2026-03-19|2026-03-20|2026-03-23|2026-03-24|2026-03-25|2026-03-26|2026-03-27|2026-03-30|2026-03-31|2026-04-01|2026-04-02|2026-04-06|2026-04-07|2026-04-08|2026-04-09|2026-04-10|2026-04-13|2026-04-14|2026-04-15,2026-04-15 15:51:32,0.0
Lockheed Martin,,2026-03-04|2026-03-05|2026-03-06|2026-03-09|2026-03-10|2026-03-11|2026-03-12|2026-03-13|2026-03-16|2026-03-17|2026-03-18|2026-03-19|2026-03-20|2026-03-23|2026-03-24|2026-03-25|2026-03-26|2026-03-27|2026-03-30|2026-03-31|2026-04-01|2026-04-02|2026-04-06|2026-04-07|2026-04-08|2026-04-09|2026-04-10|2026-04-13|2026-04-14|2026-04-15,2026-04-15 15:51:32,0.0
MetLife Inc,,2026-03-04|2026-03-05|2026-03-06|2026-03-09|2026-03-10|2026-03-11|2026-03-12|2026-03-13|2026-03-16|2026-03-17|2026-03-18|2026-03-19|2026-03-20|2026-03-23|2026-03-24|2026-03-25|2026-03-26|2026-03-27|2026-03-30|2026-03-31|2026-04-01|2026-04-02|2026-04-06|2026-04-07|2026-04-08|2026-04-09|2026-04-10|2026-04-13|2026-04-14|2026-04-15,2026-04-15 15:51:32,0.0
HCA Healthcare,,2026-03-04|2026-03-05|2026-03-06|2026-03-09|2026-03-10|2026-03-11|2026-03-12|2026-03-13|2026-03-16|2026-03-17|2026-03-18|2026-03-19|2026-03-20|2026-03-23|2026-03-24|2026-03-25|2026-03-26|2026-03-27|2026-03-30|2026-03-31|2026-04-01|2026-04-02|2026-04-06|2026-04-07|2026-04-08|2026-04-09|2026-04-10|2026-04-13|2026-04-14|2026-04-15,2026-04-15 15:51:32,0.0
Prudential Financial,,2026-03-04|2026-03-05|2026-03-06|2026-03-09|2026-03-10|2026-03-11|2026-03-12|2026-03-13|2026-03-16|2026-03-17|2026-03-18|2026-03-19|2026-03-20|2026-03-23|2026-03-24|2026-03-25|2026-03-26|2026-03-27|2026-03-30|2026-03-31|2026-04-01|2026-04-02|2026-04-06|2026-04-07|2026-04-08|2026-04-09|2026-04-10|2026-04-13|2026-04-14|2026-04-15,2026-04-15 15:51:32,0.0
Boeing,,2026-03-04|2026-03-05|2026-03-06|2026-03-09|2026-03-10|2026-03-11|2026-03-12|2026-03-13|2026-03-16|2026-03-17|2026-03-18|2026-03-19|2026-03-20|2026-03-23|2026-03-24|2026-03-25|2026-03-26|2026-03-27|2026-03-30|2026-03-31|2026-04-01|2026-04-02|2026-04-06|2026-04-07|2026-04-08|2026-04-09|2026-04-10|2026-04-13|2026-04-14|2026-04-15,2026-04-15 15:51:32,0.0
Caterpillar,,2026-03-04|2026-03-05|2026-03-06|2026-03-09|2026-03-10|2026-03-11|2026-03-12|2026-03-13|2026-03-16|2026-03-17|2026-03-18|2026-03-19|2026-03-20|2026-03-23|2026-03-24|2026-03-25|2026-03-26|2026-03-27|2026-03-30|2026-03-31|2026-04-01|2026-04-02|2026-04-06|2026-04-07|2026-04-08|2026-04-09|2026-04-10|2026-04-13|2026-04-14|2026-04-15,2026-04-15 15:51:32,0.0
Merck,,2026-03-04|2026-03-05|2026-03-06|2026-03-09|2026-03-10|2026-03-11|2026-03-12|2026-03-13|2026-03-16|2026-03-17|2026-03-18|2026-03-19|2026-03-20|2026-03-23|2026-03-24|2026-03-25|2026-03-26|2026-03-27|2026-03-30|2026-03-31|2026-04-01|2026-04-02|2026-04-06|2026-04-07|2026-04-08|2026-04-09|2026-04-10|2026-04-13|2026-04-14|2026-04-15,2026-04-15 15:51:32,0.0
Allstate,,2026-03-04|2026-03-05|2026-03-06|2026-03-09|2026-03-10|2026-03-11|2026-03-12|2026-03-13|2026-03-16|2026-03-17|2026-03-18|2026-03-19|2026-03-20|2026-03-23|2026-03-24|2026-03-25|2026-03-26|2026-03-27|2026-03-30|2026-03-31|2026-04-01|2026-04-02|2026-04-06|2026-04-07|2026-04-08|2026-04-09|2026-04-10|2026-04-13|2026-04-14|2026-04-15,2026-04-15 15:51:32,0.0
Pfizer,,2026-03-04|2026-03-05|2026-03-06|2026-03-09|2026-03-10|2026-03-11|2026-03-12|2026-03-13|2026-03-16|2026-03-17|2026-03-18|2026-03-19|2026-03-20|2026-03-23|2026-03-24|2026-03-25|2026-03-26|2026-03-27|2026-03-30|2026-03-31|2026-04-01|2026-04-02|2026-04-06|2026-04-07|2026-04-08|2026-04-09|2026-04-10|2026-04-13|2026-04-14|2026-04-15,2026-04-15 15:51:32,0.0
IBM,,2026-03-04|2026-03-05|2026-03-06|2026-03-09|2026-03-10|2026-03-11|2026-03-12|2026-03-13|2026-03-16|2026-03-17|2026-03-18|2026-03-19|2026-03-20|2026-03-23|2026-03-24|2026-03-25|2026-03-26|2026-03-27|2026-03-30|2026-03-31|2026-04-01|2026-04-02|2026-04-06|2026-04-07|2026-04-08|2026-04-09|2026-04-10|2026-04-13|2026-04-14|2026-04-15,2026-04-15 15:51:32,0.0
Delta Air Lines,,2026-03-04|2026-03-05|2026-03-06|2026-03-09|2026-03-10|2026-03-11|2026-03-12|2026-03-13|2026-03-16|2026-03-17|2026-03-18|2026-03-19|2026-03-20|2026-03-23|2026-03-24|2026-03-25|2026-03-26|2026-03-27|2026-03-30|2026-03-31|2026-04-01|2026-04-02|2026-04-06|2026-04-07|2026-04-08|2026-04-09|2026-04-10|2026-04-13|2026-04-14|2026-04-15,2026-04-15 15:51:32,0.0
Publix Super Markets,,2026-03-04|2026-03-05|2026-03-06|2026-03-09|2026-03-10|2026-03-11|2026-03-12|2026-03-13|2026-03-16|2026-03-17|2026-03-18|2026-03-19|2026-03-20|2026-03-23|2026-03-24|2026-03-25|2026-03-26|2026-03-27|2026-03-30|2026-03-31|2026-04-01|2026-04-02|2026-04-06|2026-04-07|2026-04-08|2026-04-09|2026-04-10|2026-04-13|2026-04-14|2026-04-15,2026-04-15 15:51:32,0.0
TD Synnex,,2026-03-04|2026-03-05|2026-03-06|2026-03-09|2026-03-10|2026-03-11|2026-03-12|2026-03-13|2026-03-16|2026-03-17|2026-03-18|2026-03-19|2026-03-20|2026-03-23|2026-03-24|2026-03-25|2026-03-26|2026-03-27|2026-03-30|2026-03-31|2026-04-01|2026-04-02|2026-04-06|2026-04-07|2026-04-08|2026-04-09|2026-04-10|2026-04-13|2026-04-14|2026-04-15,2026-04-15 15:51:32,0.0
United Airlines,,2026-03-04|2026-03-05|2026-03-06|2026-03-09|2026-03-10|2026-03-11|2026-03-12|2026-03-13|2026-03-16|2026-03-17|2026-03-18|2026-03-19|2026-03-20|2026-03-23|2026-03-24|2026-03-25|2026-03-26|2026-03-27|2026-03-30|2026-03-31|2026-04-01|2026-04-02|2026-04-06|2026-04-07|2026-04-08|2026-04-09|2026-04-10|2026-04-13|2026-04-14|2026-04-15,2026-04-15 15:51:32,0.0
ConocoPhillips,,2026-03-04|2026-03-05|2026-03-06|2026-03-09|2026-03-10|2026-03-11|2026-03-12|2026-03-13|2026-03-16|2026-03-17|2026-03-18|2026-03-19|2026-03-20|2026-03-23|2026-03-24|2026-03-25|2026-03-26|2026-03-27|2026-03-30|2026-03-31|2026-04-01|2026-04-02|2026-04-06|2026-04-07|2026-04-08|2026-04-09|2026-04-10|2026-04-13|2026-04-14|2026-04-15,2026-04-15 15:51:32,0.0
TJX,,2026-03-04|2026-03-05|2026-03-06|2026-03-09|2026-03-10|2026-03-11|2026-03-12|2026-03-13|2026-03-16|2026-03-17|2026-03-18|2026-03-19|2026-03-20|2026-03-23|2026-03-24|2026-03-25|2026-03-26|2026-03-27|2026-03-30|2026-03-31|2026-04-01|2026-04-02|2026-04-06|2026-04-07|2026-04-08|2026-04-09|2026-04-10|2026-04-13|2026-04-14|2026-04-15,2026-04-15 15:51:32,0.0
AbbVie,,2026-03-04|2026-03-05|2026-03-06|2026-03-09|2026-03-10|2026-03-11|2026-03-12|2026-03-13|2026-03-16|2026-03-17|2026-03-18|2026-03-19|2026-03-20|2026-03-23|2026-03-24|2026-03-25|2026-03-26|2026-03-27|2026-03-30|2026-03-31|2026-04-01|2026-04-02|2026-04-06|2026-04-07|2026-04-08|2026-04-09|2026-04-10|2026-04-13|2026-04-14|2026-04-15,2026-04-15 15:51:32,0.0
Enterprise Products Partners,,2026-03-04|2026-03-05|2026-03-06|2026-03-09|2026-03-10|2026-03-11|2026-03-12|2026-03-13|2026-03-16|2026-03-17|2026-03-18|2026-03-19|2026-03-20|2026-03-23|2026-03-24|2026-03-25|2026-03-26|2026-03-27|2026-03-30|2026-03-31|2026-04-01|2026-04-02|2026-04-06|2026-04-07|2026-04-08|2026-04-09|2026-04-10|2026-04-13|2026-04-14|2026-04-15,2026-04-15 15:51:32,0.0
Charter Communications,,2026-03-04|2026-03-05|2026-03-06|2026-03-09|2026-03-10|2026-03-11|2026-03-12|2026-03-13|2026-03-16|2026-03-17|2026-03-18|2026-03-19|2026-03-20|2026-03-23|2026-03-24|2026-03-25|2026-03-26|2026-03-27|2026-03-30|2026-03-31|2026-04-01|2026-04-02|2026-04-06|2026-04-07|2026-04-08|2026-04-09|2026-04-10|2026-04-13|2026-04-14|2026-04-15,2026-04-15 15:51:32,0.0
Performance Food,,2026-03-04|2026-03-05|2026-03-06|2026-03-09|2026-03-10|2026-03-11|2026-03-12|2026-03-13|2026-03-16|2026-03-17|2026-03-18|2026-03-19|2026-03-20|2026-03-23|2026-03-24|2026-03-25|2026-03-26|2026-03-27|2026-03-30|2026-03-31|2026-04-01|2026-04-02|2026-04-06|2026-04-07|2026-04-08|2026-04-09|2026-04-10|2026-04-13|2026-04-14|2026-04-15,2026-04-15 15:51:32,0.0
American Airlines,,2026-03-04|2026-03-05|2026-03-06|2026-03-09|2026-03-10|2026-03-11|2026-03-12|2026-03-13|2026-03-16|2026-03-17|2026-03-18|2026-03-19|2026-03-20|2026-03-23|2026-03-24|2026-03-25|2026-03-26|2026-03-27|2026-03-30|2026-03-31|2026-04-01|2026-04-02|2026-04-06|2026-04-07|2026-04-08|2026-04-09|2026-04-10|2026-04-13|2026-04-14|2026-04-15,2026-04-15 15:51:32,0.0
Capital One,,2026-03-04|2026-03-05|2026-03-06|2026-03-09|2026-03-10|2026-03-11|2026-03-12|2026-03-13|2026-03-16|2026-03-17|2026-03-18|2026-03-19|2026-03-20|2026-03-23|2026-03-24|2026-03-25|2026-03-26|2026-03-27|2026-03-30|2026-03-31|2026-04-01|2026-04-02|2026-04-06|2026-04-07|2026-04-08|2026-04-09|2026-04-10|2026-04-13|2026-04-14|2026-04-15,2026-04-15 15:51:32,0.0
Cisco Systems,,2026-03-04|2026-03-05|2026-03-06|2026-03-09|2026-03-10|2026-03-11|2026-03-12|2026-03-13|2026-03-16|2026-03-17|2026-03-18|2026-03-19|2026-03-20|2026-03-23|2026-03-24|2026-03-25|2026-03-26|2026-03-27|2026-03-30|2026-03-31|2026-04-01|2026-04-02|2026-04-06|2026-04-07|2026-04-08|2026-04-09|2026-04-10|2026-04-13|2026-04-14|2026-04-15,2026-04-15 15:51:32,0.0
HP,,2026-03-04|2026-03-05|2026-03-06|2026-03-09|2026-03-10|2026-03-11|2026-03-12|2026-03-13|2026-03-16|2026-03-17|2026-03-18|2026-03-19|2026-03-20|2026-03-23|2026-03-24|2026-03-25|2026-03-26|2026-03-27|2026-03-30|2026-03-31|2026-04-01|2026-04-02|2026-04-06|2026-04-07|2026-04-08|2026-04-09|2026-04-10|2026-04-13|2026-04-14|2026-04-15,2026-04-15 15:51:32,0.0
Tyson Foods,,2026-03-04|2026-03-05|2026-03-06|2026-03-09|2026-03-10|2026-03-11|2026-03-12|2026-03-13|2026-03-16|2026-03-17|2026-03-18|2026-03-19|2026-03-20|2026-03-23|2026-03-24|2026-03-25|2026-03-26|2026-03-27|2026-03-30|2026-03-31|2026-04-01|2026-04-02|2026-04-06|2026-04-07|2026-04-08|2026-04-09|2026-04-10|2026-04-13|2026-04-14|2026-04-15,2026-04-15 15:51:32,0.0
Intel,,2026-03-04|2026-03-05|2026-03-06|2026-03-09|2026-03-10|2026-03-11|2026-03-12|2026-03-13|2026-03-16|2026-03-17|2026-03-18|2026-03-19|2026-03-20|2026-03-23|2026-03-24|2026-03-25|2026-03-26|2026-03-27|2026-03-30|2026-03-31|2026-04-01|2026-04-02|2026-04-06|2026-04-07|2026-04-08|2026-04-09|2026-04-10|2026-04-13|2026-04-14|2026-04-15,2026-04-15 15:51:32,0.0
Oracle,,2026-03-04|2026-03-05|2026-03-06|2026-03-09|2026-03-10|2026-03-11|2026-03-12|2026-03-13|2026-03-16|2026-03-17|2026-03-18|2026-03-19|2026-03-20|2026-03-23|2026-03-24|2026-03-25|2026-03-26|2026-03-27|2026-03-30|2026-03-31|2026-04-01|2026-04-02|2026-04-06|2026-04-07|2026-04-08|2026-04-09|2026-04-10|2026-04-13|2026-04-14|2026-04-15,2026-04-15 15:51:32,0.0
Broadcom,,2026-03-04|2026-03-05|2026-03-06|2026-03-09|2026-03-10|2026-03-11|2026-03-12|2026-03-13|2026-03-16|2026-03-17|2026-03-18|2026-03-19|2026-03-20|2026-03-23|2026-03-24|2026-03-25|2026-03-26|2026-03-27|2026-03-30|2026-03-31|2026-04-01|2026-04-02|2026-04-06|2026-04-07|2026-04-08|2026-04-09|2026-04-10|2026-04-13|2026-04-14|2026-04-15,2026-04-15 15:51:32,0.0
Deere,,2026-03-04|2026-03-05|2026-03-06|2026-03-09|2026-03-10|2026-03-11|2026-03-12|2026-03-13|2026-03-16|2026-03-17|2026-03-18|2026-03-19|2026-03-20|2026-03-23|2026-03-24|2026-03-25|2026-03-26|2026-03-27|2026-03-30|2026-03-31|2026-04-01|2026-04-02|2026-04-06|2026-04-07|2026-04-08|2026-04-09|2026-04-10|2026-04-13|2026-04-14|2026-04-15,2026-04-15 15:51:32,0.0
Nike,,2026-03-04|2026-03-05|2026-03-06|2026-03-09|2026-03-10|2026-03-11|2026-03-12|2026-03-13|2026-03-16|2026-03-17|2026-03-18|2026-03-19|2026-03-20|2026-03-23|2026-03-24|2026-03-25|2026-03-26|2026-03-27|2026-03-30|2026-03-31|2026-04-01|2026-04-02|2026-04-06|2026-04-07|2026-04-08|2026-04-09|2026-04-10|2026-04-13|2026-04-14|2026-04-15,2026-04-15 15:51:32,0.0
Plains GP,,2026-03-04|2026-03-05|2026-03-06|2026-03-09|2026-03-10|2026-03-11|2026-03-12|2026-03-13|2026-03-16|2026-03-17|2026-03-18|2026-03-19|2026-03-20|2026-03-23|2026-03-24|2026-03-25|2026-03-26|2026-03-27|2026-03-30|2026-03-31|2026-04-01|2026-04-02|2026-04-06|2026-04-07|2026-04-08|2026-04-09|2026-04-10|2026-04-13|2026-04-14|2026-04-15,2026-04-15 15:51:32,0.0
Bristol-Myers Squibb,,2026-03-04|2026-03-05|2026-03-06|2026-03-09|2026-03-10|2026-03-11|2026-03-12|2026-03-13|2026-03-16|2026-03-17|2026-03-18|2026-03-19|2026-03-20|2026-03-23|2026-03-24|2026-03-25|2026-03-26|2026-03-27|2026-03-30|2026-03-31|2026-04-01|2026-04-02|2026-04-06|2026-04-07|2026-04-08|2026-04-09|2026-04-10|2026-04-13|2026-04-14|2026-04-15,2026-04-15 15:51:32,0.0
Ingram Micro,,2026-03-04|2026-03-05|2026-03-06|2026-03-09|2026-03-10|2026-03-11|2026-03-12|2026-03-13|2026-03-16|2026-03-17|2026-03-18|2026-03-19|2026-03-20|2026-03-23|2026-03-24|2026-03-25|2026-03-26|2026-03-27|2026-03-30|2026-03-31|2026-04-01|2026-04-02|2026-04-06|2026-04-07|2026-04-08|2026-04-09|2026-04-10|2026-04-13|2026-04-14|2026-04-15,2026-04-15 15:51:32,0.0
General Dynamics,,2026-03-04|2026-03-05|2026-03-06|2026-03-09|2026-03-10|2026-03-11|2026-03-12|2026-03-13|2026-03-16|2026-03-17|2026-03-18|2026-03-19|2026-03-20|2026-03-23|2026-03-24|2026-03-25|2026-03-26|2026-03-27|2026-03-30|2026-03-31|2026-04-01|2026-04-02|2026-04-06|2026-04-07|2026-04-08|2026-04-09|2026-04-10|2026-04-13|2026-04-14|2026-04-15,2026-04-15 15:51:32,0.0
The Coca-Cola Company,,2026-03-04|2026-03-05|2026-03-06|2026-03-09|2026-03-10|2026-03-11|2026-03-12|2026-03-13|2026-03-16|2026-03-17|2026-03-18|2026-03-19|2026-03-20|2026-03-23|2026-03-24|2026-03-25|2026-03-26|2026-03-27|2026-03-30|2026-03-31|2026-04-01|2026-04-02|2026-04-06|2026-04-07|2026-04-08|2026-04-09|2026-04-10|2026-04-13|2026-04-14|2026-04-15,2026-04-15 15:51:32,0.0
Travelers Insurance,,2026-03-04|2026-03-05|2026-03-06|2026-03-09|2026-03-10|2026-03-11|2026-03-12|2026-03-13|2026-03-16|2026-03-17|2026-03-18|2026-03-19|2026-03-20|2026-03-23|2026-03-24|2026-03-25|2026-03-26|2026-03-27|2026-03-30|2026-03-31|2026-04-01|2026-04-02|2026-04-06|2026-04-07|2026-04-08|2026-04-09|2026-04-10|2026-04-13|2026-04-14|2026-04-15,2026-04-15 15:51:32,0.0
Eli Lilly,,2026-03-04|2026-03-05|2026-03-06|2026-03-09|2026-03-10|2026-03-11|2026-03-12|2026-03-13|2026-03-16|2026-03-17|2026-03-18|2026-03-19|2026-03-20|2026-03-23|2026-03-24|2026-03-25|2026-03-26|2026-03-27|2026-03-30|2026-03-31|2026-04-01|2026-04-02|2026-04-06|2026-04-07|2026-04-08|2026-04-09|2026-04-10|2026-04-13|2026-04-14|2026-04-15,2026-04-15 15:51:32,0.0
Uber,,2026-03-04|2026-03-05|2026-03-06|2026-03-09|2026-03-10|2026-03-11|2026-03-12|2026-03-13|2026-03-16|2026-03-17|2026-03-18|2026-03-19|2026-03-20|2026-03-23|2026-03-24|2026-03-25|2026-03-26|2026-03-27|2026-03-30|2026-03-31|2026-04-01|2026-04-02|2026-04-06|2026-04-07|2026-04-08|2026-04-09|2026-04-10|2026-04-13|2026-04-14|2026-04-15,2026-04-15 15:51:32,0.0
Thermo Fisher Scientific,,2026-03-04|2026-03-05|2026-03-06|2026-03-09|2026-03-10|2026-03-11|2026-03-12|2026-03-13|2026-03-16|2026-03-17|2026-03-18|2026-03-19|2026-03-20|2026-03-23|2026-03-24|2026-03-25|2026-03-26|2026-03-27|2026-03-30|2026-03-31|2026-04-01|2026-04-02|2026-04-06|2026-04-07|2026-04-08|2026-04-09|2026-04-10|2026-04-13|2026-04-14|2026-04-15,2026-04-15 15:51:32,0.0
US Bancorp,,2026-03-04|2026-03-05|2026-03-06|2026-03-09|2026-03-10|2026-03-11|2026-03-12|2026-03-13|2026-03-16|2026-03-17|2026-03-18|2026-03-19|2026-03-20|2026-03-23|2026-03-24|2026-03-25|2026-03-26|2026-03-27|2026-03-30|2026-03-31|2026-04-01|2026-04-02|2026-04-06|2026-04-07|2026-04-08|2026-04-09|2026-04-10|2026-04-13|2026-04-14|2026-04-15,2026-04-15 15:51:32,0.0
World Kinect,,2026-03-04|2026-03-05|2026-03-06|2026-03-09|2026-03-10|2026-03-11|2026-03-12|2026-03-13|2026-03-16|2026-03-17|2026-03-18|2026-03-19|2026-03-20|2026-03-23|2026-03-24|2026-03-25|2026-03-26|2026-03-27|2026-03-30|2026-03-31|2026-04-01|2026-04-02|2026-04-06|2026-04-07|2026-04-08|2026-04-09|2026-04-10|2026-04-13|2026-04-14|2026-04-15,2026-04-15 15:51:32,0.0
Abbott Laboratories,,2026-03-04|2026-03-05|2026-03-06|2026-03-09|2026-03-10|2026-03-11|2026-03-12|2026-03-13|2026-03-16|2026-03-17|2026-03-18|2026-03-19|2026-03-20|2026-03-23|2026-03-24|2026-03-25|2026-03-26|2026-03-27|2026-03-30|2026-03-31|2026-04-01|2026-04-02|2026-04-06|2026-04-07|2026-04-08|2026-04-09|2026-04-10|2026-04-13|2026-04-14|2026-04-15,2026-04-15 15:51:32,0.0
Best Buy,,2026-03-04|2026-03-05|2026-03-06|2026-03-09|2026-03-10|2026-03-11|2026-03-12|2026-03-13|2026-03-16|2026-03-17|2026-03-18|2026-03-19|2026-03-20|2026-03-23|2026-03-24|2026-03-25|2026-03-26|2026-03-27|2026-03-30|2026-03-31|2026-04-01|2026-04-02|2026-04-06|2026-04-07|2026-04-08|2026-04-09|2026-04-10|2026-04-13|2026-04-14|2026-04-15,2026-04-15 15:51:32,0.0
Northrop Grumman,,2026-03-04|2026-03-05|2026-03-06|2026-03-09|2026-03-10|2026-03-11|2026-03-12|2026-03-13|2026-03-16|2026-03-17|2026-03-18|2026-03-19|2026-03-20|2026-03-23|2026-03-24|2026-03-25|2026-03-26|2026-03-27|2026-03-30|2026-03-31|2026-04-01|2026-04-02|2026-04-06|2026-04-07|2026-04-08|2026-04-09|2026-04-10|2026-04-13|2026-04-14|2026-04-15,2026-04-15 15:51:32,0.0
Molina Healthcare,,2026-03-04|2026-03-05|2026-03-06|2026-03-09|2026-03-10|2026-03-11|2026-03-12|2026-03-13|2026-03-16|2026-03-17|2026-03-18|2026-03-19|2026-03-20|2026-03-23|2026-03-24|2026-03-25|2026-03-26|2026-03-27|2026-03-30|2026-03-31|2026-04-01|2026-04-02|2026-04-06|2026-04-07|2026-04-08|2026-04-09|2026-04-10|2026-04-13|2026-04-14|2026-04-15,2026-04-15 15:51:32,0.0
Dollar General,,2026-03-04|2026-03-05|2026-03-06|2026-03-09|2026-03-10|2026-03-11|2026-03-12|2026-03-13|2026-03-16|2026-03-17|2026-03-18|2026-03-19|2026-03-20|2026-03-23|2026-03-24|2026-03-25|2026-03-26|2026-03-27|2026-03-30|2026-03-31|2026-04-01|2026-04-02|2026-04-06|2026-04-07|2026-04-08|2026-04-09|2026-04-10|2026-04-13|2026-04-14|2026-04-15,2026-04-15 15:51:32,0.0
Bank of New York Mellon,,2026-03-04|2026-03-05|2026-03-06|2026-03-09|2026-03-10|2026-03-11|2026-03-12|2026-03-13|2026-03-16|2026-03-17|2026-03-18|2026-03-19|2026-03-20|2026-03-23|2026-03-24|2026-03-25|2026-03-26|2026-03-27|2026-03-30|2026-03-31|2026-04-01|2026-04-02|2026-04-06|2026-04-07|2026-04-08|2026-04-09|2026-04-10|2026-04-13|2026-04-14|2026-04-15,2026-04-15 15:51:32,0.0
Warner Bros Discovery,,2026-03-04|2026-03-05|2026-03-06|2026-03-09|2026-03-10|2026-03-11|2026-03-12|2026-03-13|2026-03-16|2026-03-17|2026-03-18|2026-03-19|2026-03-20|2026-03-23|2026-03-24|2026-03-25|2026-03-26|2026-03-27|2026-03-30|2026-03-31|2026-04-01|2026-04-02|2026-04-06|2026-04-07|2026-04-08|2026-04-09|2026-04-10|2026-04-13|2026-04-14|2026-04-15,2026-04-15 15:51:32,0.0
Netflix,,2026-03-04|2026-03-05|2026-03-06|2026-03-09|2026-03-10|2026-03-11|2026-03-12|2026-03-13|2026-03-16|2026-03-17|2026-03-18|2026-03-19|2026-03-20|2026-03-23|2026-03-24|2026-03-25|2026-03-26|2026-03-27|2026-03-30|2026-03-31|2026-04-01|2026-04-02|2026-04-06|2026-04-07|2026-04-08|2026-04-09|2026-04-10|2026-04-13|2026-04-14|2026-04-15,2026-04-15 15:51:32,0.0
Qualcomm,,2026-03-04|2026-03-05|2026-03-06|2026-03-09|2026-03-10|2026-03-11|2026-03-12|2026-03-13|2026-03-16|2026-03-17|2026-03-18|2026-03-19|2026-03-20|2026-03-23|2026-03-24|2026-03-25|2026-03-26|2026-03-27|2026-03-30|2026-03-31|2026-04-01|2026-04-02|2026-04-06|2026-04-07|2026-04-08|2026-04-09|2026-04-10|2026-04-13|2026-04-14|2026-04-15,2026-04-15 15:51:32,0.0
Honeywell,,2026-03-04|2026-03-05|2026-03-06|2026-03-09|2026-03-10|2026-03-11|2026-03-12|2026-03-13|2026-03-16|2026-03-17|2026-03-18|2026-03-19|2026-03-20|2026-03-23|2026-03-24|2026-03-25|2026-03-26|2026-03-27|2026-03-30|2026-03-31|2026-04-01|2026-04-02|2026-04-06|2026-04-07|2026-04-08|2026-04-09|2026-04-10|2026-04-13|2026-04-14|2026-04-15,2026-04-15 15:51:32,0.0
Salesforce,,2026-03-04|2026-03-05|2026-03-06|2026-03-09|2026-03-10|2026-03-11|2026-03-12|2026-03-13|2026-03-16|2026-03-17|2026-03-18|2026-03-19|2026-03-20|2026-03-23|2026-03-24|2026-03-25|2026-03-26|2026-03-27|2026-03-30|2026-03-31|2026-04-01|2026-04-02|2026-04-06|2026-04-07|2026-04-08|2026-04-09|2026-04-10|2026-04-13|2026-04-14|2026-04-15,2026-04-15 15:51:32,0.0
Philip Morris International,,2026-03-04|2026-03-05|2026-03-06|2026-03-09|2026-03-10|2026-03-11|2026-03-12|2026-03-13|2026-03-16|2026-03-17|2026-03-18|2026-03-19|2026-03-20|2026-03-23|2026-03-24|2026-03-25|2026-03-26|2026-03-27|2026-03-30|2026-03-31|2026-04-01|2026-04-02|2026-04-06|2026-04-07|2026-04-08|2026-04-09|2026-04-10|2026-04-13|2026-04-14|2026-04-15,2026-04-15 15:51:32,0.0
US Foods,,2026-03-04|2026-03-05|2026-03-06|2026-03-09|2026-03-10|2026-03-11|2026-03-12|2026-03-13|2026-03-16|2026-03-17|2026-03-18|2026-03-19|2026-03-20|2026-03-23|2026-03-24|2026-03-25|2026-03-26|2026-03-27|2026-03-30|2026-03-31|2026-04-01|2026-04-02|2026-04-06|2026-04-07|2026-04-08|2026-04-09|2026-04-10|2026-04-13|2026-04-14|2026-04-15,2026-04-15 15:51:32,0.0
DR Horton Inc,,2026-03-04|2026-03-05|2026-03-06|2026-03-09|2026-03-10|2026-03-11|2026-03-12|2026-03-13|2026-03-16|2026-03-17|2026-03-18|2026-03-19|2026-03-20|2026-03-23|2026-03-24|2026-03-25|2026-03-26|2026-03-27|2026-03-30|2026-03-31|2026-04-01|2026-04-02|2026-04-06|2026-04-07|2026-04-08|2026-04-09|2026-04-10|2026-04-13|2026-04-14|2026-04-15,2026-04-15 15:51:32,0.0
Lithia Motors,,2026-03-04|2026-03-05|2026-03-06|2026-03-09|2026-03-10|2026-03-11|2026-03-12|2026-03-13|2026-03-16|2026-03-17|2026-03-18|2026-03-19|2026-03-20|2026-03-23|2026-03-24|2026-03-25|2026-03-26|2026-03-27|2026-03-30|2026-03-31|2026-04-01|2026-04-02|2026-04-06|2026-04-07|2026-04-08|2026-04-09|2026-04-10|2026-04-13|2026-04-14|2026-04-15,2026-04-15 15:51:32,0.0
Mondelez,,2026-03-04|2026-03-05|2026-03-06|2026-03-09|2026-03-10|2026-03-11|2026-03-12|2026-03-13|2026-03-16|2026-03-17|2026-03-18|2026-03-19|2026-03-20|2026-03-23|2026-03-24|2026-03-25|2026-03-26|2026-03-27|2026-03-30|2026-03-31|2026-04-01|2026-04-02|2026-04-06|2026-04-07|2026-04-08|2026-04-09|2026-04-10|2026-04-13|2026-04-14|2026-04-15,2026-04-15 15:51:32,0.0
Starbucks,,2026-03-04|2026-03-05|2026-03-06|2026-03-09|2026-03-10|2026-03-11|2026-03-12|2026-03-13|2026-03-16|2026-03-17|2026-03-18|2026-03-19|2026-03-20|2026-03-23|2026-03-24|2026-03-25|2026-03-26|2026-03-27|2026-03-30|2026-03-31|2026-04-01|2026-04-02|2026-04-06|2026-04-07|2026-04-08|2026-04-09|2026-04-10|2026-04-13|2026-04-14|2026-04-15,2026-04-15 15:51:32,0.0
Visa Inc,,2026-03-04|2026-03-05|2026-03-06|2026-03-09|2026-03-10|2026-03-11|2026-03-12|2026-03-13|2026-03-16|2026-03-17|2026-03-18|2026-03-19|2026-03-20|2026-03-23|2026-03-24|2026-03-25|2026-03-26|2026-03-27|2026-03-30|2026-03-31|2026-04-01|2026-04-02|2026-04-06|2026-04-07|2026-04-08|2026-04-09|2026-04-10|2026-04-13|2026-04-14|2026-04-15,2026-04-15 15:51:32,0.0
CBRE Group,,2026-03-04|2026-03-05|2026-03-06|2026-03-09|2026-03-10|2026-03-11|2026-03-12|2026-03-13|2026-03-16|2026-03-17|2026-03-18|2026-03-19|2026-03-20|2026-03-23|2026-03-24|2026-03-25|2026-03-26|2026-03-27|2026-03-30|2026-03-31|2026-04-01|2026-04-02|2026-04-06|2026-04-07|2026-04-08|2026-04-09|2026-04-10|2026-04-13|2026-04-14|2026-04-15,2026-04-15 15:51:32,0.0
Lennar,,2026-03-04|2026-03-05|2026-03-06|2026-03-09|2026-03-10|2026-03-11|2026-03-12|2026-03-13|2026-03-16|2026-03-17|2026-03-18|2026-03-19|2026-03-20|2026-03-23|2026-03-24|2026-03-25|2026-03-26|2026-03-27|2026-03-30|2026-03-31|2026-04-01|2026-04-02|2026-04-06|2026-04-07|2026-04-08|2026-04-09|2026-04-10|2026-04-13|2026-04-14|2026-04-15,2026-04-15 15:51:32,0.0
GE Vernova,,2026-03-04|2026-03-05|2026-03-06|2026-03-09|2026-03-10|2026-03-11|2026-03-12|2026-03-13|2026-03-16|2026-03-17|2026-03-18|2026-03-19|2026-03-20|2026-03-23|2026-03-24|2026-03-25|2026-03-26|2026-03-27|2026-03-30|2026-03-31|2026-04-01|2026-04-02|2026-04-06|2026-04-07|2026-04-08|2026-04-09|2026-04-10|2026-04-13|2026-04-14|2026-04-15,2026-04-15 15:51:32,0.0
PNC Financial Services,,2026-03-04|2026-03-05|2026-03-06|2026-03-09|2026-03-10|2026-03-11|2026-03-12|2026-03-13|2026-03-16|2026-03-17|2026-03-18|2026-03-19|2026-03-20|2026-03-23|2026-03-24|2026-03-25|2026-03-26|2026-03-27|2026-03-30|2026-03-31|2026-04-01|2026-04-02|2026-04-06|2026-04-07|2026-04-08|2026-04-09|2026-04-10|2026-04-13|2026-04-14|2026-04-15,2026-04-15 15:51:32,0.0
Cummins Inc,,2026-03-04|2026-03-05|2026-03-06|2026-03-09|2026-03-10|2026-03-11|2026-03-12|2026-03-13|2026-03-16|2026-03-17|2026-03-18|2026-03-19|2026-03-20|2026-03-23|2026-03-24|2026-03-25|2026-03-26|2026-03-27|2026-03-30|2026-03-31|2026-04-01|2026-04-02|2026-04-06|2026-04-07|2026-04-08|2026-04-09|2026-04-10|2026-04-13|2026-04-14|2026-04-15,2026-04-15 15:51:32,0.0
Paccar,,2026-03-04|2026-03-05|2026-03-06|2026-03-09|2026-03-10|2026-03-11|2026-03-12|2026-03-13|2026-03-16|2026-03-17|2026-03-18|2026-03-19|2026-03-20|2026-03-23|2026-03-24|2026-03-25|2026-03-26|2026-03-27|2026-03-30|2026-03-31|2026-04-01|2026-04-02|2026-04-06|2026-04-07|2026-04-08|2026-04-09|2026-04-10|2026-04-13|2026-04-14|2026-04-15,2026-04-15 15:51:32,0.0
Amgen,,2026-03-04|2026-03-05|2026-03-06|2026-03-09|2026-03-10|2026-03-11|2026-03-12|2026-03-13|2026-03-16|2026-03-17|2026-03-18|2026-03-19|2026-03-20|2026-03-23|2026-03-24|2026-03-25|2026-03-26|2026-03-27|2026-03-30|2026-03-31|2026-04-01|2026-04-02|2026-04-06|2026-04-07|2026-04-08|2026-04-09|2026-04-10|2026-04-13|2026-04-14|2026-04-15,2026-04-15 15:51:32,0.0
PBF Energy,,2026-03-04|2026-03-05|2026-03-06|2026-03-09|2026-03-10|2026-03-11|2026-03-12|2026-03-13|2026-03-16|2026-03-17|2026-03-18|2026-03-19|2026-03-20|2026-03-23|2026-03-24|2026-03-25|2026-03-26|2026-03-27|2026-03-30|2026-03-31|2026-04-01|2026-04-02|2026-04-06|2026-04-07|2026-04-08|2026-04-09|2026-04-10|2026-04-13|2026-04-14|2026-04-15,2026-04-15 15:51:32,0.0
PayPal,,2026-03-04|2026-03-05|2026-03-06|2026-03-09|2026-03-10|2026-03-11|2026-03-12|2026-03-13|2026-03-16|2026-03-17|2026-03-18|2026-03-19|2026-03-20|2026-03-23|2026-03-24|2026-03-25|2026-03-26|2026-03-27|2026-03-30|2026-03-31|2026-04-01|2026-04-02|2026-04-06|2026-04-07|2026-04-08|2026-04-09|2026-04-10|2026-04-13|2026-04-14|2026-04-15,2026-04-15 15:51:32,0.0
United Natural Foods,,2026-03-04|2026-03-05|2026-03-06|2026-03-09|2026-03-10|2026-03-11|2026-03-12|2026-03-13|2026-03-16|2026-03-17|2026-03-18|2026-03-19|2026-03-20|2026-03-23|2026-03-24|2026-03-25|2026-03-26|2026-03-27|2026-03-30|2026-03-31|2026-04-01|2026-04-02|2026-04-06|2026-04-07|2026-04-08|2026-04-09|2026-04-10|2026-04-13|2026-04-14|2026-04-15,2026-04-15 15:51:32,0.0
Dollar Tree,,2026-03-04|2026-03-05|2026-03-06|2026-03-09|2026-03-10|2026-03-11|2026-03-12|2026-03-13|2026-03-16|2026-03-17|2026-03-18|2026-03-19|2026-03-20|2026-03-23|2026-03-24|2026-03-25|2026-03-26|2026-03-27|2026-03-30|2026-03-31|2026-04-01|2026-04-02|2026-04-06|2026-04-07|2026-04-08|2026-04-09|2026-04-10|2026-04-13|2026-04-14|2026-04-15,2026-04-15 15:51:32,0.0
Nucor,,2026-03-04|2026-03-05|2026-03-06|2026-03-09|2026-03-10|2026-03-11|2026-03-12|2026-03-13|2026-03-16|2026-03-17|2026-03-18|2026-03-19|2026-03-20|2026-03-23|2026-03-24|2026-03-25|2026-03-26|2026-03-27|2026-03-30|2026-03-31|2026-04-01|2026-04-02|2026-04-06|2026-04-07|2026-04-08|2026-04-09|2026-04-10|2026-04-13|2026-04-14|2026-04-15,2026-04-15 15:51:32,0.0
Penske Automotive,,2026-03-04|2026-03-05|2026-03-06|2026-03-09|2026-03-10|2026-03-11|2026-03-12|2026-03-13|2026-03-16|2026-03-17|2026-03-18|2026-03-19|2026-03-20|2026-03-23|2026-03-24|2026-03-25|2026-03-26|2026-03-27|2026-03-30|2026-03-31|2026-04-01|2026-04-02|2026-04-06|2026-04-07|2026-04-08|2026-04-09|2026-04-10|2026-04-13|2026-04-14|2026-04-15,2026-04-15 15:51:32,0.0
Coupang,,2026-03-04|2026-03-05|2026-03-06|2026-03-09|2026-03-10|2026-03-11|2026-03-12|2026-03-13|2026-03-16|2026-03-17|2026-03-18|2026-03-19|2026-03-20|2026-03-23|2026-03-24|2026-03-25|2026-03-26|2026-03-27|2026-03-30|2026-03-31|2026-04-01|2026-04-02|2026-04-06|2026-04-07|2026-04-08|2026-04-09|2026-04-10|2026-04-13|2026-04-14|2026-04-15,2026-04-15 15:51:32,0.0
Hewlett Packard Enterprise,,2026-03-04|2026-03-05|2026-03-06|2026-03-09|2026-03-10|2026-03-11|2026-03-12|2026-03-13|2026-03-16|2026-03-17|2026-03-18|2026-03-19|2026-03-20|2026-03-23|2026-03-24|2026-03-25|2026-03-26|2026-03-27|2026-03-30|2026-03-31|2026-04-01|2026-04-02|2026-04-06|2026-04-07|2026-04-08|2026-04-09|2026-04-10|2026-04-13|2026-04-14|2026-04-15,2026-04-15 15:51:32,0.0
Duke Energy,,2026-03-04|2026-03-05|2026-03-06|2026-03-09|2026-03-10|2026-03-11|2026-03-12|2026-03-13|2026-03-16|2026-03-17|2026-03-18|2026-03-19|2026-03-20|2026-03-23|2026-03-24|2026-03-25|2026-03-26|2026-03-27|2026-03-30|2026-03-31|2026-04-01|2026-04-02|2026-04-06|2026-04-07|2026-04-08|2026-04-09|2026-04-10|2026-04-13|2026-04-14|2026-04-15,2026-04-15 15:51:32,0.0
KKR & Co,,2026-03-04|2026-03-05|2026-03-06|2026-03-09|2026-03-10|2026-03-11|2026-03-12|2026-03-13|2026-03-16|2026-03-17|2026-03-18|2026-03-19|2026-03-20|2026-03-23|2026-03-24|2026-03-25|2026-03-26|2026-03-27|2026-03-30|2026-03-31|2026-04-01|2026-04-02|2026-04-06|2026-04-07|2026-04-08|2026-04-09|2026-04-10|2026-04-13|2026-04-14|2026-04-15,2026-04-15 15:51:32,0.0
Jabil,,2026-03-04|2026-03-05|2026-03-06|2026-03-09|2026-03-10|2026-03-11|2026-03-12|2026-03-13|2026-03-16|2026-03-17|2026-03-18|2026-03-19|2026-03-20|2026-03-23|2026-03-24|2026-03-25|2026-03-26|2026-03-27|2026-03-30|2026-03-31|2026-04-01|2026-04-02|2026-04-06|2026-04-07|2026-04-08|2026-04-09|2026-04-10|2026-04-13|2026-04-14|2026-04-15,2026-04-15 15:51:32,0.0
Gilead Sciences,,2026-03-04|2026-03-05|2026-03-06|2026-03-09|2026-03-10|2026-03-11|2026-03-12|2026-03-13|2026-03-16|2026-03-17|2026-03-18|2026-03-19|2026-03-20|2026-03-23|2026-03-24|2026-03-25|2026-03-26|2026-03-27|2026-03-30|2026-03-31|2026-04-01|2026-04-02|2026-04-06|2026-04-07|2026-04-08|2026-04-09|2026-04-10|2026-04-13|2026-04-14|2026-04-15,2026-04-15 15:51:32,0.0
HF Sinclair,,2026-03-04|2026-03-05|2026-03-06|2026-03-09|2026-03-10|2026-03-11|2026-03-12|2026-03-13|2026-03-16|2026-03-17|2026-03-18|2026-03-19|2026-03-20|2026-03-23|2026-03-24|2026-03-25|2026-03-26|2026-03-27|2026-03-30|2026-03-31|2026-04-01|2026-04-02|2026-04-06|2026-04-07|2026-04-08|2026-04-09|2026-04-10|2026-04-13|2026-04-14|2026-04-15,2026-04-15 15:51:32,0.0
CarMax,,2026-03-04|2026-03-05|2026-03-06|2026-03-09|2026-03-10|2026-03-11|2026-03-12|2026-03-13|2026-03-16|2026-03-17|2026-03-18|2026-03-19|2026-03-20|2026-03-23|2026-03-24|2026-03-25|2026-03-26|2026-03-27|2026-03-30|2026-03-31|2026-04-01|2026-04-02|2026-04-06|2026-04-07|2026-04-08|2026-04-09|2026-04-10|2026-04-13|2026-04-14|2026-04-15,2026-04-15 15:51:32,0.0
Mastercard,,2026-03-04|2026-03-05|2026-03-06|2026-03-09|2026-03-10|2026-03-11|2026-03-12|2026-03-13|2026-03-16|2026-03-17|2026-03-18|2026-03-19|2026-03-20|2026-03-23|2026-03-24|2026-03-25|2026-03-26|2026-03-27|2026-03-30|2026-03-31|2026-04-01|2026-04-02|2026-04-06|2026-04-07|2026-04-08|2026-04-09|2026-04-10|2026-04-13|2026-04-14|2026-04-15,2026-04-15 15:51:32,0.0
NRG Energy,,2026-03-04|2026-03-05|2026-03-06|2026-03-09|2026-03-10|2026-03-11|2026-03-12|2026-03-13|2026-03-16|2026-03-17|2026-03-18|2026-03-19|2026-03-20|2026-03-23|2026-03-24|2026-03-25|2026-03-26|2026-03-27|2026-03-30|2026-03-31|2026-04-01|2026-04-02|2026-04-06|2026-04-07|2026-04-08|2026-04-09|2026-04-10|2026-04-13|2026-04-14|2026-04-15,2026-04-15 15:51:32,0.0
Arrow Electronics,,2026-03-04|2026-03-05|2026-03-06|2026-03-09|2026-03-10|2026-03-11|2026-03-12|2026-03-13|2026-03-16|2026-03-17|2026-03-18|2026-03-19|2026-03-20|2026-03-23|2026-03-24|2026-03-25|2026-03-26|2026-03-27|2026-03-30|2026-03-31|2026-04-01|2026-04-02|2026-04-06|2026-04-07|2026-04-08|2026-04-09|2026-04-10|2026-04-13|2026-04-14|2026-04-15,2026-04-15 15:51:32,0.0
Baker Hughes,,2026-03-04|2026-03-05|2026-03-06|2026-03-09|2026-03-10|2026-03-11|2026-03-12|2026-03-13|2026-03-16|2026-03-17|2026-03-18|2026-03-19|2026-03-20|2026-03-23|2026-03-24|2026-03-25|2026-03-26|2026-03-27|2026-03-30|2026-03-31|2026-04-01|2026-04-02|2026-04-06|2026-04-07|2026-04-08|2026-04-09|2026-04-10|2026-04-13|2026-04-14|2026-04-15,2026-04-15 15:51:32,0.0
Southwest Airlines,,2026-03-04|2026-03-05|2026-03-06|2026-03-09|2026-03-10|2026-03-11|2026-03-12|2026-03-13|2026-03-16|2026-03-17|2026-03-18|2026-03-19|2026-03-20|2026-03-23|2026-03-24|2026-03-25|2026-03-26|2026-03-27|2026-03-30|2026-03-31|2026-04-01|2026-04-02|2026-04-06|2026-04-07|2026-04-08|2026-04-09|2026-04-10|2026-04-13|2026-04-14|2026-04-15,2026-04-15 15:51:32,0.0
AIG,,2026-03-04|2026-03-05|2026-03-06|2026-03-09|2026-03-10|2026-03-11|2026-03-12|2026-03-13|2026-03-16|2026-03-17|2026-03-18|2026-03-19|2026-03-20|2026-03-23|2026-03-24|2026-03-25|2026-03-26|2026-03-27|2026-03-30|2026-03-31|2026-04-01|2026-04-02|2026-04-06|2026-04-07|2026-04-08|2026-04-09|2026-04-10|2026-04-13|2026-04-14|2026-04-15,2026-04-15 15:51:32,0.0
Applied Materials,,2026-03-04|2026-03-05|2026-03-06|2026-03-09|2026-03-10|2026-03-11|2026-03-12|2026-03-13|2026-03-16|2026-03-17|2026-03-18|2026-03-19|2026-03-20|2026-03-23|2026-03-24|2026-03-25|2026-03-26|2026-03-27|2026-03-30|2026-03-31|2026-04-01|2026-04-02|2026-04-06|2026-04-07|2026-04-08|2026-04-09|2026-04-10|2026-04-13|2026-04-14|2026-04-15,2026-04-15 15:51:32,0.0
Occidental Petroleum,,2026-03-04|2026-03-05|2026-03-06|2026-03-09|2026-03-10|2026-03-11|2026-03-12|2026-03-13|2026-03-16|2026-03-17|2026-03-18|2026-03-19|2026-03-20|2026-03-23|2026-03-24|2026-03-25|2026-03-26|2026-03-27|2026-03-30|2026-03-31|2026-04-01|2026-04-02|2026-04-06|2026-04-07|2026-04-08|2026-04-09|2026-04-10|2026-04-13|2026-04-14|2026-04-15,2026-04-15 15:51:32,0.0
AutoNation,,2026-03-04|2026-03-05|2026-03-06|2026-03-09|2026-03-10|2026-03-11|2026-03-12|2026-03-13|2026-03-16|2026-03-17|2026-03-18|2026-03-19|2026-03-20|2026-03-23|2026-03-24|2026-03-25|2026-03-26|2026-03-27|2026-03-30|2026-03-31|2026-04-01|2026-04-02|2026-04-06|2026-04-07|2026-04-08|2026-04-09|2026-04-10|2026-04-13|2026-04-14|2026-04-15,2026-04-15 15:51:32,0.0
Southern Company,,2026-03-04|2026-03-05|2026-03-06|2026-03-09|2026-03-10|2026-03-11|2026-03-12|2026-03-13|2026-03-16|2026-03-17|2026-03-18|2026-03-19|2026-03-20|2026-03-23|2026-03-24|2026-03-25|2026-03-26|2026-03-27|2026-03-30|2026-03-31|2026-04-01|2026-04-02|2026-04-06|2026-04-07|2026-04-08|2026-04-09|2026-04-10|2026-04-13|2026-04-14|2026-04-15,2026-04-15 15:51:32,0.0
The Hartford Insurance Group,,2026-03-04|2026-03-05|2026-03-06|2026-03-09|2026-03-10|2026-03-11|2026-03-12|2026-03-13|2026-03-16|2026-03-17|2026-03-18|2026-03-19|2026-03-20|2026-03-23|2026-03-24|2026-03-25|2026-03-26|2026-03-27|2026-03-30|2026-03-31|2026-04-01|2026-04-02|2026-04-06|2026-04-07|2026-04-08|2026-04-09|2026-04-10|2026-04-13|2026-04-14|2026-04-15,2026-04-15 15:51:32,0.0
Apollo Global Management,,2026-03-04|2026-03-05|2026-03-06|2026-03-09|2026-03-10|2026-03-11|2026-03-12|2026-03-13|2026-03-16|2026-03-17|2026-03-18|2026-03-19|2026-03-20|2026-03-23|2026-03-24|2026-03-25|2026-03-26|2026-03-27|2026-03-30|2026-03-31|2026-04-01|2026-04-02|2026-04-06|2026-04-07|2026-04-08|2026-04-09|2026-04-10|2026-04-13|2026-04-14|2026-04-15,2026-04-15 15:51:32,0.0
Charles Schwab,,2026-03-04|2026-03-05|2026-03-06|2026-03-09|2026-03-10|2026-03-11|2026-03-12|2026-03-13|2026-03-16|2026-03-17|2026-03-18|2026-03-19|2026-03-20|2026-03-23|2026-03-24|2026-03-25|2026-03-26|2026-03-27|2026-03-30|2026-03-31|2026-04-01|2026-04-02|2026-04-06|2026-04-07|2026-04-08|2026-04-09|2026-04-10|2026-04-13|2026-04-14|2026-04-15,2026-04-15 15:51:32,0.0
McDonalds,,2026-03-04|2026-03-05|2026-03-06|2026-03-09|2026-03-10|2026-03-11|2026-03-12|2026-03-13|2026-03-16|2026-03-17|2026-03-18|2026-03-19|2026-03-20|2026-03-23|2026-03-24|2026-03-25|2026-03-26|2026-03-27|2026-03-30|2026-03-31|2026-04-01|2026-04-02|2026-04-06|2026-04-07|2026-04-08|2026-04-09|2026-04-10|2026-04-13|2026-04-14|2026-04-15,2026-04-15 15:51:32,0.0
Kraft Heinz,,2026-03-04|2026-03-05|2026-03-06|2026-03-09|2026-03-10|2026-03-11|2026-03-12|2026-03-13|2026-03-16|2026-03-17|2026-03-18|2026-03-19|2026-03-20|2026-03-23|2026-03-24|2026-03-25|2026-03-26|2026-03-27|2026-03-30|2026-03-31|2026-04-01|2026-04-02|2026-04-06|2026-04-07|2026-04-08|2026-04-09|2026-04-10|2026-04-13|2026-04-14|2026-04-15,2026-04-15 15:51:32,0.0
Advanced Micro Devices,,2026-03-04|2026-03-05|2026-03-06|2026-03-09|2026-03-10|2026-03-11|2026-03-12|2026-03-13|2026-03-16|2026-03-17|2026-03-18|2026-03-19|2026-03-20|2026-03-23|2026-03-24|2026-03-25|2026-03-26|2026-03-27|2026-03-30|2026-03-31|2026-04-01|2026-04-02|2026-04-06|2026-04-07|2026-04-08|2026-04-09|2026-04-10|2026-04-13|2026-04-14|2026-04-15,2026-04-15 15:51:32,0.0
Truist Financial,,2026-03-04|2026-03-05|2026-03-06|2026-03-09|2026-03-10|2026-03-11|2026-03-12|2026-03-13|2026-03-16|2026-03-17|2026-03-18|2026-03-19|2026-03-20|2026-03-23|2026-03-24|2026-03-25|2026-03-26|2026-03-27|2026-03-30|2026-03-31|2026-04-01|2026-04-02|2026-04-06|2026-04-07|2026-04-08|2026-04-09|2026-04-10|2026-04-13|2026-04-14|2026-04-15,2026-04-15 15:51:32,0.0
Freeport-McMoRan,,2026-03-04|2026-03-05|2026-03-06|2026-03-09|2026-03-10|2026-03-11|2026-03-12|2026-03-13|2026-03-16|2026-03-17|2026-03-18|2026-03-19|2026-03-20|2026-03-23|2026-03-24|2026-03-25|2026-03-26|2026-03-27|2026-03-30|2026-03-31|2026-04-01|2026-04-02|2026-04-06|2026-04-07|2026-04-08|2026-04-09|2026-04-10|2026-04-13|2026-04-14|2026-04-15,2026-04-15 15:51:32,0.0
Micron Technology,,2026-03-04|2026-03-05|2026-03-06|2026-03-09|2026-03-10|2026-03-11|2026-03-12|2026-03-13|2026-03-16|2026-03-17|2026-03-18|2026-03-19|2026-03-20|2026-03-23|2026-03-24|2026-03-25|2026-03-26|2026-03-27|2026-03-30|2026-03-31|2026-04-01|2026-04-02|2026-04-06|2026-04-07|2026-04-08|2026-04-09|2026-04-10|2026-04-13|2026-04-14|2026-04-15,2026-04-15 15:51:32,0.0
Marriott International,,2026-03-04|2026-03-05|2026-03-06|2026-03-09|2026-03-10|2026-03-11|2026-03-12|2026-03-13|2026-03-16|2026-03-17|2026-03-18|2026-03-19|2026-03-20|2026-03-23|2026-03-24|2026-03-25|2026-03-26|2026-03-27|2026-03-30|2026-03-31|2026-04-01|2026-04-02|2026-04-06|2026-04-07|2026-04-08|2026-04-09|2026-04-10|2026-04-13|2026-04-14|2026-04-15,2026-04-15 15:51:32,0.0
Carrier Global,,2026-03-04|2026-03-05|2026-03-06|2026-03-09|2026-03-10|2026-03-11|2026-03-12|2026-03-13|2026-03-16|2026-03-17|2026-03-18|2026-03-19|2026-03-20|2026-03-23|2026-03-24|2026-03-25|2026-03-26|2026-03-27|2026-03-30|2026-03-31|2026-04-01|2026-04-02|2026-04-06|2026-04-07|2026-04-08|2026-04-09|2026-04-10|2026-04-13|2026-04-14|2026-04-15,2026-04-15 15:51:32,0.0
NextEra Energy,,2026-03-04|2026-03-05|2026-03-06|2026-03-09|2026-03-10|2026-03-11|2026-03-12|2026-03-13|2026-03-16|2026-03-17|2026-03-18|2026-03-19|2026-03-20|2026-03-23|2026-03-24|2026-03-25|2026-03-26|2026-03-27|2026-03-30|2026-03-31|2026-04-01|2026-04-02|2026-04-06|2026-04-07|2026-04-08|2026-04-09|2026-04-10|2026-04-13|2026-04-14|2026-04-15,2026-04-15 15:51:32,0.0
3M Company,,2026-03-04|2026-03-05|2026-03-06|2026-03-09|2026-03-10|2026-03-11|2026-03-12|2026-03-13|2026-03-16|2026-03-17|2026-03-18|2026-03-19|2026-03-20|2026-03-23|2026-03-24|2026-03-25|2026-03-26|2026-03-27|2026-03-30|2026-03-31|2026-04-01|2026-04-02|2026-04-06|2026-04-07|2026-04-08|2026-04-09|2026-04-10|2026-04-13|2026-04-14|2026-04-15,2026-04-15 15:51:32,0.0
Pacific Gas and Electric Company,,2026-03-04|2026-03-05|2026-03-06|2026-03-09|2026-03-10|2026-03-11|2026-03-12|2026-03-13|2026-03-16|2026-03-17|2026-03-18|2026-03-19|2026-03-20|2026-03-23|2026-03-24|2026-03-25|2026-03-26|2026-03-27|2026-03-30|2026-03-31|2026-04-01|2026-04-02|2026-04-06|2026-04-07|2026-04-08|2026-04-09|2026-04-10|2026-04-13|2026-04-14|2026-04-15,2026-04-15 15:51:32,0.0
Union Pacific,,2026-03-04|2026-03-05|2026-03-06|2026-03-09|2026-03-10|2026-03-11|2026-03-12|2026-03-13|2026-03-16|2026-03-17|2026-03-18|2026-03-19|2026-03-20|2026-03-23|2026-03-24|2026-03-25|2026-03-26|2026-03-27|2026-03-30|2026-03-31|2026-04-01|2026-04-02|2026-04-06|2026-04-07|2026-04-08|2026-04-09|2026-04-10|2026-04-13|2026-04-14|2026-04-15,2026-04-15 15:51:32,0.0
Synchrony Financial,,2026-03-04|2026-03-05|2026-03-06|2026-03-09|2026-03-10|2026-03-11|2026-03-12|2026-03-13|2026-03-16|2026-03-17|2026-03-18|2026-03-19|2026-03-20|2026-03-23|2026-03-24|2026-03-25|2026-03-26|2026-03-27|2026-03-30|2026-03-31|2026-04-01|2026-04-02|2026-04-06|2026-04-07|2026-04-08|2026-04-09|2026-04-10|2026-04-13|2026-04-14|2026-04-15,2026-04-15 15:51:32,0.0
Danaher,,2026-03-04|2026-03-05|2026-03-06|2026-03-09|2026-03-10|2026-03-11|2026-03-12|2026-03-13|2026-03-16|2026-03-17|2026-03-18|2026-03-19|2026-03-20|2026-03-23|2026-03-24|2026-03-25|2026-03-26|2026-03-27|2026-03-30|2026-03-31|2026-04-01|2026-04-02|2026-04-06|2026-04-07|2026-04-08|2026-04-09|2026-04-10|2026-04-13|2026-04-14|2026-04-15,2026-04-15 15:51:32,0.0
Avnet,,2026-03-04|2026-03-05|2026-03-06|2026-03-09|2026-03-10|2026-03-11|2026-03-12|2026-03-13|2026-03-16|2026-03-17|2026-03-18|2026-03-19|2026-03-20|2026-03-23|2026-03-24|2026-03-25|2026-03-26|2026-03-27|2026-03-30|2026-03-31|2026-04-01|2026-04-02|2026-04-06|2026-04-07|2026-04-08|2026-04-09|2026-04-10|2026-04-13|2026-04-14|2026-04-15,2026-04-15 15:51:32,0.0
Booking Holdings,,2026-03-04|2026-03-05|2026-03-06|2026-03-09|2026-03-10|2026-03-11|2026-03-12|2026-03-13|2026-03-16|2026-03-17|2026-03-18|2026-03-19|2026-03-20|2026-03-23|2026-03-24|2026-03-25|2026-03-26|2026-03-27|2026-03-30|2026-03-31|2026-04-01|2026-04-02|2026-04-06|2026-04-07|2026-04-08|2026-04-09|2026-04-10|2026-04-13|2026-04-14|2026-04-15,2026-04-15 15:51:32,0.0
EOG Resources,,2026-03-04|2026-03-05|2026-03-06|2026-03-09|2026-03-10|2026-03-11|2026-03-12|2026-03-13|2026-03-16|2026-03-17|2026-03-18|2026-03-19|2026-03-20|2026-03-23|2026-03-24|2026-03-25|2026-03-26|2026-03-27|2026-03-30|2026-03-31|2026-04-01|2026-04-02|2026-04-06|2026-04-07|2026-04-08|2026-04-09|2026-04-10|2026-04-13|2026-04-14|2026-04-15,2026-04-15 15:51:32,0.0
Quanta Services,,2026-03-04|2026-03-05|2026-03-06|2026-03-09|2026-03-10|2026-03-11|2026-03-12|2026-03-13|2026-03-16|2026-03-17|2026-03-18|2026-03-19|2026-03-20|2026-03-23|2026-03-24|2026-03-25|2026-03-26|2026-03-27|2026-03-30|2026-03-31|2026-04-01|2026-04-02|2026-04-06|2026-04-07|2026-04-08|2026-04-09|2026-04-10|2026-04-13|2026-04-14|2026-04-15,2026-04-15 15:51:32,0.0
Constellation Energy,,2026-03-04|2026-03-05|2026-03-06|2026-03-09|2026-03-10|2026-03-11|2026-03-12|2026-03-13|2026-03-16|2026-03-17|2026-03-18|2026-03-19|2026-03-20|2026-03-23|2026-03-24|2026-03-25|2026-03-26|2026-03-27|2026-03-30|2026-03-31|2026-04-01|2026-04-02|2026-04-06|2026-04-07|2026-04-08|2026-04-09|2026-04-10|2026-04-13|2026-04-14|2026-04-15,2026-04-15 15:51:32,0.0
Genuine Parts Company,,2026-03-04|2026-03-05|2026-03-06|2026-03-09|2026-03-10|2026-03-11|2026-03-12|2026-03-13|2026-03-16|2026-03-17|2026-03-18|2026-03-19|2026-03-20|2026-03-23|2026-03-24|2026-03-25|2026-03-26|2026-03-27|2026-03-30|2026-03-31|2026-04-01|2026-04-02|2026-04-06|2026-04-07|2026-04-08|2026-04-09|2026-04-10|2026-04-13|2026-04-14|2026-04-15,2026-04-15 15:51:32,0.0
Jones Lang LaSalle,,2026-03-04|2026-03-05|2026-03-06|2026-03-09|2026-03-10|2026-03-11|2026-03-12|2026-03-13|2026-03-16|2026-03-17|2026-03-18|2026-03-19|2026-03-20|2026-03-23|2026-03-24|2026-03-25|2026-03-26|2026-03-27|2026-03-30|2026-03-31|2026-04-01|2026-04-02|2026-04-06|2026-04-07|2026-04-08|2026-04-09|2026-04-10|2026-04-13|2026-04-14|2026-04-15,2026-04-15 15:51:32,0.0
Lear Corporation,,2026-03-04|2026-03-05|2026-03-06|2026-03-09|2026-03-10|2026-03-11|2026-03-12|2026-03-13|2026-03-16|2026-03-17|2026-03-18|2026-03-19|2026-03-20|2026-03-23|2026-03-24|2026-03-25|2026-03-26|2026-03-27|2026-03-30|2026-03-31|2026-04-01|2026-04-02|2026-04-06|2026-04-07|2026-04-08|2026-04-09|2026-04-10|2026-04-13|2026-04-14|2026-04-15,2026-04-15 15:51:32,0.0
Live Nation Entertainment,,2026-03-04|2026-03-05|2026-03-06|2026-03-09|2026-03-10|2026-03-11|2026-03-12|2026-03-13|2026-03-16|2026-03-17|2026-03-18|2026-03-19|2026-03-20|2026-03-23|2026-03-24|2026-03-25|2026-03-26|2026-03-27|2026-03-30|2026-03-31|2026-04-01|2026-04-02|2026-04-06|2026-04-07|2026-04-08|2026-04-09|2026-04-10|2026-04-13|2026-04-14|2026-04-15,2026-04-15 15:51:32,0.0
Sherwin-Williams,,2026-03-04|2026-03-05|2026-03-06|2026-03-09|2026-03-10|2026-03-11|2026-03-12|2026-03-13|2026-03-16|2026-03-17|2026-03-18|2026-03-19|2026-03-20|2026-03-23|2026-03-24|2026-03-25|2026-03-26|2026-03-27|2026-03-30|2026-03-31|2026-04-01|2026-04-02|2026-04-06|2026-04-07|2026-04-08|2026-04-09|2026-04-10|2026-04-13|2026-04-14|2026-04-15,2026-04-15 15:51:32,0.0
Exelon,,2026-03-04|2026-03-05|2026-03-06|2026-03-09|2026-03-10|2026-03-11|2026-03-12|2026-03-13|2026-03-16|2026-03-17|2026-03-18|2026-03-19|2026-03-20|2026-03-23|2026-03-24|2026-03-25|2026-03-26|2026-03-27|2026-03-30|2026-03-31|2026-04-01|2026-04-02|2026-04-06|2026-04-07|2026-04-08|2026-04-09|2026-04-10|2026-04-13|2026-04-14|2026-04-15,2026-04-15 15:51:32,0.0
Macys,,2026-03-04|2026-03-05|2026-03-06|2026-03-09|2026-03-10|2026-03-11|2026-03-12|2026-03-13|2026-03-16|2026-03-17|2026-03-18|2026-03-19|2026-03-20|2026-03-23|2026-03-24|2026-03-25|2026-03-26|2026-03-27|2026-03-30|2026-03-31|2026-04-01|2026-04-02|2026-04-06|2026-04-07|2026-04-08|2026-04-09|2026-04-10|2026-04-13|2026-04-14|2026-04-15,2026-04-15 15:51:32,0.0
Halliburton,,2026-03-04|2026-03-05|2026-03-06|2026-03-09|2026-03-10|2026-03-11|2026-03-12|2026-03-13|2026-03-16|2026-03-17|2026-03-18|2026-03-19|2026-03-20|2026-03-23|2026-03-24|2026-03-25|2026-03-26|2026-03-27|2026-03-30|2026-03-31|2026-04-01|2026-04-02|2026-04-06|2026-04-07|2026-04-08|2026-04-09|2026-04-10|2026-04-13|2026-04-14|2026-04-15,2026-04-15 15:51:32,0.0
Stryker,,2026-03-04|2026-03-05|2026-03-06|2026-03-09|2026-03-10|2026-03-11|2026-03-12|2026-03-13|2026-03-16|2026-03-17|2026-03-18|2026-03-19|2026-03-20|2026-03-23|2026-03-24|2026-03-25|2026-03-26|2026-03-27|2026-03-30|2026-03-31|2026-04-01|2026-04-02|2026-04-06|2026-04-07|2026-04-08|2026-04-09|2026-04-10|2026-04-13|2026-04-14|2026-04-15,2026-04-15 15:51:32,0.0
Reinsurance Group of America,,2026-03-04|2026-03-05|2026-03-06|2026-03-09|2026-03-10|2026-03-11|2026-03-12|2026-03-13|2026-03-16|2026-03-17|2026-03-18|2026-03-19|2026-03-20|2026-03-23|2026-03-24|2026-03-25|2026-03-26|2026-03-27|2026-03-30|2026-03-31|2026-04-01|2026-04-02|2026-04-06|2026-04-07|2026-04-08|2026-04-09|2026-04-10|2026-04-13|2026-04-14|2026-04-15,2026-04-15 15:51:32,0.0
State Street,,2026-03-04|2026-03-05|2026-03-06|2026-03-09|2026-03-10|2026-03-11|2026-03-12|2026-03-13|2026-03-16|2026-03-17|2026-03-18|2026-03-19|2026-03-20|2026-03-23|2026-03-24|2026-03-25|2026-03-26|2026-03-27|2026-03-30|2026-03-31|2026-04-01|2026-04-02|2026-04-06|2026-04-07|2026-04-08|2026-04-09|2026-04-10|2026-04-13|2026-04-14|2026-04-15,2026-04-15 15:51:32,0.0
WESCO International,,2026-03-04|2026-03-05|2026-03-06|2026-03-09|2026-03-10|2026-03-11|2026-03-12|2026-03-13|2026-03-16|2026-03-17|2026-03-18|2026-03-19|2026-03-20|2026-03-23|2026-03-24|2026-03-25|2026-03-26|2026-03-27|2026-03-30|2026-03-31|2026-04-01|2026-04-02|2026-04-06|2026-04-07|2026-04-08|2026-04-09|2026-04-10|2026-04-13|2026-04-14|2026-04-15,2026-04-15 15:51:32,0.0
Oneok,,2026-03-04|2026-03-05|2026-03-06|2026-03-09|2026-03-10|2026-03-11|2026-03-12|2026-03-13|2026-03-16|2026-03-17|2026-03-18|2026-03-19|2026-03-20|2026-03-23|2026-03-24|2026-03-25|2026-03-26|2026-03-27|2026-03-30|2026-03-31|2026-04-01|2026-04-02|2026-04-06|2026-04-07|2026-04-08|2026-04-09|2026-04-10|2026-04-13|2026-04-14|2026-04-15,2026-04-15 15:51:32,0.0
Adobe,,2026-03-04|2026-03-05|2026-03-06|2026-03-09|2026-03-10|2026-03-11|2026-03-12|2026-03-13|2026-03-16|2026-03-17|2026-03-18|2026-03-19|2026-03-20|2026-03-23|2026-03-24|2026-03-25|2026-03-26|2026-03-27|2026-03-30|2026-03-31|2026-04-01|2026-04-02|2026-04-06|2026-04-07|2026-04-08|2026-04-09|2026-04-10|2026-04-13|2026-04-14|2026-04-15,2026-04-15 15:51:32,0.0
L3Harris Technologies,,2026-03-04|2026-03-05|2026-03-06|2026-03-09|2026-03-10|2026-03-11|2026-03-12|2026-03-13|2026-03-16|2026-03-17|2026-03-18|2026-03-19|2026-03-20|2026-03-23|2026-03-24|2026-03-25|2026-03-26|2026-03-27|2026-03-30|2026-03-31|2026-04-01|2026-04-02|2026-04-06|2026-04-07|2026-04-08|2026-04-09|2026-04-10|2026-04-13|2026-04-14|2026-04-15,2026-04-15 15:51:32,0.0
Ross Stores,,2026-03-04|2026-03-05|2026-03-06|2026-03-09|2026-03-10|2026-03-11|2026-03-12|2026-03-13|2026-03-16|2026-03-17|2026-03-18|2026-03-19|2026-03-20|2026-03-23|2026-03-24|2026-03-25|2026-03-26|2026-03-27|2026-03-30|2026-03-31|2026-04-01|2026-04-02|2026-04-06|2026-04-07|2026-04-08|2026-04-09|2026-04-10|2026-04-13|2026-04-14|2026-04-15,2026-04-15 15:51:32,0.0
CDW,,2026-03-04|2026-03-05|2026-03-06|2026-03-09|2026-03-10|2026-03-11|2026-03-12|2026-03-13|2026-03-16|2026-03-17|2026-03-18|2026-03-19|2026-03-20|2026-03-23|2026-03-24|2026-03-25|2026-03-26|2026-03-27|2026-03-30|2026-03-31|2026-04-01|2026-04-02|2026-04-06|2026-04-07|2026-04-08|2026-04-09|2026-04-10|2026-04-13|2026-04-14|2026-04-15,2026-04-15 15:51:32,0.0
Tenet Healthcare,,2026-03-04|2026-03-05|2026-03-06|2026-03-09|2026-03-10|2026-03-11|2026-03-12|2026-03-13|2026-03-16|2026-03-17|2026-03-18|2026-03-19|2026-03-20|2026-03-23|2026-03-24|2026-03-25|2026-03-26|2026-03-27|2026-03-30|2026-03-31|2026-04-01|2026-04-02|2026-04-06|2026-04-07|2026-04-08|2026-04-09|2026-04-10|2026-04-13|2026-04-14|2026-04-15,2026-04-15 15:51:32,0.0
BJ's Wholesale Club,,2026-03-04|2026-03-05|2026-03-06|2026-03-09|2026-03-10|2026-03-11|2026-03-12|2026-03-13|2026-03-16|2026-03-17|2026-03-18|2026-03-19|2026-03-20|2026-03-23|2026-03-24|2026-03-25|2026-03-26|2026-03-27|2026-03-30|2026-03-31|2026-04-01|2026-04-02|2026-04-06|2026-04-07|2026-04-08|2026-04-09|2026-04-10|2026-04-13|2026-04-14|2026-04-15,2026-04-15 15:51:32,0.0
Altria,,2026-03-04|2026-03-05|2026-03-06|2026-03-09|2026-03-10|2026-03-11|2026-03-12|2026-03-13|2026-03-16|2026-03-17|2026-03-18|2026-03-19|2026-03-20|2026-03-23|2026-03-24|2026-03-25|2026-03-26|2026-03-27|2026-03-30|2026-03-31|2026-04-01|2026-04-02|2026-04-06|2026-04-07|2026-04-08|2026-04-09|2026-04-10|2026-04-13|2026-04-14|2026-04-15,2026-04-15 15:51:32,0.0
BlackRock,,2026-03-04|2026-03-05|2026-03-06|2026-03-09|2026-03-10|2026-03-11|2026-03-12|2026-03-13|2026-03-16|2026-03-17|2026-03-18|2026-03-19|2026-03-20|2026-03-23|2026-03-24|2026-03-25|2026-03-26|2026-03-27|2026-03-30|2026-03-31|2026-04-01|2026-04-02|2026-04-06|2026-04-07|2026-04-08|2026-04-09|2026-04-10|2026-04-13|2026-04-14|2026-04-15,2026-04-15 15:51:32,0.0
Becton Dickinson,,2026-03-04|2026-03-05|2026-03-06|2026-03-09|2026-03-10|2026-03-11|2026-03-12|2026-03-13|2026-03-16|2026-03-17|2026-03-18|2026-03-19|2026-03-20|2026-03-23|2026-03-24|2026-03-25|2026-03-26|2026-03-27|2026-03-30|2026-03-31|2026-04-01|2026-04-02|2026-04-06|2026-04-07|2026-04-08|2026-04-09|2026-04-10|2026-04-13|2026-04-14|2026-04-15,2026-04-15 15:51:32,0.0
Colgate-Palmolive,,2026-03-04|2026-03-05|2026-03-06|2026-03-09|2026-03-10|2026-03-11|2026-03-12|2026-03-13|2026-03-16|2026-03-17|2026-03-18|2026-03-19|2026-03-20|2026-03-23|2026-03-24|2026-03-25|2026-03-26|2026-03-27|2026-03-30|2026-03-31|2026-04-01|2026-04-02|2026-04-06|2026-04-07|2026-04-08|2026-04-09|2026-04-10|2026-04-13|2026-04-14|2026-04-15,2026-04-15 15:51:32,0.0
Kimberly-Clark,,2026-03-04|2026-03-05|2026-03-06|2026-03-09|2026-03-10|2026-03-11|2026-03-12|2026-03-13|2026-03-16|2026-03-17|2026-03-18|2026-03-19|2026-03-20|2026-03-23|2026-03-24|2026-03-25|2026-03-26|2026-03-27|2026-03-30|2026-03-31|2026-04-01|2026-04-02|2026-04-06|2026-04-07|2026-04-08|2026-04-09|2026-04-10|2026-04-13|2026-04-14|2026-04-15,2026-04-15 15:51:32,0.0
Group 1 Automotive,,2026-03-04|2026-03-05|2026-03-06|2026-03-09|2026-03-10|2026-03-11|2026-03-12|2026-03-13|2026-03-16|2026-03-17|2026-03-18|2026-03-19|2026-03-20|2026-03-23|2026-03-24|2026-03-25|2026-03-26|2026-03-27|2026-03-30|2026-03-31|2026-04-01|2026-04-02|2026-04-06|2026-04-07|2026-04-08|2026-04-09|2026-04-10|2026-04-13|2026-04-14|2026-04-15,2026-04-15 15:51:32,0.0
Parker-Hannifin,,2026-03-04|2026-03-05|2026-03-06|2026-03-09|2026-03-10|2026-03-11|2026-03-12|2026-03-13|2026-03-16|2026-03-17|2026-03-18|2026-03-19|2026-03-20|2026-03-23|2026-03-24|2026-03-25|2026-03-26|2026-03-27|2026-03-30|2026-03-31|2026-04-01|2026-04-02|2026-04-06|2026-04-07|2026-04-08|2026-04-09|2026-04-10|2026-04-13|2026-04-14|2026-04-15,2026-04-15 15:51:32,0.0
General Mills,,2026-03-04|2026-03-05|2026-03-06|2026-03-09|2026-03-10|2026-03-11|2026-03-12|2026-03-13|2026-03-16|2026-03-17|2026-03-18|2026-03-19|2026-03-20|2026-03-23|2026-03-24|2026-03-25|2026-03-26|2026-03-27|2026-03-30|2026-03-31|2026-04-01|2026-04-02|2026-04-06|2026-04-07|2026-04-08|2026-04-09|2026-04-10|2026-04-13|2026-04-14|2026-04-15,2026-04-15 15:51:32,0.0
Cognizant Technology Solutions,,2026-03-04|2026-03-05|2026-03-06|2026-03-09|2026-03-10|2026-03-11|2026-03-12|2026-03-13|2026-03-16|2026-03-17|2026-03-18|2026-03-19|2026-03-20|2026-03-23|2026-03-24|2026-03-25|2026-03-26|2026-03-27|2026-03-30|2026-03-31|2026-04-01|2026-04-02|2026-04-06|2026-04-07|2026-04-08|2026-04-09|2026-04-10|2026-04-13|2026-04-14|2026-04-15,2026-04-15 15:51:32,0.0
American Electric Power,,2026-03-04|2026-03-05|2026-03-06|2026-03-09|2026-03-10|2026-03-11|2026-03-12|2026-03-13|2026-03-16|2026-03-17|2026-03-18|2026-03-19|2026-03-20|2026-03-23|2026-03-24|2026-03-25|2026-03-26|2026-03-27|2026-03-30|2026-03-31|2026-04-01|2026-04-02|2026-04-06|2026-04-07|2026-04-08|2026-04-09|2026-04-10|2026-04-13|2026-04-14|2026-04-15,2026-04-15 15:51:32,0.0
GE HealthCare Technologies,,2026-03-04|2026-03-05|2026-03-06|2026-03-09|2026-03-10|2026-03-11|2026-03-12|2026-03-13|2026-03-16|2026-03-17|2026-03-18|2026-03-19|2026-03-20|2026-03-23|2026-03-24|2026-03-25|2026-03-26|2026-03-27|2026-03-30|2026-03-31|2026-04-01|2026-04-02|2026-04-06|2026-04-07|2026-04-08|2026-04-09|2026-04-10|2026-04-13|2026-04-14|2026-04-15,2026-04-15 15:51:32,0.0
Automatic Data Processing,,2026-03-04|2026-03-05|2026-03-06|2026-03-09|2026-03-10|2026-03-11|2026-03-12|2026-03-13|2026-03-16|2026-03-17|2026-03-18|2026-03-19|2026-03-20|2026-03-23|2026-03-24|2026-03-25|2026-03-26|2026-03-27|2026-03-30|2026-03-31|2026-04-01|2026-04-02|2026-04-06|2026-04-07|2026-04-08|2026-04-09|2026-04-10|2026-04-13|2026-04-14|2026-04-15,2026-04-15 15:51:32,0.0
Cleveland-Cliffs,,2026-03-04|2026-03-05|2026-03-06|2026-03-09|2026-03-10|2026-03-11|2026-03-12|2026-03-13|2026-03-16|2026-03-17|2026-03-18|2026-03-19|2026-03-20|2026-03-23|2026-03-24|2026-03-25|2026-03-26|2026-03-27|2026-03-30|2026-03-31|2026-04-01|2026-04-02|2026-04-06|2026-04-07|2026-04-08|2026-04-09|2026-04-10|2026-04-13|2026-04-14|2026-04-15,2026-04-15 15:51:32,0.0
Aflac,,2026-03-04|2026-03-05|2026-03-06|2026-03-09|2026-03-10|2026-03-11|2026-03-12|2026-03-13|2026-03-16|2026-03-17|2026-03-18|2026-03-19|2026-03-20|2026-03-23|2026-03-24|2026-03-25|2026-03-26|2026-03-27|2026-03-30|2026-03-31|2026-04-01|2026-04-02|2026-04-06|2026-04-07|2026-04-08|2026-04-09|2026-04-10|2026-04-13|2026-04-14|2026-04-15,2026-04-15 15:51:32,0.0
Goodyear Tire & Rubber,,2026-03-04|2026-03-05|2026-03-06|2026-03-09|2026-03-10|2026-03-11|2026-03-12|2026-03-13|2026-03-16|2026-03-17|2026-03-18|2026-03-19|2026-03-20|2026-03-23|2026-03-24|2026-03-25|2026-03-26|2026-03-27|2026-03-30|2026-03-31|2026-04-01|2026-04-02|2026-04-06|2026-04-07|2026-04-08|2026-04-09|2026-04-10|2026-04-13|2026-04-14|2026-04-15,2026-04-15 15:51:32,0.0
Corebridge Financial,,2026-03-04|2026-03-05|2026-03-06|2026-03-09|2026-03-10|2026-03-11|2026-03-12|2026-03-13|2026-03-16|2026-03-17|2026-03-18|2026-03-19|2026-03-20|2026-03-23|2026-03-24|2026-03-25|2026-03-26|2026-03-27|2026-03-30|2026-03-31|2026-04-01|2026-04-02|2026-04-06|2026-04-07|2026-04-08|2026-04-09|2026-04-10|2026-04-13|2026-04-14|2026-04-15,2026-04-15 15:51:32,0.0
Newmont,,2026-03-04|2026-03-05|2026-03-06|2026-03-09|2026-03-10|2026-03-11|2026-03-12|2026-03-13|2026-03-16|2026-03-17|2026-03-18|2026-03-19|2026-03-20|2026-03-23|2026-03-24|2026-03-25|2026-03-26|2026-03-27|2026-03-30|2026-03-31|2026-04-01|2026-04-02|2026-04-06|2026-04-07|2026-04-08|2026-04-09|2026-04-10|2026-04-13|2026-04-14|2026-04-15,2026-04-15 15:51:32,0.0
International Paper,,2026-03-04|2026-03-05|2026-03-06|2026-03-09|2026-03-10|2026-03-11|2026-03-12|2026-03-13|2026-03-16|2026-03-17|2026-03-18|2026-03-19|2026-03-20|2026-03-23|2026-03-24|2026-03-25|2026-03-26|2026-03-27|2026-03-30|2026-03-31|2026-04-01|2026-04-02|2026-04-06|2026-04-07|2026-04-08|2026-04-09|2026-04-10|2026-04-13|2026-04-14|2026-04-15,2026-04-15 15:51:32,0.0
AutoZone,,2026-03-04|2026-03-05|2026-03-06|2026-03-09|2026-03-10|2026-03-11|2026-03-12|2026-03-13|2026-03-16|2026-03-17|2026-03-18|2026-03-19|2026-03-20|2026-03-23|2026-03-24|2026-03-25|2026-03-26|2026-03-27|2026-03-30|2026-03-31|2026-04-01|2026-04-02|2026-04-06|2026-04-07|2026-04-08|2026-04-09|2026-04-10|2026-04-13|2026-04-14|2026-04-15,2026-04-15 15:51:32,0.0
Lincoln National,,2026-03-04|2026-03-05|2026-03-06|2026-03-09|2026-03-10|2026-03-11|2026-03-12|2026-03-13|2026-03-16|2026-03-17|2026-03-18|2026-03-19|2026-03-20|2026-03-23|2026-03-24|2026-03-25|2026-03-26|2026-03-27|2026-03-30|2026-03-31|2026-04-01|2026-04-02|2026-04-06|2026-04-07|2026-04-08|2026-04-09|2026-04-10|2026-04-13|2026-04-14|2026-04-15,2026-04-15 15:51:32,0.0
PulteGroup,,2026-03-04|2026-03-05|2026-03-06|2026-03-09|2026-03-10|2026-03-11|2026-03-12|2026-03-13|2026-03-16|2026-03-17|2026-03-18|2026-03-19|2026-03-20|2026-03-23|2026-03-24|2026-03-25|2026-03-26|2026-03-27|2026-03-30|2026-03-31|2026-04-01|2026-04-02|2026-04-06|2026-04-07|2026-04-08|2026-04-09|2026-04-10|2026-04-13|2026-04-14|2026-04-15,2026-04-15 15:51:32,0.0
Ameriprise Financial,,2026-03-04|2026-03-05|2026-03-06|2026-03-09|2026-03-10|2026-03-11|2026-03-12|2026-03-13|2026-03-16|2026-03-17|2026-03-18|2026-03-19|2026-03-20|2026-03-23|2026-03-24|2026-03-25|2026-03-26|2026-03-27|2026-03-30|2026-03-31|2026-04-01|2026-04-02|2026-04-06|2026-04-07|2026-04-08|2026-04-09|2026-04-10|2026-04-13|2026-04-14|2026-04-15,2026-04-15 15:51:32,0.0
Murphy USA,,2026-03-04|2026-03-05|2026-03-06|2026-03-09|2026-03-10|2026-03-11|2026-03-12|2026-03-13|2026-03-16|2026-03-17|2026-03-18|2026-03-19|2026-03-20|2026-03-23|2026-03-24|2026-03-25|2026-03-26|2026-03-27|2026-03-30|2026-03-31|2026-04-01|2026-04-02|2026-04-06|2026-04-07|2026-04-08|2026-04-09|2026-04-10|2026-04-13|2026-04-14|2026-04-15,2026-04-15 15:51:32,0.0
ManpowerGroup,,2026-03-04|2026-03-05|2026-03-06|2026-03-09|2026-03-10|2026-03-11|2026-03-12|2026-03-13|2026-03-16|2026-03-17|2026-03-18|2026-03-19|2026-03-20|2026-03-23|2026-03-24|2026-03-25|2026-03-26|2026-03-27|2026-03-30|2026-03-31|2026-04-01|2026-04-02|2026-04-06|2026-04-07|2026-04-08|2026-04-09|2026-04-10|2026-04-13|2026-04-14|2026-04-15,2026-04-15 15:51:32,0.0
CH Robinson Worldwide,,2026-03-04|2026-03-05|2026-03-06|2026-03-09|2026-03-10|2026-03-11|2026-03-12|2026-03-13|2026-03-16|2026-03-17|2026-03-18|2026-03-19|2026-03-20|2026-03-23|2026-03-24|2026-03-25|2026-03-26|2026-03-27|2026-03-30|2026-03-31|2026-04-01|2026-04-02|2026-04-06|2026-04-07|2026-04-08|2026-04-09|2026-04-10|2026-04-13|2026-04-14|2026-04-15,2026-04-15 15:51:32,0.0
PPG Industries,,2026-03-04|2026-03-05|2026-03-06|2026-03-09|2026-03-10|2026-03-11|2026-03-12|2026-03-13|2026-03-16|2026-03-17|2026-03-18|2026-03-19|2026-03-20|2026-03-23|2026-03-24|2026-03-25|2026-03-26|2026-03-27|2026-03-30|2026-03-31|2026-04-01|2026-04-02|2026-04-06|2026-04-07|2026-04-08|2026-04-09|2026-04-10|2026-04-13|2026-04-14|2026-04-15,2026-04-15 15:51:32,0.0
Edison International,,2026-03-04|2026-03-05|2026-03-06|2026-03-09|2026-03-10|2026-03-11|2026-03-12|2026-03-13|2026-03-16|2026-03-17|2026-03-18|2026-03-19|2026-03-20|2026-03-23|2026-03-24|2026-03-25|2026-03-26|2026-03-27|2026-03-30|2026-03-31|2026-04-01|2026-04-02|2026-04-06|2026-04-07|2026-04-08|2026-04-09|2026-04-10|2026-04-13|2026-04-14|2026-04-15,2026-04-15 15:51:32,0.0
Steel Dynamics,,2026-03-04|2026-03-05|2026-03-06|2026-03-09|2026-03-10|2026-03-11|2026-03-12|2026-03-13|2026-03-16|2026-03-17|2026-03-18|2026-03-19|2026-03-20|2026-03-23|2026-03-24|2026-03-25|2026-03-26|2026-03-27|2026-03-30|2026-03-31|2026-04-01|2026-04-02|2026-04-06|2026-04-07|2026-04-08|2026-04-09|2026-04-10|2026-04-13|2026-04-14|2026-04-15,2026-04-15 15:51:32,0.0
Loews,,2026-03-04|2026-03-05|2026-03-06|2026-03-09|2026-03-10|2026-03-11|2026-03-12|2026-03-13|2026-03-16|2026-03-17|2026-03-18|2026-03-19|2026-03-20|2026-03-23|2026-03-24|2026-03-25|2026-03-26|2026-03-27|2026-03-30|2026-03-31|2026-04-01|2026-04-02|2026-04-06|2026-04-07|2026-04-08|2026-04-09|2026-04-10|2026-04-13|2026-04-14|2026-04-15,2026-04-15 15:51:32,0.0
Emerson Electric,,2026-03-04|2026-03-05|2026-03-06|2026-03-09|2026-03-10|2026-03-11|2026-03-12|2026-03-13|2026-03-16|2026-03-17|2026-03-18|2026-03-19|2026-03-20|2026-03-23|2026-03-24|2026-03-25|2026-03-26|2026-03-27|2026-03-30|2026-03-31|2026-04-01|2026-04-02|2026-04-06|2026-04-07|2026-04-08|2026-04-09|2026-04-10|2026-04-13|2026-04-14|2026-04-15,2026-04-15 15:51:32,0.0
Aramark,,2026-03-04|2026-03-05|2026-03-06|2026-03-09|2026-03-10|2026-03-11|2026-03-12|2026-03-13|2026-03-16|2026-03-17|2026-03-18|2026-03-19|2026-03-20|2026-03-23|2026-03-24|2026-03-25|2026-03-26|2026-03-27|2026-03-30|2026-03-31|2026-04-01|2026-04-02|2026-04-06|2026-04-07|2026-04-08|2026-04-09|2026-04-10|2026-04-13|2026-04-14|2026-04-15,2026-04-15 15:51:32,0.0
MGM Resorts International,,2026-03-04|2026-03-05|2026-03-06|2026-03-09|2026-03-10|2026-03-11|2026-03-12|2026-03-13|2026-03-16|2026-03-17|2026-03-18|2026-03-19|2026-03-20|2026-03-23|2026-03-24|2026-03-25|2026-03-26|2026-03-27|2026-03-30|2026-03-31|2026-04-01|2026-04-02|2026-04-06|2026-04-07|2026-04-08|2026-04-09|2026-04-10|2026-04-13|2026-04-14|2026-04-15,2026-04-15 15:51:32,0.0
Vistra,,2026-03-04|2026-03-05|2026-03-06|2026-03-09|2026-03-10|2026-03-11|2026-03-12|2026-03-13|2026-03-16|2026-03-17|2026-03-18|2026-03-19|2026-03-20|2026-03-23|2026-03-24|2026-03-25|2026-03-26|2026-03-27|2026-03-30|2026-03-31|2026-04-01|2026-04-02|2026-04-06|2026-04-07|2026-04-08|2026-04-09|2026-04-10|2026-04-13|2026-04-14|2026-04-15,2026-04-15 15:51:32,0.0
Asbury Automotive Group,,2026-03-04|2026-03-05|2026-03-06|2026-03-09|2026-03-10|2026-03-11|2026-03-12|2026-03-13|2026-03-16|2026-03-17|2026-03-18|2026-03-19|2026-03-20|2026-03-23|2026-03-24|2026-03-25|2026-03-26|2026-03-27|2026-03-30|2026-03-31|2026-04-01|2026-04-02|2026-04-06|2026-04-07|2026-04-08|2026-04-09|2026-04-10|2026-04-13|2026-04-14|2026-04-15,2026-04-15 15:51:32,0.0
WW Grainger,,2026-03-04|2026-03-05|2026-03-06|2026-03-09|2026-03-10|2026-03-11|2026-03-12|2026-03-13|2026-03-16|2026-03-17|2026-03-18|2026-03-19|2026-03-20|2026-03-23|2026-03-24|2026-03-25|2026-03-26|2026-03-27|2026-03-30|2026-03-31|2026-04-01|2026-04-02|2026-04-06|2026-04-07|2026-04-08|2026-04-09|2026-04-10|2026-04-13|2026-04-14|2026-04-15,2026-04-15 15:51:32,0.0
Global Partners,,2026-03-04|2026-03-05|2026-03-06|2026-03-09|2026-03-10|2026-03-11|2026-03-12|2026-03-13|2026-03-16|2026-03-17|2026-03-18|2026-03-19|2026-03-20|2026-03-23|2026-03-24|2026-03-25|2026-03-26|2026-03-27|2026-03-30|2026-03-31|2026-04-01|2026-04-02|2026-04-06|2026-04-07|2026-04-08|2026-04-09|2026-04-10|2026-04-13|2026-04-14|2026-04-15,2026-04-15 15:51:32,0.0
Jacobs Solutions,,2026-03-04|2026-03-05|2026-03-06|2026-03-09|2026-03-10|2026-03-11|2026-03-12|2026-03-13|2026-03-16|2026-03-17|2026-03-18|2026-03-19|2026-03-20|2026-03-23|2026-03-24|2026-03-25|2026-03-26|2026-03-27|2026-03-30|2026-03-31|2026-04-01|2026-04-02|2026-04-06|2026-04-07|2026-04-08|2026-04-09|2026-04-10|2026-04-13|2026-04-14|2026-04-15,2026-04-15 15:51:32,0.0
Corteva,,2026-03-04|2026-03-05|2026-03-06|2026-03-09|2026-03-10|2026-03-11|2026-03-12|2026-03-13|2026-03-16|2026-03-17|2026-03-18|2026-03-19|2026-03-20|2026-03-23|2026-03-24|2026-03-25|2026-03-26|2026-03-27|2026-03-30|2026-03-31|2026-04-01|2026-04-02|2026-04-06|2026-04-07|2026-04-08|2026-04-09|2026-04-10|2026-04-13|2026-04-14|2026-04-15,2026-04-15 15:51:32,0.0
Boston Scientific,,2026-03-04|2026-03-05|2026-03-06|2026-03-09|2026-03-10|2026-03-11|2026-03-12|2026-03-13|2026-03-16|2026-03-17|2026-03-18|2026-03-19|2026-03-20|2026-03-23|2026-03-24|2026-03-25|2026-03-26|2026-03-27|2026-03-30|2026-03-31|2026-04-01|2026-04-02|2026-04-06|2026-04-07|2026-04-08|2026-04-09|2026-04-10|2026-04-13|2026-04-14|2026-04-15,2026-04-15 15:51:32,0.0
O'Reilly Automotive,,2026-03-04|2026-03-05|2026-03-06|2026-03-09|2026-03-10|2026-03-11|2026-03-12|2026-03-13|2026-03-16|2026-03-17|2026-03-18|2026-03-19|2026-03-20|2026-03-23|2026-03-24|2026-03-25|2026-03-26|2026-03-27|2026-03-30|2026-03-31|2026-04-01|2026-04-02|2026-04-06|2026-04-07|2026-04-08|2026-04-09|2026-04-10|2026-04-13|2026-04-14|2026-04-15,2026-04-15 15:51:32,0.0
Leidos,,2026-03-04|2026-03-05|2026-03-06|2026-03-09|2026-03-10|2026-03-11|2026-03-12|2026-03-13|2026-03-16|2026-03-17|2026-03-18|2026-03-19|2026-03-20|2026-03-23|2026-03-24|2026-03-25|2026-03-26|2026-03-27|2026-03-30|2026-03-31|2026-04-01|2026-04-02|2026-04-06|2026-04-07|2026-04-08|2026-04-09|2026-04-10|2026-04-13|2026-04-14|2026-04-15,2026-04-15 15:51:32,0.0
Markel Group,,2026-03-04|2026-03-05|2026-03-06|2026-03-09|2026-03-10|2026-03-11|2026-03-12|2026-03-13|2026-03-16|2026-03-17|2026-03-18|2026-03-19|2026-03-20|2026-03-23|2026-03-24|2026-03-25|2026-03-26|2026-03-27|2026-03-30|2026-03-31|2026-04-01|2026-04-02|2026-04-06|2026-04-07|2026-04-08|2026-04-09|2026-04-10|2026-04-13|2026-04-14|2026-04-15,2026-04-15 15:51:32,0.0
Whirlpool,,2026-03-04|2026-03-05|2026-03-06|2026-03-09|2026-03-10|2026-03-11|2026-03-12|2026-03-13|2026-03-16|2026-03-17|2026-03-18|2026-03-19|2026-03-20|2026-03-23|2026-03-24|2026-03-25|2026-03-26|2026-03-27|2026-03-30|2026-03-31|2026-04-01|2026-04-02|2026-04-06|2026-04-07|2026-04-08|2026-04-09|2026-04-10|2026-04-13|2026-04-14|2026-04-15,2026-04-15 15:51:32,0.0
Builders FirstSource,,2026-03-04|2026-03-05|2026-03-06|2026-03-09|2026-03-10|2026-03-11|2026-03-12|2026-03-13|2026-03-16|2026-03-17|2026-03-18|2026-03-19|2026-03-20|2026-03-23|2026-03-24|2026-03-25|2026-03-26|2026-03-27|2026-03-30|2026-03-31|2026-04-01|2026-04-02|2026-04-06|2026-04-07|2026-04-08|2026-04-09|2026-04-10|2026-04-13|2026-04-14|2026-04-15,2026-04-15 15:51:32,0.0
Ally Financial,,2026-03-04|2026-03-05|2026-03-06|2026-03-09|2026-03-10|2026-03-11|2026-03-12|2026-03-13|2026-03-16|2026-03-17|2026-03-18|2026-03-19|2026-03-20|2026-03-23|2026-03-24|2026-03-25|2026-03-26|2026-03-27|2026-03-30|2026-03-31|2026-04-01|2026-04-02|2026-04-06|2026-04-07|2026-04-08|2026-04-09|2026-04-10|2026-04-13|2026-04-14|2026-04-15,2026-04-15 15:51:32,0.0
Targa Resources,,2026-03-04|2026-03-05|2026-03-06|2026-03-09|2026-03-10|2026-03-11|2026-03-12|2026-03-13|2026-03-16|2026-03-17|2026-03-18|2026-03-19|2026-03-20|2026-03-23|2026-03-24|2026-03-25|2026-03-26|2026-03-27|2026-03-30|2026-03-31|2026-04-01|2026-04-02|2026-04-06|2026-04-07|2026-04-08|2026-04-09|2026-04-10|2026-04-13|2026-04-14|2026-04-15,2026-04-15 15:51:32,0.0
Fluor,,2026-03-04|2026-03-05|2026-03-06|2026-03-09|2026-03-10|2026-03-11|2026-03-12|2026-03-13|2026-03-16|2026-03-17|2026-03-18|2026-03-19|2026-03-20|2026-03-23|2026-03-24|2026-03-25|2026-03-26|2026-03-27|2026-03-30|2026-03-31|2026-04-01|2026-04-02|2026-04-06|2026-04-07|2026-04-08|2026-04-09|2026-04-10|2026-04-13|2026-04-14|2026-04-15,2026-04-15 15:51:32,0.0
Intuit,,2026-03-04|2026-03-05|2026-03-06|2026-03-09|2026-03-10|2026-03-11|2026-03-12|2026-03-13|2026-03-16|2026-03-17|2026-03-18|2026-03-19|2026-03-20|2026-03-23|2026-03-24|2026-03-25|2026-03-26|2026-03-27|2026-03-30|2026-03-31|2026-04-01|2026-04-02|2026-04-06|2026-04-07|2026-04-08|2026-04-09|2026-04-10|2026-04-13|2026-04-14|2026-04-15,2026-04-15 15:51:32,0.0
AECOM,,2026-03-04|2026-03-05|2026-03-06|2026-03-09|2026-03-10|2026-03-11|2026-03-12|2026-03-13|2026-03-16|2026-03-17|2026-03-18|2026-03-19|2026-03-20|2026-03-23|2026-03-24|2026-03-25|2026-03-26|2026-03-27|2026-03-30|2026-03-31|2026-04-01|2026-04-02|2026-04-06|2026-04-07|2026-04-08|2026-04-09|2026-04-10|2026-04-13|2026-04-14|2026-04-15,2026-04-15 15:51:32,0.0
Kohl's,,2026-03-04|2026-03-05|2026-03-06|2026-03-09|2026-03-10|2026-03-11|2026-03-12|2026-03-13|2026-03-16|2026-03-17|2026-03-18|2026-03-19|2026-03-20|2026-03-23|2026-03-24|2026-03-25|2026-03-26|2026-03-27|2026-03-30|2026-03-31|2026-04-01|2026-04-02|2026-04-06|2026-04-07|2026-04-08|2026-04-09|2026-04-10|2026-04-13|2026-04-14|2026-04-15,2026-04-15 15:51:32,0.0
PrIncipal Financial,,2026-03-04|2026-03-05|2026-03-06|2026-03-09|2026-03-10|2026-03-11|2026-03-12|2026-03-13|2026-03-16|2026-03-17|2026-03-18|2026-03-19|2026-03-20|2026-03-23|2026-03-24|2026-03-25|2026-03-26|2026-03-27|2026-03-30|2026-03-31|2026-04-01|2026-04-02|2026-04-06|2026-04-07|2026-04-08|2026-04-09|2026-04-10|2026-04-13|2026-04-14|2026-04-15,2026-04-15 15:51:32,0.0
Dominion Energy,,2026-03-04|2026-03-05|2026-03-06|2026-03-09|2026-03-10|2026-03-11|2026-03-12|2026-03-13|2026-03-16|2026-03-17|2026-03-18|2026-03-19|2026-03-20|2026-03-23|2026-03-24|2026-03-25|2026-03-26|2026-03-27|2026-03-30|2026-03-31|2026-04-01|2026-04-02|2026-04-06|2026-04-07|2026-04-08|2026-04-09|2026-04-10|2026-04-13|2026-04-14|2026-04-15,2026-04-15 15:51:32,0.0
Kyndryl,,2026-03-04|2026-03-05|2026-03-06|2026-03-09|2026-03-10|2026-03-11|2026-03-12|2026-03-13|2026-03-16|2026-03-17|2026-03-18|2026-03-19|2026-03-20|2026-03-23|2026-03-24|2026-03-25|2026-03-26|2026-03-27|2026-03-30|2026-03-31|2026-04-01|2026-04-02|2026-04-06|2026-04-07|2026-04-08|2026-04-09|2026-04-10|2026-04-13|2026-04-14|2026-04-15,2026-04-15 15:51:32,0.0
Republic Services,,2026-03-04|2026-03-05|2026-03-06|2026-03-09|2026-03-10|2026-03-11|2026-03-12|2026-03-13|2026-03-16|2026-03-17|2026-03-18|2026-03-19|2026-03-20|2026-03-23|2026-03-24|2026-03-25|2026-03-26|2026-03-27|2026-03-30|2026-03-31|2026-04-01|2026-04-02|2026-04-06|2026-04-07|2026-04-08|2026-04-09|2026-04-10|2026-04-13|2026-04-14|2026-04-15,2026-04-15 15:51:32,0.0
Devon Energy,,2026-03-04|2026-03-05|2026-03-06|2026-03-09|2026-03-10|2026-03-11|2026-03-12|2026-03-13|2026-03-16|2026-03-17|2026-03-18|2026-03-19|2026-03-20|2026-03-23|2026-03-24|2026-03-25|2026-03-26|2026-03-27|2026-03-30|2026-03-31|2026-04-01|2026-04-02|2026-04-06|2026-04-07|2026-04-08|2026-04-09|2026-04-10|2026-04-13|2026-04-14|2026-04-15,2026-04-15 15:51:32,0.0
Illinois Tool Works,,2026-03-04|2026-03-05|2026-03-06|2026-03-09|2026-03-10|2026-03-11|2026-03-12|2026-03-13|2026-03-16|2026-03-17|2026-03-18|2026-03-19|2026-03-20|2026-03-23|2026-03-24|2026-03-25|2026-03-26|2026-03-27|2026-03-30|2026-03-31|2026-04-01|2026-04-02|2026-04-06|2026-04-07|2026-04-08|2026-04-09|2026-04-10|2026-04-13|2026-04-14|2026-04-15,2026-04-15 15:51:32,0.0
Northern Trust,,2026-03-04|2026-03-05|2026-03-06|2026-03-09|2026-03-10|2026-03-11|2026-03-12|2026-03-13|2026-03-16|2026-03-17|2026-03-18|2026-03-19|2026-03-20|2026-03-23|2026-03-24|2026-03-25|2026-03-26|2026-03-27|2026-03-30|2026-03-31|2026-04-01|2026-04-02|2026-04-06|2026-04-07|2026-04-08|2026-04-09|2026-04-10|2026-04-13|2026-04-14|2026-04-15,2026-04-15 15:51:32,0.0
Universal Health Services,,2026-03-04|2026-03-05|2026-03-06|2026-03-09|2026-03-10|2026-03-11|2026-03-12|2026-03-13|2026-03-16|2026-03-17|2026-03-18|2026-03-19|2026-03-20|2026-03-23|2026-03-24|2026-03-25|2026-03-26|2026-03-27|2026-03-30|2026-03-31|2026-04-01|2026-04-02|2026-04-06|2026-04-07|2026-04-08|2026-04-09|2026-04-10|2026-04-13|2026-04-14|2026-04-15,2026-04-15 15:51:32,0.0
EchoStar,,2026-03-04|2026-03-05|2026-03-06|2026-03-09|2026-03-10|2026-03-11|2026-03-12|2026-03-13|2026-03-16|2026-03-17|2026-03-18|2026-03-19|2026-03-20|2026-03-23|2026-03-24|2026-03-25|2026-03-26|2026-03-27|2026-03-30|2026-03-31|2026-04-01|2026-04-02|2026-04-06|2026-04-07|2026-04-08|2026-04-09|2026-04-10|2026-04-13|2026-04-14|2026-04-15,2026-04-15 15:51:32,0.0
Ecolab,,2026-03-04|2026-03-05|2026-03-06|2026-03-09|2026-03-10|2026-03-11|2026-03-12|2026-03-13|2026-03-16|2026-03-17|2026-03-18|2026-03-19|2026-03-20|2026-03-23|2026-03-24|2026-03-25|2026-03-26|2026-03-27|2026-03-30|2026-03-31|2026-04-01|2026-04-02|2026-04-06|2026-04-07|2026-04-08|2026-04-09|2026-04-10|2026-04-13|2026-04-14|2026-04-15,2026-04-15 15:51:32,0.0
Cheniere Energy,,2026-03-04|2026-03-05|2026-03-06|2026-03-09|2026-03-10|2026-03-11|2026-03-12|2026-03-13|2026-03-16|2026-03-17|2026-03-18|2026-03-19|2026-03-20|2026-03-23|2026-03-24|2026-03-25|2026-03-26|2026-03-27|2026-03-30|2026-03-31|2026-04-01|2026-04-02|2026-04-06|2026-04-07|2026-04-08|2026-04-09|2026-04-10|2026-04-13|2026-04-14|2026-04-15,2026-04-15 15:51:32,0.0
Omnicom Group,,2026-03-04|2026-03-05|2026-03-06|2026-03-09|2026-03-10|2026-03-11|2026-03-12|2026-03-13|2026-03-16|2026-03-17|2026-03-18|2026-03-19|2026-03-20|2026-03-23|2026-03-24|2026-03-25|2026-03-26|2026-03-27|2026-03-30|2026-03-31|2026-04-01|2026-04-02|2026-04-06|2026-04-07|2026-04-08|2026-04-09|2026-04-10|2026-04-13|2026-04-14|2026-04-15,2026-04-15 15:51:32,0.0
Texas Instruments,,2026-03-04|2026-03-05|2026-03-06|2026-03-09|2026-03-10|2026-03-11|2026-03-12|2026-03-13|2026-03-16|2026-03-17|2026-03-18|2026-03-19|2026-03-20|2026-03-23|2026-03-24|2026-03-25|2026-03-26|2026-03-27|2026-03-30|2026-03-31|2026-04-01|2026-04-02|2026-04-06|2026-04-07|2026-04-08|2026-04-09|2026-04-10|2026-04-13|2026-04-14|2026-04-15,2026-04-15 15:51:32,0.0
Estée Lauder,,2026-03-04|2026-03-05|2026-03-06|2026-03-09|2026-03-10|2026-03-11|2026-03-12|2026-03-13|2026-03-16|2026-03-17|2026-03-18|2026-03-19|2026-03-20|2026-03-23|2026-03-24|2026-03-25|2026-03-26|2026-03-27|2026-03-30|2026-03-31|2026-04-01|2026-04-02|2026-04-06|2026-04-07|2026-04-08|2026-04-09|2026-04-10|2026-04-13|2026-04-14|2026-04-15,2026-04-15 15:51:32,0.0
Kenvue,,2026-03-04|2026-03-05|2026-03-06|2026-03-09|2026-03-10|2026-03-11|2026-03-12|2026-03-13|2026-03-16|2026-03-17|2026-03-18|2026-03-19|2026-03-20|2026-03-23|2026-03-24|2026-03-25|2026-03-26|2026-03-27|2026-03-30|2026-03-31|2026-04-01|2026-04-02|2026-04-06|2026-04-07|2026-04-08|2026-04-09|2026-04-10|2026-04-13|2026-04-14|2026-04-15,2026-04-15 15:51:32,0.0
IQVIA,,2026-03-04|2026-03-05|2026-03-06|2026-03-09|2026-03-10|2026-03-11|2026-03-12|2026-03-13|2026-03-16|2026-03-17|2026-03-18|2026-03-19|2026-03-20|2026-03-23|2026-03-24|2026-03-25|2026-03-26|2026-03-27|2026-03-30|2026-03-31|2026-04-01|2026-04-02|2026-04-06|2026-04-07|2026-04-08|2026-04-09|2026-04-10|2026-04-13|2026-04-14|2026-04-15,2026-04-15 15:51:32,0.0
Stanley Black & Decker,,2026-03-04|2026-03-05|2026-03-06|2026-03-09|2026-03-10|2026-03-11|2026-03-12|2026-03-13|2026-03-16|2026-03-17|2026-03-18|2026-03-19|2026-03-20|2026-03-23|2026-03-24|2026-03-25|2026-03-26|2026-03-27|2026-03-30|2026-03-31|2026-04-01|2026-04-02|2026-04-06|2026-04-07|2026-04-08|2026-04-09|2026-04-10|2026-04-13|2026-04-14|2026-04-15,2026-04-15 15:51:32,0.0
Keurig Dr Pepper,,2026-03-04|2026-03-05|2026-03-06|2026-03-09|2026-03-10|2026-03-11|2026-03-12|2026-03-13|2026-03-16|2026-03-17|2026-03-18|2026-03-19|2026-03-20|2026-03-23|2026-03-24|2026-03-25|2026-03-26|2026-03-27|2026-03-30|2026-03-31|2026-04-01|2026-04-02|2026-04-06|2026-04-07|2026-04-08|2026-04-09|2026-04-10|2026-04-13|2026-04-14|2026-04-15,2026-04-15 15:51:32,0.0
United Rentals,,2026-03-04|2026-03-05|2026-03-06|2026-03-09|2026-03-10|2026-03-11|2026-03-12|2026-03-13|2026-03-16|2026-03-17|2026-03-18|2026-03-19|2026-03-20|2026-03-23|2026-03-24|2026-03-25|2026-03-26|2026-03-27|2026-03-30|2026-03-31|2026-04-01|2026-04-02|2026-04-06|2026-04-07|2026-04-08|2026-04-09|2026-04-10|2026-04-13|2026-04-14|2026-04-15,2026-04-15 15:51:32,0.0
Consolidated Edison,,2026-03-04|2026-03-05|2026-03-06|2026-03-09|2026-03-10|2026-03-11|2026-03-12|2026-03-13|2026-03-16|2026-03-17|2026-03-18|2026-03-19|2026-03-20|2026-03-23|2026-03-24|2026-03-25|2026-03-26|2026-03-27|2026-03-30|2026-03-31|2026-04-01|2026-04-02|2026-04-06|2026-04-07|2026-04-08|2026-04-09|2026-04-10|2026-04-13|2026-04-14|2026-04-15,2026-04-15 15:51:32,0.0
Amphenol,,2026-03-04|2026-03-05|2026-03-06|2026-03-09|2026-03-10|2026-03-11|2026-03-12|2026-03-13|2026-03-16|2026-03-17|2026-03-18|2026-03-19|2026-03-20|2026-03-23|2026-03-24|2026-03-25|2026-03-26|2026-03-27|2026-03-30|2026-03-31|2026-04-01|2026-04-02|2026-04-06|2026-04-07|2026-04-08|2026-04-09|2026-04-10|2026-04-13|2026-04-14|2026-04-15,2026-04-15 15:51:32,0.0
Baxter International,,2026-03-04|2026-03-05|2026-03-06|2026-03-09|2026-03-10|2026-03-11|2026-03-12|2026-03-13|2026-03-16|2026-03-17|2026-03-18|2026-03-19|2026-03-20|2026-03-23|2026-03-24|2026-03-25|2026-03-26|2026-03-27|2026-03-30|2026-03-31|2026-04-01|2026-04-02|2026-04-06|2026-04-07|2026-04-08|2026-04-09|2026-04-10|2026-04-13|2026-04-14|2026-04-15,2026-04-15 15:51:32,0.0
Kinder Morgan,,2026-03-04|2026-03-05|2026-03-06|2026-03-09|2026-03-10|2026-03-11|2026-03-12|2026-03-13|2026-03-16|2026-03-17|2026-03-18|2026-03-19|2026-03-20|2026-03-23|2026-03-24|2026-03-25|2026-03-26|2026-03-27|2026-03-30|2026-03-31|2026-04-01|2026-04-02|2026-04-06|2026-04-07|2026-04-08|2026-04-09|2026-04-10|2026-04-13|2026-04-14|2026-04-15,2026-04-15 15:51:32,0.0
First Citizens BancShares,,2026-03-04|2026-03-05|2026-03-06|2026-03-09|2026-03-10|2026-03-11|2026-03-12|2026-03-13|2026-03-16|2026-03-17|2026-03-18|2026-03-19|2026-03-20|2026-03-23|2026-03-24|2026-03-25|2026-03-26|2026-03-27|2026-03-30|2026-03-31|2026-04-01|2026-04-02|2026-04-06|2026-04-07|2026-04-08|2026-04-09|2026-04-10|2026-04-13|2026-04-14|2026-04-15,2026-04-15 15:51:32,0.0
Raymond James Financial,,2026-03-04|2026-03-05|2026-03-06|2026-03-09|2026-03-10|2026-03-11|2026-03-12|2026-03-13|2026-03-16|2026-03-17|2026-03-18|2026-03-19|2026-03-20|2026-03-23|2026-03-24|2026-03-25|2026-03-26|2026-03-27|2026-03-30|2026-03-31|2026-04-01|2026-04-02|2026-04-06|2026-04-07|2026-04-08|2026-04-09|2026-04-10|2026-04-13|2026-04-14|2026-04-15,2026-04-15 15:51:32,0.0
Lam Research,,2026-03-04|2026-03-05|2026-03-06|2026-03-09|2026-03-10|2026-03-11|2026-03-12|2026-03-13|2026-03-16|2026-03-17|2026-03-18|2026-03-19|2026-03-20|2026-03-23|2026-03-24|2026-03-25|2026-03-26|2026-03-27|2026-03-30|2026-03-31|2026-04-01|2026-04-02|2026-04-06|2026-04-07|2026-04-08|2026-04-09|2026-04-10|2026-04-13|2026-04-14|2026-04-15,2026-04-15 15:51:32,0.0
Tractor Supply,,2026-03-04|2026-03-05|2026-03-06|2026-03-09|2026-03-10|2026-03-11|2026-03-12|2026-03-13|2026-03-16|2026-03-17|2026-03-18|2026-03-19|2026-03-20|2026-03-23|2026-03-24|2026-03-25|2026-03-26|2026-03-27|2026-03-30|2026-03-31|2026-04-01|2026-04-02|2026-04-06|2026-04-07|2026-04-08|2026-04-09|2026-04-10|2026-04-13|2026-04-14|2026-04-15,2026-04-15 15:51:32,0.0
Caseys General Stores,,2026-03-04|2026-03-05|2026-03-06|2026-03-09|2026-03-10|2026-03-11|2026-03-12|2026-03-13|2026-03-16|2026-03-17|2026-03-18|2026-03-19|2026-03-20|2026-03-23|2026-03-24|2026-03-25|2026-03-26|2026-03-27|2026-03-30|2026-03-31|2026-04-01|2026-04-02|2026-04-06|2026-04-07|2026-04-08|2026-04-09|2026-04-10|2026-04-13|2026-04-14|2026-04-15,2026-04-15 15:51:32,0.0
Viatris,,2026-03-04|2026-03-05|2026-03-06|2026-03-09|2026-03-10|2026-03-11|2026-03-12|2026-03-13|2026-03-16|2026-03-17|2026-03-18|2026-03-19|2026-03-20|2026-03-23|2026-03-24|2026-03-25|2026-03-26|2026-03-27|2026-03-30|2026-03-31|2026-04-01|2026-04-02|2026-04-06|2026-04-07|2026-04-08|2026-04-09|2026-04-10|2026-04-13|2026-04-14|2026-04-15,2026-04-15 15:51:32,0.0
EMCOR Group,,2026-03-04|2026-03-05|2026-03-06|2026-03-09|2026-03-10|2026-03-11|2026-03-12|2026-03-13|2026-03-16|2026-03-17|2026-03-18|2026-03-19|2026-03-20|2026-03-23|2026-03-24|2026-03-25|2026-03-26|2026-03-27|2026-03-30|2026-03-31|2026-04-01|2026-04-02|2026-04-06|2026-04-07|2026-04-08|2026-04-09|2026-04-10|2026-04-13|2026-04-14|2026-04-15,2026-04-15 15:51:32,0.0
CSX,,2026-03-04|2026-03-05|2026-03-06|2026-03-09|2026-03-10|2026-03-11|2026-03-12|2026-03-13|2026-03-16|2026-03-17|2026-03-18|2026-03-19|2026-03-20|2026-03-23|2026-03-24|2026-03-25|2026-03-26|2026-03-27|2026-03-30|2026-03-31|2026-04-01|2026-04-02|2026-04-06|2026-04-07|2026-04-08|2026-04-09|2026-04-10|2026-04-13|2026-04-14|2026-04-15,2026-04-15 15:51:32,0.0
LKQ,,2026-03-04|2026-03-05|2026-03-06|2026-03-09|2026-03-10|2026-03-11|2026-03-12|2026-03-13|2026-03-16|2026-03-17|2026-03-18|2026-03-19|2026-03-20|2026-03-23|2026-03-24|2026-03-25|2026-03-26|2026-03-27|2026-03-30|2026-03-31|2026-04-01|2026-04-02|2026-04-06|2026-04-07|2026-04-08|2026-04-09|2026-04-10|2026-04-13|2026-04-14|2026-04-15,2026-04-15 15:51:32,0.0
Otis Worldwide,,2026-03-04|2026-03-05|2026-03-06|2026-03-09|2026-03-10|2026-03-11|2026-03-12|2026-03-13|2026-03-16|2026-03-17|2026-03-18|2026-03-19|2026-03-20|2026-03-23|2026-03-24|2026-03-25|2026-03-26|2026-03-27|2026-03-30|2026-03-31|2026-04-01|2026-04-02|2026-04-06|2026-04-07|2026-04-08|2026-04-09|2026-04-10|2026-04-13|2026-04-14|2026-04-15,2026-04-15 15:51:32,0.0
Sonic Automotive,,2026-03-04|2026-03-05|2026-03-06|2026-03-09|2026-03-10|2026-03-11|2026-03-12|2026-03-13|2026-03-16|2026-03-17|2026-03-18|2026-03-19|2026-03-20|2026-03-23|2026-03-24|2026-03-25|2026-03-26|2026-03-27|2026-03-30|2026-03-31|2026-04-01|2026-04-02|2026-04-06|2026-04-07|2026-04-08|2026-04-09|2026-04-10|2026-04-13|2026-04-14|2026-04-15,2026-04-15 15:51:32,0.0
S&P Global,,2026-03-04|2026-03-05|2026-03-06|2026-03-09|2026-03-10|2026-03-11|2026-03-12|2026-03-13|2026-03-16|2026-03-17|2026-03-18|2026-03-19|2026-03-20|2026-03-23|2026-03-24|2026-03-25|2026-03-26|2026-03-27|2026-03-30|2026-03-31|2026-04-01|2026-04-02|2026-04-06|2026-04-07|2026-04-08|2026-04-09|2026-04-10|2026-04-13|2026-04-14|2026-04-15,2026-04-15 15:51:32,0.0
Regeneron Pharmaceuticals,,2026-03-04|2026-03-05|2026-03-06|2026-03-09|2026-03-10|2026-03-11|2026-03-12|2026-03-13|2026-03-16|2026-03-17|2026-03-18|2026-03-19|2026-03-20|2026-03-23|2026-03-24|2026-03-25|2026-03-26|2026-03-27|2026-03-30|2026-03-31|2026-04-01|2026-04-02|2026-04-06|2026-04-07|2026-04-08|2026-04-09|2026-04-10|2026-04-13|2026-04-14|2026-04-15,2026-04-15 15:51:32,0.0
BorgWarner,,2026-03-04|2026-03-05|2026-03-06|2026-03-09|2026-03-10|2026-03-11|2026-03-12|2026-03-13|2026-03-16|2026-03-17|2026-03-18|2026-03-19|2026-03-20|2026-03-23|2026-03-24|2026-03-25|2026-03-26|2026-03-27|2026-03-30|2026-03-31|2026-04-01|2026-04-02|2026-04-06|2026-04-07|2026-04-08|2026-04-09|2026-04-10|2026-04-13|2026-04-14|2026-04-15,2026-04-15 15:51:32,0.0
Reliance Inc,,2026-03-04|2026-03-05|2026-03-06|2026-03-09|2026-03-10|2026-03-11|2026-03-12|2026-03-13|2026-03-16|2026-03-17|2026-03-18|2026-03-19|2026-03-20|2026-03-23|2026-03-24|2026-03-25|2026-03-26|2026-03-27|2026-03-30|2026-03-31|2026-04-01|2026-04-02|2026-04-06|2026-04-07|2026-04-08|2026-04-09|2026-04-10|2026-04-13|2026-04-14|2026-04-15,2026-04-15 15:51:32,0.0
Textron,,2026-03-04|2026-03-05|2026-03-06|2026-03-09|2026-03-10|2026-03-11|2026-03-12|2026-03-13|2026-03-16|2026-03-17|2026-03-18|2026-03-19|2026-03-20|2026-03-23|2026-03-24|2026-03-25|2026-03-26|2026-03-27|2026-03-30|2026-03-31|2026-04-01|2026-04-02|2026-04-06|2026-04-07|2026-04-08|2026-04-09|2026-04-10|2026-04-13|2026-04-14|2026-04-15,2026-04-15 15:51:32,0.0
Expedia,,2026-03-04|2026-03-05|2026-03-06|2026-03-09|2026-03-10|2026-03-11|2026-03-12|2026-03-13|2026-03-16|2026-03-17|2026-03-18|2026-03-19|2026-03-20|2026-03-23|2026-03-24|2026-03-25|2026-03-26|2026-03-27|2026-03-30|2026-03-31|2026-04-01|2026-04-02|2026-04-06|2026-04-07|2026-04-08|2026-04-09|2026-04-10|2026-04-13|2026-04-14|2026-04-15,2026-04-15 15:51:32,0.0
Fidelity National Financial,,2026-03-04|2026-03-05|2026-03-06|2026-03-09|2026-03-10|2026-03-11|2026-03-12|2026-03-13|2026-03-16|2026-03-17|2026-03-18|2026-03-19|2026-03-20|2026-03-23|2026-03-24|2026-03-25|2026-03-26|2026-03-27|2026-03-30|2026-03-31|2026-04-01|2026-04-02|2026-04-06|2026-04-07|2026-04-08|2026-04-09|2026-04-10|2026-04-13|2026-04-14|2026-04-15,2026-04-15 15:51:32,0.0
Carvana,,2026-03-04|2026-03-05|2026-03-06|2026-03-09|2026-03-10|2026-03-11|2026-03-12|2026-03-13|2026-03-16|2026-03-17|2026-03-18|2026-03-19|2026-03-20|2026-03-23|2026-03-24|2026-03-25|2026-03-26|2026-03-27|2026-03-30|2026-03-31|2026-04-01|2026-04-02|2026-04-06|2026-04-07|2026-04-08|2026-04-09|2026-04-10|2026-04-13|2026-04-14|2026-04-15,2026-04-15 15:51:32,0.0
DXC Technology,,2026-03-04|2026-03-05|2026-03-06|2026-03-09|2026-03-10|2026-03-11|2026-03-12|2026-03-13|2026-03-16|2026-03-17|2026-03-18|2026-03-19|2026-03-20|2026-03-23|2026-03-24|2026-03-25|2026-03-26|2026-03-27|2026-03-30|2026-03-31|2026-04-01|2026-04-02|2026-04-06|2026-04-07|2026-04-08|2026-04-09|2026-04-10|2026-04-13|2026-04-14|2026-04-15,2026-04-15 15:51:32,0.0
WR Berkley,,2026-03-04|2026-03-05|2026-03-06|2026-03-09|2026-03-10|2026-03-11|2026-03-12|2026-03-13|2026-03-16|2026-03-17|2026-03-18|2026-03-19|2026-03-20|2026-03-23|2026-03-24|2026-03-25|2026-03-26|2026-03-27|2026-03-30|2026-03-31|2026-04-01|2026-04-02|2026-04-06|2026-04-07|2026-04-08|2026-04-09|2026-04-10|2026-04-13|2026-04-14|2026-04-15,2026-04-15 15:51:32,0.0
M&T Bank,,2026-03-04|2026-03-05|2026-03-06|2026-03-09|2026-03-10|2026-03-11|2026-03-12|2026-03-13|2026-03-16|2026-03-17|2026-03-18|2026-03-19|2026-03-20|2026-03-23|2026-03-24|2026-03-25|2026-03-26|2026-03-27|2026-03-30|2026-03-31|2026-04-01|2026-04-02|2026-04-06|2026-04-07|2026-04-08|2026-04-09|2026-04-10|2026-04-13|2026-04-14|2026-04-15,2026-04-15 15:51:32,0.0
Dicks Sporting Goods,,2026-03-04|2026-03-05|2026-03-06|2026-03-09|2026-03-10|2026-03-11|2026-03-12|2026-03-13|2026-03-16|2026-03-17|2026-03-18|2026-03-19|2026-03-20|2026-03-23|2026-03-24|2026-03-25|2026-03-26|2026-03-27|2026-03-30|2026-03-31|2026-04-01|2026-04-02|2026-04-06|2026-04-07|2026-04-08|2026-04-09|2026-04-10|2026-04-13|2026-04-14|2026-04-15,2026-04-15 15:51:32,0.0
Xcel Energy,,2026-03-04|2026-03-05|2026-03-06|2026-03-09|2026-03-10|2026-03-11|2026-03-12|2026-03-13|2026-03-16|2026-03-17|2026-03-18|2026-03-19|2026-03-20|2026-03-23|2026-03-24|2026-03-25|2026-03-26|2026-03-27|2026-03-30|2026-03-31|2026-04-01|2026-04-02|2026-04-06|2026-04-07|2026-04-08|2026-04-09|2026-04-10|2026-04-13|2026-04-14|2026-04-15,2026-04-15 15:51:32,0.0
Fifth Third Bancorp,,2026-03-04|2026-03-05|2026-03-06|2026-03-09|2026-03-10|2026-03-11|2026-03-12|2026-03-13|2026-03-16|2026-03-17|2026-03-18|2026-03-19|2026-03-20|2026-03-23|2026-03-24|2026-03-25|2026-03-26|2026-03-27|2026-03-30|2026-03-31|2026-04-01|2026-04-02|2026-04-06|2026-04-07|2026-04-08|2026-04-09|2026-04-10|2026-04-13|2026-04-14|2026-04-15,2026-04-15 15:51:32,0.0
Blackstone,,2026-03-04|2026-03-05|2026-03-06|2026-03-09|2026-03-10|2026-03-11|2026-03-12|2026-03-13|2026-03-16|2026-03-17|2026-03-18|2026-03-19|2026-03-20|2026-03-23|2026-03-24|2026-03-25|2026-03-26|2026-03-27|2026-03-30|2026-03-31|2026-04-01|2026-04-02|2026-04-06|2026-04-07|2026-04-08|2026-04-09|2026-04-10|2026-04-13|2026-04-14|2026-04-15,2026-04-15 15:51:32,0.0
Sempra,,2026-03-04|2026-03-05|2026-03-06|2026-03-09|2026-03-10|2026-03-11|2026-03-12|2026-03-13|2026-03-16|2026-03-17|2026-03-18|2026-03-19|2026-03-20|2026-03-23|2026-03-24|2026-03-25|2026-03-26|2026-03-27|2026-03-30|2026-03-31|2026-04-01|2026-04-02|2026-04-06|2026-04-07|2026-04-08|2026-04-09|2026-04-10|2026-04-13|2026-04-14|2026-04-15,2026-04-15 15:51:32,0.0
Corning,,2026-03-04|2026-03-05|2026-03-06|2026-03-09|2026-03-10|2026-03-11|2026-03-12|2026-03-13|2026-03-16|2026-03-17|2026-03-18|2026-03-19|2026-03-20|2026-03-23|2026-03-24|2026-03-25|2026-03-26|2026-03-27|2026-03-30|2026-03-31|2026-04-01|2026-04-02|2026-04-06|2026-04-07|2026-04-08|2026-04-09|2026-04-10|2026-04-13|2026-04-14|2026-04-15,2026-04-15 15:51:32,0.0
Lumen Technologies,,2026-03-04|2026-03-05|2026-03-06|2026-03-09|2026-03-10|2026-03-11|2026-03-12|2026-03-13|2026-03-16|2026-03-17|2026-03-18|2026-03-19|2026-03-20|2026-03-23|2026-03-24|2026-03-25|2026-03-26|2026-03-27|2026-03-30|2026-03-31|2026-04-01|2026-04-02|2026-04-06|2026-04-07|2026-04-08|2026-04-09|2026-04-10|2026-04-13|2026-04-14|2026-04-15,2026-04-15 15:51:32,0.0
FirstEnergy,,2026-03-04|2026-03-05|2026-03-06|2026-03-09|2026-03-10|2026-03-11|2026-03-12|2026-03-13|2026-03-16|2026-03-17|2026-03-18|2026-03-19|2026-03-20|2026-03-23|2026-03-24|2026-03-25|2026-03-26|2026-03-27|2026-03-30|2026-03-31|2026-04-01|2026-04-02|2026-04-06|2026-04-07|2026-04-08|2026-04-09|2026-04-10|2026-04-13|2026-04-14|2026-04-15,2026-04-15 15:51:32,0.0
Labcorp Holdings,,2026-03-04|2026-03-05|2026-03-06|2026-03-09|2026-03-10|2026-03-11|2026-03-12|2026-03-13|2026-03-16|2026-03-17|2026-03-18|2026-03-19|2026-03-20|2026-03-23|2026-03-24|2026-03-25|2026-03-26|2026-03-27|2026-03-30|2026-03-31|2026-04-01|2026-04-02|2026-04-06|2026-04-07|2026-04-08|2026-04-09|2026-04-10|2026-04-13|2026-04-14|2026-04-15,2026-04-15 15:51:32,0.0
Western Digital,,2026-03-04|2026-03-05|2026-03-06|2026-03-09|2026-03-10|2026-03-11|2026-03-12|2026-03-13|2026-03-16|2026-03-17|2026-03-18|2026-03-19|2026-03-20|2026-03-23|2026-03-24|2026-03-25|2026-03-26|2026-03-27|2026-03-30|2026-03-31|2026-04-01|2026-04-02|2026-04-06|2026-04-07|2026-04-08|2026-04-09|2026-04-10|2026-04-13|2026-04-14|2026-04-15,2026-04-15 15:51:32,0.0
Unum Group,,2026-03-04|2026-03-05|2026-03-06|2026-03-09|2026-03-10|2026-03-11|2026-03-12|2026-03-13|2026-03-16|2026-03-17|2026-03-18|2026-03-19|2026-03-20|2026-03-23|2026-03-24|2026-03-25|2026-03-26|2026-03-27|2026-03-30|2026-03-31|2026-04-01|2026-04-02|2026-04-06|2026-04-07|2026-04-08|2026-04-09|2026-04-10|2026-04-13|2026-04-14|2026-04-15,2026-04-15 15:51:32,0.0
DaVita,,2026-03-04|2026-03-05|2026-03-06|2026-03-09|2026-03-10|2026-03-11|2026-03-12|2026-03-13|2026-03-16|2026-03-17|2026-03-18|2026-03-19|2026-03-20|2026-03-23|2026-03-24|2026-03-25|2026-03-26|2026-03-27|2026-03-30|2026-03-31|2026-04-01|2026-04-02|2026-04-06|2026-04-07|2026-04-08|2026-04-09|2026-04-10|2026-04-13|2026-04-14|2026-04-15,2026-04-15 15:51:32,0.0
Henry Schein,,2026-03-04|2026-03-05|2026-03-06|2026-03-09|2026-03-10|2026-03-11|2026-03-12|2026-03-13|2026-03-16|2026-03-17|2026-03-18|2026-03-19|2026-03-20|2026-03-23|2026-03-24|2026-03-25|2026-03-26|2026-03-27|2026-03-30|2026-03-31|2026-04-01|2026-04-02|2026-04-06|2026-04-07|2026-04-08|2026-04-09|2026-04-10|2026-04-13|2026-04-14|2026-04-15,2026-04-15 15:51:32,0.0
Ryder System,,2026-03-04|2026-03-05|2026-03-06|2026-03-09|2026-03-10|2026-03-11|2026-03-12|2026-03-13|2026-03-16|2026-03-17|2026-03-18|2026-03-19|2026-03-20|2026-03-23|2026-03-24|2026-03-25|2026-03-26|2026-03-27|2026-03-30|2026-03-31|2026-04-01|2026-04-02|2026-04-06|2026-04-07|2026-04-08|2026-04-09|2026-04-10|2026-04-13|2026-04-14|2026-04-15,2026-04-15 15:51:32,0.0
Community Health Systems,,2026-03-04|2026-03-05|2026-03-06|2026-03-09|2026-03-10|2026-03-11|2026-03-12|2026-03-13|2026-03-16|2026-03-17|2026-03-18|2026-03-19|2026-03-20|2026-03-23|2026-03-24|2026-03-25|2026-03-26|2026-03-27|2026-03-30|2026-03-31|2026-04-01|2026-04-02|2026-04-06|2026-04-07|2026-04-08|2026-04-09|2026-04-10|2026-04-13|2026-04-14|2026-04-15,2026-04-15 15:51:32,0.0
Delek US,,2026-03-04|2026-03-05|2026-03-06|2026-03-09|2026-03-10|2026-03-11|2026-03-12|2026-03-13|2026-03-16|2026-03-17|2026-03-18|2026-03-19|2026-03-20|2026-03-23|2026-03-24|2026-03-25|2026-03-26|2026-03-27|2026-03-30|2026-03-31|2026-04-01|2026-04-02|2026-04-06|2026-04-07|2026-04-08|2026-04-09|2026-04-10|2026-04-13|2026-04-14|2026-04-15,2026-04-15 15:51:32,0.0
DTE Energy,,2026-03-04|2026-03-05|2026-03-06|2026-03-09|2026-03-10|2026-03-11|2026-03-12|2026-03-13|2026-03-16|2026-03-17|2026-03-18|2026-03-19|2026-03-20|2026-03-23|2026-03-24|2026-03-25|2026-03-26|2026-03-27|2026-03-30|2026-03-31|2026-04-01|2026-04-02|2026-04-06|2026-04-07|2026-04-08|2026-04-09|2026-04-10|2026-04-13|2026-04-14|2026-04-15,2026-04-15 15:51:32,0.0
Equitable Holdings,,2026-03-04|2026-03-05|2026-03-06|2026-03-09|2026-03-10|2026-03-11|2026-03-12|2026-03-13|2026-03-16|2026-03-17|2026-03-18|2026-03-19|2026-03-20|2026-03-23|2026-03-24|2026-03-25|2026-03-26|2026-03-27|2026-03-30|2026-03-31|2026-04-01|2026-04-02|2026-04-06|2026-04-07|2026-04-08|2026-04-09|2026-04-10|2026-04-13|2026-04-14|2026-04-15,2026-04-15 15:51:32,0.0
DuPont de Nemours,,2026-03-04|2026-03-05|2026-03-06|2026-03-09|2026-03-10|2026-03-11|2026-03-12|2026-03-13|2026-03-16|2026-03-17|2026-03-18|2026-03-19|2026-03-20|2026-03-23|2026-03-24|2026-03-25|2026-03-26|2026-03-27|2026-03-30|2026-03-31|2026-04-01|2026-04-02|2026-04-06|2026-04-07|2026-04-08|2026-04-09|2026-04-10|2026-04-13|2026-04-14|2026-04-15,2026-04-15 15:51:32,0.0
LPL Financial,100|88|90|82|74|85|62|76|85|85|85|67|73|91|93|80|85|77|72|94|83|74|81|77|92|86|77|95|95|84,2026-03-04|2026-03-05|2026-03-06|2026-03-09|2026-03-10|2026-03-11|2026-03-12|2026-03-13|2026-03-16|2026-03-17|2026-03-18|2026-03-19|2026-03-20|2026-03-23|2026-03-24|2026-03-25|2026-03-26|2026-03-27|2026-03-30|2026-03-31|2026-04-01|2026-04-02|2026-04-06|2026-04-07|2026-04-08|2026-04-09|2026-04-10|2026-04-13|2026-04-14|2026-04-15,2026-04-15 18:57:04,82.9
Citizens Financial Group,77|66|59|99|100|37|0|47|0|49|0|48|0|44|38|0|0|0|48|67|17|20|21|21|22|18|16|23|19|23,2026-03-04|2026-03-05|2026-03-06|2026-03-09|2026-03-10|2026-03-11|2026-03-12|2026-03-13|2026-03-16|2026-03-17|2026-03-18|2026-03-19|2026-03-20|2026-03-23|2026-03-24|2026-03-25|2026-03-26|2026-03-27|2026-03-30|2026-03-31|2026-04-01|2026-04-02|2026-04-06|2026-04-07|2026-04-08|2026-04-09|2026-04-10|2026-04-13|2026-04-14|2026-04-15,2026-04-15 18:57:09,32.6
MasTec,71|77|79|100|97|82|74|42|59|74|76|90|64|63|72|78|74|63|59|58|69|61|63|62|68|61|61|63|77|80,2026-03-04|2026-03-05|2026-03-06|2026-03-09|2026-03-10|2026-03-11|2026-03-12|2026-03-13|2026-03-16|2026-03-17|2026-03-18|2026-03-19|2026-03-20|2026-03-23|2026-03-24|2026-03-25|2026-03-26|2026-03-27|2026-03-30|2026-03-31|2026-04-01|2026-04-02|2026-04-06|2026-04-07|2026-04-08|2026-04-09|2026-04-10|2026-04-13|2026-04-14|2026-04-15,2026-04-15 18:57:13,70.6
AES,80|71|67|63|63|70|59|100|74|70|61|62|68|66|62|62|58|64|58|60|54|54|59|54|56|55|56|58|53|55,2026-03-04|2026-03-05|2026-03-06|2026-03-09|2026-03-10|2026-03-11|2026-03-12|2026-03-13|2026-03-16|2026-03-17|2026-03-18|2026-03-19|2026-03-20|2026-03-23|2026-03-24|2026-03-25|2026-03-26|2026-03-27|2026-03-30|2026-03-31|2026-04-01|2026-04-02|2026-04-06|2026-04-07|2026-04-08|2026-04-09|2026-04-10|2026-04-13|2026-04-14|2026-04-15,2026-04-15 18:57:18,63.1
Norfolk Southern,65|75|73|68|79|71|72|68|66|100|77|75|67|67|63|71|64|61|59|62|54|54|53|52|58|58|52|56|55|57,2026-03-04|2026-03-05|2026-03-06|2026-03-09|2026-03-10|2026-03-11|2026-03-12|2026-03-13|2026-03-16|2026-03-17|2026-03-18|2026-03-19|2026-03-20|2026-03-23|2026-03-24|2026-03-25|2026-03-26|2026-03-27|2026-03-30|2026-03-31|2026-04-01|2026-04-02|2026-04-06|2026-04-07|2026-04-08|2026-04-09|2026-04-10|2026-04-13|2026-04-14|2026-04-15,2026-04-15 18:57:22,65.1
Air Products & Chemicals,0|0|0|0|0|0|0|0|0|0|0|0|0|0|0|0|0|0|0|0|0|88|0|0|67|100|0|62|0|0,2026-03-04|2026-03-05|2026-03-06|2026-03-09|2026-03-10|2026-03-11|2026-03-12|2026-03-13|2026-03-16|2026-03-17|2026-03-18|2026-03-19|2026-03-20|2026-03-23|2026-03-24|2026-03-25|2026-03-26|2026-03-27|2026-03-30|2026-03-31|2026-04-01|2026-04-02|2026-04-06|2026-04-07|2026-04-08|2026-04-09|2026-04-10|2026-04-13|2026-04-14|2026-04-15,2026-04-15 18:57:26,10.6
JB Hunt Transport Services,,2026-03-04|2026-03-05|2026-03-06|2026-03-09|2026-03-10|2026-03-11|2026-03-12|2026-03-13|2026-03-16|2026-03-17|2026-03-18|2026-03-19|2026-03-20|2026-03-23|2026-03-24|2026-03-25|2026-03-26|2026-03-27|2026-03-30|2026-03-31|2026-04-01|2026-04-02|2026-04-06|2026-04-07|2026-04-08|2026-04-09|2026-04-10|2026-04-13|2026-04-14|2026-04-15,2026-04-15 18:57:29,0.0
Ball Corporation,61|43|44|36|27|30|24|49|36|47|66|45|69|89|53|69|100|81|71|66|22|20|21|17|21|22|20|18|21|23,2026-03-04|2026-03-05|2026-03-06|2026-03-09|2026-03-10|2026-03-11|2026-03-12|2026-03-13|2026-03-16|2026-03-17|2026-03-18|2026-03-19|2026-03-20|2026-03-23|2026-03-24|2026-03-25|2026-03-26|2026-03-27|2026-03-30|2026-03-31|2026-04-01|2026-04-02|2026-04-06|2026-04-07|2026-04-08|2026-04-09|2026-04-10|2026-04-13|2026-04-14|2026-04-15,2026-04-15 18:57:30,43.7
Conagra Brands,100|66|57|34|38|28|44|30|46|43|38|34|28|28|47|56|32|43|35|33|25|24|21|22|22|22|19|43|29|28,2026-03-04|2026-03-05|2026-03-06|2026-03-09|2026-03-10|2026-03-11|2026-03-12|2026-03-13|2026-03-16|2026-03-17|2026-03-18|2026-03-19|2026-03-20|2026-03-23|2026-03-24|2026-03-25|2026-03-26|2026-03-27|2026-03-30|2026-03-31|2026-04-01|2026-04-02|2026-04-06|2026-04-07|2026-04-08|2026-04-09|2026-04-10|2026-04-13|2026-04-14|2026-04-15,2026-04-15 18:57:34,37.2
Huntington Bancshares,0|0|0|100|0|0|0|0|0|0|0|0|0|0|0|0|0|0|0|0|12|17|11|12|13|17|13|16|17|15,2026-03-04|2026-03-05|2026-03-06|2026-03-09|2026-03-10|2026-03-11|2026-03-12|2026-03-13|2026-03-16|2026-03-17|2026-03-18|2026-03-19|2026-03-20|2026-03-23|2026-03-24|2026-03-25|2026-03-26|2026-03-27|2026-03-30|2026-03-31|2026-04-01|2026-04-02|2026-04-06|2026-04-07|2026-04-08|2026-04-09|2026-04-10|2026-04-13|2026-04-14|2026-04-15,2026-04-15 18:57:37,8.1
Hormel Foods,17|18|13|19|14|15|15|0|0|21|15|16|100|0|0|0|14|16|20|16|12|10|11|11|12|11|10|10|11|9,2026-03-04|2026-03-05|2026-03-06|2026-03-09|2026-03-10|2026-03-11|2026-03-12|2026-03-13|2026-03-16|2026-03-17|2026-03-18|2026-03-19|2026-03-20|2026-03-23|2026-03-24|2026-03-25|2026-03-26|2026-03-27|2026-03-30|2026-03-31|2026-04-01|2026-04-02|2026-04-06|2026-04-07|2026-04-08|2026-04-09|2026-04-10|2026-04-13|2026-04-14|2026-04-15,2026-04-15 18:57:41,14.5
Eversource Energy,0|0|0|76|0|0|0|0|100|54|86|65|0|0|0|0|90|0|57|53|37|32|33|27|38|28|28|35|28|34,2026-03-04|2026-03-05|2026-03-06|2026-03-09|2026-03-10|2026-03-11|2026-03-12|2026-03-13|2026-03-16|2026-03-17|2026-03-18|2026-03-19|2026-03-20|2026-03-23|2026-03-24|2026-03-25|2026-03-26|2026-03-27|2026-03-30|2026-03-31|2026-04-01|2026-04-02|2026-04-06|2026-04-07|2026-04-08|2026-04-09|2026-04-10|2026-04-13|2026-04-14|2026-04-15,2026-04-15 18:57:44,30.0
Alcoa Corporation,0|0|0|0|0|0|0|0|0|100|0|0|0|0|0|0|0|0|0|0|8|0|8|5|7|0|7|6|6|0,2026-03-04|2026-03-05|2026-03-06|2026-03-09|2026-03-10|2026-03-11|2026-03-12|2026-03-13|2026-03-16|2026-03-17|2026-03-18|2026-03-19|2026-03-20|2026-03-23|2026-03-24|2026-03-25|2026-03-26|2026-03-27|2026-03-30|2026-03-31|2026-04-01|2026-04-02|2026-04-06|2026-04-07|2026-04-08|2026-04-09|2026-04-10|2026-04-13|2026-04-14|2026-04-15,2026-04-15 18:57:48,4.9
Entergy,72|53|60|60|57|51|83|52|95|61|70|100|69|56|52|65|78|56|57|55|51|43|39|41|46|43|38|40|42|39,2026-03-04|2026-03-05|2026-03-06|2026-03-09|2026-03-10|2026-03-11|2026-03-12|2026-03-13|2026-03-16|2026-03-17|2026-03-18|2026-03-19|2026-03-20|2026-03-23|2026-03-24|2026-03-25|2026-03-26|2026-03-27|2026-03-30|2026-03-31|2026-04-01|2026-04-02|2026-04-06|2026-04-07|2026-04-08|2026-04-09|2026-04-10|2026-04-13|2026-04-14|2026-04-15,2026-04-15 18:57:51,57.5
Assurant,91|92|81|83|92|87|84|79|72|84|91|90|93|94|99|96|82|95|90|94|100|87|87|82|87|81|82|85|88|81,2026-03-04|2026-03-05|2026-03-06|2026-03-09|2026-03-10|2026-03-11|2026-03-12|2026-03-13|2026-03-16|2026-03-17|2026-03-18|2026-03-19|2026-03-20|2026-03-23|2026-03-24|2026-03-25|2026-03-26|2026-03-27|2026-03-30|2026-03-31|2026-04-01|2026-04-02|2026-04-06|2026-04-07|2026-04-08|2026-04-09|2026-04-10|2026-04-13|2026-04-14|2026-04-15,2026-04-15 18:57:54,87.6
Chewy,91|92|89|98|91|89|88|93|88|86|87|81|86|93|92|97|90|90|94|98|94|90|98|87|94|93|91|100|92|100,2026-03-04|2026-03-05|2026-03-06|2026-03-09|2026-03-10|2026-03-11|2026-03-12|2026-03-13|2026-03-16|2026-03-17|2026-03-18|2026-03-19|2026-03-20|2026-03-23|2026-03-24|2026-03-25|2026-03-26|2026-03-27|2026-03-30|2026-03-31|2026-04-01|2026-04-02|2026-04-06|2026-04-07|2026-04-08|2026-04-09|2026-04-10|2026-04-13|2026-04-14|2026-04-15,2026-04-15 18:57:58,91.7
Wayfair,70|72|76|78|71|72|74|73|74|79|73|71|75|86|75|74|75|70|77|80|78|73|81|78|75|75|77|81|80|73,2026-03-04|2026-03-05|2026-03-06|2026-03-09|2026-03-10|2026-03-11|2026-03-12|2026-03-13|2026-03-16|2026-03-17|2026-03-18|2026-03-19|2026-03-20|2026-03-23|2026-03-24|2026-03-25|2026-03-26|2026-03-27|2026-03-30|2026-03-31|2026-04-01|2026-04-02|2026-04-06|2026-04-07|2026-04-08|2026-04-09|2026-04-10|2026-04-13|2026-04-14|2026-04-15,2026-04-15 18:58:02,75.5
Avis Budget,35|39|31|72|57|39|35|36|53|35|42|40|36|40|30|37|35|41|100|40|30|30|32|32|31|33|30|33|33|31,2026-03-04|2026-03-05|2026-03-06|2026-03-09|2026-03-10|2026-03-11|2026-03-12|2026-03-13|2026-03-16|2026-03-17|2026-03-18|2026-03-19|2026-03-20|2026-03-23|2026-03-24|2026-03-25|2026-03-26|2026-03-27|2026-03-30|2026-03-31|2026-04-01|2026-04-02|2026-04-06|2026-04-07|2026-04-08|2026-04-09|2026-04-10|2026-04-13|2026-04-14|2026-04-15,2026-04-15 18:58:06,39.6
Intercontinental Exchange,44|68|47|72|46|61|50|32|66|73|67|100|43|48|45|39|52|45|33|49|24|23|23|21|25|21|20|17|16|25,2026-03-04|2026-03-05|2026-03-06|2026-03-09|2026-03-10|2026-03-11|2026-03-12|2026-03-13|2026-03-16|2026-03-17|2026-03-18|2026-03-19|2026-03-20|2026-03-23|2026-03-24|2026-03-25|2026-03-26|2026-03-27|2026-03-30|2026-03-31|2026-04-01|2026-04-02|2026-04-06|2026-04-07|2026-04-08|2026-04-09|2026-04-10|2026-04-13|2026-04-14|2026-04-15,2026-04-15 18:58:09,43.2
Alaska Air,76|69|79|76|68|66|66|74|82|74|74|68|81|100|84|79|77|79|89|81|65|60|54|51|52|48|52|52|48|52,2026-03-04|2026-03-05|2026-03-06|2026-03-09|2026-03-10|2026-03-11|2026-03-12|2026-03-13|2026-03-16|2026-03-17|2026-03-18|2026-03-19|2026-03-20|2026-03-23|2026-03-24|2026-03-25|2026-03-26|2026-03-27|2026-03-30|2026-03-31|2026-04-01|2026-04-02|2026-04-06|2026-04-07|2026-04-08|2026-04-09|2026-04-10|2026-04-13|2026-04-14|2026-04-15,2026-04-15 18:58:13,69.2
GXO Logistics,91|49|73|100|70|58|82|93|0|78|63|0|0|0|61|0|55|92|69|0|43|47|45|46|57|48|41|46|51|55,2026-03-04|2026-03-05|2026-03-06|2026-03-09|2026-03-10|2026-03-11|2026-03-12|2026-03-13|2026-03-16|2026-03-17|2026-03-18|2026-03-19|2026-03-20|2026-03-23|2026-03-24|2026-03-25|2026-03-26|2026-03-27|2026-03-30|2026-03-31|2026-04-01|2026-04-02|2026-04-06|2026-04-07|2026-04-08|2026-04-09|2026-04-10|2026-04-13|2026-04-14|2026-04-15,2026-04-15 18:58:15,50.4
AGCO,23|37|36|36|39|40|26|27|43|83|59|100|95|75|26|51|54|70|32|46|17|23|18|21|21|24|21|19|17|22,2026-03-04|2026-03-05|2026-03-06|2026-03-09|2026-03-10|2026-03-11|2026-03-12|2026-03-13|2026-03-16|2026-03-17|2026-03-18|2026-03-19|2026-03-20|2026-03-23|2026-03-24|2026-03-25|2026-03-26|2026-03-27|2026-03-30|2026-03-31|2026-04-01|2026-04-02|2026-04-06|2026-04-07|2026-04-08|2026-04-09|2026-04-10|2026-04-13|2026-04-14|2026-04-15,2026-04-15 18:58:19,40.0
Molson Coors Beverage,0|0|0|0|0|0|0|0|0|0|0|0|0|0|0|0|0|0|0|0|9|0|7|8|7|14|8|6|7|0,2026-03-04|2026-03-05|2026-03-06|2026-03-09|2026-03-10|2026-03-11|2026-03-12|2026-03-13|2026-03-16|2026-03-17|2026-03-18|2026-03-19|2026-03-20|2026-03-23|2026-03-24|2026-03-25|2026-03-26|2026-03-27|2026-03-30|2026-03-31|2026-04-01|2026-04-02|2026-04-06|2026-04-07|2026-04-08|2026-04-09|2026-04-10|2026-04-13|2026-04-14|2026-04-15,2026-04-15 18:58:23,2.2
Arthur J Gallagher,0|0|95|0|0|79|0|0|0|0|100|0|0|88|0|90|0|0|0|0|45|43|35|45|49|35|40|39|42|40,2026-03-04|2026-03-05|2026-03-06|2026-03-09|2026-03-10|2026-03-11|2026-03-12|2026-03-13|2026-03-16|2026-03-17|2026-03-18|2026-03-19|2026-03-20|2026-03-23|2026-03-24|2026-03-25|2026-03-26|2026-03-27|2026-03-30|2026-03-31|2026-04-01|2026-04-02|2026-04-06|2026-04-07|2026-04-08|2026-04-09|2026-04-10|2026-04-13|2026-04-14|2026-04-15,2026-04-15 18:58:27,28.8
Huntington Ingalls Industries,0|0|0|0|0|0|61|0|0|0|56|65|100|88|0|73|59|83|0|0|12|19|15|21|19|20|16|15|16|20,2026-03-04|2026-03-05|2026-03-06|2026-03-09|2026-03-10|2026-03-11|2026-03-12|2026-03-13|2026-03-16|2026-03-17|2026-03-18|2026-03-19|2026-03-20|2026-03-23|2026-03-24|2026-03-25|2026-03-26|2026-03-27|2026-03-30|2026-03-31|2026-04-01|2026-04-02|2026-04-06|2026-04-07|2026-04-08|2026-04-09|2026-04-10|2026-04-13|2026-04-14|2026-04-15,2026-04-15 18:58:30,25.3
International Flavors & Fragrances,0|0|0|0|0|0|0|0|0|0|0|0|0|0|0|0|0|0|0|0|49|0|0|0|78|81|100|60|56|70,2026-03-04|2026-03-05|2026-03-06|2026-03-09|2026-03-10|2026-03-11|2026-03-12|2026-03-13|2026-03-16|2026-03-17|2026-03-18|2026-03-19|2026-03-20|2026-03-23|2026-03-24|2026-03-25|2026-03-26|2026-03-27|2026-03-30|2026-03-31|2026-04-01|2026-04-02|2026-04-06|2026-04-07|2026-04-08|2026-04-09|2026-04-10|2026-04-13|2026-04-14|2026-04-15,2026-04-15 18:58:34,16.5
Darden Restaurants,2|2|1|2|2|2|2|2|2|2|2|4|2|2|2|1|2|2|2|2|2|4|45|36|100|10|4|2|2|1,2026-03-04|2026-03-05|2026-03-06|2026-03-09|2026-03-10|2026-03-11|2026-03-12|2026-03-13|2026-03-16|2026-03-17|2026-03-18|2026-03-19|2026-03-20|2026-03-23|2026-03-24|2026-03-25|2026-03-26|2026-03-27|2026-03-30|2026-03-31|2026-04-01|2026-04-02|2026-04-06|2026-04-07|2026-04-08|2026-04-09|2026-04-10|2026-04-13|2026-04-14|2026-04-15,2026-04-15 18:58:38,8.2
CIncinnati Financial,61|100|57|87|52|60|85|60|37|50|87|80|79|67|69|77|52|49|88|52|29|28|31|32|31|34|39|28|33|43,2026-03-04|2026-03-05|2026-03-06|2026-03-09|2026-03-10|2026-03-11|2026-03-12|2026-03-13|2026-03-16|2026-03-17|2026-03-18|2026-03-19|2026-03-20|2026-03-23|2026-03-24|2026-03-25|2026-03-26|2026-03-27|2026-03-30|2026-03-31|2026-04-01|2026-04-02|2026-04-06|2026-04-07|2026-04-08|2026-04-09|2026-04-10|2026-04-13|2026-04-14|2026-04-15,2026-04-15 18:58:43,55.9
Chipotle Mexican Grill,77|66|67|79|52|67|69|69|68|67|80|62|75|100|67|70|74|61|67|50|60|56|47|45|58|58|54|44|47|54,2026-03-04|2026-03-05|2026-03-06|2026-03-09|2026-03-10|2026-03-11|2026-03-12|2026-03-13|2026-03-16|2026-03-17|2026-03-18|2026-03-19|2026-03-20|2026-03-23|2026-03-24|2026-03-25|2026-03-26|2026-03-27|2026-03-30|2026-03-31|2026-04-01|2026-04-02|2026-04-06|2026-04-07|2026-04-08|2026-04-09|2026-04-10|2026-04-13|2026-04-14|2026-04-15,2026-04-15 18:58:57,63.7
Yum China,0|0|0|0|100|0|0|0|0|0|0|0|0|0|0|0|0|0|0|0|18|14|19|18|21|16|16|16|42|20,2026-03-04|2026-03-05|2026-03-06|2026-03-09|2026-03-10|2026-03-11|2026-03-12|2026-03-13|2026-03-16|2026-03-17|2026-03-18|2026-03-19|2026-03-20|2026-03-23|2026-03-24|2026-03-25|2026-03-26|2026-03-27|2026-03-30|2026-03-31|2026-04-01|2026-04-02|2026-04-06|2026-04-07|2026-04-08|2026-04-09|2026-04-10|2026-04-13|2026-04-14|2026-04-15,2026-04-15 18:59:01,10.0
Las Vegas Sands,0|100|63|70|66|67|55|93|63|69|93|63|0|68|0|0|0|0|0|0|32|29|35|27|31|34|27|32|30|50,2026-03-04|2026-03-05|2026-03-06|2026-03-09|2026-03-10|2026-03-11|2026-03-12|2026-03-13|2026-03-16|2026-03-17|2026-03-18|2026-03-19|2026-03-20|2026-03-23|2026-03-24|2026-03-25|2026-03-26|2026-03-27|2026-03-30|2026-03-31|2026-04-01|2026-04-02|2026-04-06|2026-04-07|2026-04-08|2026-04-09|2026-04-10|2026-04-13|2026-04-14|2026-04-15,2026-04-15 18:59:04,39.9
Ulta Beauty,58|63|86|71|66|65|69|72|64|64|69|69|73|71|73|64|66|76|64|69|60|65|68|62|65|71|75|65|68|76,2026-03-04|2026-03-05|2026-03-06|2026-03-09|2026-03-10|2026-03-11|2026-03-12|2026-03-13|2026-03-16|2026-03-17|2026-03-18|2026-03-19|2026-03-20|2026-03-23|2026-03-24|2026-03-25|2026-03-26|2026-03-27|2026-03-30|2026-03-31|2026-04-01|2026-04-02|2026-04-06|2026-04-07|2026-04-08|2026-04-09|2026-04-10|2026-04-13|2026-04-14|2026-04-15,2026-04-15 18:59:07,68.2
Caesars Entertainment,80|0|76|61|53|100|86|83|0|42|59|48|99|80|53|47|32|52|37|40|33|36|47|38|42|35|36|39|30|39,2026-03-04|2026-03-05|2026-03-06|2026-03-09|2026-03-10|2026-03-11|2026-03-12|2026-03-13|2026-03-16|2026-03-17|2026-03-18|2026-03-19|2026-03-20|2026-03-23|2026-03-24|2026-03-25|2026-03-26|2026-03-27|2026-03-30|2026-03-31|2026-04-01|2026-04-02|2026-04-06|2026-04-07|2026-04-08|2026-04-09|2026-04-10|2026-04-13|2026-04-14|2026-04-15,2026-04-15 18:59:12,50.1
The Andersons Inc,0|0|0|0|0|0|0|0|0|0|0|0|0|0|0|0|0|0|0|0|0|67|0|0|100|0|61|0|86|0,2026-03-04|2026-03-05|2026-03-06|2026-03-09|2026-03-10|2026-03-11|2026-03-12|2026-03-13|2026-03-16|2026-03-17|2026-03-18|2026-03-19|2026-03-20|2026-03-23|2026-03-24|2026-03-25|2026-03-26|2026-03-27|2026-03-30|2026-03-31|2026-04-01|2026-04-02|2026-04-06|2026-04-07|2026-04-08|2026-04-09|2026-04-10|2026-04-13|2026-04-14|2026-04-15,2026-04-15 18:59:15,10.5
Hershey,65|64|67|63|66|71|68|64|64|62|69|67|71|67|68|66|66|70|66|76|80|83|87|72|74|70|77|67|73|73,2026-03-04|2026-03-05|2026-03-06|2026-03-09|2026-03-10|2026-03-11|2026-03-12|2026-03-13|2026-03-16|2026-03-17|2026-03-18|2026-03-19|2026-03-20|2026-03-23|2026-03-24|2026-03-25|2026-03-26|2026-03-27|2026-03-30|2026-03-31|2026-04-01|2026-04-02|2026-04-06|2026-04-07|2026-04-08|2026-04-09|2026-04-10|2026-04-13|2026-04-14|2026-04-15,2026-04-15 18:59:19,69.9
Hilton Worldwide,0|48|0|80|0|0|0|57|58|78|78|82|49|0|51|0|0|0|0|58|38|19|18|18|17|23|17|16|13|18,2026-03-04|2026-03-05|2026-03-06|2026-03-09|2026-03-10|2026-03-11|2026-03-12|2026-03-13|2026-03-16|2026-03-17|2026-03-18|2026-03-19|2026-03-20|2026-03-23|2026-03-24|2026-03-25|2026-03-26|2026-03-27|2026-03-30|2026-03-31|2026-04-01|2026-04-02|2026-04-06|2026-04-07|2026-04-08|2026-04-09|2026-04-10|2026-04-13|2026-04-14|2026-04-15,2026-04-15 18:59:23,27.9
The Mosaic Company,,2026-03-04|2026-03-05|2026-03-06|2026-03-09|2026-03-10|2026-03-11|2026-03-12|2026-03-13|2026-03-16|2026-03-17|2026-03-18|2026-03-19|2026-03-20|2026-03-23|2026-03-24|2026-03-25|2026-03-26|2026-03-27|2026-03-30|2026-03-31|2026-04-01|2026-04-02|2026-04-06|2026-04-07|2026-04-08|2026-04-09|2026-04-10|2026-04-13|2026-04-14|2026-04-15,2026-04-15 18:59:58,0.0
Airbnb,,2026-03-04|2026-03-05|2026-03-06|2026-03-09|2026-03-10|2026-03-11|2026-03-12|2026-03-13|2026-03-16|2026-03-17|2026-03-18|2026-03-19|2026-03-20|2026-03-23|2026-03-24|2026-03-25|2026-03-26|2026-03-27|2026-03-30|2026-03-31|2026-04-01|2026-04-02|2026-04-06|2026-04-07|2026-04-08|2026-04-09|2026-04-10|2026-04-13|2026-04-14|2026-04-15,2026-04-15 19:00:41,0.0
Diamondback Energy,,2026-03-04|2026-03-05|2026-03-06|2026-03-09|2026-03-10|2026-03-11|2026-03-12|2026-03-13|2026-03-16|2026-03-17|2026-03-18|2026-03-19|2026-03-20|2026-03-23|2026-03-24|2026-03-25|2026-03-26|2026-03-27|2026-03-30|2026-03-31|2026-04-01|2026-04-02|2026-04-06|2026-04-07|2026-04-08|2026-04-09|2026-04-10|2026-04-13|2026-04-14|2026-04-15,2026-04-15 19:00:51,0.0
American Tower,,2026-03-04|2026-03-05|2026-03-06|2026-03-09|2026-03-10|2026-03-11|2026-03-12|2026-03-13|2026-03-16|2026-03-17|2026-03-18|2026-03-19|2026-03-20|2026-03-23|2026-03-24|2026-03-25|2026-03-26|2026-03-27|2026-03-30|2026-03-31|2026-04-01|2026-04-02|2026-04-06|2026-04-07|2026-04-08|2026-04-09|2026-04-10|2026-04-13|2026-04-14|2026-04-15,2026-04-15 19:00:51,0.0
Vertex Pharmaceuticals,,2026-03-04|2026-03-05|2026-03-06|2026-03-09|2026-03-10|2026-03-11|2026-03-12|2026-03-13|2026-03-16|2026-03-17|2026-03-18|2026-03-19|2026-03-20|2026-03-23|2026-03-24|2026-03-25|2026-03-26|2026-03-27|2026-03-30|2026-03-31|2026-04-01|2026-04-02|2026-04-06|2026-04-07|2026-04-08|2026-04-09|2026-04-10|2026-04-13|2026-04-14|2026-04-15,2026-04-15 19:00:51,0.0
ServiceNow,,2026-03-04|2026-03-05|2026-03-06|2026-03-09|2026-03-10|2026-03-11|2026-03-12|2026-03-13|2026-03-16|2026-03-17|2026-03-18|2026-03-19|2026-03-20|2026-03-23|2026-03-24|2026-03-25|2026-03-26|2026-03-27|2026-03-30|2026-03-31|2026-04-01|2026-04-02|2026-04-06|2026-04-07|2026-04-08|2026-04-09|2026-04-10|2026-04-13|2026-04-14|2026-04-15,2026-04-15 19:00:51,0.0
Owens Corning,,2026-03-04|2026-03-05|2026-03-06|2026-03-09|2026-03-10|2026-03-11|2026-03-12|2026-03-13|2026-03-16|2026-03-17|2026-03-18|2026-03-19|2026-03-20|2026-03-23|2026-03-24|2026-03-25|2026-03-26|2026-03-27|2026-03-30|2026-03-31|2026-04-01|2026-04-02|2026-04-06|2026-04-07|2026-04-08|2026-04-09|2026-04-10|2026-04-13|2026-04-14|2026-04-15,2026-04-15 19:00:51,0.0
Advance Auto Parts,,2026-03-04|2026-03-05|2026-03-06|2026-03-09|2026-03-10|2026-03-11|2026-03-12|2026-03-13|2026-03-16|2026-03-17|2026-03-18|2026-03-19|2026-03-20|2026-03-23|2026-03-24|2026-03-25|2026-03-26|2026-03-27|2026-03-30|2026-03-31|2026-04-01|2026-04-02|2026-04-06|2026-04-07|2026-04-08|2026-04-09|2026-04-10|2026-04-13|2026-04-14|2026-04-15,2026-04-15 19:00:51,0.0
Toll Brothers,,2026-03-04|2026-03-05|2026-03-06|2026-03-09|2026-03-10|2026-03-11|2026-03-12|2026-03-13|2026-03-16|2026-03-17|2026-03-18|2026-03-19|2026-03-20|2026-03-23|2026-03-24|2026-03-25|2026-03-26|2026-03-27|2026-03-30|2026-03-31|2026-04-01|2026-04-02|2026-04-06|2026-04-07|2026-04-08|2026-04-09|2026-04-10|2026-04-13|2026-04-14|2026-04-15,2026-04-15 19:00:51,0.0
Mohawk Industries,,2026-03-04|2026-03-05|2026-03-06|2026-03-09|2026-03-10|2026-03-11|2026-03-12|2026-03-13|2026-03-16|2026-03-17|2026-03-18|2026-03-19|2026-03-20|2026-03-23|2026-03-24|2026-03-25|2026-03-26|2026-03-27|2026-03-30|2026-03-31|2026-04-01|2026-04-02|2026-04-06|2026-04-07|2026-04-08|2026-04-09|2026-04-10|2026-04-13|2026-04-14|2026-04-15,2026-04-15 19:00:51,0.0
Motorola Solutions,,2026-03-04|2026-03-05|2026-03-06|2026-03-09|2026-03-10|2026-03-11|2026-03-12|2026-03-13|2026-03-16|2026-03-17|2026-03-18|2026-03-19|2026-03-20|2026-03-23|2026-03-24|2026-03-25|2026-03-26|2026-03-27|2026-03-30|2026-03-31|2026-04-01|2026-04-02|2026-04-06|2026-04-07|2026-04-08|2026-04-09|2026-04-10|2026-04-13|2026-04-14|2026-04-15,2026-04-15 19:00:51,0.0
Oshkosh Corporation,,2026-03-04|2026-03-05|2026-03-06|2026-03-09|2026-03-10|2026-03-11|2026-03-12|2026-03-13|2026-03-16|2026-03-17|2026-03-18|2026-03-19|2026-03-20|2026-03-23|2026-03-24|2026-03-25|2026-03-26|2026-03-27|2026-03-30|2026-03-31|2026-04-01|2026-04-02|2026-04-06|2026-04-07|2026-04-08|2026-04-09|2026-04-10|2026-04-13|2026-04-14|2026-04-15,2026-04-15 19:00:51,0.0
DoorDash,,2026-03-04|2026-03-05|2026-03-06|2026-03-09|2026-03-10|2026-03-11|2026-03-12|2026-03-13|2026-03-16|2026-03-17|2026-03-18|2026-03-19|2026-03-20|2026-03-23|2026-03-24|2026-03-25|2026-03-26|2026-03-27|2026-03-30|2026-03-31|2026-04-01|2026-04-02|2026-04-06|2026-04-07|2026-04-08|2026-04-09|2026-04-10|2026-04-13|2026-04-14|2026-04-15,2026-04-15 19:00:51,0.0
NVR Inc,,2026-03-04|2026-03-05|2026-03-06|2026-03-09|2026-03-10|2026-03-11|2026-03-12|2026-03-13|2026-03-16|2026-03-17|2026-03-18|2026-03-19|2026-03-20|2026-03-23|2026-03-24|2026-03-25|2026-03-26|2026-03-27|2026-03-30|2026-03-31|2026-04-01|2026-04-02|2026-04-06|2026-04-07|2026-04-08|2026-04-09|2026-04-10|2026-04-13|2026-04-14|2026-04-15,2026-04-15 19:00:51,0.0
Booz Allen Hamilton,,2026-03-04|2026-03-05|2026-03-06|2026-03-09|2026-03-10|2026-03-11|2026-03-12|2026-03-13|2026-03-16|2026-03-17|2026-03-18|2026-03-19|2026-03-20|2026-03-23|2026-03-24|2026-03-25|2026-03-26|2026-03-27|2026-03-30|2026-03-31|2026-04-01|2026-04-02|2026-04-06|2026-04-07|2026-04-08|2026-04-09|2026-04-10|2026-04-13|2026-04-14|2026-04-15,2026-04-15 19:00:51,0.0
Burlington Stores,,2026-03-04|2026-03-05|2026-03-06|2026-03-09|2026-03-10|2026-03-11|2026-03-12|2026-03-13|2026-03-16|2026-03-17|2026-03-18|2026-03-19|2026-03-20|2026-03-23|2026-03-24|2026-03-25|2026-03-26|2026-03-27|2026-03-30|2026-03-31|2026-04-01|2026-04-02|2026-04-06|2026-04-07|2026-04-08|2026-04-09|2026-04-10|2026-04-13|2026-04-14|2026-04-15,2026-04-15 19:00:51,0.0
Expeditors International of Washington,,2026-03-04|2026-03-05|2026-03-06|2026-03-09|2026-03-10|2026-03-11|2026-03-12|2026-03-13|2026-03-16|2026-03-17|2026-03-18|2026-03-19|2026-03-20|2026-03-23|2026-03-24|2026-03-25|2026-03-26|2026-03-27|2026-03-30|2026-03-31|2026-04-01|2026-04-02|2026-04-06|2026-04-07|2026-04-08|2026-04-09|2026-04-10|2026-04-13|2026-04-14|2026-04-15,2026-04-15 19:00:51,0.0
Lululemon athletica,,2026-03-04|2026-03-05|2026-03-06|2026-03-09|2026-03-10|2026-03-11|2026-03-12|2026-03-13|2026-03-16|2026-03-17|2026-03-18|2026-03-19|2026-03-20|2026-03-23|2026-03-24|2026-03-25|2026-03-26|2026-03-27|2026-03-30|2026-03-31|2026-04-01|2026-04-02|2026-04-06|2026-04-07|2026-04-08|2026-04-09|2026-04-10|2026-04-13|2026-04-14|2026-04-15,2026-04-15 19:00:51,0.0
Fidelity National Information Services,,2026-03-04|2026-03-05|2026-03-06|2026-03-09|2026-03-10|2026-03-11|2026-03-12|2026-03-13|2026-03-16|2026-03-17|2026-03-18|2026-03-19|2026-03-20|2026-03-23|2026-03-24|2026-03-25|2026-03-26|2026-03-27|2026-03-30|2026-03-31|2026-04-01|2026-04-02|2026-04-06|2026-04-07|2026-04-08|2026-04-09|2026-04-10|2026-04-13|2026-04-14|2026-04-15,2026-04-15 19:00:51,0.0
Jefferies Financial,,2026-03-04|2026-03-05|2026-03-06|2026-03-09|2026-03-10|2026-03-11|2026-03-12|2026-03-13|2026-03-16|2026-03-17|2026-03-18|2026-03-19|2026-03-20|2026-03-23|2026-03-24|2026-03-25|2026-03-26|2026-03-27|2026-03-30|2026-03-31|2026-04-01|2026-04-02|2026-04-06|2026-04-07|2026-04-08|2026-04-09|2026-04-10|2026-04-13|2026-04-14|2026-04-15,2026-04-15 19:00:51,0.0
Williams Companies,,2026-03-04|2026-03-05|2026-03-06|2026-03-09|2026-03-10|2026-03-11|2026-03-12|2026-03-13|2026-03-16|2026-03-17|2026-03-18|2026-03-19|2026-03-20|2026-03-23|2026-03-24|2026-03-25|2026-03-26|2026-03-27|2026-03-30|2026-03-31|2026-04-01|2026-04-02|2026-04-06|2026-04-07|2026-04-08|2026-04-09|2026-04-10|2026-04-13|2026-04-14|2026-04-15,2026-04-15 19:00:51,0.0
VF Corporation,,2026-03-04|2026-03-05|2026-03-06|2026-03-09|2026-03-10|2026-03-11|2026-03-12|2026-03-13|2026-03-16|2026-03-17|2026-03-18|2026-03-19|2026-03-20|2026-03-23|2026-03-24|2026-03-25|2026-03-26|2026-03-27|2026-03-30|2026-03-31|2026-04-01|2026-04-02|2026-04-06|2026-04-07|2026-04-08|2026-04-09|2026-04-10|2026-04-13|2026-04-14|2026-04-15,2026-04-15 19:00:51,0.0
Autoliv,,2026-03-04|2026-03-05|2026-03-06|2026-03-09|2026-03-10|2026-03-11|2026-03-12|2026-03-13|2026-03-16|2026-03-17|2026-03-18|2026-03-19|2026-03-20|2026-03-23|2026-03-24|2026-03-25|2026-03-26|2026-03-27|2026-03-30|2026-03-31|2026-04-01|2026-04-02|2026-04-06|2026-04-07|2026-04-08|2026-04-09|2026-04-10|2026-04-13|2026-04-14|2026-04-15,2026-04-15 19:00:51,0.0
Westinghouse Air Brake Technologies,,2026-03-04|2026-03-05|2026-03-06|2026-03-09|2026-03-10|2026-03-11|2026-03-12|2026-03-13|2026-03-16|2026-03-17|2026-03-18|2026-03-19|2026-03-20|2026-03-23|2026-03-24|2026-03-25|2026-03-26|2026-03-27|2026-03-30|2026-03-31|2026-04-01|2026-04-02|2026-04-06|2026-04-07|2026-04-08|2026-04-09|2026-04-10|2026-04-13|2026-04-14|2026-04-15,2026-04-15 19:00:51,0.0
Public Service Enterprise Group,,2026-03-04|2026-03-05|2026-03-06|2026-03-09|2026-03-10|2026-03-11|2026-03-12|2026-03-13|2026-03-16|2026-03-17|2026-03-18|2026-03-19|2026-03-20|2026-03-23|2026-03-24|2026-03-25|2026-03-26|2026-03-27|2026-03-30|2026-03-31|2026-04-01|2026-04-02|2026-04-06|2026-04-07|2026-04-08|2026-04-09|2026-04-10|2026-04-13|2026-04-14|2026-04-15,2026-04-15 19:00:51,0.0
Ebay,,2026-03-04|2026-03-05|2026-03-06|2026-03-09|2026-03-10|2026-03-11|2026-03-12|2026-03-13|2026-03-16|2026-03-17|2026-03-18|2026-03-19|2026-03-20|2026-03-23|2026-03-24|2026-03-25|2026-03-26|2026-03-27|2026-03-30|2026-03-31|2026-04-01|2026-04-02|2026-04-06|2026-04-07|2026-04-08|2026-04-09|2026-04-10|2026-04-13|2026-04-14|2026-04-15,2026-04-15 19:00:51,0.0
Celanese,,2026-03-04|2026-03-05|2026-03-06|2026-03-09|2026-03-10|2026-03-11|2026-03-12|2026-03-13|2026-03-16|2026-03-17|2026-03-18|2026-03-19|2026-03-20|2026-03-23|2026-03-24|2026-03-25|2026-03-26|2026-03-27|2026-03-30|2026-03-31|2026-04-01|2026-04-02|2026-04-06|2026-04-07|2026-04-08|2026-04-09|2026-04-10|2026-04-13|2026-04-14|2026-04-15,2026-04-15 19:00:51,0.0
Global Payments,,2026-03-04|2026-03-05|2026-03-06|2026-03-09|2026-03-10|2026-03-11|2026-03-12|2026-03-13|2026-03-16|2026-03-17|2026-03-18|2026-03-19|2026-03-20|2026-03-23|2026-03-24|2026-03-25|2026-03-26|2026-03-27|2026-03-30|2026-03-31|2026-04-01|2026-04-02|2026-04-06|2026-04-07|2026-04-08|2026-04-09|2026-04-10|2026-04-13|2026-04-14|2026-04-15,2026-04-15 19:00:51,0.0
News Corp,,2026-03-04|2026-03-05|2026-03-06|2026-03-09|2026-03-10|2026-03-11|2026-03-12|2026-03-13|2026-03-16|2026-03-17|2026-03-18|2026-03-19|2026-03-20|2026-03-23|2026-03-24|2026-03-25|2026-03-26|2026-03-27|2026-03-30|2026-03-31|2026-04-01|2026-04-02|2026-04-06|2026-04-07|2026-04-08|2026-04-09|2026-04-10|2026-04-13|2026-04-14|2026-04-15,2026-04-15 19:00:51,0.0
THOR Industries,,2026-03-04|2026-03-05|2026-03-06|2026-03-09|2026-03-10|2026-03-11|2026-03-12|2026-03-13|2026-03-16|2026-03-17|2026-03-18|2026-03-19|2026-03-20|2026-03-23|2026-03-24|2026-03-25|2026-03-26|2026-03-27|2026-03-30|2026-03-31|2026-04-01|2026-04-02|2026-04-06|2026-04-07|2026-04-08|2026-04-09|2026-04-10|2026-04-13|2026-04-14|2026-04-15,2026-04-15 19:00:51,0.0
Icahn Enterprises,,2026-03-04|2026-03-05|2026-03-06|2026-03-09|2026-03-10|2026-03-11|2026-03-12|2026-03-13|2026-03-16|2026-03-17|2026-03-18|2026-03-19|2026-03-20|2026-03-23|2026-03-24|2026-03-25|2026-03-26|2026-03-27|2026-03-30|2026-03-31|2026-04-01|2026-04-02|2026-04-06|2026-04-07|2026-04-08|2026-04-09|2026-04-10|2026-04-13|2026-04-14|2026-04-15,2026-04-15 19:00:51,0.0
Constellation Brands,,2026-03-04|2026-03-05|2026-03-06|2026-03-09|2026-03-10|2026-03-11|2026-03-12|2026-03-13|2026-03-16|2026-03-17|2026-03-18|2026-03-19|2026-03-20|2026-03-23|2026-03-24|2026-03-25|2026-03-26|2026-03-27|2026-03-30|2026-03-31|2026-04-01|2026-04-02|2026-04-06|2026-04-07|2026-04-08|2026-04-09|2026-04-10|2026-04-13|2026-04-14|2026-04-15,2026-04-15 19:00:51,0.0
Quest Diagnostics,,2026-03-04|2026-03-05|2026-03-06|2026-03-09|2026-03-10|2026-03-11|2026-03-12|2026-03-13|2026-03-16|2026-03-17|2026-03-18|2026-03-19|2026-03-20|2026-03-23|2026-03-24|2026-03-25|2026-03-26|2026-03-27|2026-03-30|2026-03-31|2026-04-01|2026-04-02|2026-04-06|2026-04-07|2026-04-08|2026-04-09|2026-04-10|2026-04-13|2026-04-14|2026-04-15,2026-04-15 19:00:51,0.0
KLA,,2026-03-04|2026-03-05|2026-03-06|2026-03-09|2026-03-10|2026-03-11|2026-03-12|2026-03-13|2026-03-16|2026-03-17|2026-03-18|2026-03-19|2026-03-20|2026-03-23|2026-03-24|2026-03-25|2026-03-26|2026-03-27|2026-03-30|2026-03-31|2026-04-01|2026-04-02|2026-04-06|2026-04-07|2026-04-08|2026-04-09|2026-04-10|2026-04-13|2026-04-14|2026-04-15,2026-04-15 19:00:51,0.0
QXO Building Products,,2026-03-04|2026-03-05|2026-03-06|2026-03-09|2026-03-10|2026-03-11|2026-03-12|2026-03-13|2026-03-16|2026-03-17|2026-03-18|2026-03-19|2026-03-20|2026-03-23|2026-03-24|2026-03-25|2026-03-26|2026-03-27|2026-03-30|2026-03-31|2026-04-01|2026-04-02|2026-04-06|2026-04-07|2026-04-08|2026-04-09|2026-04-10|2026-04-13|2026-04-14|2026-04-15,2026-04-15 19:00:51,0.0
APA,,2026-03-04|2026-03-05|2026-03-06|2026-03-09|2026-03-10|2026-03-11|2026-03-12|2026-03-13|2026-03-16|2026-03-17|2026-03-18|2026-03-19|2026-03-20|2026-03-23|2026-03-24|2026-03-25|2026-03-26|2026-03-27|2026-03-30|2026-03-31|2026-04-01|2026-04-02|2026-04-06|2026-04-07|2026-04-08|2026-04-09|2026-04-10|2026-04-13|2026-04-14|2026-04-15,2026-04-15 19:00:51,0.0
Biogen,,2026-03-04|2026-03-05|2026-03-06|2026-03-09|2026-03-10|2026-03-11|2026-03-12|2026-03-13|2026-03-16|2026-03-17|2026-03-18|2026-03-19|2026-03-20|2026-03-23|2026-03-24|2026-03-25|2026-03-26|2026-03-27|2026-03-30|2026-03-31|2026-04-01|2026-04-02|2026-04-06|2026-04-07|2026-04-08|2026-04-09|2026-04-10|2026-04-13|2026-04-14|2026-04-15,2026-04-15 19:00:51,0.0
Campbell Soup,,2026-03-04|2026-03-05|2026-03-06|2026-03-09|2026-03-10|2026-03-11|2026-03-12|2026-03-13|2026-03-16|2026-03-17|2026-03-18|2026-03-19|2026-03-20|2026-03-23|2026-03-24|2026-03-25|2026-03-26|2026-03-27|2026-03-30|2026-03-31|2026-04-01|2026-04-02|2026-04-06|2026-04-07|2026-04-08|2026-04-09|2026-04-10|2026-04-13|2026-04-14|2026-04-15,2026-04-15 19:00:51,0.0
Concentrix,,2026-03-04|2026-03-05|2026-03-06|2026-03-09|2026-03-10|2026-03-11|2026-03-12|2026-03-13|2026-03-16|2026-03-17|2026-03-18|2026-03-19|2026-03-20|2026-03-23|2026-03-24|2026-03-25|2026-03-26|2026-03-27|2026-03-30|2026-03-31|2026-04-01|2026-04-02|2026-04-06|2026-04-07|2026-04-08|2026-04-09|2026-04-10|2026-04-13|2026-04-14|2026-04-15,2026-04-15 19:00:51,0.0
Cintas,,2026-03-04|2026-03-05|2026-03-06|2026-03-09|2026-03-10|2026-03-11|2026-03-12|2026-03-13|2026-03-16|2026-03-17|2026-03-18|2026-03-19|2026-03-20|2026-03-23|2026-03-24|2026-03-25|2026-03-26|2026-03-27|2026-03-30|2026-03-31|2026-04-01|2026-04-02|2026-04-06|2026-04-07|2026-04-08|2026-04-09|2026-04-10|2026-04-13|2026-04-14|2026-04-15,2026-04-15 19:00:51,0.0
Analog Devices,,2026-03-04|2026-03-05|2026-03-06|2026-03-09|2026-03-10|2026-03-11|2026-03-12|2026-03-13|2026-03-16|2026-03-17|2026-03-18|2026-03-19|2026-03-20|2026-03-23|2026-03-24|2026-03-25|2026-03-26|2026-03-27|2026-03-30|2026-03-31|2026-04-01|2026-04-02|2026-04-06|2026-04-07|2026-04-08|2026-04-09|2026-04-10|2026-04-13|2026-04-14|2026-04-15,2026-04-15 19:00:51,0.0
Eastman Chemical,,2026-03-04|2026-03-05|2026-03-06|2026-03-09|2026-03-10|2026-03-11|2026-03-12|2026-03-13|2026-03-16|2026-03-17|2026-03-18|2026-03-19|2026-03-20|2026-03-23|2026-03-24|2026-03-25|2026-03-26|2026-03-27|2026-03-30|2026-03-31|2026-04-01|2026-04-02|2026-04-06|2026-04-07|2026-04-08|2026-04-09|2026-04-10|2026-04-13|2026-04-14|2026-04-15,2026-04-15 19:00:51,0.0
Interactive Brokers,,2026-03-04|2026-03-05|2026-03-06|2026-03-09|2026-03-10|2026-03-11|2026-03-12|2026-03-13|2026-03-16|2026-03-17|2026-03-18|2026-03-19|2026-03-20|2026-03-23|2026-03-24|2026-03-25|2026-03-26|2026-03-27|2026-03-30|2026-03-31|2026-04-01|2026-04-02|2026-04-06|2026-04-07|2026-04-08|2026-04-09|2026-04-10|2026-04-13|2026-04-14|2026-04-15,2026-04-15 19:00:51,0.0
Regions Financial,,2026-03-04|2026-03-05|2026-03-06|2026-03-09|2026-03-10|2026-03-11|2026-03-12|2026-03-13|2026-03-16|2026-03-17|2026-03-18|2026-03-19|2026-03-20|2026-03-23|2026-03-24|2026-03-25|2026-03-26|2026-03-27|2026-03-30|2026-03-31|2026-04-01|2026-04-02|2026-04-06|2026-04-07|2026-04-08|2026-04-09|2026-04-10|2026-04-13|2026-04-14|2026-04-15,2026-04-15 19:00:51,0.0
JetBlue Airways,,2026-03-04|2026-03-05|2026-03-06|2026-03-09|2026-03-10|2026-03-11|2026-03-12|2026-03-13|2026-03-16|2026-03-17|2026-03-18|2026-03-19|2026-03-20|2026-03-23|2026-03-24|2026-03-25|2026-03-26|2026-03-27|2026-03-30|2026-03-31|2026-04-01|2026-04-02|2026-04-06|2026-04-07|2026-04-08|2026-04-09|2026-04-10|2026-04-13|2026-04-14|2026-04-15,2026-04-15 19:00:51,0.0
Zoetis,,2026-03-04|2026-03-05|2026-03-06|2026-03-09|2026-03-10|2026-03-11|2026-03-12|2026-03-13|2026-03-16|2026-03-17|2026-03-18|2026-03-19|2026-03-20|2026-03-23|2026-03-24|2026-03-25|2026-03-26|2026-03-27|2026-03-30|2026-03-31|2026-04-01|2026-04-02|2026-04-06|2026-04-07|2026-04-08|2026-04-09|2026-04-10|2026-04-13|2026-04-14|2026-04-15,2026-04-15 19:00:51,0.0
KeyCorp,,2026-03-04|2026-03-05|2026-03-06|2026-03-09|2026-03-10|2026-03-11|2026-03-12|2026-03-13|2026-03-16|2026-03-17|2026-03-18|2026-03-19|2026-03-20|2026-03-23|2026-03-24|2026-03-25|2026-03-26|2026-03-27|2026-03-30|2026-03-31|2026-04-01|2026-04-02|2026-04-06|2026-04-07|2026-04-08|2026-04-09|2026-04-10|2026-04-13|2026-04-14|2026-04-15,2026-04-15 19:00:51,0.0
Oscar Health,,2026-03-04|2026-03-05|2026-03-06|2026-03-09|2026-03-10|2026-03-11|2026-03-12|2026-03-13|2026-03-16|2026-03-17|2026-03-18|2026-03-19|2026-03-20|2026-03-23|2026-03-24|2026-03-25|2026-03-26|2026-03-27|2026-03-30|2026-03-31|2026-04-01|2026-04-02|2026-04-06|2026-04-07|2026-04-08|2026-04-09|2026-04-10|2026-04-13|2026-04-14|2026-04-15,2026-04-15 19:00:51,0.0
Ovintiv,,2026-03-04|2026-03-05|2026-03-06|2026-03-09|2026-03-10|2026-03-11|2026-03-12|2026-03-13|2026-03-16|2026-03-17|2026-03-18|2026-03-19|2026-03-20|2026-03-23|2026-03-24|2026-03-25|2026-03-26|2026-03-27|2026-03-30|2026-03-31|2026-04-01|2026-04-02|2026-04-06|2026-04-07|2026-04-08|2026-04-09|2026-04-10|2026-04-13|2026-04-14|2026-04-15,2026-04-15 19:00:51,0.0
Seaboard,,2026-03-04|2026-03-05|2026-03-06|2026-03-09|2026-03-10|2026-03-11|2026-03-12|2026-03-13|2026-03-16|2026-03-17|2026-03-18|2026-03-19|2026-03-20|2026-03-23|2026-03-24|2026-03-25|2026-03-26|2026-03-27|2026-03-30|2026-03-31|2026-04-01|2026-04-02|2026-04-06|2026-04-07|2026-04-08|2026-04-09|2026-04-10|2026-04-13|2026-04-14|2026-04-15,2026-04-15 19:00:51,0.0
Hertz,,2026-03-04|2026-03-05|2026-03-06|2026-03-09|2026-03-10|2026-03-11|2026-03-12|2026-03-13|2026-03-16|2026-03-17|2026-03-18|2026-03-19|2026-03-20|2026-03-23|2026-03-24|2026-03-25|2026-03-26|2026-03-27|2026-03-30|2026-03-31|2026-04-01|2026-04-02|2026-04-06|2026-04-07|2026-04-08|2026-04-09|2026-04-10|2026-04-13|2026-04-14|2026-04-15,2026-04-15 19:00:51,0.0
NOV,,2026-03-04|2026-03-05|2026-03-06|2026-03-09|2026-03-10|2026-03-11|2026-03-12|2026-03-13|2026-03-16|2026-03-17|2026-03-18|2026-03-19|2026-03-20|2026-03-23|2026-03-24|2026-03-25|2026-03-26|2026-03-27|2026-03-30|2026-03-31|2026-04-01|2026-04-02|2026-04-06|2026-04-07|2026-04-08|2026-04-09|2026-04-10|2026-04-13|2026-04-14|2026-04-15,2026-04-15 19:00:51,0.0
Graphic Packaging,,2026-03-04|2026-03-05|2026-03-06|2026-03-09|2026-03-10|2026-03-11|2026-03-12|2026-03-13|2026-03-16|2026-03-17|2026-03-18|2026-03-19|2026-03-20|2026-03-23|2026-03-24|2026-03-25|2026-03-26|2026-03-27|2026-03-30|2026-03-31|2026-04-01|2026-04-02|2026-04-06|2026-04-07|2026-04-08|2026-04-09|2026-04-10|2026-04-13|2026-04-14|2026-04-15,2026-04-15 19:00:51,0.0
Avery Dennison,,2026-03-04|2026-03-05|2026-03-06|2026-03-09|2026-03-10|2026-03-11|2026-03-12|2026-03-13|2026-03-16|2026-03-17|2026-03-18|2026-03-19|2026-03-20|2026-03-23|2026-03-24|2026-03-25|2026-03-26|2026-03-27|2026-03-30|2026-03-31|2026-04-01|2026-04-02|2026-04-06|2026-04-07|2026-04-08|2026-04-09|2026-04-10|2026-04-13|2026-04-14|2026-04-15,2026-04-15 19:00:51,0.0
Equinix,,2026-03-04|2026-03-05|2026-03-06|2026-03-09|2026-03-10|2026-03-11|2026-03-12|2026-03-13|2026-03-16|2026-03-17|2026-03-18|2026-03-19|2026-03-20|2026-03-23|2026-03-24|2026-03-25|2026-03-26|2026-03-27|2026-03-30|2026-03-31|2026-04-01|2026-04-02|2026-04-06|2026-04-07|2026-04-08|2026-04-09|2026-04-10|2026-04-13|2026-04-14|2026-04-15,2026-04-15 19:00:51,0.0
Insight Enterprises,,2026-03-04|2026-03-05|2026-03-06|2026-03-09|2026-03-10|2026-03-11|2026-03-12|2026-03-13|2026-03-16|2026-03-17|2026-03-18|2026-03-19|2026-03-20|2026-03-23|2026-03-24|2026-03-25|2026-03-26|2026-03-27|2026-03-30|2026-03-31|2026-04-01|2026-04-02|2026-04-06|2026-04-07|2026-04-08|2026-04-09|2026-04-10|2026-04-13|2026-04-14|2026-04-15,2026-04-15 19:00:51,0.0
Sirius XM,,2026-03-04|2026-03-05|2026-03-06|2026-03-09|2026-03-10|2026-03-11|2026-03-12|2026-03-13|2026-03-16|2026-03-17|2026-03-18|2026-03-19|2026-03-20|2026-03-23|2026-03-24|2026-03-25|2026-03-26|2026-03-27|2026-03-30|2026-03-31|2026-04-01|2026-04-02|2026-04-06|2026-04-07|2026-04-08|2026-04-09|2026-04-10|2026-04-13|2026-04-14|2026-04-15,2026-04-15 19:00:51,0.0
PVH,,2026-03-04|2026-03-05|2026-03-06|2026-03-09|2026-03-10|2026-03-11|2026-03-12|2026-03-13|2026-03-16|2026-03-17|2026-03-18|2026-03-19|2026-03-20|2026-03-23|2026-03-24|2026-03-25|2026-03-26|2026-03-27|2026-03-30|2026-03-31|2026-04-01|2026-04-02|2026-04-06|2026-04-07|2026-04-08|2026-04-09|2026-04-10|2026-04-13|2026-04-14|2026-04-15,2026-04-15 19:00:51,0.0
CenterPoint Energy,,2026-03-04|2026-03-05|2026-03-06|2026-03-09|2026-03-10|2026-03-11|2026-03-12|2026-03-13|2026-03-16|2026-03-17|2026-03-18|2026-03-19|2026-03-20|2026-03-23|2026-03-24|2026-03-25|2026-03-26|2026-03-27|2026-03-30|2026-03-31|2026-04-01|2026-04-02|2026-04-06|2026-04-07|2026-04-08|2026-04-09|2026-04-10|2026-04-13|2026-04-14|2026-04-15,2026-04-15 19:00:51,0.0
WEC Energy,,2026-03-04|2026-03-05|2026-03-06|2026-03-09|2026-03-10|2026-03-11|2026-03-12|2026-03-13|2026-03-16|2026-03-17|2026-03-18|2026-03-19|2026-03-20|2026-03-23|2026-03-24|2026-03-25|2026-03-26|2026-03-27|2026-03-30|2026-03-31|2026-04-01|2026-04-02|2026-04-06|2026-04-07|2026-04-08|2026-04-09|2026-04-10|2026-04-13|2026-04-14|2026-04-15,2026-04-15 19:00:51,0.0
Xylem Inc,,2026-03-04|2026-03-05|2026-03-06|2026-03-09|2026-03-10|2026-03-11|2026-03-12|2026-03-13|2026-03-16|2026-03-17|2026-03-18|2026-03-19|2026-03-20|2026-03-23|2026-03-24|2026-03-25|2026-03-26|2026-03-27|2026-03-30|2026-03-31|2026-04-01|2026-04-02|2026-04-06|2026-04-07|2026-04-08|2026-04-09|2026-04-10|2026-04-13|2026-04-14|2026-04-15,2026-04-15 19:00:51,0.0
Franklin Resources,,2026-03-04|2026-03-05|2026-03-06|2026-03-09|2026-03-10|2026-03-11|2026-03-12|2026-03-13|2026-03-16|2026-03-17|2026-03-18|2026-03-19|2026-03-20|2026-03-23|2026-03-24|2026-03-25|2026-03-26|2026-03-27|2026-03-30|2026-03-31|2026-04-01|2026-04-02|2026-04-06|2026-04-07|2026-04-08|2026-04-09|2026-04-10|2026-04-13|2026-04-14|2026-04-15,2026-04-15 19:00:51,0.0
PPL Corporation,,2026-03-04|2026-03-05|2026-03-06|2026-03-09|2026-03-10|2026-03-11|2026-03-12|2026-03-13|2026-03-16|2026-03-17|2026-03-18|2026-03-19|2026-03-20|2026-03-23|2026-03-24|2026-03-25|2026-03-26|2026-03-27|2026-03-30|2026-03-31|2026-04-01|2026-04-02|2026-04-06|2026-04-07|2026-04-08|2026-04-09|2026-04-10|2026-04-13|2026-04-14|2026-04-15,2026-04-15 19:00:51,0.0
Workday,,2026-03-04|2026-03-05|2026-03-06|2026-03-09|2026-03-10|2026-03-11|2026-03-12|2026-03-13|2026-03-16|2026-03-17|2026-03-18|2026-03-19|2026-03-20|2026-03-23|2026-03-24|2026-03-25|2026-03-26|2026-03-27|2026-03-30|2026-03-31|2026-04-01|2026-04-02|2026-04-06|2026-04-07|2026-04-08|2026-04-09|2026-04-10|2026-04-13|2026-04-14|2026-04-15,2026-04-15 19:00:51,0.0
Dover Corporation,,2026-03-04|2026-03-05|2026-03-06|2026-03-09|2026-03-10|2026-03-11|2026-03-12|2026-03-13|2026-03-16|2026-03-17|2026-03-18|2026-03-19|2026-03-20|2026-03-23|2026-03-24|2026-03-25|2026-03-26|2026-03-27|2026-03-30|2026-03-31|2026-04-01|2026-04-02|2026-04-06|2026-04-07|2026-04-08|2026-04-09|2026-04-10|2026-04-13|2026-04-14|2026-04-15,2026-04-15 19:00:51,0.0
Packaging Corp of America,,2026-03-04|2026-03-05|2026-03-06|2026-03-09|2026-03-10|2026-03-11|2026-03-12|2026-03-13|2026-03-16|2026-03-17|2026-03-18|2026-03-19|2026-03-20|2026-03-23|2026-03-24|2026-03-25|2026-03-26|2026-03-27|2026-03-30|2026-03-31|2026-04-01|2026-04-02|2026-04-06|2026-04-07|2026-04-08|2026-04-09|2026-04-10|2026-04-13|2026-04-14|2026-04-15,2026-04-15 19:00:51,0.0
ABM Industries,,2026-03-04|2026-03-05|2026-03-06|2026-03-09|2026-03-10|2026-03-11|2026-03-12|2026-03-13|2026-03-16|2026-03-17|2026-03-18|2026-03-19|2026-03-20|2026-03-23|2026-03-24|2026-03-25|2026-03-26|2026-03-27|2026-03-30|2026-03-31|2026-04-01|2026-04-02|2026-04-06|2026-04-07|2026-04-08|2026-04-09|2026-04-10|2026-04-13|2026-04-14|2026-04-15,2026-04-15 19:00:51,0.0
Intuitive Surgical,,2026-03-04|2026-03-05|2026-03-06|2026-03-09|2026-03-10|2026-03-11|2026-03-12|2026-03-13|2026-03-16|2026-03-17|2026-03-18|2026-03-19|2026-03-20|2026-03-23|2026-03-24|2026-03-25|2026-03-26|2026-03-27|2026-03-30|2026-03-31|2026-04-01|2026-04-02|2026-04-06|2026-04-07|2026-04-08|2026-04-09|2026-04-10|2026-04-13|2026-04-14|2026-04-15,2026-04-15 19:00:51,0.0
American Financial Group,,2026-03-04|2026-03-05|2026-03-06|2026-03-09|2026-03-10|2026-03-11|2026-03-12|2026-03-13|2026-03-16|2026-03-17|2026-03-18|2026-03-19|2026-03-20|2026-03-23|2026-03-24|2026-03-25|2026-03-26|2026-03-27|2026-03-30|2026-03-31|2026-04-01|2026-04-02|2026-04-06|2026-04-07|2026-04-08|2026-04-09|2026-04-10|2026-04-13|2026-04-14|2026-04-15,2026-04-15 19:00:51,0.0
Rockwell Automation,,2026-03-04|2026-03-05|2026-03-06|2026-03-09|2026-03-10|2026-03-11|2026-03-12|2026-03-13|2026-03-16|2026-03-17|2026-03-18|2026-03-19|2026-03-20|2026-03-23|2026-03-24|2026-03-25|2026-03-26|2026-03-27|2026-03-30|2026-03-31|2026-04-01|2026-04-02|2026-04-06|2026-04-07|2026-04-08|2026-04-09|2026-04-10|2026-04-13|2026-04-14|2026-04-15,2026-04-15 19:00:51,0.0
Solventum,,2026-03-04|2026-03-05|2026-03-06|2026-03-09|2026-03-10|2026-03-11|2026-03-12|2026-03-13|2026-03-16|2026-03-17|2026-03-18|2026-03-19|2026-03-20|2026-03-23|2026-03-24|2026-03-25|2026-03-26|2026-03-27|2026-03-30|2026-03-31|2026-04-01|2026-04-02|2026-04-06|2026-04-07|2026-04-08|2026-04-09|2026-04-10|2026-04-13|2026-04-14|2026-04-15,2026-04-15 19:00:51,0.0
Old Republic International,,2026-03-04|2026-03-05|2026-03-06|2026-03-09|2026-03-10|2026-03-11|2026-03-12|2026-03-13|2026-03-16|2026-03-17|2026-03-18|2026-03-19|2026-03-20|2026-03-23|2026-03-24|2026-03-25|2026-03-26|2026-03-27|2026-03-30|2026-03-31|2026-04-01|2026-04-02|2026-04-06|2026-04-07|2026-04-08|2026-04-09|2026-04-10|2026-04-13|2026-04-14|2026-04-15,2026-04-15 19:00:51,0.0
Prologis,,2026-03-04|2026-03-05|2026-03-06|2026-03-09|2026-03-10|2026-03-11|2026-03-12|2026-03-13|2026-03-16|2026-03-17|2026-03-18|2026-03-19|2026-03-20|2026-03-23|2026-03-24|2026-03-25|2026-03-26|2026-03-27|2026-03-30|2026-03-31|2026-04-01|2026-04-02|2026-04-06|2026-04-07|2026-04-08|2026-04-09|2026-04-10|2026-04-13|2026-04-14|2026-04-15,2026-04-15 19:00:51,0.0
JM Smucker,,2026-03-04|2026-03-05|2026-03-06|2026-03-09|2026-03-10|2026-03-11|2026-03-12|2026-03-13|2026-03-16|2026-03-17|2026-03-18|2026-03-19|2026-03-20|2026-03-23|2026-03-24|2026-03-25|2026-03-26|2026-03-27|2026-03-30|2026-03-31|2026-04-01|2026-04-02|2026-04-06|2026-04-07|2026-04-08|2026-04-09|2026-04-10|2026-04-13|2026-04-14|2026-04-15,2026-04-15 19:00:51,0.0
Taylor Morrison Home,,2026-03-04|2026-03-05|2026-03-06|2026-03-09|2026-03-10|2026-03-11|2026-03-12|2026-03-13|2026-03-16|2026-03-17|2026-03-18|2026-03-19|2026-03-20|2026-03-23|2026-03-24|2026-03-25|2026-03-26|2026-03-27|2026-03-30|2026-03-31|2026-04-01|2026-04-02|2026-04-06|2026-04-07|2026-04-08|2026-04-09|2026-04-10|2026-04-13|2026-04-14|2026-04-15,2026-04-15 19:00:51,0.0
XPO,,2026-03-04|2026-03-05|2026-03-06|2026-03-09|2026-03-10|2026-03-11|2026-03-12|2026-03-13|2026-03-16|2026-03-17|2026-03-18|2026-03-19|2026-03-20|2026-03-23|2026-03-24|2026-03-25|2026-03-26|2026-03-27|2026-03-30|2026-03-31|2026-04-01|2026-04-02|2026-04-06|2026-04-07|2026-04-08|2026-04-09|2026-04-10|2026-04-13|2026-04-14|2026-04-15,2026-04-15 19:00:51,0.0
Voya Financial,,2026-03-04|2026-03-05|2026-03-06|2026-03-09|2026-03-10|2026-03-11|2026-03-12|2026-03-13|2026-03-16|2026-03-17|2026-03-18|2026-03-19|2026-03-20|2026-03-23|2026-03-24|2026-03-25|2026-03-26|2026-03-27|2026-03-30|2026-03-31|2026-04-01|2026-04-02|2026-04-06|2026-04-07|2026-04-08|2026-04-09|2026-04-10|2026-04-13|2026-04-14|2026-04-15,2026-04-15 19:00:51,0.0
Palo Alto Networks,,2026-03-04|2026-03-05|2026-03-06|2026-03-09|2026-03-10|2026-03-11|2026-03-12|2026-03-13|2026-03-16|2026-03-17|2026-03-18|2026-03-19|2026-03-20|2026-03-23|2026-03-24|2026-03-25|2026-03-26|2026-03-27|2026-03-30|2026-03-31|2026-04-01|2026-04-02|2026-04-06|2026-04-07|2026-04-08|2026-04-09|2026-04-10|2026-04-13|2026-04-14|2026-04-15,2026-04-15 19:00:51,0.0
Vertiv,,2026-03-04|2026-03-05|2026-03-06|2026-03-09|2026-03-10|2026-03-11|2026-03-12|2026-03-13|2026-03-16|2026-03-17|2026-03-18|2026-03-19|2026-03-20|2026-03-23|2026-03-24|2026-03-25|2026-03-26|2026-03-27|2026-03-30|2026-03-31|2026-04-01|2026-04-02|2026-04-06|2026-04-07|2026-04-08|2026-04-09|2026-04-10|2026-04-13|2026-04-14|2026-04-15,2026-04-15 19:00:51,0.0
Welltower,,2026-03-04|2026-03-05|2026-03-06|2026-03-09|2026-03-10|2026-03-11|2026-03-12|2026-03-13|2026-03-16|2026-03-17|2026-03-18|2026-03-19|2026-03-20|2026-03-23|2026-03-24|2026-03-25|2026-03-26|2026-03-27|2026-03-30|2026-03-31|2026-04-01|2026-04-02|2026-04-06|2026-04-07|2026-04-08|2026-04-09|2026-04-10|2026-04-13|2026-04-14|2026-04-15,2026-04-15 19:00:51,0.0
Par Pacific,,2026-03-04|2026-03-05|2026-03-06|2026-03-09|2026-03-10|2026-03-11|2026-03-12|2026-03-13|2026-03-16|2026-03-17|2026-03-18|2026-03-19|2026-03-20|2026-03-23|2026-03-24|2026-03-25|2026-03-26|2026-03-27|2026-03-30|2026-03-31|2026-04-01|2026-04-02|2026-04-06|2026-04-07|2026-04-08|2026-04-09|2026-04-10|2026-04-13|2026-04-14|2026-04-15,2026-04-15 19:00:51,0.0
TransDigm,,2026-03-04|2026-03-05|2026-03-06|2026-03-09|2026-03-10|2026-03-11|2026-03-12|2026-03-13|2026-03-16|2026-03-17|2026-03-18|2026-03-19|2026-03-20|2026-03-23|2026-03-24|2026-03-25|2026-03-26|2026-03-27|2026-03-30|2026-03-31|2026-04-01|2026-04-02|2026-04-06|2026-04-07|2026-04-08|2026-04-09|2026-04-10|2026-04-13|2026-04-14|2026-04-15,2026-04-15 19:00:51,0.0
Commercial Metals,,2026-03-04|2026-03-05|2026-03-06|2026-03-09|2026-03-10|2026-03-11|2026-03-12|2026-03-13|2026-03-16|2026-03-17|2026-03-18|2026-03-19|2026-03-20|2026-03-23|2026-03-24|2026-03-25|2026-03-26|2026-03-27|2026-03-30|2026-03-31|2026-04-01|2026-04-02|2026-04-06|2026-04-07|2026-04-08|2026-04-09|2026-04-10|2026-04-13|2026-04-14|2026-04-15,2026-04-15 19:00:51,0.0
Post Holdings,,2026-03-04|2026-03-05|2026-03-06|2026-03-09|2026-03-10|2026-03-11|2026-03-12|2026-03-13|2026-03-16|2026-03-17|2026-03-18|2026-03-19|2026-03-20|2026-03-23|2026-03-24|2026-03-25|2026-03-26|2026-03-27|2026-03-30|2026-03-31|2026-04-01|2026-04-02|2026-04-06|2026-04-07|2026-04-08|2026-04-09|2026-04-10|2026-04-13|2026-04-14|2026-04-15,2026-04-15 19:00:51,0.0
Masco,,2026-03-04|2026-03-05|2026-03-06|2026-03-09|2026-03-10|2026-03-11|2026-03-12|2026-03-13|2026-03-16|2026-03-17|2026-03-18|2026-03-19|2026-03-20|2026-03-23|2026-03-24|2026-03-25|2026-03-26|2026-03-27|2026-03-30|2026-03-31|2026-04-01|2026-04-02|2026-04-06|2026-04-07|2026-04-08|2026-04-09|2026-04-10|2026-04-13|2026-04-14|2026-04-15,2026-04-15 19:00:51,0.0
Rush Enterprises,,2026-03-04|2026-03-05|2026-03-06|2026-03-09|2026-03-10|2026-03-11|2026-03-12|2026-03-13|2026-03-16|2026-03-17|2026-03-18|2026-03-19|2026-03-20|2026-03-23|2026-03-24|2026-03-25|2026-03-26|2026-03-27|2026-03-30|2026-03-31|2026-04-01|2026-04-02|2026-04-06|2026-04-07|2026-04-08|2026-04-09|2026-04-10|2026-04-13|2026-04-14|2026-04-15,2026-04-15 19:00:51,0.0
KBR,,2026-03-04|2026-03-05|2026-03-06|2026-03-09|2026-03-10|2026-03-11|2026-03-12|2026-03-13|2026-03-16|2026-03-17|2026-03-18|2026-03-19|2026-03-20|2026-03-23|2026-03-24|2026-03-25|2026-03-26|2026-03-27|2026-03-30|2026-03-31|2026-04-01|2026-04-02|2026-04-06|2026-04-07|2026-04-08|2026-04-09|2026-04-10|2026-04-13|2026-04-14|2026-04-15,2026-04-15 19:00:51,0.0
Sprouts Farmers Market,,2026-03-04|2026-03-05|2026-03-06|2026-03-09|2026-03-10|2026-03-11|2026-03-12|2026-03-13|2026-03-16|2026-03-17|2026-03-18|2026-03-19|2026-03-20|2026-03-23|2026-03-24|2026-03-25|2026-03-26|2026-03-27|2026-03-30|2026-03-31|2026-04-01|2026-04-02|2026-04-06|2026-04-07|2026-04-08|2026-04-09|2026-04-10|2026-04-13|2026-04-14|2026-04-15,2026-04-15 19:00:51,0.0
Williams-Sonoma,,2026-03-04|2026-03-05|2026-03-06|2026-03-09|2026-03-10|2026-03-11|2026-03-12|2026-03-13|2026-03-16|2026-03-17|2026-03-18|2026-03-19|2026-03-20|2026-03-23|2026-03-24|2026-03-25|2026-03-26|2026-03-27|2026-03-30|2026-03-31|2026-04-01|2026-04-02|2026-04-06|2026-04-07|2026-04-08|2026-04-09|2026-04-10|2026-04-13|2026-04-14|2026-04-15,2026-04-15 19:00:51,0.0
Zimmer Biomet,,2026-03-04|2026-03-05|2026-03-06|2026-03-09|2026-03-10|2026-03-11|2026-03-12|2026-03-13|2026-03-16|2026-03-17|2026-03-18|2026-03-19|2026-03-20|2026-03-23|2026-03-24|2026-03-25|2026-03-26|2026-03-27|2026-03-30|2026-03-31|2026-04-01|2026-04-02|2026-04-06|2026-04-07|2026-04-08|2026-04-09|2026-04-10|2026-04-13|2026-04-14|2026-04-15,2026-04-15 19:00:51,0.0
CACI International,,2026-03-04|2026-03-05|2026-03-06|2026-03-09|2026-03-10|2026-03-11|2026-03-12|2026-03-13|2026-03-16|2026-03-17|2026-03-18|2026-03-19|2026-03-20|2026-03-23|2026-03-24|2026-03-25|2026-03-26|2026-03-27|2026-03-30|2026-03-31|2026-04-01|2026-04-02|2026-04-06|2026-04-07|2026-04-08|2026-04-09|2026-04-10|2026-04-13|2026-04-14|2026-04-15,2026-04-15 19:00:51,0.0
Microchip Technology,,2026-03-04|2026-03-05|2026-03-06|2026-03-09|2026-03-10|2026-03-11|2026-03-12|2026-03-13|2026-03-16|2026-03-17|2026-03-18|2026-03-19|2026-03-20|2026-03-23|2026-03-24|2026-03-25|2026-03-26|2026-03-27|2026-03-30|2026-03-31|2026-04-01|2026-04-02|2026-04-06|2026-04-07|2026-04-08|2026-04-09|2026-04-10|2026-04-13|2026-04-14|2026-04-15,2026-04-15 19:00:51,0.0
Watsco,,2026-03-04|2026-03-05|2026-03-06|2026-03-09|2026-03-10|2026-03-11|2026-03-12|2026-03-13|2026-03-16|2026-03-17|2026-03-18|2026-03-19|2026-03-20|2026-03-23|2026-03-24|2026-03-25|2026-03-26|2026-03-27|2026-03-30|2026-03-31|2026-04-01|2026-04-02|2026-04-06|2026-04-07|2026-04-08|2026-04-09|2026-04-10|2026-04-13|2026-04-14|2026-04-15,2026-04-15 19:00:51,0.0
Newell Brands,,2026-03-04|2026-03-05|2026-03-06|2026-03-09|2026-03-10|2026-03-11|2026-03-12|2026-03-13|2026-03-16|2026-03-17|2026-03-18|2026-03-19|2026-03-20|2026-03-23|2026-03-24|2026-03-25|2026-03-26|2026-03-27|2026-03-30|2026-03-31|2026-04-01|2026-04-02|2026-04-06|2026-04-07|2026-04-08|2026-04-09|2026-04-10|2026-04-13|2026-04-14|2026-04-15,2026-04-15 19:00:51,0.0
ARKO,,2026-03-04|2026-03-05|2026-03-06|2026-03-09|2026-03-10|2026-03-11|2026-03-12|2026-03-13|2026-03-16|2026-03-17|2026-03-18|2026-03-19|2026-03-20|2026-03-23|2026-03-24|2026-03-25|2026-03-26|2026-03-27|2026-03-30|2026-03-31|2026-04-01|2026-04-02|2026-04-06|2026-04-07|2026-04-08|2026-04-09|2026-04-10|2026-04-13|2026-04-14|2026-04-15,2026-04-15 19:00:51,0.0
Sanmina,,2026-03-04|2026-03-05|2026-03-06|2026-03-09|2026-03-10|2026-03-11|2026-03-12|2026-03-13|2026-03-16|2026-03-17|2026-03-18|2026-03-19|2026-03-20|2026-03-23|2026-03-24|2026-03-25|2026-03-26|2026-03-27|2026-03-30|2026-03-31|2026-04-01|2026-04-02|2026-04-06|2026-04-07|2026-04-08|2026-04-09|2026-04-10|2026-04-13|2026-04-14|2026-04-15,2026-04-15 19:00:51,0.0
Electronic Arts,,2026-03-04|2026-03-05|2026-03-06|2026-03-09|2026-03-10|2026-03-11|2026-03-12|2026-03-13|2026-03-16|2026-03-17|2026-03-18|2026-03-19|2026-03-20|2026-03-23|2026-03-24|2026-03-25|2026-03-26|2026-03-27|2026-03-30|2026-03-31|2026-04-01|2026-04-02|2026-04-06|2026-04-07|2026-04-08|2026-04-09|2026-04-10|2026-04-13|2026-04-14|2026-04-15,2026-04-15 19:00:51,0.0
Yum Brands,,2026-03-04|2026-03-05|2026-03-06|2026-03-09|2026-03-10|2026-03-11|2026-03-12|2026-03-13|2026-03-16|2026-03-17|2026-03-18|2026-03-19|2026-03-20|2026-03-23|2026-03-24|2026-03-25|2026-03-26|2026-03-27|2026-03-30|2026-03-31|2026-04-01|2026-04-02|2026-04-06|2026-04-07|2026-04-08|2026-04-09|2026-04-10|2026-04-13|2026-04-14|2026-04-15,2026-04-15 19:00:51,0.0
Fastenal,,2026-03-04|2026-03-05|2026-03-06|2026-03-09|2026-03-10|2026-03-11|2026-03-12|2026-03-13|2026-03-16|2026-03-17|2026-03-18|2026-03-19|2026-03-20|2026-03-23|2026-03-24|2026-03-25|2026-03-26|2026-03-27|2026-03-30|2026-03-31|2026-04-01|2026-04-02|2026-04-06|2026-04-07|2026-04-08|2026-04-09|2026-04-10|2026-04-13|2026-04-14|2026-04-15,2026-04-15 19:00:51,0.0
CMS Energy,,2026-03-04|2026-03-05|2026-03-06|2026-03-09|2026-03-10|2026-03-11|2026-03-12|2026-03-13|2026-03-16|2026-03-17|2026-03-18|2026-03-19|2026-03-20|2026-03-23|2026-03-24|2026-03-25|2026-03-26|2026-03-27|2026-03-30|2026-03-31|2026-04-01|2026-04-02|2026-04-06|2026-04-07|2026-04-08|2026-04-09|2026-04-10|2026-04-13|2026-04-14|2026-04-15,2026-04-15 19:00:51,0.0
Monster Beverage,,2026-03-04|2026-03-05|2026-03-06|2026-03-09|2026-03-10|2026-03-11|2026-03-12|2026-03-13|2026-03-16|2026-03-17|2026-03-18|2026-03-19|2026-03-20|2026-03-23|2026-03-24|2026-03-25|2026-03-26|2026-03-27|2026-03-30|2026-03-31|2026-04-01|2026-04-02|2026-04-06|2026-04-07|2026-04-08|2026-04-09|2026-04-10|2026-04-13|2026-04-14|2026-04-15,2026-04-15 19:00:51,0.0
Science Applications International,,2026-03-04|2026-03-05|2026-03-06|2026-03-09|2026-03-10|2026-03-11|2026-03-12|2026-03-13|2026-03-16|2026-03-17|2026-03-18|2026-03-19|2026-03-20|2026-03-23|2026-03-24|2026-03-25|2026-03-26|2026-03-27|2026-03-30|2026-03-31|2026-04-01|2026-04-02|2026-04-06|2026-04-07|2026-04-08|2026-04-09|2026-04-10|2026-04-13|2026-04-14|2026-04-15,2026-04-15 19:00:51,0.0
Core & Main,,2026-03-04|2026-03-05|2026-03-06|2026-03-09|2026-03-10|2026-03-11|2026-03-12|2026-03-13|2026-03-16|2026-03-17|2026-03-18|2026-03-19|2026-03-20|2026-03-23|2026-03-24|2026-03-25|2026-03-26|2026-03-27|2026-03-30|2026-03-31|2026-04-01|2026-04-02|2026-04-06|2026-04-07|2026-04-08|2026-04-09|2026-04-10|2026-04-13|2026-04-14|2026-04-15,2026-04-15 19:00:51,0.0
Howmet Aerospace,,2026-03-04|2026-03-05|2026-03-06|2026-03-09|2026-03-10|2026-03-11|2026-03-12|2026-03-13|2026-03-16|2026-03-17|2026-03-18|2026-03-19|2026-03-20|2026-03-23|2026-03-24|2026-03-25|2026-03-26|2026-03-27|2026-03-30|2026-03-31|2026-04-01|2026-04-02|2026-04-06|2026-04-07|2026-04-08|2026-04-09|2026-04-10|2026-04-13|2026-04-14|2026-04-15,2026-04-15 19:00:51,0.0
Ingredion,,2026-03-04|2026-03-05|2026-03-06|2026-03-09|2026-03-10|2026-03-11|2026-03-12|2026-03-13|2026-03-16|2026-03-17|2026-03-18|2026-03-19|2026-03-20|2026-03-23|2026-03-24|2026-03-25|2026-03-26|2026-03-27|2026-03-30|2026-03-31|2026-04-01|2026-04-02|2026-04-06|2026-04-07|2026-04-08|2026-04-09|2026-04-10|2026-04-13|2026-04-14|2026-04-15,2026-04-15 19:00:51,0.0
Vulcan Materials,,2026-03-04|2026-03-05|2026-03-06|2026-03-09|2026-03-10|2026-03-11|2026-03-12|2026-03-13|2026-03-16|2026-03-17|2026-03-18|2026-03-19|2026-03-20|2026-03-23|2026-03-24|2026-03-25|2026-03-26|2026-03-27|2026-03-30|2026-03-31|2026-04-01|2026-04-02|2026-04-06|2026-04-07|2026-04-08|2026-04-09|2026-04-10|2026-04-13|2026-04-14|2026-04-15,2026-04-15 19:00:51,0.0
Smurfit Westrock,,2026-03-04|2026-03-05|2026-03-06|2026-03-09|2026-03-10|2026-03-11|2026-03-12|2026-03-13|2026-03-16|2026-03-17|2026-03-18|2026-03-19|2026-03-20|2026-03-23|2026-03-24|2026-03-25|2026-03-26|2026-03-27|2026-03-30|2026-03-31|2026-04-01|2026-04-02|2026-04-06|2026-04-07|2026-04-08|2026-04-09|2026-04-10|2026-04-13|2026-04-14|2026-04-15,2026-04-15 19:00:51,0.0
Crown Holdings,,2026-03-04|2026-03-05|2026-03-06|2026-03-09|2026-03-10|2026-03-11|2026-03-12|2026-03-13|2026-03-16|2026-03-17|2026-03-18|2026-03-19|2026-03-20|2026-03-23|2026-03-24|2026-03-25|2026-03-26|2026-03-27|2026-03-30|2026-03-31|2026-04-01|2026-04-02|2026-04-06|2026-04-07|2026-04-08|2026-04-09|2026-04-10|2026-04-13|2026-04-14|2026-04-15,2026-04-15 19:00:51,0.0
Dana Incorporated,,2026-03-04|2026-03-05|2026-03-06|2026-03-09|2026-03-10|2026-03-11|2026-03-12|2026-03-13|2026-03-16|2026-03-17|2026-03-18|2026-03-19|2026-03-20|2026-03-23|2026-03-24|2026-03-25|2026-03-26|2026-03-27|2026-03-30|2026-03-31|2026-04-01|2026-04-02|2026-04-06|2026-04-07|2026-04-08|2026-04-09|2026-04-10|2026-04-13|2026-04-14|2026-04-15,2026-04-15 19:00:51,0.0
Albemarle Corporation,,2026-03-04|2026-03-05|2026-03-06|2026-03-09|2026-03-10|2026-03-11|2026-03-12|2026-03-13|2026-03-16|2026-03-17|2026-03-18|2026-03-19|2026-03-20|2026-03-23|2026-03-24|2026-03-25|2026-03-26|2026-03-27|2026-03-30|2026-03-31|2026-04-01|2026-04-02|2026-04-06|2026-04-07|2026-04-08|2026-04-09|2026-04-10|2026-04-13|2026-04-14|2026-04-15,2026-04-15 19:00:51,0.0
Polaris Inc,,2026-03-04|2026-03-05|2026-03-06|2026-03-09|2026-03-10|2026-03-11|2026-03-12|2026-03-13|2026-03-16|2026-03-17|2026-03-18|2026-03-19|2026-03-20|2026-03-23|2026-03-24|2026-03-25|2026-03-26|2026-03-27|2026-03-30|2026-03-31|2026-04-01|2026-04-02|2026-04-06|2026-04-07|2026-04-08|2026-04-09|2026-04-10|2026-04-13|2026-04-14|2026-04-15,2026-04-15 19:00:51,0.0
UGI Utilities Inc,,2026-03-04|2026-03-05|2026-03-06|2026-03-09|2026-03-10|2026-03-11|2026-03-12|2026-03-13|2026-03-16|2026-03-17|2026-03-18|2026-03-19|2026-03-20|2026-03-23|2026-03-24|2026-03-25|2026-03-26|2026-03-27|2026-03-30|2026-03-31|2026-04-01|2026-04-02|2026-04-06|2026-04-07|2026-04-08|2026-04-09|2026-04-10|2026-04-13|2026-04-14|2026-04-15,2026-04-15 19:00:51,0.0
Expand Energy Corporation,,2026-03-04|2026-03-05|2026-03-06|2026-03-09|2026-03-10|2026-03-11|2026-03-12|2026-03-13|2026-03-16|2026-03-17|2026-03-18|2026-03-19|2026-03-20|2026-03-23|2026-03-24|2026-03-25|2026-03-26|2026-03-27|2026-03-30|2026-03-31|2026-04-01|2026-04-02|2026-04-06|2026-04-07|2026-04-08|2026-04-09|2026-04-10|2026-04-13|2026-04-14|2026-04-15,2026-04-15 19:00:51,0.0
NGL Energy Partners,,2026-03-04|2026-03-05|2026-03-06|2026-03-09|2026-03-10|2026-03-11|2026-03-12|2026-03-13|2026-03-16|2026-03-17|2026-03-18|2026-03-19|2026-03-20|2026-03-23|2026-03-24|2026-03-25|2026-03-26|2026-03-27|2026-03-30|2026-03-31|2026-04-01|2026-04-02|2026-04-06|2026-04-07|2026-04-08|2026-04-09|2026-04-10|2026-04-13|2026-04-14|2026-04-15,2026-04-15 19:00:51,0.0
ON Semiconductor,,2026-03-04|2026-03-05|2026-03-06|2026-03-09|2026-03-10|2026-03-11|2026-03-12|2026-03-13|2026-03-16|2026-03-17|2026-03-18|2026-03-19|2026-03-20|2026-03-23|2026-03-24|2026-03-25|2026-03-26|2026-03-27|2026-03-30|2026-03-31|2026-04-01|2026-04-02|2026-04-06|2026-04-07|2026-04-08|2026-04-09|2026-04-10|2026-04-13|2026-04-14|2026-04-15,2026-04-15 19:00:51,0.0
Flagstar Financial,,2026-03-04|2026-03-05|2026-03-06|2026-03-09|2026-03-10|2026-03-11|2026-03-12|2026-03-13|2026-03-16|2026-03-17|2026-03-18|2026-03-19|2026-03-20|2026-03-23|2026-03-24|2026-03-25|2026-03-26|2026-03-27|2026-03-30|2026-03-31|2026-04-01|2026-04-02|2026-04-06|2026-04-07|2026-04-08|2026-04-09|2026-04-10|2026-04-13|2026-04-14|2026-04-15,2026-04-15 19:00:51,0.0
Weyerhaeuser,,2026-03-04|2026-03-05|2026-03-06|2026-03-09|2026-03-10|2026-03-11|2026-03-12|2026-03-13|2026-03-16|2026-03-17|2026-03-18|2026-03-19|2026-03-20|2026-03-23|2026-03-24|2026-03-25|2026-03-26|2026-03-27|2026-03-30|2026-03-31|2026-04-01|2026-04-02|2026-04-06|2026-04-07|2026-04-08|2026-04-09|2026-04-10|2026-04-13|2026-04-14|2026-04-15,2026-04-15 19:00:51,0.0
Genworth Financial,,2026-03-04|2026-03-05|2026-03-06|2026-03-09|2026-03-10|2026-03-11|2026-03-12|2026-03-13|2026-03-16|2026-03-17|2026-03-18|2026-03-19|2026-03-20|2026-03-23|2026-03-24|2026-03-25|2026-03-26|2026-03-27|2026-03-30|2026-03-31|2026-04-01|2026-04-02|2026-04-06|2026-04-07|2026-04-08|2026-04-09|2026-04-10|2026-04-13|2026-04-14|2026-04-15,2026-04-15 19:00:51,0.0
Bath & Body Works,,2026-03-04|2026-03-05|2026-03-06|2026-03-09|2026-03-10|2026-03-11|2026-03-12|2026-03-13|2026-03-16|2026-03-17|2026-03-18|2026-03-19|2026-03-20|2026-03-23|2026-03-24|2026-03-25|2026-03-26|2026-03-27|2026-03-30|2026-03-31|2026-04-01|2026-04-02|2026-04-06|2026-04-07|2026-04-08|2026-04-09|2026-04-10|2026-04-13|2026-04-14|2026-04-15,2026-04-15 19:00:51,0.0
Clorox,,2026-03-04|2026-03-05|2026-03-06|2026-03-09|2026-03-10|2026-03-11|2026-03-12|2026-03-13|2026-03-16|2026-03-17|2026-03-18|2026-03-19|2026-03-20|2026-03-23|2026-03-24|2026-03-25|2026-03-26|2026-03-27|2026-03-30|2026-03-31|2026-04-01|2026-04-02|2026-04-06|2026-04-07|2026-04-08|2026-04-09|2026-04-10|2026-04-13|2026-04-14|2026-04-15,2026-04-15 19:00:51,0.0
RPM International,,2026-03-04|2026-03-05|2026-03-06|2026-03-09|2026-03-10|2026-03-11|2026-03-12|2026-03-13|2026-03-16|2026-03-17|2026-03-18|2026-03-19|2026-03-20|2026-03-23|2026-03-24|2026-03-25|2026-03-26|2026-03-27|2026-03-30|2026-03-31|2026-04-01|2026-04-02|2026-04-06|2026-04-07|2026-04-08|2026-04-09|2026-04-10|2026-04-13|2026-04-14|2026-04-15,2026-04-15 19:00:51,0.0
UFP Industries,,2026-03-04|2026-03-05|2026-03-06|2026-03-09|2026-03-10|2026-03-11|2026-03-12|2026-03-13|2026-03-16|2026-03-17|2026-03-18|2026-03-19|2026-03-20|2026-03-23|2026-03-24|2026-03-25|2026-03-26|2026-03-27|2026-03-30|2026-03-31|2026-04-01|2026-04-02|2026-04-06|2026-04-07|2026-04-08|2026-04-09|2026-04-10|2026-04-13|2026-04-14|2026-04-15,2026-04-15 19:00:51,0.0
Ameren,,2026-03-04|2026-03-05|2026-03-06|2026-03-09|2026-03-10|2026-03-11|2026-03-12|2026-03-13|2026-03-16|2026-03-17|2026-03-18|2026-03-19|2026-03-20|2026-03-23|2026-03-24|2026-03-25|2026-03-26|2026-03-27|2026-03-30|2026-03-31|2026-04-01|2026-04-02|2026-04-06|2026-04-07|2026-04-08|2026-04-09|2026-04-10|2026-04-13|2026-04-14|2026-04-15,2026-04-15 19:00:51,0.0
Knight Swift Transportation,,2026-03-04|2026-03-05|2026-03-06|2026-03-09|2026-03-10|2026-03-11|2026-03-12|2026-03-13|2026-03-16|2026-03-17|2026-03-18|2026-03-19|2026-03-20|2026-03-23|2026-03-24|2026-03-25|2026-03-26|2026-03-27|2026-03-30|2026-03-31|2026-04-01|2026-04-02|2026-04-06|2026-04-07|2026-04-08|2026-04-09|2026-04-10|2026-04-13|2026-04-14|2026-04-15,2026-04-15 19:00:51,0.0
Super Micro Computer,,2026-03-04|2026-03-05|2026-03-06|2026-03-09|2026-03-10|2026-03-11|2026-03-12|2026-03-13|2026-03-16|2026-03-17|2026-03-18|2026-03-19|2026-03-20|2026-03-23|2026-03-24|2026-03-25|2026-03-26|2026-03-27|2026-03-30|2026-03-31|2026-04-01|2026-04-02|2026-04-06|2026-04-07|2026-04-08|2026-04-09|2026-04-10|2026-04-13|2026-04-14|2026-04-15,2026-04-15 19:00:51,0.0
O-I Glass,,2026-03-04|2026-03-05|2026-03-06|2026-03-09|2026-03-10|2026-03-11|2026-03-12|2026-03-13|2026-03-16|2026-03-17|2026-03-18|2026-03-19|2026-03-20|2026-03-23|2026-03-24|2026-03-25|2026-03-26|2026-03-27|2026-03-30|2026-03-31|2026-04-01|2026-04-02|2026-04-06|2026-04-07|2026-04-08|2026-04-09|2026-04-10|2026-04-13|2026-04-14|2026-04-15,2026-04-15 19:00:51,0.0
Crown Castle,,2026-03-04|2026-03-05|2026-03-06|2026-03-09|2026-03-10|2026-03-11|2026-03-12|2026-03-13|2026-03-16|2026-03-17|2026-03-18|2026-03-19|2026-03-20|2026-03-23|2026-03-24|2026-03-25|2026-03-26|2026-03-27|2026-03-30|2026-03-31|2026-04-01|2026-04-02|2026-04-06|2026-04-07|2026-04-08|2026-04-09|2026-04-10|2026-04-13|2026-04-14|2026-04-15,2026-04-15 19:00:51,0.0
Avantor,,2026-03-04|2026-03-05|2026-03-06|2026-03-09|2026-03-10|2026-03-11|2026-03-12|2026-03-13|2026-03-16|2026-03-17|2026-03-18|2026-03-19|2026-03-20|2026-03-23|2026-03-24|2026-03-25|2026-03-26|2026-03-27|2026-03-30|2026-03-31|2026-04-01|2026-04-02|2026-04-06|2026-04-07|2026-04-08|2026-04-09|2026-04-10|2026-04-13|2026-04-14|2026-04-15,2026-04-15 19:00:51,0.0
Opendoor Technologies,,2026-03-04|2026-03-05|2026-03-06|2026-03-09|2026-03-10|2026-03-11|2026-03-12|2026-03-13|2026-03-16|2026-03-17|2026-03-18|2026-03-19|2026-03-20|2026-03-23|2026-03-24|2026-03-25|2026-03-26|2026-03-27|2026-03-30|2026-03-31|2026-04-01|2026-04-02|2026-04-06|2026-04-07|2026-04-08|2026-04-09|2026-04-10|2026-04-13|2026-04-14|2026-04-15,2026-04-15 19:00:51,0.0
APi Group,,2026-03-04|2026-03-05|2026-03-06|2026-03-09|2026-03-10|2026-03-11|2026-03-12|2026-03-13|2026-03-16|2026-03-17|2026-03-18|2026-03-19|2026-03-20|2026-03-23|2026-03-24|2026-03-25|2026-03-26|2026-03-27|2026-03-30|2026-03-31|2026-04-01|2026-04-02|2026-04-06|2026-04-07|2026-04-08|2026-04-09|2026-04-10|2026-04-13|2026-04-14|2026-04-15,2026-04-15 19:00:51,0.0
EQT,,2026-03-04|2026-03-05|2026-03-06|2026-03-09|2026-03-10|2026-03-11|2026-03-12|2026-03-13|2026-03-16|2026-03-17|2026-03-18|2026-03-19|2026-03-20|2026-03-23|2026-03-24|2026-03-25|2026-03-26|2026-03-27|2026-03-30|2026-03-31|2026-04-01|2026-04-02|2026-04-06|2026-04-07|2026-04-08|2026-04-09|2026-04-10|2026-04-13|2026-04-14|2026-04-15,2026-04-15 19:00:51,0.0
Xerox,,2026-03-04|2026-03-05|2026-03-06|2026-03-09|2026-03-10|2026-03-11|2026-03-12|2026-03-13|2026-03-16|2026-03-17|2026-03-18|2026-03-19|2026-03-20|2026-03-23|2026-03-24|2026-03-25|2026-03-26|2026-03-27|2026-03-30|2026-03-31|2026-04-01|2026-04-02|2026-04-06|2026-04-07|2026-04-08|2026-04-09|2026-04-10|2026-04-13|2026-04-14|2026-04-15,2026-04-15 19:00:51,0.0
Ingersoll Rand,,2026-03-04|2026-03-05|2026-03-06|2026-03-09|2026-03-10|2026-03-11|2026-03-12|2026-03-13|2026-03-16|2026-03-17|2026-03-18|2026-03-19|2026-03-20|2026-03-23|2026-03-24|2026-03-25|2026-03-26|2026-03-27|2026-03-30|2026-03-31|2026-04-01|2026-04-02|2026-04-06|2026-04-07|2026-04-08|2026-04-09|2026-04-10|2026-04-13|2026-04-14|2026-04-15,2026-04-15 19:00:51,0.0
Dillards,,2026-03-04|2026-03-05|2026-03-06|2026-03-09|2026-03-10|2026-03-11|2026-03-12|2026-03-13|2026-03-16|2026-03-17|2026-03-18|2026-03-19|2026-03-20|2026-03-23|2026-03-24|2026-03-25|2026-03-26|2026-03-27|2026-03-30|2026-03-31|2026-04-01|2026-04-02|2026-04-06|2026-04-07|2026-04-08|2026-04-09|2026-04-10|2026-04-13|2026-04-14|2026-04-15,2026-04-15 19:00:51,0.0
Martin Marietta Materials,,2026-03-04|2026-03-05|2026-03-06|2026-03-09|2026-03-10|2026-03-11|2026-03-12|2026-03-13|2026-03-16|2026-03-17|2026-03-18|2026-03-19|2026-03-20|2026-03-23|2026-03-24|2026-03-25|2026-03-26|2026-03-27|2026-03-30|2026-03-31|2026-04-01|2026-04-02|2026-04-06|2026-04-07|2026-04-08|2026-04-09|2026-04-10|2026-04-13|2026-04-14|2026-04-15,2026-04-15 19:00:51,0.0
Moderna,,2026-03-04|2026-03-05|2026-03-06|2026-03-09|2026-03-10|2026-03-11|2026-03-12|2026-03-13|2026-03-16|2026-03-17|2026-03-18|2026-03-19|2026-03-20|2026-03-23|2026-03-24|2026-03-25|2026-03-26|2026-03-27|2026-03-30|2026-03-31|2026-04-01|2026-04-02|2026-04-06|2026-04-07|2026-04-08|2026-04-09|2026-04-10|2026-04-13|2026-04-14|2026-04-15,2026-04-15 19:00:51,0.0
Boise Cascade,,2026-03-04|2026-03-05|2026-03-06|2026-03-09|2026-03-10|2026-03-11|2026-03-12|2026-03-13|2026-03-16|2026-03-17|2026-03-18|2026-03-19|2026-03-20|2026-03-23|2026-03-24|2026-03-25|2026-03-26|2026-03-27|2026-03-30|2026-03-31|2026-04-01|2026-04-02|2026-04-06|2026-04-07|2026-04-08|2026-04-09|2026-04-10|2026-04-13|2026-04-14|2026-04-15,2026-04-15 19:00:51,0.0
Agilent Technologies,,2026-03-04|2026-03-05|2026-03-06|2026-03-09|2026-03-10|2026-03-11|2026-03-12|2026-03-13|2026-03-16|2026-03-17|2026-03-18|2026-03-19|2026-03-20|2026-03-23|2026-03-24|2026-03-25|2026-03-26|2026-03-27|2026-03-30|2026-03-31|2026-04-01|2026-04-02|2026-04-06|2026-04-07|2026-04-08|2026-04-09|2026-04-10|2026-04-13|2026-04-14|2026-04-15,2026-04-15 19:00:51,0.0
Olin Corporation,,2026-03-04|2026-03-05|2026-03-06|2026-03-09|2026-03-10|2026-03-11|2026-03-12|2026-03-13|2026-03-16|2026-03-17|2026-03-18|2026-03-19|2026-03-20|2026-03-23|2026-03-24|2026-03-25|2026-03-26|2026-03-27|2026-03-30|2026-03-31|2026-04-01|2026-04-02|2026-04-06|2026-04-07|2026-04-08|2026-04-09|2026-04-10|2026-04-13|2026-04-14|2026-04-15,2026-04-15 19:00:51,0.0
Darling Ingredients,,2026-03-04|2026-03-05|2026-03-06|2026-03-09|2026-03-10|2026-03-11|2026-03-12|2026-03-13|2026-03-16|2026-03-17|2026-03-18|2026-03-19|2026-03-20|2026-03-23|2026-03-24|2026-03-25|2026-03-26|2026-03-27|2026-03-30|2026-03-31|2026-04-01|2026-04-02|2026-04-06|2026-04-07|2026-04-08|2026-04-09|2026-04-10|2026-04-13|2026-04-14|2026-04-15,2026-04-15 19:00:51,0.0
Sonoco Products,,2026-03-04|2026-03-05|2026-03-06|2026-03-09|2026-03-10|2026-03-11|2026-03-12|2026-03-13|2026-03-16|2026-03-17|2026-03-18|2026-03-19|2026-03-20|2026-03-23|2026-03-24|2026-03-25|2026-03-26|2026-03-27|2026-03-30|2026-03-31|2026-04-01|2026-04-02|2026-04-06|2026-04-07|2026-04-08|2026-04-09|2026-04-10|2026-04-13|2026-04-14|2026-04-15,2026-04-15 19:00:51,0.0
Hyatt Hotels,,2026-03-04|2026-03-05|2026-03-06|2026-03-09|2026-03-10|2026-03-11|2026-03-12|2026-03-13|2026-03-16|2026-03-17|2026-03-18|2026-03-19|2026-03-20|2026-03-23|2026-03-24|2026-03-25|2026-03-26|2026-03-27|2026-03-30|2026-03-31|2026-04-01|2026-04-02|2026-04-06|2026-04-07|2026-04-08|2026-04-09|2026-04-10|2026-04-13|2026-04-14|2026-04-15,2026-04-15 19:00:51,0.0
Select Medical Holdings,,2026-03-04|2026-03-05|2026-03-06|2026-03-09|2026-03-10|2026-03-11|2026-03-12|2026-03-13|2026-03-16|2026-03-17|2026-03-18|2026-03-19|2026-03-20|2026-03-23|2026-03-24|2026-03-25|2026-03-26|2026-03-27|2026-03-30|2026-03-31|2026-04-01|2026-04-02|2026-04-06|2026-04-07|2026-04-08|2026-04-09|2026-04-10|2026-04-13|2026-04-14|2026-04-15,2026-04-15 19:00:51,0.0
McCormick & Company,,2026-03-04|2026-03-05|2026-03-06|2026-03-09|2026-03-10|2026-03-11|2026-03-12|2026-03-13|2026-03-16|2026-03-17|2026-03-18|2026-03-19|2026-03-20|2026-03-23|2026-03-24|2026-03-25|2026-03-26|2026-03-27|2026-03-30|2026-03-31|2026-04-01|2026-04-02|2026-04-06|2026-04-07|2026-04-08|2026-04-09|2026-04-10|2026-04-13|2026-04-14|2026-04-15,2026-04-15 19:00:51,0.0
Tapestry,,2026-03-04|2026-03-05|2026-03-06|2026-03-09|2026-03-10|2026-03-11|2026-03-12|2026-03-13|2026-03-16|2026-03-17|2026-03-18|2026-03-19|2026-03-20|2026-03-23|2026-03-24|2026-03-25|2026-03-26|2026-03-27|2026-03-30|2026-03-31|2026-04-01|2026-04-02|2026-04-06|2026-04-07|2026-04-08|2026-04-09|2026-04-10|2026-04-13|2026-04-14|2026-04-15,2026-04-15 19:00:51,0.0
CF Industries,,2026-03-04|2026-03-05|2026-03-06|2026-03-09|2026-03-10|2026-03-11|2026-03-12|2026-03-13|2026-03-16|2026-03-17|2026-03-18|2026-03-19|2026-03-20|2026-03-23|2026-03-24|2026-03-25|2026-03-26|2026-03-27|2026-03-30|2026-03-31|2026-04-01|2026-04-02|2026-04-06|2026-04-07|2026-04-08|2026-04-09|2026-04-10|2026-04-13|2026-04-14|2026-04-15,2026-04-15 19:00:51,0.0
Ametek,,2026-03-04|2026-03-05|2026-03-06|2026-03-09|2026-03-10|2026-03-11|2026-03-12|2026-03-13|2026-03-16|2026-03-17|2026-03-18|2026-03-19|2026-03-20|2026-03-23|2026-03-24|2026-03-25|2026-03-26|2026-03-27|2026-03-30|2026-03-31|2026-04-01|2026-04-02|2026-04-06|2026-04-07|2026-04-08|2026-04-09|2026-04-10|2026-04-13|2026-04-14|2026-04-15,2026-04-15 19:00:51,0.0
Wynn Resorts,,2026-03-04|2026-03-05|2026-03-06|2026-03-09|2026-03-10|2026-03-11|2026-03-12|2026-03-13|2026-03-16|2026-03-17|2026-03-18|2026-03-19|2026-03-20|2026-03-23|2026-03-24|2026-03-25|2026-03-26|2026-03-27|2026-03-30|2026-03-31|2026-04-01|2026-04-02|2026-04-06|2026-04-07|2026-04-08|2026-04-09|2026-04-10|2026-04-13|2026-04-14|2026-04-15,2026-04-15 19:00:51,0.0
Amkor Technology,,2026-03-04|2026-03-05|2026-03-06|2026-03-09|2026-03-10|2026-03-11|2026-03-12|2026-03-13|2026-03-16|2026-03-17|2026-03-18|2026-03-19|2026-03-20|2026-03-23|2026-03-24|2026-03-25|2026-03-26|2026-03-27|2026-03-30|2026-03-31|2026-04-01|2026-04-02|2026-04-06|2026-04-07|2026-04-08|2026-04-09|2026-04-10|2026-04-13|2026-04-14|2026-04-15,2026-04-15 19:00:51,0.0
Insperity,,2026-03-04|2026-03-05|2026-03-06|2026-03-09|2026-03-10|2026-03-11|2026-03-12|2026-03-13|2026-03-16|2026-03-17|2026-03-18|2026-03-19|2026-03-20|2026-03-23|2026-03-24|2026-03-25|2026-03-26|2026-03-27|2026-03-30|2026-03-31|2026-04-01|2026-04-02|2026-04-06|2026-04-07|2026-04-08|2026-04-09|2026-04-10|2026-04-13|2026-04-14|2026-04-15,2026-04-15 19:00:51,0.0
T Rowe Price,,2026-03-04|2026-03-05|2026-03-06|2026-03-09|2026-03-10|2026-03-11|2026-03-12|2026-03-13|2026-03-16|2026-03-17|2026-03-18|2026-03-19|2026-03-20|2026-03-23|2026-03-24|2026-03-25|2026-03-26|2026-03-27|2026-03-30|2026-03-31|2026-04-01|2026-04-02|2026-04-06|2026-04-07|2026-04-08|2026-04-09|2026-04-10|2026-04-13|2026-04-14|2026-04-15,2026-04-15 19:00:51,0.0
Ralph Lauren,,2026-03-04|2026-03-05|2026-03-06|2026-03-09|2026-03-10|2026-03-11|2026-03-12|2026-03-13|2026-03-16|2026-03-17|2026-03-18|2026-03-19|2026-03-20|2026-03-23|2026-03-24|2026-03-25|2026-03-26|2026-03-27|2026-03-30|2026-03-31|2026-04-01|2026-04-02|2026-04-06|2026-04-07|2026-04-08|2026-04-09|2026-04-10|2026-04-13|2026-04-14|2026-04-15,2026-04-15 19:00:51,0.0
KB Home,,2026-03-04|2026-03-05|2026-03-06|2026-03-09|2026-03-10|2026-03-11|2026-03-12|2026-03-13|2026-03-16|2026-03-17|2026-03-18|2026-03-19|2026-03-20|2026-03-23|2026-03-24|2026-03-25|2026-03-26|2026-03-27|2026-03-30|2026-03-31|2026-04-01|2026-04-02|2026-04-06|2026-04-07|2026-04-08|2026-04-09|2026-04-10|2026-04-13|2026-04-14|2026-04-15,2026-04-15 19:00:51,0.0
Brunswick Corporation,,2026-03-04|2026-03-05|2026-03-06|2026-03-09|2026-03-10|2026-03-11|2026-03-12|2026-03-13|2026-03-16|2026-03-17|2026-03-18|2026-03-19|2026-03-20|2026-03-23|2026-03-24|2026-03-25|2026-03-26|2026-03-27|2026-03-30|2026-03-31|2026-04-01|2026-04-02|2026-04-06|2026-04-07|2026-04-08|2026-04-09|2026-04-10|2026-04-13|2026-04-14|2026-04-15,2026-04-15 19:00:51,0.0
Robert Half,,2026-03-04|2026-03-05|2026-03-06|2026-03-09|2026-03-10|2026-03-11|2026-03-12|2026-03-13|2026-03-16|2026-03-17|2026-03-18|2026-03-19|2026-03-20|2026-03-23|2026-03-24|2026-03-25|2026-03-26|2026-03-27|2026-03-30|2026-03-31|2026-04-01|2026-04-02|2026-04-06|2026-04-07|2026-04-08|2026-04-09|2026-04-10|2026-04-13|2026-04-14|2026-04-15,2026-04-15 19:00:51,0.0
PENN Entertainment,,2026-03-04|2026-03-05|2026-03-06|2026-03-09|2026-03-10|2026-03-11|2026-03-12|2026-03-13|2026-03-16|2026-03-17|2026-03-18|2026-03-19|2026-03-20|2026-03-23|2026-03-24|2026-03-25|2026-03-26|2026-03-27|2026-03-30|2026-03-31|2026-04-01|2026-04-02|2026-04-06|2026-04-07|2026-04-08|2026-04-09|2026-04-10|2026-04-13|2026-04-14|2026-04-15,2026-04-15 19:00:51,0.0
NetApp,,2026-03-04|2026-03-05|2026-03-06|2026-03-09|2026-03-10|2026-03-11|2026-03-12|2026-03-13|2026-03-16|2026-03-17|2026-03-18|2026-03-19|2026-03-20|2026-03-23|2026-03-24|2026-03-25|2026-03-26|2026-03-27|2026-03-30|2026-03-31|2026-04-01|2026-04-02|2026-04-06|2026-04-07|2026-04-08|2026-04-09|2026-04-10|2026-04-13|2026-04-14|2026-04-15,2026-04-15 19:00:51,0.0
Organon,,2026-03-04|2026-03-05|2026-03-06|2026-03-09|2026-03-10|2026-03-11|2026-03-12|2026-03-13|2026-03-16|2026-03-17|2026-03-18|2026-03-19|2026-03-20|2026-03-23|2026-03-24|2026-03-25|2026-03-26|2026-03-27|2026-03-30|2026-03-31|2026-04-01|2026-04-02|2026-04-06|2026-04-07|2026-04-08|2026-04-09|2026-04-10|2026-04-13|2026-04-14|2026-04-15,2026-04-15 19:00:51,0.0
Petco Health and Wellness,,2026-03-04|2026-03-05|2026-03-06|2026-03-09|2026-03-10|2026-03-11|2026-03-12|2026-03-13|2026-03-16|2026-03-17|2026-03-18|2026-03-19|2026-03-20|2026-03-23|2026-03-24|2026-03-25|2026-03-26|2026-03-27|2026-03-30|2026-03-31|2026-04-01|2026-04-02|2026-04-06|2026-04-07|2026-04-08|2026-04-09|2026-04-10|2026-04-13|2026-04-14|2026-04-15,2026-04-15 19:00:51,0.0
Regal Rexnord,,2026-03-04|2026-03-05|2026-03-06|2026-03-09|2026-03-10|2026-03-11|2026-03-12|2026-03-13|2026-03-16|2026-03-17|2026-03-18|2026-03-19|2026-03-20|2026-03-23|2026-03-24|2026-03-25|2026-03-26|2026-03-27|2026-03-30|2026-03-31|2026-04-01|2026-04-02|2026-04-06|2026-04-07|2026-04-08|2026-04-09|2026-04-10|2026-04-13|2026-04-14|2026-04-15,2026-04-15 19:00:51,0.0
Resideo Technologies,,2026-03-04|2026-03-05|2026-03-06|2026-03-09|2026-03-10|2026-03-11|2026-03-12|2026-03-13|2026-03-16|2026-03-17|2026-03-18|2026-03-19|2026-03-20|2026-03-23|2026-03-24|2026-03-25|2026-03-26|2026-03-27|2026-03-30|2026-03-31|2026-04-01|2026-04-02|2026-04-06|2026-04-07|2026-04-08|2026-04-09|2026-04-10|2026-04-13|2026-04-14|2026-04-15,2026-04-15 19:00:51,0.0
Camping World,,2026-03-04|2026-03-05|2026-03-06|2026-03-09|2026-03-10|2026-03-11|2026-03-12|2026-03-13|2026-03-16|2026-03-17|2026-03-18|2026-03-19|2026-03-20|2026-03-23|2026-03-24|2026-03-25|2026-03-26|2026-03-27|2026-03-30|2026-03-31|2026-04-01|2026-04-02|2026-04-06|2026-04-07|2026-04-08|2026-04-09|2026-04-10|2026-04-13|2026-04-14|2026-04-15,2026-04-15 19:00:51,0.0
Huntsman Corporation,,2026-03-04|2026-03-05|2026-03-06|2026-03-09|2026-03-10|2026-03-11|2026-03-12|2026-03-13|2026-03-16|2026-03-17|2026-03-18|2026-03-19|2026-03-20|2026-03-23|2026-03-24|2026-03-25|2026-03-26|2026-03-27|2026-03-30|2026-03-31|2026-04-01|2026-04-02|2026-04-06|2026-04-07|2026-04-08|2026-04-09|2026-04-10|2026-04-13|2026-04-14|2026-04-15,2026-04-15 19:00:51,0.0
Victorias Secret,,2026-03-04|2026-03-05|2026-03-06|2026-03-09|2026-03-10|2026-03-11|2026-03-12|2026-03-13|2026-03-16|2026-03-17|2026-03-18|2026-03-19|2026-03-20|2026-03-23|2026-03-24|2026-03-25|2026-03-26|2026-03-27|2026-03-30|2026-03-31|2026-04-01|2026-04-02|2026-04-06|2026-04-07|2026-04-08|2026-04-09|2026-04-10|2026-04-13|2026-04-14|2026-04-15,2026-04-15 19:00:51,0.0
Levi Strauss,,2026-03-04|2026-03-05|2026-03-06|2026-03-09|2026-03-10|2026-03-11|2026-03-12|2026-03-13|2026-03-16|2026-03-17|2026-03-18|2026-03-19|2026-03-20|2026-03-23|2026-03-24|2026-03-25|2026-03-26|2026-03-27|2026-03-30|2026-03-31|2026-04-01|2026-04-02|2026-04-06|2026-04-07|2026-04-08|2026-04-09|2026-04-10|2026-04-13|2026-04-14|2026-04-15,2026-04-15 19:00:51,0.0
Roper Technologies,,2026-03-04|2026-03-05|2026-03-06|2026-03-09|2026-03-10|2026-03-11|2026-03-12|2026-03-13|2026-03-16|2026-03-17|2026-03-18|2026-03-19|2026-03-20|2026-03-23|2026-03-24|2026-03-25|2026-03-26|2026-03-27|2026-03-30|2026-03-31|2026-04-01|2026-04-02|2026-04-06|2026-04-07|2026-04-08|2026-04-09|2026-04-10|2026-04-13|2026-04-14|2026-04-15,2026-04-15 19:00:51,0.0
Academy Sports and Outdoors,,2026-03-04|2026-03-05|2026-03-06|2026-03-09|2026-03-10|2026-03-11|2026-03-12|2026-03-13|2026-03-16|2026-03-17|2026-03-18|2026-03-19|2026-03-20|2026-03-23|2026-03-24|2026-03-25|2026-03-26|2026-03-27|2026-03-30|2026-03-31|2026-04-01|2026-04-02|2026-04-06|2026-04-07|2026-04-08|2026-04-09|2026-04-10|2026-04-13|2026-04-14|2026-04-15,2026-04-15 19:00:51,0.0
Meritage Homes,,2026-03-04|2026-03-05|2026-03-06|2026-03-09|2026-03-10|2026-03-11|2026-03-12|2026-03-13|2026-03-16|2026-03-17|2026-03-18|2026-03-19|2026-03-20|2026-03-23|2026-03-24|2026-03-25|2026-03-26|2026-03-27|2026-03-30|2026-03-31|2026-04-01|2026-04-02|2026-04-06|2026-04-07|2026-04-08|2026-04-09|2026-04-10|2026-04-13|2026-04-14|2026-04-15,2026-04-15 19:00:51,0.0
Fortive,,2026-03-04|2026-03-05|2026-03-06|2026-03-09|2026-03-10|2026-03-11|2026-03-12|2026-03-13|2026-03-16|2026-03-17|2026-03-18|2026-03-19|2026-03-20|2026-03-23|2026-03-24|2026-03-25|2026-03-26|2026-03-27|2026-03-30|2026-03-31|2026-04-01|2026-04-02|2026-04-06|2026-04-07|2026-04-08|2026-04-09|2026-04-10|2026-04-13|2026-04-14|2026-04-15,2026-04-15 19:00:51,0.0
Nasdaq Inc,,2026-03-04|2026-03-05|2026-03-06|2026-03-09|2026-03-10|2026-03-11|2026-03-12|2026-03-13|2026-03-16|2026-03-17|2026-03-18|2026-03-19|2026-03-20|2026-03-23|2026-03-24|2026-03-25|2026-03-26|2026-03-27|2026-03-30|2026-03-31|2026-04-01|2026-04-02|2026-04-06|2026-04-07|2026-04-08|2026-04-09|2026-04-10|2026-04-13|2026-04-14|2026-04-15,2026-04-15 19:00:51,0.0
Broadridge Financial Solutions,,2026-03-04|2026-03-05|2026-03-06|2026-03-09|2026-03-10|2026-03-11|2026-03-12|2026-03-13|2026-03-16|2026-03-17|2026-03-18|2026-03-19|2026-03-20|2026-03-23|2026-03-24|2026-03-25|2026-03-26|2026-03-27|2026-03-30|2026-03-31|2026-04-01|2026-04-02|2026-04-06|2026-04-07|2026-04-08|2026-04-09|2026-04-10|2026-04-13|2026-04-14|2026-04-15,2026-04-15 19:00:51,0.0
Warner Music Group,,2026-03-04|2026-03-05|2026-03-06|2026-03-09|2026-03-10|2026-03-11|2026-03-12|2026-03-13|2026-03-16|2026-03-17|2026-03-18|2026-03-19|2026-03-20|2026-03-23|2026-03-24|2026-03-25|2026-03-26|2026-03-27|2026-03-30|2026-03-31|2026-04-01|2026-04-02|2026-04-06|2026-04-07|2026-04-08|2026-04-09|2026-04-10|2026-04-13|2026-04-14|2026-04-15,2026-04-15 19:00:51,0.0
Chemours,,2026-03-04|2026-03-05|2026-03-06|2026-03-09|2026-03-10|2026-03-11|2026-03-12|2026-03-13|2026-03-16|2026-03-17|2026-03-18|2026-03-19|2026-03-20|2026-03-23|2026-03-24|2026-03-25|2026-03-26|2026-03-27|2026-03-30|2026-03-31|2026-04-01|2026-04-02|2026-04-06|2026-04-07|2026-04-08|2026-04-09|2026-04-10|2026-04-13|2026-04-14|2026-04-15,2026-04-15 19:00:51,0.0
ADT,,2026-03-04|2026-03-05|2026-03-06|2026-03-09|2026-03-10|2026-03-11|2026-03-12|2026-03-13|2026-03-16|2026-03-17|2026-03-18|2026-03-19|2026-03-20|2026-03-23|2026-03-24|2026-03-25|2026-03-26|2026-03-27|2026-03-30|2026-03-31|2026-04-01|2026-04-02|2026-04-06|2026-04-07|2026-04-08|2026-04-09|2026-04-10|2026-04-13|2026-04-14|2026-04-15,2026-04-15 19:00:51,0.0
Edwards Lifesciences,,2026-03-04|2026-03-05|2026-03-06|2026-03-09|2026-03-10|2026-03-11|2026-03-12|2026-03-13|2026-03-16|2026-03-17|2026-03-18|2026-03-19|2026-03-20|2026-03-23|2026-03-24|2026-03-25|2026-03-26|2026-03-27|2026-03-30|2026-03-31|2026-04-01|2026-04-02|2026-04-06|2026-04-07|2026-04-08|2026-04-09|2026-04-10|2026-04-13|2026-04-14|2026-04-15,2026-04-15 19:00:51,0.0
First American Financial,,2026-03-04|2026-03-05|2026-03-06|2026-03-09|2026-03-10|2026-03-11|2026-03-12|2026-03-13|2026-03-16|2026-03-17|2026-03-18|2026-03-19|2026-03-20|2026-03-23|2026-03-24|2026-03-25|2026-03-26|2026-03-27|2026-03-30|2026-03-31|2026-04-01|2026-04-02|2026-04-06|2026-04-07|2026-04-08|2026-04-09|2026-04-10|2026-04-13|2026-04-14|2026-04-15,2026-04-15 19:00:51,0.0
Hanover Insurance Group,,2026-03-04|2026-03-05|2026-03-06|2026-03-09|2026-03-10|2026-03-11|2026-03-12|2026-03-13|2026-03-16|2026-03-17|2026-03-18|2026-03-19|2026-03-20|2026-03-23|2026-03-24|2026-03-25|2026-03-26|2026-03-27|2026-03-30|2026-03-31|2026-04-01|2026-04-02|2026-04-06|2026-04-07|2026-04-08|2026-04-09|2026-04-10|2026-04-13|2026-04-14|2026-04-15,2026-04-15 19:00:51,0.0
Silgan,,2026-03-04|2026-03-05|2026-03-06|2026-03-09|2026-03-10|2026-03-11|2026-03-12|2026-03-13|2026-03-16|2026-03-17|2026-03-18|2026-03-19|2026-03-20|2026-03-23|2026-03-24|2026-03-25|2026-03-26|2026-03-27|2026-03-30|2026-03-31|2026-04-01|2026-04-02|2026-04-06|2026-04-07|2026-04-08|2026-04-09|2026-04-10|2026-04-13|2026-04-14|2026-04-15,2026-04-15 19:00:51,0.0
Moodys Corporation,,2026-03-04|2026-03-05|2026-03-06|2026-03-09|2026-03-10|2026-03-11|2026-03-12|2026-03-13|2026-03-16|2026-03-17|2026-03-18|2026-03-19|2026-03-20|2026-03-23|2026-03-24|2026-03-25|2026-03-26|2026-03-27|2026-03-30|2026-03-31|2026-04-01|2026-04-02|2026-04-06|2026-04-07|2026-04-08|2026-04-09|2026-04-10|2026-04-13|2026-04-14|2026-04-15,2026-04-15 19:00:51,0.0
Coterra Energy,,2026-03-04|2026-03-05|2026-03-06|2026-03-09|2026-03-10|2026-03-11|2026-03-12|2026-03-13|2026-03-16|2026-03-17|2026-03-18|2026-03-19|2026-03-20|2026-03-23|2026-03-24|2026-03-25|2026-03-26|2026-03-27|2026-03-30|2026-03-31|2026-04-01|2026-04-02|2026-04-06|2026-04-07|2026-04-08|2026-04-09|2026-04-10|2026-04-13|2026-04-14|2026-04-15,2026-04-15 19:00:51,0.0
Gartner,,2026-03-04|2026-03-05|2026-03-06|2026-03-09|2026-03-10|2026-03-11|2026-03-12|2026-03-13|2026-03-16|2026-03-17|2026-03-18|2026-03-19|2026-03-20|2026-03-23|2026-03-24|2026-03-25|2026-03-26|2026-03-27|2026-03-30|2026-03-31|2026-04-01|2026-04-02|2026-04-06|2026-04-07|2026-04-08|2026-04-09|2026-04-10|2026-04-13|2026-04-14|2026-04-15,2026-04-15 19:00:51,0.0
Under Armour,,2026-03-04|2026-03-05|2026-03-06|2026-03-09|2026-03-10|2026-03-11|2026-03-12|2026-03-13|2026-03-16|2026-03-17|2026-03-18|2026-03-19|2026-03-20|2026-03-23|2026-03-24|2026-03-25|2026-03-26|2026-03-27|2026-03-30|2026-03-31|2026-04-01|2026-04-02|2026-04-06|2026-04-07|2026-04-08|2026-04-09|2026-04-10|2026-04-13|2026-04-14|2026-04-15,2026-04-15 19:00:51,0.0
Ingles Markets,,2026-03-04|2026-03-05|2026-03-06|2026-03-09|2026-03-10|2026-03-11|2026-03-12|2026-03-13|2026-03-16|2026-03-17|2026-03-18|2026-03-19|2026-03-20|2026-03-23|2026-03-24|2026-03-25|2026-03-26|2026-03-27|2026-03-30|2026-03-31|2026-04-01|2026-04-02|2026-04-06|2026-04-07|2026-04-08|2026-04-09|2026-04-10|2026-04-13|2026-04-14|2026-04-15,2026-04-15 19:00:51,0.0
Church & Dwight,,2026-03-04|2026-03-05|2026-03-06|2026-03-09|2026-03-10|2026-03-11|2026-03-12|2026-03-13|2026-03-16|2026-03-17|2026-03-18|2026-03-19|2026-03-20|2026-03-23|2026-03-24|2026-03-25|2026-03-26|2026-03-27|2026-03-30|2026-03-31|2026-04-01|2026-04-02|2026-04-06|2026-04-07|2026-04-08|2026-04-09|2026-04-10|2026-04-13|2026-04-14|2026-04-15,2026-04-15 19:00:51,0.0
Old Dominion Freight Line,,2026-03-04|2026-03-05|2026-03-06|2026-03-09|2026-03-10|2026-03-11|2026-03-12|2026-03-13|2026-03-16|2026-03-17|2026-03-18|2026-03-19|2026-03-20|2026-03-23|2026-03-24|2026-03-25|2026-03-26|2026-03-27|2026-03-30|2026-03-31|2026-04-01|2026-04-02|2026-04-06|2026-04-07|2026-04-08|2026-04-09|2026-04-10|2026-04-13|2026-04-14|2026-04-15,2026-04-15 19:00:51,0.0
U-Haul,,2026-03-04|2026-03-05|2026-03-06|2026-03-09|2026-03-10|2026-03-11|2026-03-12|2026-03-13|2026-03-16|2026-03-17|2026-03-18|2026-03-19|2026-03-20|2026-03-23|2026-03-24|2026-03-25|2026-03-26|2026-03-27|2026-03-30|2026-03-31|2026-04-01|2026-04-02|2026-04-06|2026-04-07|2026-04-08|2026-04-09|2026-04-10|2026-04-13|2026-04-14|2026-04-15,2026-04-15 19:00:51,0.0
Arista Networks,,2026-03-04|2026-03-05|2026-03-06|2026-03-09|2026-03-10|2026-03-11|2026-03-12|2026-03-13|2026-03-16|2026-03-17|2026-03-18|2026-03-19|2026-03-20|2026-03-23|2026-03-24|2026-03-25|2026-03-26|2026-03-27|2026-03-30|2026-03-31|2026-04-01|2026-04-02|2026-04-06|2026-04-07|2026-04-08|2026-04-09|2026-04-10|2026-04-13|2026-04-14|2026-04-15,2026-04-15 19:00:51,0.0
Synopsys,,2026-03-04|2026-03-05|2026-03-06|2026-03-09|2026-03-10|2026-03-11|2026-03-12|2026-03-13|2026-03-16|2026-03-17|2026-03-18|2026-03-19|2026-03-20|2026-03-23|2026-03-24|2026-03-25|2026-03-26|2026-03-27|2026-03-30|2026-03-31|2026-04-01|2026-04-02|2026-04-06|2026-04-07|2026-04-08|2026-04-09|2026-04-10|2026-04-13|2026-04-14|2026-04-15,2026-04-15 19:00:51,0.0
Harley-Davidson,,2026-03-04|2026-03-05|2026-03-06|2026-03-09|2026-03-10|2026-03-11|2026-03-12|2026-03-13|2026-03-16|2026-03-17|2026-03-18|2026-03-19|2026-03-20|2026-03-23|2026-03-24|2026-03-25|2026-03-26|2026-03-27|2026-03-30|2026-03-31|2026-04-01|2026-04-02|2026-04-06|2026-04-07|2026-04-08|2026-04-09|2026-04-10|2026-04-13|2026-04-14|2026-04-15,2026-04-15 19:00:51,0.0
Primoris Services,,2026-03-04|2026-03-05|2026-03-06|2026-03-09|2026-03-10|2026-03-11|2026-03-12|2026-03-13|2026-03-16|2026-03-17|2026-03-18|2026-03-19|2026-03-20|2026-03-23|2026-03-24|2026-03-25|2026-03-26|2026-03-27|2026-03-30|2026-03-31|2026-04-01|2026-04-02|2026-04-06|2026-04-07|2026-04-08|2026-04-09|2026-04-10|2026-04-13|2026-04-14|2026-04-15,2026-04-15 19:00:51,0.0
Carlisle Companies,,2026-03-04|2026-03-05|2026-03-06|2026-03-09|2026-03-10|2026-03-11|2026-03-12|2026-03-13|2026-03-16|2026-03-17|2026-03-18|2026-03-19|2026-03-20|2026-03-23|2026-03-24|2026-03-25|2026-03-26|2026-03-27|2026-03-30|2026-03-31|2026-04-01|2026-04-02|2026-04-06|2026-04-07|2026-04-08|2026-04-09|2026-04-10|2026-04-13|2026-04-14|2026-04-15,2026-04-15 19:00:51,0.0
Simon Property Group,,2026-03-04|2026-03-05|2026-03-06|2026-03-09|2026-03-10|2026-03-11|2026-03-12|2026-03-13|2026-03-16|2026-03-17|2026-03-18|2026-03-19|2026-03-20|2026-03-23|2026-03-24|2026-03-25|2026-03-26|2026-03-27|2026-03-30|2026-03-31|2026-04-01|2026-04-02|2026-04-06|2026-04-07|2026-04-08|2026-04-09|2026-04-10|2026-04-13|2026-04-14|2026-04-15,2026-04-15 19:00:51,0.0
Teledyne Technologies,,2026-03-04|2026-03-05|2026-03-06|2026-03-09|2026-03-10|2026-03-11|2026-03-12|2026-03-13|2026-03-16|2026-03-17|2026-03-18|2026-03-19|2026-03-20|2026-03-23|2026-03-24|2026-03-25|2026-03-26|2026-03-27|2026-03-30|2026-03-31|2026-04-01|2026-04-02|2026-04-06|2026-04-07|2026-04-08|2026-04-09|2026-04-10|2026-04-13|2026-04-14|2026-04-15,2026-04-15 19:00:51,0.0
CME Group,,2026-03-04|2026-03-05|2026-03-06|2026-03-09|2026-03-10|2026-03-11|2026-03-12|2026-03-13|2026-03-16|2026-03-17|2026-03-18|2026-03-19|2026-03-20|2026-03-23|2026-03-24|2026-03-25|2026-03-26|2026-03-27|2026-03-30|2026-03-31|2026-04-01|2026-04-02|2026-04-06|2026-04-07|2026-04-08|2026-04-09|2026-04-10|2026-04-13|2026-04-14|2026-04-15,2026-04-15 19:00:51,0.0
Coty,,2026-03-04|2026-03-05|2026-03-06|2026-03-09|2026-03-10|2026-03-11|2026-03-12|2026-03-13|2026-03-16|2026-03-17|2026-03-18|2026-03-19|2026-03-20|2026-03-23|2026-03-24|2026-03-25|2026-03-26|2026-03-27|2026-03-30|2026-03-31|2026-04-01|2026-04-02|2026-04-06|2026-04-07|2026-04-08|2026-04-09|2026-04-10|2026-04-13|2026-04-14|2026-04-15,2026-04-15 19:00:51,0.0
Pool Corporation,,2026-03-04|2026-03-05|2026-03-06|2026-03-09|2026-03-10|2026-03-11|2026-03-12|2026-03-13|2026-03-16|2026-03-17|2026-03-18|2026-03-19|2026-03-20|2026-03-23|2026-03-24|2026-03-25|2026-03-26|2026-03-27|2026-03-30|2026-03-31|2026-04-01|2026-04-02|2026-04-06|2026-04-07|2026-04-08|2026-04-09|2026-04-10|2026-04-13|2026-04-14|2026-04-15,2026-04-15 19:00:51,0.0
Evergy,,2026-03-04|2026-03-05|2026-03-06|2026-03-09|2026-03-10|2026-03-11|2026-03-12|2026-03-13|2026-03-16|2026-03-17|2026-03-18|2026-03-19|2026-03-20|2026-03-23|2026-03-24|2026-03-25|2026-03-26|2026-03-27|2026-03-30|2026-03-31|2026-04-01|2026-04-02|2026-04-06|2026-04-07|2026-04-08|2026-04-09|2026-04-10|2026-04-13|2026-04-14|2026-04-15,2026-04-15 19:00:51,0.0
Marvell Technology,,2026-03-04|2026-03-05|2026-03-06|2026-03-09|2026-03-10|2026-03-11|2026-03-12|2026-03-13|2026-03-16|2026-03-17|2026-03-18|2026-03-19|2026-03-20|2026-03-23|2026-03-24|2026-03-25|2026-03-26|2026-03-27|2026-03-30|2026-03-31|2026-04-01|2026-04-02|2026-04-06|2026-04-07|2026-04-08|2026-04-09|2026-04-10|2026-04-13|2026-04-14|2026-04-15,2026-04-15 19:00:51,0.0
NiSource,,2026-03-04|2026-03-05|2026-03-06|2026-03-09|2026-03-10|2026-03-11|2026-03-12|2026-03-13|2026-03-16|2026-03-17|2026-03-18|2026-03-19|2026-03-20|2026-03-23|2026-03-24|2026-03-25|2026-03-26|2026-03-27|2026-03-30|2026-03-31|2026-04-01|2026-04-02|2026-04-06|2026-04-07|2026-04-08|2026-04-09|2026-04-10|2026-04-13|2026-04-14|2026-04-15,2026-04-15 19:00:51,0.0
SS&C Technologies,,2026-03-04|2026-03-05|2026-03-06|2026-03-09|2026-03-10|2026-03-11|2026-03-12|2026-03-13|2026-03-16|2026-03-17|2026-03-18|2026-03-19|2026-03-20|2026-03-23|2026-03-24|2026-03-25|2026-03-26|2026-03-27|2026-03-30|2026-03-31|2026-04-01|2026-04-02|2026-04-06|2026-04-07|2026-04-08|2026-04-09|2026-04-10|2026-04-13|2026-04-14|2026-04-15,2026-04-15 19:00:51,0.0
Schneider National,,2026-03-04|2026-03-05|2026-03-06|2026-03-09|2026-03-10|2026-03-11|2026-03-12|2026-03-13|2026-03-16|2026-03-17|2026-03-18|2026-03-19|2026-03-20|2026-03-23|2026-03-24|2026-03-25|2026-03-26|2026-03-27|2026-03-30|2026-03-31|2026-04-01|2026-04-02|2026-04-06|2026-04-07|2026-04-08|2026-04-09|2026-04-10|2026-04-13|2026-04-14|2026-04-15,2026-04-15 19:00:51,0.0
Autodesk,,2026-03-04|2026-03-05|2026-03-06|2026-03-09|2026-03-10|2026-03-11|2026-03-12|2026-03-13|2026-03-16|2026-03-17|2026-03-18|2026-03-19|2026-03-20|2026-03-23|2026-03-24|2026-03-25|2026-03-26|2026-03-27|2026-03-30|2026-03-31|2026-04-01|2026-04-02|2026-04-06|2026-04-07|2026-04-08|2026-04-09|2026-04-10|2026-04-13|2026-04-14|2026-04-15,2026-04-15 19:00:51,0.0
Sealed Air Corporation,,2026-02-26|2026-02-27|2026-03-02|2026-03-03|2026-03-04|2026-03-05|2026-03-06|2026-03-09|2026-03-10|2026-03-11|2026-03-12|2026-03-13|2026-03-16|2026-03-17|2026-03-18|2026-03-19|2026-03-20|2026-03-23|2026-03-24|2026-03-25|2026-03-26|2026-03-27|2026-03-30|2026-03-31|2026-04-01|2026-04-02|2026-04-06|2026-04-07|2026-04-08|2026-04-09,2026-04-15 19:00:51,0.0
Iron Mountain,,2026-03-04|2026-03-05|2026-03-06|2026-03-09|2026-03-10|2026-03-11|2026-03-12|2026-03-13|2026-03-16|2026-03-17|2026-03-18|2026-03-19|2026-03-20|2026-03-23|2026-03-24|2026-03-25|2026-03-26|2026-03-27|2026-03-30|2026-03-31|2026-04-01|2026-04-02|2026-04-06|2026-04-07|2026-04-08|2026-04-09|2026-04-10|2026-04-13|2026-04-14|2026-04-15,2026-04-15 19:00:51,0.0
Digital Realty Trust,,2026-03-04|2026-03-05|2026-03-06|2026-03-09|2026-03-10|2026-03-11|2026-03-12|2026-03-13|2026-03-16|2026-03-17|2026-03-18|2026-03-19|2026-03-20|2026-03-23|2026-03-24|2026-03-25|2026-03-26|2026-03-27|2026-03-30|2026-03-31|2026-04-01|2026-04-02|2026-04-06|2026-04-07|2026-04-08|2026-04-09|2026-04-10|2026-04-13|2026-04-14|2026-04-15,2026-04-15 19:00:51,0.0
Keysight Technologies,,2026-03-04|2026-03-05|2026-03-06|2026-03-09|2026-03-10|2026-03-11|2026-03-12|2026-03-13|2026-03-16|2026-03-17|2026-03-18|2026-03-19|2026-03-20|2026-03-23|2026-03-24|2026-03-25|2026-03-26|2026-03-27|2026-03-30|2026-03-31|2026-04-01|2026-04-02|2026-04-06|2026-04-07|2026-04-08|2026-04-09|2026-04-10|2026-04-13|2026-04-14|2026-04-15,2026-04-15 19:00:51,0.0
Globe Life,,2026-03-04|2026-03-05|2026-03-06|2026-03-09|2026-03-10|2026-03-11|2026-03-12|2026-03-13|2026-03-16|2026-03-17|2026-03-18|2026-03-19|2026-03-20|2026-03-23|2026-03-24|2026-03-25|2026-03-26|2026-03-27|2026-03-30|2026-03-31|2026-04-01|2026-04-02|2026-04-06|2026-04-07|2026-04-08|2026-04-09|2026-04-10|2026-04-13|2026-04-14|2026-04-15,2026-04-15 19:00:51,0.0
Parsons Corporation,,2026-03-04|2026-03-05|2026-03-06|2026-03-09|2026-03-10|2026-03-11|2026-03-12|2026-03-13|2026-03-16|2026-03-17|2026-03-18|2026-03-19|2026-03-20|2026-03-23|2026-03-24|2026-03-25|2026-03-26|2026-03-27|2026-03-30|2026-03-31|2026-04-01|2026-04-02|2026-04-06|2026-04-07|2026-04-08|2026-04-09|2026-04-10|2026-04-13|2026-04-14|2026-04-15,2026-04-15 19:00:51,0.0
Mattel,,2026-03-04|2026-03-05|2026-03-06|2026-03-09|2026-03-10|2026-03-11|2026-03-12|2026-03-13|2026-03-16|2026-03-17|2026-03-18|2026-03-19|2026-03-20|2026-03-23|2026-03-24|2026-03-25|2026-03-26|2026-03-27|2026-03-30|2026-03-31|2026-04-01|2026-04-02|2026-04-06|2026-04-07|2026-04-08|2026-04-09|2026-04-10|2026-04-13|2026-04-14|2026-04-15,2026-04-15 19:00:51,0.0
Southwest Gas Holdings,,2026-03-04|2026-03-05|2026-03-06|2026-03-09|2026-03-10|2026-03-11|2026-03-12|2026-03-13|2026-03-16|2026-03-17|2026-03-18|2026-03-19|2026-03-20|2026-03-23|2026-03-24|2026-03-25|2026-03-26|2026-03-27|2026-03-30|2026-03-31|2026-04-01|2026-04-02|2026-04-06|2026-04-07|2026-04-08|2026-04-09|2026-04-10|2026-04-13|2026-04-14|2026-04-15,2026-04-15 19:00:51,0.0
Clean Harbors,,2026-03-04|2026-03-05|2026-03-06|2026-03-09|2026-03-10|2026-03-11|2026-03-12|2026-03-13|2026-03-16|2026-03-17|2026-03-18|2026-03-19|2026-03-20|2026-03-23|2026-03-24|2026-03-25|2026-03-26|2026-03-27|2026-03-30|2026-03-31|2026-04-01|2026-04-02|2026-04-06|2026-04-07|2026-04-08|2026-04-09|2026-04-10|2026-04-13|2026-04-14|2026-04-15,2026-04-15 19:00:51,0.0
Hubbell,,2026-03-04|2026-03-05|2026-03-06|2026-03-09|2026-03-10|2026-03-11|2026-03-12|2026-03-13|2026-03-16|2026-03-17|2026-03-18|2026-03-19|2026-03-20|2026-03-23|2026-03-24|2026-03-25|2026-03-26|2026-03-27|2026-03-30|2026-03-31|2026-04-01|2026-04-02|2026-04-06|2026-04-07|2026-04-08|2026-04-09|2026-04-10|2026-04-13|2026-04-14|2026-04-15,2026-04-15 19:00:51,0.0
Lamb Weston,,2026-03-04|2026-03-05|2026-03-06|2026-03-09|2026-03-10|2026-03-11|2026-03-12|2026-03-13|2026-03-16|2026-03-17|2026-03-18|2026-03-19|2026-03-20|2026-03-23|2026-03-24|2026-03-25|2026-03-26|2026-03-27|2026-03-30|2026-03-31|2026-04-01|2026-04-02|2026-04-06|2026-04-07|2026-04-08|2026-04-09|2026-04-10|2026-04-13|2026-04-14|2026-04-15,2026-04-15 19:00:51,0.0
Take-Two Interactive Software,,2026-03-04|2026-03-05|2026-03-06|2026-03-09|2026-03-10|2026-03-11|2026-03-12|2026-03-13|2026-03-16|2026-03-17|2026-03-18|2026-03-19|2026-03-20|2026-03-23|2026-03-24|2026-03-25|2026-03-26|2026-03-27|2026-03-30|2026-03-31|2026-04-01|2026-04-02|2026-04-06|2026-04-07|2026-04-08|2026-04-09|2026-04-10|2026-04-13|2026-04-14|2026-04-15,2026-04-15 19:00:51,0.0
Landstar System,,2026-03-04|2026-03-05|2026-03-06|2026-03-09|2026-03-10|2026-03-11|2026-03-12|2026-03-13|2026-03-16|2026-03-17|2026-03-18|2026-03-19|2026-03-20|2026-03-23|2026-03-24|2026-03-25|2026-03-26|2026-03-27|2026-03-30|2026-03-31|2026-04-01|2026-04-02|2026-04-06|2026-04-07|2026-04-08|2026-04-09|2026-04-10|2026-04-13|2026-04-14|2026-04-15,2026-04-15 19:00:51,0.0
Host Hotels & Resorts,,2026-03-04|2026-03-05|2026-03-06|2026-03-09|2026-03-10|2026-03-11|2026-03-12|2026-03-13|2026-03-16|2026-03-17|2026-03-18|2026-03-19|2026-03-20|2026-03-23|2026-03-24|2026-03-25|2026-03-26|2026-03-27|2026-03-30|2026-03-31|2026-04-01|2026-04-02|2026-04-06|2026-04-07|2026-04-08|2026-04-09|2026-04-10|2026-04-13|2026-04-14|2026-04-15,2026-04-15 19:00:51,0.0
Fortinet,,2026-03-04|2026-03-05|2026-03-06|2026-03-09|2026-03-10|2026-03-11|2026-03-12|2026-03-13|2026-03-16|2026-03-17|2026-03-18|2026-03-19|2026-03-20|2026-03-23|2026-03-24|2026-03-25|2026-03-26|2026-03-27|2026-03-30|2026-03-31|2026-04-01|2026-04-02|2026-04-06|2026-04-07|2026-04-08|2026-04-09|2026-04-10|2026-04-13|2026-04-14|2026-04-15,2026-04-15 19:00:51,0.0
OneMain,,2026-03-04|2026-03-05|2026-03-06|2026-03-09|2026-03-10|2026-03-11|2026-03-12|2026-03-13|2026-03-16|2026-03-17|2026-03-18|2026-03-19|2026-03-20|2026-03-23|2026-03-24|2026-03-25|2026-03-26|2026-03-27|2026-03-30|2026-03-31|2026-04-01|2026-04-02|2026-04-06|2026-04-07|2026-04-08|2026-04-09|2026-04-10|2026-04-13|2026-04-14|2026-04-15,2026-04-15 19:00:51,0.0
GameStop,,2026-03-04|2026-03-05|2026-03-06|2026-03-09|2026-03-10|2026-03-11|2026-03-12|2026-03-13|2026-03-16|2026-03-17|2026-03-18|2026-03-19|2026-03-20|2026-03-23|2026-03-24|2026-03-25|2026-03-26|2026-03-27|2026-03-30|2026-03-31|2026-04-01|2026-04-02|2026-04-06|2026-04-07|2026-04-08|2026-04-09|2026-04-10|2026-04-13|2026-04-14|2026-04-15,2026-04-15 19:00:51,0.0
Equifax,,2026-03-04|2026-03-05|2026-03-06|2026-03-09|2026-03-10|2026-03-11|2026-03-12|2026-03-13|2026-03-16|2026-03-17|2026-03-18|2026-03-19|2026-03-20|2026-03-23|2026-03-24|2026-03-25|2026-03-26|2026-03-27|2026-03-30|2026-03-31|2026-04-01|2026-04-02|2026-04-06|2026-04-07|2026-04-08|2026-04-09|2026-04-10|2026-04-13|2026-04-14|2026-04-15,2026-04-15 19:00:51,0.0
American Eagle Outfitters,,2026-03-04|2026-03-05|2026-03-06|2026-03-09|2026-03-10|2026-03-11|2026-03-12|2026-03-13|2026-03-16|2026-03-17|2026-03-18|2026-03-19|2026-03-20|2026-03-23|2026-03-24|2026-03-25|2026-03-26|2026-03-27|2026-03-30|2026-03-31|2026-04-01|2026-04-02|2026-04-06|2026-04-07|2026-04-08|2026-04-09|2026-04-10|2026-04-13|2026-04-14|2026-04-15,2026-04-15 19:00:51,0.0
Greif,,2026-03-04|2026-03-05|2026-03-06|2026-03-09|2026-03-10|2026-03-11|2026-03-12|2026-03-13|2026-03-16|2026-03-17|2026-03-18|2026-03-19|2026-03-20|2026-03-23|2026-03-24|2026-03-25|2026-03-26|2026-03-27|2026-03-30|2026-03-31|2026-04-01|2026-04-02|2026-04-06|2026-04-07|2026-04-08|2026-04-09|2026-04-10|2026-04-13|2026-04-14|2026-04-15,2026-04-15 19:00:51,0.0
Comfort Systems USA,,2026-03-04|2026-03-05|2026-03-06|2026-03-09|2026-03-10|2026-03-11|2026-03-12|2026-03-13|2026-03-16|2026-03-17|2026-03-18|2026-03-19|2026-03-20|2026-03-23|2026-03-24|2026-03-25|2026-03-26|2026-03-27|2026-03-30|2026-03-31|2026-04-01|2026-04-02|2026-04-06|2026-04-07|2026-04-08|2026-04-09|2026-04-10|2026-04-13|2026-04-14|2026-04-15,2026-04-15 19:00:51,0.0
TopBuild,,2026-03-04|2026-03-05|2026-03-06|2026-03-09|2026-03-10|2026-03-11|2026-03-12|2026-03-13|2026-03-16|2026-03-17|2026-03-18|2026-03-19|2026-03-20|2026-03-23|2026-03-24|2026-03-25|2026-03-26|2026-03-27|2026-03-30|2026-03-31|2026-04-01|2026-04-02|2026-04-06|2026-04-07|2026-04-08|2026-04-09|2026-04-10|2026-04-13|2026-04-14|2026-04-15,2026-04-15 19:00:51,0.0
Bread Financial,,2026-03-04|2026-03-05|2026-03-06|2026-03-09|2026-03-10|2026-03-11|2026-03-12|2026-03-13|2026-03-16|2026-03-17|2026-03-18|2026-03-19|2026-03-20|2026-03-23|2026-03-24|2026-03-25|2026-03-26|2026-03-27|2026-03-30|2026-03-31|2026-04-01|2026-04-02|2026-04-06|2026-04-07|2026-04-08|2026-04-09|2026-04-10|2026-04-13|2026-04-14|2026-04-15,2026-04-15 19:00:51,0.0
Coherent,,2026-03-04|2026-03-05|2026-03-06|2026-03-09|2026-03-10|2026-03-11|2026-03-12|2026-03-13|2026-03-16|2026-03-17|2026-03-18|2026-03-19|2026-03-20|2026-03-23|2026-03-24|2026-03-25|2026-03-26|2026-03-27|2026-03-30|2026-03-31|2026-04-01|2026-04-02|2026-04-06|2026-04-07|2026-04-08|2026-04-09|2026-04-10|2026-04-13|2026-04-14|2026-04-15,2026-04-15 19:00:51,0.0
Telephone & Data Systems,,2026-03-04|2026-03-05|2026-03-06|2026-03-09|2026-03-10|2026-03-11|2026-03-12|2026-03-13|2026-03-16|2026-03-17|2026-03-18|2026-03-19|2026-03-20|2026-03-23|2026-03-24|2026-03-25|2026-03-26|2026-03-27|2026-03-30|2026-03-31|2026-04-01|2026-04-02|2026-04-06|2026-04-07|2026-04-08|2026-04-09|2026-04-10|2026-04-13|2026-04-14|2026-04-15,2026-04-15 19:00:51,0.0
Stifel Financial,,2026-03-04|2026-03-05|2026-03-06|2026-03-09|2026-03-10|2026-03-11|2026-03-12|2026-03-13|2026-03-16|2026-03-17|2026-03-18|2026-03-19|2026-03-20|2026-03-23|2026-03-24|2026-03-25|2026-03-26|2026-03-27|2026-03-30|2026-03-31|2026-04-01|2026-04-02|2026-04-06|2026-04-07|2026-04-08|2026-04-09|2026-04-10|2026-04-13|2026-04-14|2026-04-15,2026-04-15 19:00:51,0.0
Urban Outfitters,,2026-03-04|2026-03-05|2026-03-06|2026-03-09|2026-03-10|2026-03-11|2026-03-12|2026-03-13|2026-03-16|2026-03-17|2026-03-18|2026-03-19|2026-03-20|2026-03-23|2026-03-24|2026-03-25|2026-03-26|2026-03-27|2026-03-30|2026-03-31|2026-04-01|2026-04-02|2026-04-06|2026-04-07|2026-04-08|2026-04-09|2026-04-10|2026-04-13|2026-04-14|2026-04-15,2026-04-15 19:00:51,0.0
Terex,,2026-03-04|2026-03-05|2026-03-06|2026-03-09|2026-03-10|2026-03-11|2026-03-12|2026-03-13|2026-03-16|2026-03-17|2026-03-18|2026-03-19|2026-03-20|2026-03-23|2026-03-24|2026-03-25|2026-03-26|2026-03-27|2026-03-30|2026-03-31|2026-04-01|2026-04-02|2026-04-06|2026-04-07|2026-04-08|2026-04-09|2026-04-10|2026-04-13|2026-04-14|2026-04-15,2026-04-15 19:00:51,0.0
Ryerson Holding,,2026-03-03|2026-03-04|2026-03-05|2026-03-06|2026-03-09|2026-03-10|2026-03-11|2026-03-12|2026-03-13|2026-03-16|2026-03-17|2026-03-18|2026-03-19|2026-03-20|2026-03-23|2026-03-24|2026-03-25|2026-03-26|2026-03-27|2026-03-30|2026-03-31|2026-04-01|2026-04-02|2026-04-06|2026-04-07|2026-04-08|2026-04-09|2026-04-10|2026-04-13|2026-04-14,2026-04-15 19:00:51,0.0
Snap-on,,2026-03-04|2026-03-05|2026-03-06|2026-03-09|2026-03-10|2026-03-11|2026-03-12|2026-03-13|2026-03-16|2026-03-17|2026-03-18|2026-03-19|2026-03-20|2026-03-23|2026-03-24|2026-03-25|2026-03-26|2026-03-27|2026-03-30|2026-03-31|2026-04-01|2026-04-02|2026-04-06|2026-04-07|2026-04-08|2026-04-09|2026-04-10|2026-04-13|2026-04-14|2026-04-15,2026-04-15 19:00:51,0.0
Flowers Foods,,2026-03-04|2026-03-05|2026-03-06|2026-03-09|2026-03-10|2026-03-11|2026-03-12|2026-03-13|2026-03-16|2026-03-17|2026-03-18|2026-03-19|2026-03-20|2026-03-23|2026-03-24|2026-03-25|2026-03-26|2026-03-27|2026-03-30|2026-03-31|2026-04-01|2026-04-02|2026-04-06|2026-04-07|2026-04-08|2026-04-09|2026-04-10|2026-04-13|2026-04-14|2026-04-15,2026-04-15 19:00:51,0.0
First Horizon,,2026-03-04|2026-03-05|2026-03-06|2026-03-09|2026-03-10|2026-03-11|2026-03-12|2026-03-13|2026-03-16|2026-03-17|2026-03-18|2026-03-19|2026-03-20|2026-03-23|2026-03-24|2026-03-25|2026-03-26|2026-03-27|2026-03-30|2026-03-31|2026-04-01|2026-04-02|2026-04-06|2026-04-07|2026-04-08|2026-04-09|2026-04-10|2026-04-13|2026-04-14|2026-04-15,2026-04-15 19:00:51,0.0
Paychex,,2026-03-04|2026-03-05|2026-03-06|2026-03-09|2026-03-10|2026-03-11|2026-03-12|2026-03-13|2026-03-16|2026-03-17|2026-03-18|2026-03-19|2026-03-20|2026-03-23|2026-03-24|2026-03-25|2026-03-26|2026-03-27|2026-03-30|2026-03-31|2026-04-01|2026-04-02|2026-04-06|2026-04-07|2026-04-08|2026-04-09|2026-04-10|2026-04-13|2026-04-14|2026-04-15,2026-04-15 19:00:51,0.0
Hasbro,,2026-03-04|2026-03-05|2026-03-06|2026-03-09|2026-03-10|2026-03-11|2026-03-12|2026-03-13|2026-03-16|2026-03-17|2026-03-18|2026-03-19|2026-03-20|2026-03-23|2026-03-24|2026-03-25|2026-03-26|2026-03-27|2026-03-30|2026-03-31|2026-04-01|2026-04-02|2026-04-06|2026-04-07|2026-04-08|2026-04-09|2026-04-10|2026-04-13|2026-04-14|2026-04-15,2026-04-15 19:00:51,0.0
Ares Management,,2026-03-04|2026-03-05|2026-03-06|2026-03-09|2026-03-10|2026-03-11|2026-03-12|2026-03-13|2026-03-16|2026-03-17|2026-03-18|2026-03-19|2026-03-20|2026-03-23|2026-03-24|2026-03-25|2026-03-26|2026-03-27|2026-03-30|2026-03-31|2026-04-01|2026-04-02|2026-04-06|2026-04-07|2026-04-08|2026-04-09|2026-04-10|2026-04-13|2026-04-14|2026-04-15,2026-04-15 19:00:51,0.0
Lennox International,,2026-03-04|2026-03-05|2026-03-06|2026-03-09|2026-03-10|2026-03-11|2026-03-12|2026-03-13|2026-03-16|2026-03-17|2026-03-18|2026-03-19|2026-03-20|2026-03-23|2026-03-24|2026-03-25|2026-03-26|2026-03-27|2026-03-30|2026-03-31|2026-04-01|2026-04-02|2026-04-06|2026-04-07|2026-04-08|2026-04-09|2026-04-10|2026-04-13|2026-04-14|2026-04-15,2026-04-15 19:00:51,0.0
Peabody Energy,,2026-03-04|2026-03-05|2026-03-06|2026-03-09|2026-03-10|2026-03-11|2026-03-12|2026-03-13|2026-03-16|2026-03-17|2026-03-18|2026-03-19|2026-03-20|2026-03-23|2026-03-24|2026-03-25|2026-03-26|2026-03-27|2026-03-30|2026-03-31|2026-04-01|2026-04-02|2026-04-06|2026-04-07|2026-04-08|2026-04-09|2026-04-10|2026-04-13|2026-04-14|2026-04-15,2026-04-15 19:00:51,0.0
Kemper Corporation,,2026-03-04|2026-03-05|2026-03-06|2026-03-09|2026-03-10|2026-03-11|2026-03-12|2026-03-13|2026-03-16|2026-03-17|2026-03-18|2026-03-19|2026-03-20|2026-03-23|2026-03-24|2026-03-25|2026-03-26|2026-03-27|2026-03-30|2026-03-31|2026-04-01|2026-04-02|2026-04-06|2026-04-07|2026-04-08|2026-04-09|2026-04-10|2026-04-13|2026-04-14|2026-04-15,2026-04-15 19:00:51,0.0
Nexstar Media Group,,2026-03-04|2026-03-05|2026-03-06|2026-03-09|2026-03-10|2026-03-11|2026-03-12|2026-03-13|2026-03-16|2026-03-17|2026-03-18|2026-03-19|2026-03-20|2026-03-23|2026-03-24|2026-03-25|2026-03-26|2026-03-27|2026-03-30|2026-03-31|2026-04-01|2026-04-02|2026-04-06|2026-04-07|2026-04-08|2026-04-09|2026-04-10|2026-04-13|2026-04-14|2026-04-15,2026-04-15 19:00:51,0.0
TriNet Group,,2026-03-04|2026-03-05|2026-03-06|2026-03-09|2026-03-10|2026-03-11|2026-03-12|2026-03-13|2026-03-16|2026-03-17|2026-03-18|2026-03-19|2026-03-20|2026-03-23|2026-03-24|2026-03-25|2026-03-26|2026-03-27|2026-03-30|2026-03-31|2026-04-01|2026-04-02|2026-04-06|2026-04-07|2026-04-08|2026-04-09|2026-04-10|2026-04-13|2026-04-14|2026-04-15,2026-04-15 19:00:51,0.0
Worthington Enterprises,,2026-03-04|2026-03-05|2026-03-06|2026-03-09|2026-03-10|2026-03-11|2026-03-12|2026-03-13|2026-03-16|2026-03-17|2026-03-18|2026-03-19|2026-03-20|2026-03-23|2026-03-24|2026-03-25|2026-03-26|2026-03-27|2026-03-30|2026-03-31|2026-04-01|2026-04-02|2026-04-06|2026-04-07|2026-04-08|2026-04-09|2026-04-10|2026-04-13|2026-04-14|2026-04-15,2026-04-15 19:00:51,0.0
Maximus,,2026-03-04|2026-03-05|2026-03-06|2026-03-09|2026-03-10|2026-03-11|2026-03-12|2026-03-13|2026-03-16|2026-03-17|2026-03-18|2026-03-19|2026-03-20|2026-03-23|2026-03-24|2026-03-25|2026-03-26|2026-03-27|2026-03-30|2026-03-31|2026-04-01|2026-04-02|2026-04-06|2026-04-07|2026-04-08|2026-04-09|2026-04-10|2026-04-13|2026-04-14|2026-04-15,2026-04-15 19:00:51,0.0
Compass Group,,2026-03-04|2026-03-05|2026-03-06|2026-03-09|2026-03-10|2026-03-11|2026-03-12|2026-03-13|2026-03-16|2026-03-17|2026-03-18|2026-03-19|2026-03-20|2026-03-23|2026-03-24|2026-03-25|2026-03-26|2026-03-27|2026-03-30|2026-03-31|2026-04-01|2026-04-02|2026-04-06|2026-04-07|2026-04-08|2026-04-09|2026-04-10|2026-04-13|2026-04-14|2026-04-15,2026-04-15 19:00:51,0.0
Brinks Company,,2026-03-04|2026-03-05|2026-03-06|2026-03-09|2026-03-10|2026-03-11|2026-03-12|2026-03-13|2026-03-16|2026-03-17|2026-03-18|2026-03-19|2026-03-20|2026-03-23|2026-03-24|2026-03-25|2026-03-26|2026-03-27|2026-03-30|2026-03-31|2026-04-01|2026-04-02|2026-04-06|2026-04-07|2026-04-08|2026-04-09|2026-04-10|2026-04-13|2026-04-14|2026-04-15,2026-04-15 19:00:51,0.0
Kelly Services Inc,,2026-03-04|2026-03-05|2026-03-06|2026-03-09|2026-03-10|2026-03-11|2026-03-12|2026-03-13|2026-03-16|2026-03-17|2026-03-18|2026-03-19|2026-03-20|2026-03-23|2026-03-24|2026-03-25|2026-03-26|2026-03-27|2026-03-30|2026-03-31|2026-04-01|2026-04-02|2026-04-06|2026-04-07|2026-04-08|2026-04-09|2026-04-10|2026-04-13|2026-04-14|2026-04-15,2026-04-15 19:00:51,0.0
Navient,,2026-03-04|2026-03-05|2026-03-06|2026-03-09|2026-03-10|2026-03-11|2026-03-12|2026-03-13|2026-03-16|2026-03-17|2026-03-18|2026-03-19|2026-03-20|2026-03-23|2026-03-24|2026-03-25|2026-03-26|2026-03-27|2026-03-30|2026-03-31|2026-04-01|2026-04-02|2026-04-06|2026-04-07|2026-04-08|2026-04-09|2026-04-10|2026-04-13|2026-04-14|2026-04-15,2026-04-15 19:00:51,0.0
AMC Entertainment,,2026-03-04|2026-03-05|2026-03-06|2026-03-09|2026-03-10|2026-03-11|2026-03-12|2026-03-13|2026-03-16|2026-03-17|2026-03-18|2026-03-19|2026-03-20|2026-03-23|2026-03-24|2026-03-25|2026-03-26|2026-03-27|2026-03-30|2026-03-31|2026-04-01|2026-04-02|2026-04-06|2026-04-07|2026-04-08|2026-04-09|2026-04-10|2026-04-13|2026-04-14|2026-04-15,2026-04-15 19:00:51,0.0
Encompass Health,,2026-03-04|2026-03-05|2026-03-06|2026-03-09|2026-03-10|2026-03-11|2026-03-12|2026-03-13|2026-03-16|2026-03-17|2026-03-18|2026-03-19|2026-03-20|2026-03-23|2026-03-24|2026-03-25|2026-03-26|2026-03-27|2026-03-30|2026-03-31|2026-04-01|2026-04-02|2026-04-06|2026-04-07|2026-04-08|2026-04-09|2026-04-10|2026-04-13|2026-04-14|2026-04-15,2026-04-15 19:00:51,0.0
Skyworks Solutions,,2026-03-04|2026-03-05|2026-03-06|2026-03-09|2026-03-10|2026-03-11|2026-03-12|2026-03-13|2026-03-16|2026-03-17|2026-03-18|2026-03-19|2026-03-20|2026-03-23|2026-03-24|2026-03-25|2026-03-26|2026-03-27|2026-03-30|2026-03-31|2026-04-01|2026-04-02|2026-04-06|2026-04-07|2026-04-08|2026-04-09|2026-04-10|2026-04-13|2026-04-14|2026-04-15,2026-04-15 19:00:51,0.0
Timken,,2026-03-04|2026-03-05|2026-03-06|2026-03-09|2026-03-10|2026-03-11|2026-03-12|2026-03-13|2026-03-16|2026-03-17|2026-03-18|2026-03-19|2026-03-20|2026-03-23|2026-03-24|2026-03-25|2026-03-26|2026-03-27|2026-03-30|2026-03-31|2026-04-01|2026-04-02|2026-04-06|2026-04-07|2026-04-08|2026-04-09|2026-04-10|2026-04-13|2026-04-14|2026-04-15,2026-04-15 19:00:51,0.0
Liberty Energy,,2026-03-04|2026-03-05|2026-03-06|2026-03-09|2026-03-10|2026-03-11|2026-03-12|2026-03-13|2026-03-16|2026-03-17|2026-03-18|2026-03-19|2026-03-20|2026-03-23|2026-03-24|2026-03-25|2026-03-26|2026-03-27|2026-03-30|2026-03-31|2026-04-01|2026-04-02|2026-04-06|2026-04-07|2026-04-08|2026-04-09|2026-04-10|2026-04-13|2026-04-14|2026-04-15,2026-04-15 19:00:51,0.0
Marriott Vacations Worldwide,,2026-03-04|2026-03-05|2026-03-06|2026-03-09|2026-03-10|2026-03-11|2026-03-12|2026-03-13|2026-03-16|2026-03-17|2026-03-18|2026-03-19|2026-03-20|2026-03-23|2026-03-24|2026-03-25|2026-03-26|2026-03-27|2026-03-30|2026-03-31|2026-04-01|2026-04-02|2026-04-06|2026-04-07|2026-04-08|2026-04-09|2026-04-10|2026-04-13|2026-04-14|2026-04-15,2026-04-15 19:00:51,0.0
Leggett & Platt,,2026-03-04|2026-03-05|2026-03-06|2026-03-09|2026-03-10|2026-03-11|2026-03-12|2026-03-13|2026-03-16|2026-03-17|2026-03-18|2026-03-19|2026-03-20|2026-03-23|2026-03-24|2026-03-25|2026-03-26|2026-03-27|2026-03-30|2026-03-31|2026-04-01|2026-04-02|2026-04-06|2026-04-07|2026-04-08|2026-04-09|2026-04-10|2026-04-13|2026-04-14|2026-04-15,2026-04-15 19:00:51,0.0
Weis Markets,,2026-03-04|2026-03-05|2026-03-06|2026-03-09|2026-03-10|2026-03-11|2026-03-12|2026-03-13|2026-03-16|2026-03-17|2026-03-18|2026-03-19|2026-03-20|2026-03-23|2026-03-24|2026-03-25|2026-03-26|2026-03-27|2026-03-30|2026-03-31|2026-04-01|2026-04-02|2026-04-06|2026-04-07|2026-04-08|2026-04-09|2026-04-10|2026-04-13|2026-04-14|2026-04-15,2026-04-15 19:00:51,0.0
Pinnacle West Capital,,2026-03-04|2026-03-05|2026-03-06|2026-03-09|2026-03-10|2026-03-11|2026-03-12|2026-03-13|2026-03-16|2026-03-17|2026-03-18|2026-03-19|2026-03-20|2026-03-23|2026-03-24|2026-03-25|2026-03-26|2026-03-27|2026-03-30|2026-03-31|2026-04-01|2026-04-02|2026-04-06|2026-04-07|2026-04-08|2026-04-09|2026-04-10|2026-04-13|2026-04-14|2026-04-15,2026-04-15 19:00:51,0.0
EPAM Systems,,2026-03-04|2026-03-05|2026-03-06|2026-03-09|2026-03-10|2026-03-11|2026-03-12|2026-03-13|2026-03-16|2026-03-17|2026-03-18|2026-03-19|2026-03-20|2026-03-23|2026-03-24|2026-03-25|2026-03-26|2026-03-27|2026-03-30|2026-03-31|2026-04-01|2026-04-02|2026-04-06|2026-04-07|2026-04-08|2026-04-09|2026-04-10|2026-04-13|2026-04-14|2026-04-15,2026-04-15 19:00:51,0.0
Antero Resources,,2026-03-04|2026-03-05|2026-03-06|2026-03-09|2026-03-10|2026-03-11|2026-03-12|2026-03-13|2026-03-16|2026-03-17|2026-03-18|2026-03-19|2026-03-20|2026-03-23|2026-03-24|2026-03-25|2026-03-26|2026-03-27|2026-03-30|2026-03-31|2026-04-01|2026-04-02|2026-04-06|2026-04-07|2026-04-08|2026-04-09|2026-04-10|2026-04-13|2026-04-14|2026-04-15,2026-04-15 19:00:51,0.0
Bloomin Brands,,2026-03-04|2026-03-05|2026-03-06|2026-03-09|2026-03-10|2026-03-11|2026-03-12|2026-03-13|2026-03-16|2026-03-17|2026-03-18|2026-03-19|2026-03-20|2026-03-23|2026-03-24|2026-03-25|2026-03-26|2026-03-27|2026-03-30|2026-03-31|2026-04-01|2026-04-02|2026-04-06|2026-04-07|2026-04-08|2026-04-09|2026-04-10|2026-04-13|2026-04-14|2026-04-15,2026-04-15 19:00:51,0.0
MDU Resources Group,,2026-03-04|2026-03-05|2026-03-06|2026-03-09|2026-03-10|2026-03-11|2026-03-12|2026-03-13|2026-03-16|2026-03-17|2026-03-18|2026-03-19|2026-03-20|2026-03-23|2026-03-24|2026-03-25|2026-03-26|2026-03-27|2026-03-30|2026-03-31|2026-04-01|2026-04-02|2026-04-06|2026-04-07|2026-04-08|2026-04-09|2026-04-10|2026-04-13|2026-04-14|2026-04-15,2026-04-15 19:00:51,0.0
Texas Roadhouse,,2026-03-04|2026-03-05|2026-03-06|2026-03-09|2026-03-10|2026-03-11|2026-03-12|2026-03-13|2026-03-16|2026-03-17|2026-03-18|2026-03-19|2026-03-20|2026-03-23|2026-03-24|2026-03-25|2026-03-26|2026-03-27|2026-03-30|2026-03-31|2026-04-01|2026-04-02|2026-04-06|2026-04-07|2026-04-08|2026-04-09|2026-04-10|2026-04-13|2026-04-14|2026-04-15,2026-04-15 19:00:51,0.0
Mercury General,,2026-03-04|2026-03-05|2026-03-06|2026-03-09|2026-03-10|2026-03-11|2026-03-12|2026-03-13|2026-03-16|2026-03-17|2026-03-18|2026-03-19|2026-03-20|2026-03-23|2026-03-24|2026-03-25|2026-03-26|2026-03-27|2026-03-30|2026-03-31|2026-04-01|2026-04-02|2026-04-06|2026-04-07|2026-04-08|2026-04-09|2026-04-10|2026-04-13|2026-04-14|2026-04-15,2026-04-15 19:00:51,0.0
Fortune Brands Innovations,,2026-03-04|2026-03-05|2026-03-06|2026-03-09|2026-03-10|2026-03-11|2026-03-12|2026-03-13|2026-03-16|2026-03-17|2026-03-18|2026-03-19|2026-03-20|2026-03-23|2026-03-24|2026-03-25|2026-03-26|2026-03-27|2026-03-30|2026-03-31|2026-04-01|2026-04-02|2026-04-06|2026-04-07|2026-04-08|2026-04-09|2026-04-10|2026-04-13|2026-04-14|2026-04-15,2026-04-15 19:00:51,0.0
Zions Bancorp,0|0|0|0|0|0|0|0|0|0|0|0|0|0|0|0|0|0|0|0|0|77|100|0|0|0|0|82|92|78,2026-03-04|2026-03-05|2026-03-06|2026-03-09|2026-03-10|2026-03-11|2026-03-12|2026-03-13|2026-03-16|2026-03-17|2026-03-18|2026-03-19|2026-03-20|2026-03-23|2026-03-24|2026-03-25|2026-03-26|2026-03-27|2026-03-30|2026-03-31|2026-04-01|2026-04-02|2026-04-06|2026-04-07|2026-04-08|2026-04-09|2026-04-10|2026-04-13|2026-04-14|2026-04-15,2026-04-15 22:50:49,14.3
JELD-WEN Holding,,2026-03-04|2026-03-05|2026-03-06|2026-03-09|2026-03-10|2026-03-11|2026-03-12|2026-03-13|2026-03-16|2026-03-17|2026-03-18|2026-03-19|2026-03-20|2026-03-23|2026-03-24|2026-03-25|2026-03-26|2026-03-27|2026-03-30|2026-03-31|2026-04-01|2026-04-02|2026-04-06|2026-04-07|2026-04-08|2026-04-09|2026-04-10|2026-04-13|2026-04-14|2026-04-15,2026-04-15 22:50:54,0.0
Snap Inc,90|85|51|41|29|60|52|55|55|66|62|66|53|69|55|64|57|63|28|83|39|28|30|25|25|28|31|28|37|100,2026-03-04|2026-03-05|2026-03-06|2026-03-09|2026-03-10|2026-03-11|2026-03-12|2026-03-13|2026-03-16|2026-03-17|2026-03-18|2026-03-19|2026-03-20|2026-03-23|2026-03-24|2026-03-25|2026-03-26|2026-03-27|2026-03-30|2026-03-31|2026-04-01|2026-04-02|2026-04-06|2026-04-07|2026-04-08|2026-04-09|2026-04-10|2026-04-13|2026-04-14|2026-04-15,2026-04-15 22:50:54,51.8
Zebra Technologies,44|57|59|57|64|72|57|52|52|100|82|45|45|40|75|48|42|52|68|57|32|31|29|34|40|39|32|28|32|37,2026-03-04|2026-03-05|2026-03-06|2026-03-09|2026-03-10|2026-03-11|2026-03-12|2026-03-13|2026-03-16|2026-03-17|2026-03-18|2026-03-19|2026-03-20|2026-03-23|2026-03-24|2026-03-25|2026-03-26|2026-03-27|2026-03-30|2026-03-31|2026-04-01|2026-04-02|2026-04-06|2026-04-07|2026-04-08|2026-04-09|2026-04-10|2026-04-13|2026-04-14|2026-04-15,2026-04-15 22:50:59,50.1
Agilon Health,0|88|0|0|0|0|0|0|0|0|0|0|0|0|0|0|0|0|0|100|33|30|33|33|36|28|24|22|25|35,2026-03-04|2026-03-05|2026-03-06|2026-03-09|2026-03-10|2026-03-11|2026-03-12|2026-03-13|2026-03-16|2026-03-17|2026-03-18|2026-03-19|2026-03-20|2026-03-23|2026-03-24|2026-03-25|2026-03-26|2026-03-27|2026-03-30|2026-03-31|2026-04-01|2026-04-02|2026-04-06|2026-04-07|2026-04-08|2026-04-09|2026-04-10|2026-04-13|2026-04-14|2026-04-15,2026-04-15 22:51:03,16.2
Toro Company,96|75|58|60|76|46|87|66|0|68|48|84|84|100|66|63|59|73|61|86|40|36|43|47|46|41|46|40|46|54,2026-03-04|2026-03-05|2026-03-06|2026-03-09|2026-03-10|2026-03-11|2026-03-12|2026-03-13|2026-03-16|2026-03-17|2026-03-18|2026-03-19|2026-03-20|2026-03-23|2026-03-24|2026-03-25|2026-03-26|2026-03-27|2026-03-30|2026-03-31|2026-04-01|2026-04-02|2026-04-06|2026-04-07|2026-04-08|2026-04-09|2026-04-10|2026-04-13|2026-04-14|2026-04-15,2026-04-15 22:51:07,59.8
Zoom Video Communications,0|0|0|0|0|0|0|0|0|0|0|0|0|0|0|0|0|0|0|0|61|45|50|44|55|63|57|54|0|100,2026-03-04|2026-03-05|2026-03-06|2026-03-09|2026-03-10|2026-03-11|2026-03-12|2026-03-13|2026-03-16|2026-03-17|2026-03-18|2026-03-19|2026-03-20|2026-03-23|2026-03-24|2026-03-25|2026-03-26|2026-03-27|2026-03-30|2026-03-31|2026-04-01|2026-04-02|2026-04-06|2026-04-07|2026-04-08|2026-04-09|2026-04-10|2026-04-13|2026-04-14|2026-04-15,2026-04-15 22:51:10,17.6
Tetra Tech,70|72|35|0|59|53|81|56|51|56|76|73|89|61|36|100|72|84|77|74|42|43|38|41|45|46|42|41|43|46,2026-03-04|2026-03-05|2026-03-06|2026-03-09|2026-03-10|2026-03-11|2026-03-12|2026-03-13|2026-03-16|2026-03-17|2026-03-18|2026-03-19|2026-03-20|2026-03-23|2026-03-24|2026-03-25|2026-03-26|2026-03-27|2026-03-30|2026-03-31|2026-04-01|2026-04-02|2026-04-06|2026-04-07|2026-04-08|2026-04-09|2026-04-10|2026-04-13|2026-04-14|2026-04-15,2026-04-15 22:51:13,56.7
Public Storage,84|83|83|79|76|72|74|78|91|74|77|75|82|79|69|81|85|88|87|95|79|78|69|61|59|59|57|58|53|55,2026-03-04|2026-03-05|2026-03-06|2026-03-09|2026-03-10|2026-03-11|2026-03-12|2026-03-13|2026-03-16|2026-03-17|2026-03-18|2026-03-19|2026-03-20|2026-03-23|2026-03-24|2026-03-25|2026-03-26|2026-03-27|2026-03-30|2026-03-31|2026-04-01|2026-04-02|2026-04-06|2026-04-07|2026-04-08|2026-04-09|2026-04-10|2026-04-13|2026-04-14|2026-04-15,2026-04-15 22:51:17,74.7
Illumina Inc,0|0|0|0|0|0|0|0|0|0|0|0|0|0|0|0|0|0|0|0|64|0|0|0|62|0|0|0|100|0,2026-03-04|2026-03-05|2026-03-06|2026-03-09|2026-03-10|2026-03-11|2026-03-12|2026-03-13|2026-03-16|2026-03-17|2026-03-18|2026-03-19|2026-03-20|2026-03-23|2026-03-24|2026-03-25|2026-03-26|2026-03-27|2026-03-30|2026-03-31|2026-04-01|2026-04-02|2026-04-06|2026-04-07|2026-04-08|2026-04-09|2026-04-10|2026-04-13|2026-04-14|2026-04-15,2026-04-15 22:51:20,7.5
Ventas Inc,0|0|0|0|100|0|0|0|0|91|0|0|0|0|0|0|0|0|0|0|6|5|9|6|5|8|9|0|9|12,2026-03-04|2026-03-05|2026-03-06|2026-03-09|2026-03-10|2026-03-11|2026-03-12|2026-03-13|2026-03-16|2026-03-17|2026-03-18|2026-03-19|2026-03-20|2026-03-23|2026-03-24|2026-03-25|2026-03-26|2026-03-27|2026-03-30|2026-03-31|2026-04-01|2026-04-02|2026-04-06|2026-04-07|2026-04-08|2026-04-09|2026-04-10|2026-04-13|2026-04-14|2026-04-15,2026-04-15 22:51:22,8.7
FMC Corporation,0|0|0|0|0|0|0|0|0|0|0|0|0|0|0|0|0|0|0|100|23|20|21|16|27|24|20|19|22|19,2026-03-04|2026-03-05|2026-03-06|2026-03-09|2026-03-10|2026-03-11|2026-03-12|2026-03-13|2026-03-16|2026-03-17|2026-03-18|2026-03-19|2026-03-20|2026-03-23|2026-03-24|2026-03-25|2026-03-26|2026-03-27|2026-03-30|2026-03-31|2026-04-01|2026-04-02|2026-04-06|2026-04-07|2026-04-08|2026-04-09|2026-04-10|2026-04-13|2026-04-14|2026-04-15,2026-04-15 22:51:25,10.4
ArcBest,73|89|87|92|53|81|57|0|0|52|78|64|65|53|100|50|63|71|83|97|57|58|65|61|68|64|51|62|65|70,2026-03-04|2026-03-05|2026-03-06|2026-03-09|2026-03-10|2026-03-11|2026-03-12|2026-03-13|2026-03-16|2026-03-17|2026-03-18|2026-03-19|2026-03-20|2026-03-23|2026-03-24|2026-03-25|2026-03-26|2026-03-27|2026-03-30|2026-03-31|2026-04-01|2026-04-02|2026-04-06|2026-04-07|2026-04-08|2026-04-09|2026-04-10|2026-04-13|2026-04-14|2026-04-15,2026-04-15 22:51:29,64.3
Dominos Pizza Inc,0|0|0|0|0|0|0|0|0|0|0|0|0|0|0|0|0|0|0|0|0|0|0|0|0|0|0|0|0|0,2026-03-04|2026-03-05|2026-03-06|2026-03-09|2026-03-10|2026-03-11|2026-03-12|2026-03-13|2026-03-16|2026-03-17|2026-03-18|2026-03-19|2026-03-20|2026-03-23|2026-03-24|2026-03-25|2026-03-26|2026-03-27|2026-03-30|2026-03-31|2026-04-01|2026-04-02|2026-04-06|2026-04-07|2026-04-08|2026-04-09|2026-04-10|2026-04-13|2026-04-14|2026-04-15,2026-04-15 22:51:34,0.0
ASGN,0|0|0|100|0|0|0|0|0|85|0|0|0|0|0|0|0|0|0|0|28|26|23|33|29|30|22|28|32|24,2026-03-04|2026-03-05|2026-03-06|2026-03-09|2026-03-10|2026-03-11|2026-03-12|2026-03-13|2026-03-16|2026-03-17|2026-03-18|2026-03-19|2026-03-20|2026-03-23|2026-03-24|2026-03-25|2026-03-26|2026-03-27|2026-03-30|2026-03-31|2026-04-01|2026-04-02|2026-04-06|2026-04-07|2026-04-08|2026-04-09|2026-04-10|2026-04-13|2026-04-14|2026-04-15,2026-04-15 22:51:37,15.3
Rivian Automotive,0|0|0|0|0|0|0|0|0|0|0|78|0|0|100|0|0|0|0|0|27|32|26|22|22|21|18|20|28|26,2026-03-04|2026-03-05|2026-03-06|2026-03-09|2026-03-10|2026-03-11|2026-03-12|2026-03-13|2026-03-16|2026-03-17|2026-03-18|2026-03-19|2026-03-20|2026-03-23|2026-03-24|2026-03-25|2026-03-26|2026-03-27|2026-03-30|2026-03-31|2026-04-01|2026-04-02|2026-04-06|2026-04-07|2026-04-08|2026-04-09|2026-04-10|2026-04-13|2026-04-14|2026-04-15,2026-04-15 22:51:40,14.0
Elanco Animal Health,0|0|0|0|0|0|0|0|0|0|0|0|0|0|0|0|0|0|0|0|85|47|100|60|98|60|49|47|68|58,2026-03-04|2026-03-05|2026-03-06|2026-03-09|2026-03-10|2026-03-11|2026-03-12|2026-03-13|2026-03-16|2026-03-17|2026-03-18|2026-03-19|2026-03-20|2026-03-23|2026-03-24|2026-03-25|2026-03-26|2026-03-27|2026-03-30|2026-03-31|2026-04-01|2026-04-02|2026-04-06|2026-04-07|2026-04-08|2026-04-09|2026-04-10|2026-04-13|2026-04-14|2026-04-15,2026-04-15 22:51:43,22.4
Graham Holdings Company,0|0|0|0|0|0|0|0|0|0|0|0|0|0|0|0|0|0|0|0|0|0|0|0|0|0|0|0|100|0,2026-03-04|2026-03-05|2026-03-06|2026-03-09|2026-03-10|2026-03-11|2026-03-12|2026-03-13|2026-03-16|2026-03-17|2026-03-18|2026-03-19|2026-03-20|2026-03-23|2026-03-24|2026-03-25|2026-03-26|2026-03-27|2026-03-30|2026-03-31|2026-04-01|2026-04-02|2026-04-06|2026-04-07|2026-04-08|2026-04-09|2026-04-10|2026-04-13|2026-04-14|2026-04-15,2026-04-15 22:51:46,3.3
Floor & Decor,27|37|33|45|37|36|24|38|45|38|36|45|47|56|59|51|61|64|74|100|59|53|59|58|58|61|59|55|58|62,2026-03-04|2026-03-05|2026-03-06|2026-03-09|2026-03-10|2026-03-11|2026-03-12|2026-03-13|2026-03-16|2026-03-17|2026-03-18|2026-03-19|2026-03-20|2026-03-23|2026-03-24|2026-03-25|2026-03-26|2026-03-27|2026-03-30|2026-03-31|2026-04-01|2026-04-02|2026-04-06|2026-04-07|2026-04-08|2026-04-09|2026-04-10|2026-04-13|2026-04-14|2026-04-15,2026-04-15 22:51:50,51.2
Applied Industrial Technologies,48|60|62|70|63|60|75|63|63|73|91|59|94|0|58|57|59|100|52|0|52|43|43|47|42|45|39|40|43|43,2026-03-04|2026-03-05|2026-03-06|2026-03-09|2026-03-10|2026-03-11|2026-03-12|2026-03-13|2026-03-16|2026-03-17|2026-03-18|2026-03-19|2026-03-20|2026-03-23|2026-03-24|2026-03-25|2026-03-26|2026-03-27|2026-03-30|2026-03-31|2026-04-01|2026-04-02|2026-04-06|2026-04-07|2026-04-08|2026-04-09|2026-04-10|2026-04-13|2026-04-14|2026-04-15,2026-04-15 22:51:54,54.8
PriceSmart,60|81|71|88|88|59|64|57|54|55|80|66|62|81|83|87|97|39|64|68|53|50|57|62|56|50|62|47|50|43,2026-03-04|2026-03-05|2026-03-06|2026-03-09|2026-03-10|2026-03-11|2026-03-12|2026-03-13|2026-03-16|2026-03-17|2026-03-18|2026-03-19|2026-03-20|2026-03-23|2026-03-24|2026-03-25|2026-03-26|2026-03-27|2026-03-30|2026-03-31|2026-04-01|2026-04-02|2026-04-06|2026-04-07|2026-04-08|2026-04-09|2026-04-10|2026-04-13|2026-04-14|2026-04-15,2026-04-15 22:51:57,64.5
Lyft,81|87|91|93|90|82|88|88|90|88|86|85|90|84|78|85|89|90|77|87|83|78|81|76|75|83|82|79|75|78,2026-03-04|2026-03-05|2026-03-06|2026-03-09|2026-03-10|2026-03-11|2026-03-12|2026-03-13|2026-03-16|2026-03-17|2026-03-18|2026-03-19|2026-03-20|2026-03-23|2026-03-24|2026-03-25|2026-03-26|2026-03-27|2026-03-30|2026-03-31|2026-04-01|2026-04-02|2026-04-06|2026-04-07|2026-04-08|2026-04-09|2026-04-10|2026-04-13|2026-04-14|2026-04-15,2026-04-15 22:52:01,84.0
Ciena,49|100|42|39|45|48|39|35|37|50|51|60|57|51|54|47|53|38|36|42|39|43|35|35|44|43|36|34|36|34,2026-03-04|2026-03-05|2026-03-06|2026-03-09|2026-03-10|2026-03-11|2026-03-12|2026-03-13|2026-03-16|2026-03-17|2026-03-18|2026-03-19|2026-03-20|2026-03-23|2026-03-24|2026-03-25|2026-03-26|2026-03-27|2026-03-30|2026-03-31|2026-04-01|2026-04-02|2026-04-06|2026-04-07|2026-04-08|2026-04-09|2026-04-10|2026-04-13|2026-04-14|2026-04-15,2026-04-15 22:52:05,45.1
IAC,95|87|83|90|89|95|95|82|82|97|94|100|86|89|87|95|88|75|91|88|72|68|74|72|71|70|68|71|79|77,2026-03-04|2026-03-05|2026-03-06|2026-03-09|2026-03-10|2026-03-11|2026-03-12|2026-03-13|2026-03-16|2026-03-17|2026-03-18|2026-03-19|2026-03-20|2026-03-23|2026-03-24|2026-03-25|2026-03-26|2026-03-27|2026-03-30|2026-03-31|2026-04-01|2026-04-02|2026-04-06|2026-04-07|2026-04-08|2026-04-09|2026-04-10|2026-04-13|2026-04-14|2026-04-15,2026-04-15 22:52:08,83.7
Western Union,96|91|91|92|89|87|96|100|90|87|87|90|95|85|85|87|83|88|86|90|86|82|80|78|81|83|86|78|82|87,2026-03-04|2026-03-05|2026-03-06|2026-03-09|2026-03-10|2026-03-11|2026-03-12|2026-03-13|2026-03-16|2026-03-17|2026-03-18|2026-03-19|2026-03-20|2026-03-23|2026-03-24|2026-03-25|2026-03-26|2026-03-27|2026-03-30|2026-03-31|2026-04-01|2026-04-02|2026-04-06|2026-04-07|2026-04-08|2026-04-09|2026-04-10|2026-04-13|2026-04-14|2026-04-15,2026-04-15 22:52:11,87.3
Flowserve,100|95|75|61|90|84|71|66|69|79|77|85|70|83|78|98|63|89|63|66|71|51|60|63|60|57|42|53|59|64,2026-03-04|2026-03-05|2026-03-06|2026-03-09|2026-03-10|2026-03-11|2026-03-12|2026-03-13|2026-03-16|2026-03-17|2026-03-18|2026-03-19|2026-03-20|2026-03-23|2026-03-24|2026-03-25|2026-03-26|2026-03-27|2026-03-30|2026-03-31|2026-04-01|2026-04-02|2026-04-06|2026-04-07|2026-04-08|2026-04-09|2026-04-10|2026-04-13|2026-04-14|2026-04-15,2026-04-15 22:52:15,71.4
Western Alliance Bancorp,,2026-03-04|2026-03-05|2026-03-06|2026-03-09|2026-03-10|2026-03-11|2026-03-12|2026-03-13|2026-03-16|2026-03-17|2026-03-18|2026-03-19|2026-03-20|2026-03-23|2026-03-24|2026-03-25|2026-03-26|2026-03-27|2026-03-30|2026-03-31|2026-04-01|2026-04-02|2026-04-06|2026-04-07|2026-04-08|2026-04-09|2026-04-10|2026-04-13|2026-04-14|2026-04-15,2026-04-15 22:52:17,0.0
Option Care Health,71|52|57|76|49|54|80|100|84|62|50|65|76|73|63|52|49|54|39|67|37|38|56|51|48|52|44|54|54|47,2026-03-04|2026-03-05|2026-03-06|2026-03-09|2026-03-10|2026-03-11|2026-03-12|2026-03-13|2026-03-16|2026-03-17|2026-03-18|2026-03-19|2026-03-20|2026-03-23|2026-03-24|2026-03-25|2026-03-26|2026-03-27|2026-03-30|2026-03-31|2026-04-01|2026-04-02|2026-04-06|2026-04-07|2026-04-08|2026-04-09|2026-04-10|2026-04-13|2026-04-14|2026-04-15,2026-04-15 22:52:18,58.5
SiteOne Landscape Supply,67|39|45|100|64|46|39|68|57|32|73|0|50|72|39|44|52|80|52|58|50|49|59|52|53|58|53|55|52|52,2026-03-04|2026-03-05|2026-03-06|2026-03-09|2026-03-10|2026-03-11|2026-03-12|2026-03-13|2026-03-16|2026-03-17|2026-03-18|2026-03-19|2026-03-20|2026-03-23|2026-03-24|2026-03-25|2026-03-26|2026-03-27|2026-03-30|2026-03-31|2026-04-01|2026-04-02|2026-04-06|2026-04-07|2026-04-08|2026-04-09|2026-04-10|2026-04-13|2026-04-14|2026-04-15,2026-04-15 22:52:21,53.7
eXp World,0|0|0|47|66|66|51|0|62|56|47|0|50|64|0|56|0|77|63|52|27|30|29|29|31|32|28|25|42|41,2026-03-04|2026-03-05|2026-03-06|2026-03-09|2026-03-10|2026-03-11|2026-03-12|2026-03-13|2026-03-16|2026-03-17|2026-03-18|2026-03-19|2026-03-20|2026-03-23|2026-03-24|2026-03-25|2026-03-26|2026-03-27|2026-03-30|2026-03-31|2026-04-01|2026-04-02|2026-04-06|2026-04-07|2026-04-08|2026-04-09|2026-04-10|2026-04-13|2026-04-14|2026-04-15,2026-04-15 22:52:25,35.7
Abercrombie & Fitch,5|6|3|4|3|3|4|5|3|3|5|10|30|39|41|32|43|56|67|100|44|48|38|45|51|55|53|41|47|63,2026-03-04|2026-03-05|2026-03-06|2026-03-09|2026-03-10|2026-03-11|2026-03-12|2026-03-13|2026-03-16|2026-03-17|2026-03-18|2026-03-19|2026-03-20|2026-03-23|2026-03-24|2026-03-25|2026-03-26|2026-03-27|2026-03-30|2026-03-31|2026-04-01|2026-04-02|2026-04-06|2026-04-07|2026-04-08|2026-04-09|2026-04-10|2026-04-13|2026-04-14|2026-04-15,2026-04-15 22:52:30,31.6
Atmos Energy,90|96|100|85|77|95|92|94|92|84|77|74|95|83|85|81|80|89|85|78|98|89|86|83|86|88|88|81|77|82,2026-03-04|2026-03-05|2026-03-06|2026-03-09|2026-03-10|2026-03-11|2026-03-12|2026-03-13|2026-03-16|2026-03-17|2026-03-18|2026-03-19|2026-03-20|2026-03-23|2026-03-24|2026-03-25|2026-03-26|2026-03-27|2026-03-30|2026-03-31|2026-04-01|2026-04-02|2026-04-06|2026-04-07|2026-04-08|2026-04-09|2026-04-10|2026-04-13|2026-04-14|2026-04-15,2026-04-15 22:52:33,86.3
Brown & Brown,10|12|10|10|11|10|10|8|10|11|12|15|24|33|36|30|42|54|72|100|42|47|48|48|50|53|58|50|57|66,2026-03-04|2026-03-05|2026-03-06|2026-03-09|2026-03-10|2026-03-11|2026-03-12|2026-03-13|2026-03-16|2026-03-17|2026-03-18|2026-03-19|2026-03-20|2026-03-23|2026-03-24|2026-03-25|2026-03-26|2026-03-27|2026-03-30|2026-03-31|2026-04-01|2026-04-02|2026-04-06|2026-04-07|2026-04-08|2026-04-09|2026-04-10|2026-04-13|2026-04-14|2026-04-15,2026-04-15 22:52:36,34.6
GoDaddy,93|84|86|85|85|97|96|92|97|96|100|90|85|92|84|91|86|89|87|89|66|63|65|67|67|65|62|67|68|68,2026-03-04|2026-03-05|2026-03-06|2026-03-09|2026-03-10|2026-03-11|2026-03-12|2026-03-13|2026-03-16|2026-03-17|2026-03-18|2026-03-19|2026-03-20|2026-03-23|2026-03-24|2026-03-25|2026-03-26|2026-03-27|2026-03-30|2026-03-31|2026-04-01|2026-04-02|2026-04-06|2026-04-07|2026-04-08|2026-04-09|2026-04-10|2026-04-13|2026-04-14|2026-04-15,2026-04-15 22:52:39,82.1
American Water Works,23|19|21|14|16|21|19|19|21|31|35|37|100|27|18|30|30|25|21|25|6|6|6|7|8|7|6|6|6|6,2026-03-04|2026-03-05|2026-03-06|2026-03-09|2026-03-10|2026-03-11|2026-03-12|2026-03-13|2026-03-16|2026-03-17|2026-03-18|2026-03-19|2026-03-20|2026-03-23|2026-03-24|2026-03-25|2026-03-26|2026-03-27|2026-03-30|2026-03-31|2026-04-01|2026-04-02|2026-04-06|2026-04-07|2026-04-08|2026-04-09|2026-04-10|2026-04-13|2026-04-14|2026-04-15,2026-04-15 22:52:41,20.5
Selective Insurance Group,0|0|0|0|0|0|0|0|0|0|0|0|0|0|0|0|0|0|0|0|0|5|0|4|0|7|6|6|4|5,2026-03-04|2026-03-05|2026-03-06|2026-03-09|2026-03-10|2026-03-11|2026-03-12|2026-03-13|2026-03-16|2026-03-17|2026-03-18|2026-03-19|2026-03-20|2026-03-23|2026-03-24|2026-03-25|2026-03-26|2026-03-27|2026-03-30|2026-03-31|2026-04-01|2026-04-02|2026-04-06|2026-04-07|2026-04-08|2026-04-09|2026-04-10|2026-04-13|2026-04-14|2026-04-15,2026-04-15 22:52:44,1.2
Advantage Solutions,91|87|93|80|78|86|62|68|57|62|89|74|88|77|99|83|60|59|95|100|65|57|62|66|63|58|52|58|60|55,2026-03-04|2026-03-05|2026-03-06|2026-03-09|2026-03-10|2026-03-11|2026-03-12|2026-03-13|2026-03-16|2026-03-17|2026-03-18|2026-03-19|2026-03-20|2026-03-23|2026-03-24|2026-03-25|2026-03-26|2026-03-27|2026-03-30|2026-03-31|2026-04-01|2026-04-02|2026-04-06|2026-04-07|2026-04-08|2026-04-09|2026-04-10|2026-04-13|2026-04-14|2026-04-15,2026-04-15 22:52:46,72.8
ResMed,67|75|65|72|66|65|65|65|67|77|72|67|68|71|71|70|76|82|85|100|77|72|80|77|81|77|76|77|74|81,2026-03-04|2026-03-05|2026-03-06|2026-03-09|2026-03-10|2026-03-11|2026-03-12|2026-03-13|2026-03-16|2026-03-17|2026-03-18|2026-03-19|2026-03-20|2026-03-23|2026-03-24|2026-03-25|2026-03-26|2026-03-27|2026-03-30|2026-03-31|2026-04-01|2026-04-02|2026-04-06|2026-04-07|2026-04-08|2026-04-09|2026-04-10|2026-04-13|2026-04-14|2026-04-15,2026-04-15 22:52:51,73.9
Plexus Corp,0|100|0|0|0|0|0|0|0|0|0|0|0|0|0|0|0|0|0|0|8|7|13|10|15|6|0|0|8|8,2026-03-04|2026-03-05|2026-03-06|2026-03-09|2026-03-10|2026-03-11|2026-03-12|2026-03-13|2026-03-16|2026-03-17|2026-03-18|2026-03-19|2026-03-20|2026-03-23|2026-03-24|2026-03-25|2026-03-26|2026-03-27|2026-03-30|2026-03-31|2026-04-01|2026-04-02|2026-04-06|2026-04-07|2026-04-08|2026-04-09|2026-04-10|2026-04-13|2026-04-14|2026-04-15,2026-04-15 22:52:54,5.8
Hub Group,100|73|75|66|84|76|66|72|74|75|77|91|78|77|79|86|71|65|67|80|35|35|42|39|38|43|35|36|39|41,2026-03-04|2026-03-05|2026-03-06|2026-03-09|2026-03-10|2026-03-11|2026-03-12|2026-03-13|2026-03-16|2026-03-17|2026-03-18|2026-03-19|2026-03-20|2026-03-23|2026-03-24|2026-03-25|2026-03-26|2026-03-27|2026-03-30|2026-03-31|2026-04-01|2026-04-02|2026-04-06|2026-04-07|2026-04-08|2026-04-09|2026-04-10|2026-04-13|2026-04-14|2026-04-15,2026-04-15 22:52:56,63.8
Lincoln Electric,59|60|58|56|63|51|57|73|50|56|60|63|62|76|63|83|71|79|87|100|72|67|69|69|73|73|72|72|74|78,2026-03-04|2026-03-05|2026-03-06|2026-03-09|2026-03-10|2026-03-11|2026-03-12|2026-03-13|2026-03-16|2026-03-17|2026-03-18|2026-03-19|2026-03-20|2026-03-23|2026-03-24|2026-03-25|2026-03-26|2026-03-27|2026-03-30|2026-03-31|2026-04-01|2026-04-02|2026-04-06|2026-04-07|2026-04-08|2026-04-09|2026-04-10|2026-04-13|2026-04-14|2026-04-15,2026-04-15 22:53:00,68.2
NCR Atleos,73|100|0|0|0|0|0|0|0|0|0|0|0|0|0|0|0|0|0|0|25|27|25|28|26|21|20|30|30|25,2026-03-04|2026-03-05|2026-03-06|2026-03-09|2026-03-10|2026-03-11|2026-03-12|2026-03-13|2026-03-16|2026-03-17|2026-03-18|2026-03-19|2026-03-20|2026-03-23|2026-03-24|2026-03-25|2026-03-26|2026-03-27|2026-03-30|2026-03-31|2026-04-01|2026-04-02|2026-04-06|2026-04-07|2026-04-08|2026-04-09|2026-04-10|2026-04-13|2026-04-14|2026-04-15,2026-04-15 22:53:04,14.3
Calumet Inc,0|0|0|0|0|0|0|0|0|0|0|0|0|0|0|0|0|0|0|0|87|95|67|59|66|97|0|82|72|100,2026-03-04|2026-03-05|2026-03-06|2026-03-09|2026-03-10|2026-03-11|2026-03-12|2026-03-13|2026-03-16|2026-03-17|2026-03-18|2026-03-19|2026-03-20|2026-03-23|2026-03-24|2026-03-25|2026-03-26|2026-03-27|2026-03-30|2026-03-31|2026-04-01|2026-04-02|2026-04-06|2026-04-07|2026-04-08|2026-04-09|2026-04-10|2026-04-13|2026-04-14|2026-04-15,2026-04-15 22:53:06,24.2
Dycom Industries,,2026-03-04|2026-03-05|2026-03-06|2026-03-09|2026-03-10|2026-03-11|2026-03-12|2026-03-13|2026-03-16|2026-03-17|2026-03-18|2026-03-19|2026-03-20|2026-03-23|2026-03-24|2026-03-25|2026-03-26|2026-03-27|2026-03-30|2026-03-31|2026-04-01|2026-04-02|2026-04-06|2026-04-07|2026-04-08|2026-04-09|2026-04-10|2026-04-13|2026-04-14|2026-04-15,2026-04-15 22:53:42,0.0
Valmont Industries,,2026-03-04|2026-03-05|2026-03-06|2026-03-09|2026-03-10|2026-03-11|2026-03-12|2026-03-13|2026-03-16|2026-03-17|2026-03-18|2026-03-19|2026-03-20|2026-03-23|2026-03-24|2026-03-25|2026-03-26|2026-03-27|2026-03-30|2026-03-31|2026-04-01|2026-04-02|2026-04-06|2026-04-07|2026-04-08|2026-04-09|2026-04-10|2026-04-13|2026-04-14|2026-04-15,2026-04-15 22:54:23,0.0
ATI Inc,,2026-03-04|2026-03-05|2026-03-06|2026-03-09|2026-03-10|2026-03-11|2026-03-12|2026-03-13|2026-03-16|2026-03-17|2026-03-18|2026-03-19|2026-03-20|2026-03-23|2026-03-24|2026-03-25|2026-03-26|2026-03-27|2026-03-30|2026-03-31|2026-04-01|2026-04-02|2026-04-06|2026-04-07|2026-04-08|2026-04-09|2026-04-10|2026-04-13|2026-04-14|2026-04-15,2026-04-15 22:54:33,0.0
Twilio,,2026-03-04|2026-03-05|2026-03-06|2026-03-09|2026-03-10|2026-03-11|2026-03-12|2026-03-13|2026-03-16|2026-03-17|2026-03-18|2026-03-19|2026-03-20|2026-03-23|2026-03-24|2026-03-25|2026-03-26|2026-03-27|2026-03-30|2026-03-31|2026-04-01|2026-04-02|2026-04-06|2026-04-07|2026-04-08|2026-04-09|2026-04-10|2026-04-13|2026-04-14|2026-04-15,2026-04-15 22:54:33,0.0
CNO Financial Group,,2026-03-04|2026-03-05|2026-03-06|2026-03-09|2026-03-10|2026-03-11|2026-03-12|2026-03-13|2026-03-16|2026-03-17|2026-03-18|2026-03-19|2026-03-20|2026-03-23|2026-03-24|2026-03-25|2026-03-26|2026-03-27|2026-03-30|2026-03-31|2026-04-01|2026-04-02|2026-04-06|2026-04-07|2026-04-08|2026-04-09|2026-04-10|2026-04-13|2026-04-14|2026-04-15,2026-04-15 22:54:33,0.0
Patterson-UTI Energy,,2026-03-04|2026-03-05|2026-03-06|2026-03-09|2026-03-10|2026-03-11|2026-03-12|2026-03-13|2026-03-16|2026-03-17|2026-03-18|2026-03-19|2026-03-20|2026-03-23|2026-03-24|2026-03-25|2026-03-26|2026-03-27|2026-03-30|2026-03-31|2026-04-01|2026-04-02|2026-04-06|2026-04-07|2026-04-08|2026-04-09|2026-04-10|2026-04-13|2026-04-14|2026-04-15,2026-04-15 22:54:33,0.0
Brinker International,,2026-03-04|2026-03-05|2026-03-06|2026-03-09|2026-03-10|2026-03-11|2026-03-12|2026-03-13|2026-03-16|2026-03-17|2026-03-18|2026-03-19|2026-03-20|2026-03-23|2026-03-24|2026-03-25|2026-03-26|2026-03-27|2026-03-30|2026-03-31|2026-04-01|2026-04-02|2026-04-06|2026-04-07|2026-04-08|2026-04-09|2026-04-10|2026-04-13|2026-04-14|2026-04-15,2026-04-15 22:54:33,0.0
Charles River Laboratories International,,2026-03-04|2026-03-05|2026-03-06|2026-03-09|2026-03-10|2026-03-11|2026-03-12|2026-03-13|2026-03-16|2026-03-17|2026-03-18|2026-03-19|2026-03-20|2026-03-23|2026-03-24|2026-03-25|2026-03-26|2026-03-27|2026-03-30|2026-03-31|2026-04-01|2026-04-02|2026-04-06|2026-04-07|2026-04-08|2026-04-09|2026-04-10|2026-04-13|2026-04-14|2026-04-15,2026-04-15 22:54:33,0.0
Hyster-Yale,,2026-03-04|2026-03-05|2026-03-06|2026-03-09|2026-03-10|2026-03-11|2026-03-12|2026-03-13|2026-03-16|2026-03-17|2026-03-18|2026-03-19|2026-03-20|2026-03-23|2026-03-24|2026-03-25|2026-03-26|2026-03-27|2026-03-30|2026-03-31|2026-04-01|2026-04-02|2026-04-06|2026-04-07|2026-04-08|2026-04-09|2026-04-10|2026-04-13|2026-04-14|2026-04-15,2026-04-15 22:54:33,0.0
Brighthouse Financial,,2026-03-04|2026-03-05|2026-03-06|2026-03-09|2026-03-10|2026-03-11|2026-03-12|2026-03-13|2026-03-16|2026-03-17|2026-03-18|2026-03-19|2026-03-20|2026-03-23|2026-03-24|2026-03-25|2026-03-26|2026-03-27|2026-03-30|2026-03-31|2026-04-01|2026-04-02|2026-04-06|2026-04-07|2026-04-08|2026-04-09|2026-04-10|2026-04-13|2026-04-14|2026-04-15,2026-04-15 22:54:33,0.0
Service Corp International,,2026-03-04|2026-03-05|2026-03-06|2026-03-09|2026-03-10|2026-03-11|2026-03-12|2026-03-13|2026-03-16|2026-03-17|2026-03-18|2026-03-19|2026-03-20|2026-03-23|2026-03-24|2026-03-25|2026-03-26|2026-03-27|2026-03-30|2026-03-31|2026-04-01|2026-04-02|2026-04-06|2026-04-07|2026-04-08|2026-04-09|2026-04-10|2026-04-13|2026-04-14|2026-04-15,2026-04-15 22:54:33,0.0
CrossAmerica Partners,,2026-03-04|2026-03-05|2026-03-06|2026-03-09|2026-03-10|2026-03-11|2026-03-12|2026-03-13|2026-03-16|2026-03-17|2026-03-18|2026-03-19|2026-03-20|2026-03-23|2026-03-24|2026-03-25|2026-03-26|2026-03-27|2026-03-30|2026-03-31|2026-04-01|2026-04-02|2026-04-06|2026-04-07|2026-04-08|2026-04-09|2026-04-10|2026-04-13|2026-04-14|2026-04-15,2026-04-15 22:54:33,0.0
Cadence,,2026-03-04|2026-03-05|2026-03-06|2026-03-09|2026-03-10|2026-03-11|2026-03-12|2026-03-13|2026-03-16|2026-03-17|2026-03-18|2026-03-19|2026-03-20|2026-03-23|2026-03-24|2026-03-25|2026-03-26|2026-03-27|2026-03-30|2026-03-31|2026-04-01|2026-04-02|2026-04-06|2026-04-07|2026-04-08|2026-04-09|2026-04-10|2026-04-13|2026-04-14|2026-04-15,2026-04-15 22:54:33,0.0
MillerKnoll,,2026-03-04|2026-03-05|2026-03-06|2026-03-09|2026-03-10|2026-03-11|2026-03-12|2026-03-13|2026-03-16|2026-03-17|2026-03-18|2026-03-19|2026-03-20|2026-03-23|2026-03-24|2026-03-25|2026-03-26|2026-03-27|2026-03-30|2026-03-31|2026-04-01|2026-04-02|2026-04-06|2026-04-07|2026-04-08|2026-04-09|2026-04-10|2026-04-13|2026-04-14|2026-04-15,2026-04-15 22:54:33,0.0
Realty Income,,2026-03-04|2026-03-05|2026-03-06|2026-03-09|2026-03-10|2026-03-11|2026-03-12|2026-03-13|2026-03-16|2026-03-17|2026-03-18|2026-03-19|2026-03-20|2026-03-23|2026-03-24|2026-03-25|2026-03-26|2026-03-27|2026-03-30|2026-03-31|2026-04-01|2026-04-02|2026-04-06|2026-04-07|2026-04-08|2026-04-09|2026-04-10|2026-04-13|2026-04-14|2026-04-15,2026-04-15 22:54:33,0.0
Middleby,,2026-03-04|2026-03-05|2026-03-06|2026-03-09|2026-03-10|2026-03-11|2026-03-12|2026-03-13|2026-03-16|2026-03-17|2026-03-18|2026-03-19|2026-03-20|2026-03-23|2026-03-24|2026-03-25|2026-03-26|2026-03-27|2026-03-30|2026-03-31|2026-04-01|2026-04-02|2026-04-06|2026-04-07|2026-04-08|2026-04-09|2026-04-10|2026-04-13|2026-04-14|2026-04-15,2026-04-15 22:54:33,0.0
M/I Homes,,2026-03-04|2026-03-05|2026-03-06|2026-03-09|2026-03-10|2026-03-11|2026-03-12|2026-03-13|2026-03-16|2026-03-17|2026-03-18|2026-03-19|2026-03-20|2026-03-23|2026-03-24|2026-03-25|2026-03-26|2026-03-27|2026-03-30|2026-03-31|2026-04-01|2026-04-02|2026-04-06|2026-04-07|2026-04-08|2026-04-09|2026-04-10|2026-04-13|2026-04-14|2026-04-15,2026-04-15 22:54:33,0.0
Hologic,,2026-02-24|2026-02-25|2026-02-26|2026-02-27|2026-03-02|2026-03-03|2026-03-04|2026-03-05|2026-03-06|2026-03-09|2026-03-10|2026-03-11|2026-03-12|2026-03-13|2026-03-16|2026-03-17|2026-03-18|2026-03-19|2026-03-20|2026-03-23|2026-03-24|2026-03-25|2026-03-26|2026-03-27|2026-03-30|2026-03-31|2026-04-01|2026-04-02|2026-04-06|2026-04-07,2026-04-15 22:54:33,0.0
Alliant Energy,,2026-03-04|2026-03-05|2026-03-06|2026-03-09|2026-03-10|2026-03-11|2026-03-12|2026-03-13|2026-03-16|2026-03-17|2026-03-18|2026-03-19|2026-03-20|2026-03-23|2026-03-24|2026-03-25|2026-03-26|2026-03-27|2026-03-30|2026-03-31|2026-04-01|2026-04-02|2026-04-06|2026-04-07|2026-04-08|2026-04-09|2026-04-10|2026-04-13|2026-04-14|2026-04-15,2026-04-15 22:54:33,0.0
Generac,,2026-03-04|2026-03-05|2026-03-06|2026-03-09|2026-03-10|2026-03-11|2026-03-12|2026-03-13|2026-03-16|2026-03-17|2026-03-18|2026-03-19|2026-03-20|2026-03-23|2026-03-24|2026-03-25|2026-03-26|2026-03-27|2026-03-30|2026-03-31|2026-04-01|2026-04-02|2026-04-06|2026-04-07|2026-04-08|2026-04-09|2026-04-10|2026-04-13|2026-04-14|2026-04-15,2026-04-15 22:54:33,0.0
MSC Industrial Direct,,2026-03-04|2026-03-05|2026-03-06|2026-03-09|2026-03-10|2026-03-11|2026-03-12|2026-03-13|2026-03-16|2026-03-17|2026-03-18|2026-03-19|2026-03-20|2026-03-23|2026-03-24|2026-03-25|2026-03-26|2026-03-27|2026-03-30|2026-03-31|2026-04-01|2026-04-02|2026-04-06|2026-04-07|2026-04-08|2026-04-09|2026-04-10|2026-04-13|2026-04-14|2026-04-15,2026-04-15 22:54:33,0.0
Rocket Companies,,2026-03-04|2026-03-05|2026-03-06|2026-03-09|2026-03-10|2026-03-11|2026-03-12|2026-03-13|2026-03-16|2026-03-17|2026-03-18|2026-03-19|2026-03-20|2026-03-23|2026-03-24|2026-03-25|2026-03-26|2026-03-27|2026-03-30|2026-03-31|2026-04-01|2026-04-02|2026-04-06|2026-04-07|2026-04-08|2026-04-09|2026-04-10|2026-04-13|2026-04-14|2026-04-15,2026-04-15 22:54:33,0.0
Upbound Group,,2026-03-04|2026-03-05|2026-03-06|2026-03-09|2026-03-10|2026-03-11|2026-03-12|2026-03-13|2026-03-16|2026-03-17|2026-03-18|2026-03-19|2026-03-20|2026-03-23|2026-03-24|2026-03-25|2026-03-26|2026-03-27|2026-03-30|2026-03-31|2026-04-01|2026-04-02|2026-04-06|2026-04-07|2026-04-08|2026-04-09|2026-04-10|2026-04-13|2026-04-14|2026-04-15,2026-04-15 22:54:33,0.0
East West Bancorp,,2026-03-04|2026-03-05|2026-03-06|2026-03-09|2026-03-10|2026-03-11|2026-03-12|2026-03-13|2026-03-16|2026-03-17|2026-03-18|2026-03-19|2026-03-20|2026-03-23|2026-03-24|2026-03-25|2026-03-26|2026-03-27|2026-03-30|2026-03-31|2026-04-01|2026-04-02|2026-04-06|2026-04-07|2026-04-08|2026-04-09|2026-04-10|2026-04-13|2026-04-14|2026-04-15,2026-04-15 22:54:33,0.0
Hilton Grand Vacations,,2026-03-04|2026-03-05|2026-03-06|2026-03-09|2026-03-10|2026-03-11|2026-03-12|2026-03-13|2026-03-16|2026-03-17|2026-03-18|2026-03-19|2026-03-20|2026-03-23|2026-03-24|2026-03-25|2026-03-26|2026-03-27|2026-03-30|2026-03-31|2026-04-01|2026-04-02|2026-04-06|2026-04-07|2026-04-08|2026-04-09|2026-04-10|2026-04-13|2026-04-14|2026-04-15,2026-04-15 22:54:33,0.0
Grocery Outlet Holding,,2026-03-04|2026-03-05|2026-03-06|2026-03-09|2026-03-10|2026-03-11|2026-03-12|2026-03-13|2026-03-16|2026-03-17|2026-03-18|2026-03-19|2026-03-20|2026-03-23|2026-03-24|2026-03-25|2026-03-26|2026-03-27|2026-03-30|2026-03-31|2026-04-01|2026-04-02|2026-04-06|2026-04-07|2026-04-08|2026-04-09|2026-04-10|2026-04-13|2026-04-14|2026-04-15,2026-04-15 22:54:33,0.0
Dentsply Sirona,,2026-03-04|2026-03-05|2026-03-06|2026-03-09|2026-03-10|2026-03-11|2026-03-12|2026-03-13|2026-03-16|2026-03-17|2026-03-18|2026-03-19|2026-03-20|2026-03-23|2026-03-24|2026-03-25|2026-03-26|2026-03-27|2026-03-30|2026-03-31|2026-04-01|2026-04-02|2026-04-06|2026-04-07|2026-04-08|2026-04-09|2026-04-10|2026-04-13|2026-04-14|2026-04-15,2026-04-15 22:54:33,0.0
V2X,,2026-03-04|2026-03-05|2026-03-06|2026-03-09|2026-03-10|2026-03-11|2026-03-12|2026-03-13|2026-03-16|2026-03-17|2026-03-18|2026-03-19|2026-03-20|2026-03-23|2026-03-24|2026-03-25|2026-03-26|2026-03-27|2026-03-30|2026-03-31|2026-04-01|2026-04-02|2026-04-06|2026-04-07|2026-04-08|2026-04-09|2026-04-10|2026-04-13|2026-04-14|2026-04-15,2026-04-15 22:54:33,0.0
Crocs,,2026-03-04|2026-03-05|2026-03-06|2026-03-09|2026-03-10|2026-03-11|2026-03-12|2026-03-13|2026-03-16|2026-03-17|2026-03-18|2026-03-19|2026-03-20|2026-03-23|2026-03-24|2026-03-25|2026-03-26|2026-03-27|2026-03-30|2026-03-31|2026-04-01|2026-04-02|2026-04-06|2026-04-07|2026-04-08|2026-04-09|2026-04-10|2026-04-13|2026-04-14|2026-04-15,2026-04-15 22:54:33,0.0
Spectrum Brands,,2026-03-04|2026-03-05|2026-03-06|2026-03-09|2026-03-10|2026-03-11|2026-03-12|2026-03-13|2026-03-16|2026-03-17|2026-03-18|2026-03-19|2026-03-20|2026-03-23|2026-03-24|2026-03-25|2026-03-26|2026-03-27|2026-03-30|2026-03-31|2026-04-01|2026-04-02|2026-04-06|2026-04-07|2026-04-08|2026-04-09|2026-04-10|2026-04-13|2026-04-14|2026-04-15,2026-04-15 22:54:33,0.0
Visteon,,2026-03-04|2026-03-05|2026-03-06|2026-03-09|2026-03-10|2026-03-11|2026-03-12|2026-03-13|2026-03-16|2026-03-17|2026-03-18|2026-03-19|2026-03-20|2026-03-23|2026-03-24|2026-03-25|2026-03-26|2026-03-27|2026-03-30|2026-03-31|2026-04-01|2026-04-02|2026-04-06|2026-04-07|2026-04-08|2026-04-09|2026-04-10|2026-04-13|2026-04-14|2026-04-15,2026-04-15 22:54:33,0.0
Acuity Inc,,2026-03-04|2026-03-05|2026-03-06|2026-03-09|2026-03-10|2026-03-11|2026-03-12|2026-03-13|2026-03-16|2026-03-17|2026-03-18|2026-03-19|2026-03-20|2026-03-23|2026-03-24|2026-03-25|2026-03-26|2026-03-27|2026-03-30|2026-03-31|2026-04-01|2026-04-02|2026-04-06|2026-04-07|2026-04-08|2026-04-09|2026-04-10|2026-04-13|2026-04-14|2026-04-15,2026-04-15 22:54:33,0.0
The Greenbrier Companies,,2026-03-04|2026-03-05|2026-03-06|2026-03-09|2026-03-10|2026-03-11|2026-03-12|2026-03-13|2026-03-16|2026-03-17|2026-03-18|2026-03-19|2026-03-20|2026-03-23|2026-03-24|2026-03-25|2026-03-26|2026-03-27|2026-03-30|2026-03-31|2026-04-01|2026-04-02|2026-04-06|2026-04-07|2026-04-08|2026-04-09|2026-04-10|2026-04-13|2026-04-14|2026-04-15,2026-04-15 22:54:33,0.0
Webster Financial,,2026-03-04|2026-03-05|2026-03-06|2026-03-09|2026-03-10|2026-03-11|2026-03-12|2026-03-13|2026-03-16|2026-03-17|2026-03-18|2026-03-19|2026-03-20|2026-03-23|2026-03-24|2026-03-25|2026-03-26|2026-03-27|2026-03-30|2026-03-31|2026-04-01|2026-04-02|2026-04-06|2026-04-07|2026-04-08|2026-04-09|2026-04-10|2026-04-13|2026-04-14|2026-04-15,2026-04-15 22:54:33,0.0
Cabot Corporation,,2026-03-04|2026-03-05|2026-03-06|2026-03-09|2026-03-10|2026-03-11|2026-03-12|2026-03-13|2026-03-16|2026-03-17|2026-03-18|2026-03-19|2026-03-20|2026-03-23|2026-03-24|2026-03-25|2026-03-26|2026-03-27|2026-03-30|2026-03-31|2026-04-01|2026-04-02|2026-04-06|2026-04-07|2026-04-08|2026-04-09|2026-04-10|2026-04-13|2026-04-14|2026-04-15,2026-04-15 22:54:33,0.0
RXO Inc,,2026-03-04|2026-03-05|2026-03-06|2026-03-09|2026-03-10|2026-03-11|2026-03-12|2026-03-13|2026-03-16|2026-03-17|2026-03-18|2026-03-19|2026-03-20|2026-03-23|2026-03-24|2026-03-25|2026-03-26|2026-03-27|2026-03-30|2026-03-31|2026-04-01|2026-04-02|2026-04-06|2026-04-07|2026-04-08|2026-04-09|2026-04-10|2026-04-13|2026-04-14|2026-04-15,2026-04-15 22:54:33,0.0
Chord Energy,,2026-03-04|2026-03-05|2026-03-06|2026-03-09|2026-03-10|2026-03-11|2026-03-12|2026-03-13|2026-03-16|2026-03-17|2026-03-18|2026-03-19|2026-03-20|2026-03-23|2026-03-24|2026-03-25|2026-03-26|2026-03-27|2026-03-30|2026-03-31|2026-04-01|2026-04-02|2026-04-06|2026-04-07|2026-04-08|2026-04-09|2026-04-10|2026-04-13|2026-04-14|2026-04-15,2026-04-15 22:54:33,0.0
Popular Inc,,2026-03-04|2026-03-05|2026-03-06|2026-03-09|2026-03-10|2026-03-11|2026-03-12|2026-03-13|2026-03-16|2026-03-17|2026-03-18|2026-03-19|2026-03-20|2026-03-23|2026-03-24|2026-03-25|2026-03-26|2026-03-27|2026-03-30|2026-03-31|2026-04-01|2026-04-02|2026-04-06|2026-04-07|2026-04-08|2026-04-09|2026-04-10|2026-04-13|2026-04-14|2026-04-15,2026-04-15 22:54:33,0.0
Garrett Motion Inc,,2026-03-04|2026-03-05|2026-03-06|2026-03-09|2026-03-10|2026-03-11|2026-03-12|2026-03-13|2026-03-16|2026-03-17|2026-03-18|2026-03-19|2026-03-20|2026-03-23|2026-03-24|2026-03-25|2026-03-26|2026-03-27|2026-03-30|2026-03-31|2026-04-01|2026-04-02|2026-04-06|2026-04-07|2026-04-08|2026-04-09|2026-04-10|2026-04-13|2026-04-14|2026-04-15,2026-04-15 22:54:33,0.0
Tutor Perini Corporation,,2026-03-04|2026-03-05|2026-03-06|2026-03-09|2026-03-10|2026-03-11|2026-03-12|2026-03-13|2026-03-16|2026-03-17|2026-03-18|2026-03-19|2026-03-20|2026-03-23|2026-03-24|2026-03-25|2026-03-26|2026-03-27|2026-03-30|2026-03-31|2026-04-01|2026-04-02|2026-04-06|2026-04-07|2026-04-08|2026-04-09|2026-04-10|2026-04-13|2026-04-14|2026-04-15,2026-04-15 22:54:33,0.0
Copart,,2026-03-04|2026-03-05|2026-03-06|2026-03-09|2026-03-10|2026-03-11|2026-03-12|2026-03-13|2026-03-16|2026-03-17|2026-03-18|2026-03-19|2026-03-20|2026-03-23|2026-03-24|2026-03-25|2026-03-26|2026-03-27|2026-03-30|2026-03-31|2026-04-01|2026-04-02|2026-04-06|2026-04-07|2026-04-08|2026-04-09|2026-04-10|2026-04-13|2026-04-14|2026-04-15,2026-04-15 22:54:33,0.0
Toast Inc,,2026-03-04|2026-03-05|2026-03-06|2026-03-09|2026-03-10|2026-03-11|2026-03-12|2026-03-13|2026-03-16|2026-03-17|2026-03-18|2026-03-19|2026-03-20|2026-03-23|2026-03-24|2026-03-25|2026-03-26|2026-03-27|2026-03-30|2026-03-31|2026-04-01|2026-04-02|2026-04-06|2026-04-07|2026-04-08|2026-04-09|2026-04-10|2026-04-13|2026-04-14|2026-04-15,2026-04-15 22:54:33,0.0
Align Technology,,2026-03-04|2026-03-05|2026-03-06|2026-03-09|2026-03-10|2026-03-11|2026-03-12|2026-03-13|2026-03-16|2026-03-17|2026-03-18|2026-03-19|2026-03-20|2026-03-23|2026-03-24|2026-03-25|2026-03-26|2026-03-27|2026-03-30|2026-03-31|2026-04-01|2026-04-02|2026-04-06|2026-04-07|2026-04-08|2026-04-09|2026-04-10|2026-04-13|2026-04-14|2026-04-15,2026-04-15 22:54:33,0.0
A O Smith,,2026-03-04|2026-03-05|2026-03-06|2026-03-09|2026-03-10|2026-03-11|2026-03-12|2026-03-13|2026-03-16|2026-03-17|2026-03-18|2026-03-19|2026-03-20|2026-03-23|2026-03-24|2026-03-25|2026-03-26|2026-03-27|2026-03-30|2026-03-31|2026-04-01|2026-04-02|2026-04-06|2026-04-07|2026-04-08|2026-04-09|2026-04-10|2026-04-13|2026-04-14|2026-04-15,2026-04-15 22:54:33,0.0
TransUnion,,2026-03-04|2026-03-05|2026-03-06|2026-03-09|2026-03-10|2026-03-11|2026-03-12|2026-03-13|2026-03-16|2026-03-17|2026-03-18|2026-03-19|2026-03-20|2026-03-23|2026-03-24|2026-03-25|2026-03-26|2026-03-27|2026-03-30|2026-03-31|2026-04-01|2026-04-02|2026-04-06|2026-04-07|2026-04-08|2026-04-09|2026-04-10|2026-04-13|2026-04-14|2026-04-15,2026-04-15 22:54:33,0.0
NCR Voyix,,2026-03-04|2026-03-05|2026-03-06|2026-03-09|2026-03-10|2026-03-11|2026-03-12|2026-03-13|2026-03-16|2026-03-17|2026-03-18|2026-03-19|2026-03-20|2026-03-23|2026-03-24|2026-03-25|2026-03-26|2026-03-27|2026-03-30|2026-03-31|2026-04-01|2026-04-02|2026-04-06|2026-04-07|2026-04-08|2026-04-09|2026-04-10|2026-04-13|2026-04-14|2026-04-15,2026-04-15 22:54:33,0.0
Akamai Technologies,,2026-03-04|2026-03-05|2026-03-06|2026-03-09|2026-03-10|2026-03-11|2026-03-12|2026-03-13|2026-03-16|2026-03-17|2026-03-18|2026-03-19|2026-03-20|2026-03-23|2026-03-24|2026-03-25|2026-03-26|2026-03-27|2026-03-30|2026-03-31|2026-04-01|2026-04-02|2026-04-06|2026-04-07|2026-04-08|2026-04-09|2026-04-10|2026-04-13|2026-04-14|2026-04-15,2026-04-15 22:54:33,0.0
Trimble Inc,,2026-03-04|2026-03-05|2026-03-06|2026-03-09|2026-03-10|2026-03-11|2026-03-12|2026-03-13|2026-03-16|2026-03-17|2026-03-18|2026-03-19|2026-03-20|2026-03-23|2026-03-24|2026-03-25|2026-03-26|2026-03-27|2026-03-30|2026-03-31|2026-04-01|2026-04-02|2026-04-06|2026-04-07|2026-04-08|2026-04-09|2026-04-10|2026-04-13|2026-04-14|2026-04-15,2026-04-15 22:54:33,0.0
AMN Healthcare Services,,2026-03-04|2026-03-05|2026-03-06|2026-03-09|2026-03-10|2026-03-11|2026-03-12|2026-03-13|2026-03-16|2026-03-17|2026-03-18|2026-03-19|2026-03-20|2026-03-23|2026-03-24|2026-03-25|2026-03-26|2026-03-27|2026-03-30|2026-03-31|2026-04-01|2026-04-02|2026-04-06|2026-04-07|2026-04-08|2026-04-09|2026-04-10|2026-04-13|2026-04-14|2026-04-15,2026-04-15 22:54:33,0.0
Mettler-Toledo International,,2026-03-04|2026-03-05|2026-03-06|2026-03-09|2026-03-10|2026-03-11|2026-03-12|2026-03-13|2026-03-16|2026-03-17|2026-03-18|2026-03-19|2026-03-20|2026-03-23|2026-03-24|2026-03-25|2026-03-26|2026-03-27|2026-03-30|2026-03-31|2026-04-01|2026-04-02|2026-04-06|2026-04-07|2026-04-08|2026-04-09|2026-04-10|2026-04-13|2026-04-14|2026-04-15,2026-04-15 22:54:33,0.0
ScanSource,,2026-03-04|2026-03-05|2026-03-06|2026-03-09|2026-03-10|2026-03-11|2026-03-12|2026-03-13|2026-03-16|2026-03-17|2026-03-18|2026-03-19|2026-03-20|2026-03-23|2026-03-24|2026-03-25|2026-03-26|2026-03-27|2026-03-30|2026-03-31|2026-04-01|2026-04-02|2026-04-06|2026-04-07|2026-04-08|2026-04-09|2026-04-10|2026-04-13|2026-04-14|2026-04-15,2026-04-15 22:54:33,0.0
LCI Industries,,2026-03-04|2026-03-05|2026-03-06|2026-03-09|2026-03-10|2026-03-11|2026-03-12|2026-03-13|2026-03-16|2026-03-17|2026-03-18|2026-03-19|2026-03-20|2026-03-23|2026-03-24|2026-03-25|2026-03-26|2026-03-27|2026-03-30|2026-03-31|2026-04-01|2026-04-02|2026-04-06|2026-04-07|2026-04-08|2026-04-09|2026-04-10|2026-04-13|2026-04-14|2026-04-15,2026-04-15 22:54:33,0.0
Cboe Global Markets,,2026-03-04|2026-03-05|2026-03-06|2026-03-09|2026-03-10|2026-03-11|2026-03-12|2026-03-13|2026-03-16|2026-03-17|2026-03-18|2026-03-19|2026-03-20|2026-03-23|2026-03-24|2026-03-25|2026-03-26|2026-03-27|2026-03-30|2026-03-31|2026-04-01|2026-04-02|2026-04-06|2026-04-07|2026-04-08|2026-04-09|2026-04-10|2026-04-13|2026-04-14|2026-04-15,2026-04-15 22:54:33,0.0
Diebold Nixdorf,,2026-03-04|2026-03-05|2026-03-06|2026-03-09|2026-03-10|2026-03-11|2026-03-12|2026-03-13|2026-03-16|2026-03-17|2026-03-18|2026-03-19|2026-03-20|2026-03-23|2026-03-24|2026-03-25|2026-03-26|2026-03-27|2026-03-30|2026-03-31|2026-04-01|2026-04-02|2026-04-06|2026-04-07|2026-04-08|2026-04-09|2026-04-10|2026-04-13|2026-04-14|2026-04-15,2026-04-15 22:54:33,0.0
Corpay,,2026-03-04|2026-03-05|2026-03-06|2026-03-09|2026-03-10|2026-03-11|2026-03-12|2026-03-13|2026-03-16|2026-03-17|2026-03-18|2026-03-19|2026-03-20|2026-03-23|2026-03-24|2026-03-25|2026-03-26|2026-03-27|2026-03-30|2026-03-31|2026-04-01|2026-04-02|2026-04-06|2026-04-07|2026-04-08|2026-04-09|2026-04-10|2026-04-13|2026-04-14|2026-04-15,2026-04-15 22:54:33,0.0
iHeartMedia,,2026-03-04|2026-03-05|2026-03-06|2026-03-09|2026-03-10|2026-03-11|2026-03-12|2026-03-13|2026-03-16|2026-03-17|2026-03-18|2026-03-19|2026-03-20|2026-03-23|2026-03-24|2026-03-25|2026-03-26|2026-03-27|2026-03-30|2026-03-31|2026-04-01|2026-04-02|2026-04-06|2026-04-07|2026-04-08|2026-04-09|2026-04-10|2026-04-13|2026-04-14|2026-04-15,2026-04-15 22:54:33,0.0
Dream Finders Homes,,2026-03-04|2026-03-05|2026-03-06|2026-03-09|2026-03-10|2026-03-11|2026-03-12|2026-03-13|2026-03-16|2026-03-17|2026-03-18|2026-03-19|2026-03-20|2026-03-23|2026-03-24|2026-03-25|2026-03-26|2026-03-27|2026-03-30|2026-03-31|2026-04-01|2026-04-02|2026-04-06|2026-04-07|2026-04-08|2026-04-09|2026-04-10|2026-04-13|2026-04-14|2026-04-15,2026-04-15 22:54:33,0.0
Boyd Gaming,,2026-03-04|2026-03-05|2026-03-06|2026-03-09|2026-03-10|2026-03-11|2026-03-12|2026-03-13|2026-03-16|2026-03-17|2026-03-18|2026-03-19|2026-03-20|2026-03-23|2026-03-24|2026-03-25|2026-03-26|2026-03-27|2026-03-30|2026-03-31|2026-04-01|2026-04-02|2026-04-06|2026-04-07|2026-04-08|2026-04-09|2026-04-10|2026-04-13|2026-04-14|2026-04-15,2026-04-15 22:54:33,0.0
Ensign Group,,2026-03-04|2026-03-05|2026-03-06|2026-03-09|2026-03-10|2026-03-11|2026-03-12|2026-03-13|2026-03-16|2026-03-17|2026-03-18|2026-03-19|2026-03-20|2026-03-23|2026-03-24|2026-03-25|2026-03-26|2026-03-27|2026-03-30|2026-03-31|2026-04-01|2026-04-02|2026-04-06|2026-04-07|2026-04-08|2026-04-09|2026-04-10|2026-04-13|2026-04-14|2026-04-15,2026-04-15 22:54:33,0.0
Sally Beauty,,2026-03-04|2026-03-05|2026-03-06|2026-03-09|2026-03-10|2026-03-11|2026-03-12|2026-03-13|2026-03-16|2026-03-17|2026-03-18|2026-03-19|2026-03-20|2026-03-23|2026-03-24|2026-03-25|2026-03-26|2026-03-27|2026-03-30|2026-03-31|2026-04-01|2026-04-02|2026-04-06|2026-04-07|2026-04-08|2026-04-09|2026-04-10|2026-04-13|2026-04-14|2026-04-15,2026-04-15 22:54:33,0.0
Conduent,,2026-03-04|2026-03-05|2026-03-06|2026-03-09|2026-03-10|2026-03-11|2026-03-12|2026-03-13|2026-03-16|2026-03-17|2026-03-18|2026-03-19|2026-03-20|2026-03-23|2026-03-24|2026-03-25|2026-03-26|2026-03-27|2026-03-30|2026-03-31|2026-04-01|2026-04-02|2026-04-06|2026-04-07|2026-04-08|2026-04-09|2026-04-10|2026-04-13|2026-04-14|2026-04-15,2026-04-15 22:54:33,0.0
Sylvamo,,2026-03-04|2026-03-05|2026-03-06|2026-03-09|2026-03-10|2026-03-11|2026-03-12|2026-03-13|2026-03-16|2026-03-17|2026-03-18|2026-03-19|2026-03-20|2026-03-23|2026-03-24|2026-03-25|2026-03-26|2026-03-27|2026-03-30|2026-03-31|2026-04-01|2026-04-02|2026-04-06|2026-04-07|2026-04-08|2026-04-09|2026-04-10|2026-04-13|2026-04-14|2026-04-15,2026-04-15 22:54:33,0.0
Tri Pointe Homes,,2026-03-04|2026-03-05|2026-03-06|2026-03-09|2026-03-10|2026-03-11|2026-03-12|2026-03-13|2026-03-16|2026-03-17|2026-03-18|2026-03-19|2026-03-20|2026-03-23|2026-03-24|2026-03-25|2026-03-26|2026-03-27|2026-03-30|2026-03-31|2026-04-01|2026-04-02|2026-04-06|2026-04-07|2026-04-08|2026-04-09|2026-04-10|2026-04-13|2026-04-14|2026-04-15,2026-04-15 22:54:33,0.0
EnerSys,,2026-03-04|2026-03-05|2026-03-06|2026-03-09|2026-03-10|2026-03-11|2026-03-12|2026-03-13|2026-03-16|2026-03-17|2026-03-18|2026-03-19|2026-03-20|2026-03-23|2026-03-24|2026-03-25|2026-03-26|2026-03-27|2026-03-30|2026-03-31|2026-04-01|2026-04-02|2026-04-06|2026-04-07|2026-04-08|2026-04-09|2026-04-10|2026-04-13|2026-04-14|2026-04-15,2026-04-15 22:54:33,0.0
Incyte,,2026-03-04|2026-03-05|2026-03-06|2026-03-09|2026-03-10|2026-03-11|2026-03-12|2026-03-13|2026-03-16|2026-03-17|2026-03-18|2026-03-19|2026-03-20|2026-03-23|2026-03-24|2026-03-25|2026-03-26|2026-03-27|2026-03-30|2026-03-31|2026-04-01|2026-04-02|2026-04-06|2026-04-07|2026-04-08|2026-04-09|2026-04-10|2026-04-13|2026-04-14|2026-04-15,2026-04-15 22:54:33,0.0
Century Communities,,2026-03-04|2026-03-05|2026-03-06|2026-03-09|2026-03-10|2026-03-11|2026-03-12|2026-03-13|2026-03-16|2026-03-17|2026-03-18|2026-03-19|2026-03-20|2026-03-23|2026-03-24|2026-03-25|2026-03-26|2026-03-27|2026-03-30|2026-03-31|2026-04-01|2026-04-02|2026-04-06|2026-04-07|2026-04-08|2026-04-09|2026-04-10|2026-04-13|2026-04-14|2026-04-15,2026-04-15 22:54:33,0.0
Rithm Capital,,2026-03-04|2026-03-05|2026-03-06|2026-03-09|2026-03-10|2026-03-11|2026-03-12|2026-03-13|2026-03-16|2026-03-17|2026-03-18|2026-03-19|2026-03-20|2026-03-23|2026-03-24|2026-03-25|2026-03-26|2026-03-27|2026-03-30|2026-03-31|2026-04-01|2026-04-02|2026-04-06|2026-04-07|2026-04-08|2026-04-09|2026-04-10|2026-04-13|2026-04-14|2026-04-15,2026-04-15 22:54:33,0.0
Euronet Worldwide,,2026-03-04|2026-03-05|2026-03-06|2026-03-09|2026-03-10|2026-03-11|2026-03-12|2026-03-13|2026-03-16|2026-03-17|2026-03-18|2026-03-19|2026-03-20|2026-03-23|2026-03-24|2026-03-25|2026-03-26|2026-03-27|2026-03-30|2026-03-31|2026-04-01|2026-04-02|2026-04-06|2026-04-07|2026-04-08|2026-04-09|2026-04-10|2026-04-13|2026-04-14|2026-04-15,2026-04-15 22:54:33,0.0
Hawaiian Electric Industries,,2026-03-04|2026-03-05|2026-03-06|2026-03-09|2026-03-10|2026-03-11|2026-03-12|2026-03-13|2026-03-16|2026-03-17|2026-03-18|2026-03-19|2026-03-20|2026-03-23|2026-03-24|2026-03-25|2026-03-26|2026-03-27|2026-03-30|2026-03-31|2026-04-01|2026-04-02|2026-04-06|2026-04-07|2026-04-08|2026-04-09|2026-04-10|2026-04-13|2026-04-14|2026-04-15,2026-04-15 22:54:33,0.0
DraftKings,,2026-03-04|2026-03-05|2026-03-06|2026-03-09|2026-03-10|2026-03-11|2026-03-12|2026-03-13|2026-03-16|2026-03-17|2026-03-18|2026-03-19|2026-03-20|2026-03-23|2026-03-24|2026-03-25|2026-03-26|2026-03-27|2026-03-30|2026-03-31|2026-04-01|2026-04-02|2026-04-06|2026-04-07|2026-04-08|2026-04-09|2026-04-10|2026-04-13|2026-04-14|2026-04-15,2026-04-15 22:54:33,0.0
IDEXX Laboratories,,2026-03-04|2026-03-05|2026-03-06|2026-03-09|2026-03-10|2026-03-11|2026-03-12|2026-03-13|2026-03-16|2026-03-17|2026-03-18|2026-03-19|2026-03-20|2026-03-23|2026-03-24|2026-03-25|2026-03-26|2026-03-27|2026-03-30|2026-03-31|2026-04-01|2026-04-02|2026-04-06|2026-04-07|2026-04-08|2026-04-09|2026-04-10|2026-04-13|2026-04-14|2026-04-15,2026-04-15 22:54:33,0.0
MYR Group,,2026-03-04|2026-03-05|2026-03-06|2026-03-09|2026-03-10|2026-03-11|2026-03-12|2026-03-13|2026-03-16|2026-03-17|2026-03-18|2026-03-19|2026-03-20|2026-03-23|2026-03-24|2026-03-25|2026-03-26|2026-03-27|2026-03-30|2026-03-31|2026-04-01|2026-04-02|2026-04-06|2026-04-07|2026-04-08|2026-04-09|2026-04-10|2026-04-13|2026-04-14|2026-04-15,2026-04-15 22:54:33,0.0
Deckers Outdoor,,2026-03-04|2026-03-05|2026-03-06|2026-03-09|2026-03-10|2026-03-11|2026-03-12|2026-03-13|2026-03-16|2026-03-17|2026-03-18|2026-03-19|2026-03-20|2026-03-23|2026-03-24|2026-03-25|2026-03-26|2026-03-27|2026-03-30|2026-03-31|2026-04-01|2026-04-02|2026-04-06|2026-04-07|2026-04-08|2026-04-09|2026-04-10|2026-04-13|2026-04-14|2026-04-15,2026-04-15 22:54:33,0.0
DexCom,,2026-03-04|2026-03-05|2026-03-06|2026-03-09|2026-03-10|2026-03-11|2026-03-12|2026-03-13|2026-03-16|2026-03-17|2026-03-18|2026-03-19|2026-03-20|2026-03-23|2026-03-24|2026-03-25|2026-03-26|2026-03-27|2026-03-30|2026-03-31|2026-04-01|2026-04-02|2026-04-06|2026-04-07|2026-04-08|2026-04-09|2026-04-10|2026-04-13|2026-04-14|2026-04-15,2026-04-15 22:54:33,0.0
MKS Instruments,,2026-03-04|2026-03-05|2026-03-06|2026-03-09|2026-03-10|2026-03-11|2026-03-12|2026-03-13|2026-03-16|2026-03-17|2026-03-18|2026-03-19|2026-03-20|2026-03-23|2026-03-24|2026-03-25|2026-03-26|2026-03-27|2026-03-30|2026-03-31|2026-04-01|2026-04-02|2026-04-06|2026-04-07|2026-04-08|2026-04-09|2026-04-10|2026-04-13|2026-04-14|2026-04-15,2026-04-15 22:54:33,0.0
VICI Properties,,2026-03-04|2026-03-05|2026-03-06|2026-03-09|2026-03-10|2026-03-11|2026-03-12|2026-03-13|2026-03-16|2026-03-17|2026-03-18|2026-03-19|2026-03-20|2026-03-23|2026-03-24|2026-03-25|2026-03-26|2026-03-27|2026-03-30|2026-03-31|2026-04-01|2026-04-02|2026-04-06|2026-04-07|2026-04-08|2026-04-09|2026-04-10|2026-04-13|2026-04-14|2026-04-15,2026-04-15 22:54:33,0.0
Cooper Cos,,2026-03-04|2026-03-05|2026-03-06|2026-03-09|2026-03-10|2026-03-11|2026-03-12|2026-03-13|2026-03-16|2026-03-17|2026-03-18|2026-03-19|2026-03-20|2026-03-23|2026-03-24|2026-03-25|2026-03-26|2026-03-27|2026-03-30|2026-03-31|2026-04-01|2026-04-02|2026-04-06|2026-04-07|2026-04-08|2026-04-09|2026-04-10|2026-04-13|2026-04-14|2026-04-15,2026-04-15 22:54:33,0.0
Frontier Airlines,,2026-03-04|2026-03-05|2026-03-06|2026-03-09|2026-03-10|2026-03-11|2026-03-12|2026-03-13|2026-03-16|2026-03-17|2026-03-18|2026-03-19|2026-03-20|2026-03-23|2026-03-24|2026-03-25|2026-03-26|2026-03-27|2026-03-30|2026-03-31|2026-04-01|2026-04-02|2026-04-06|2026-04-07|2026-04-08|2026-04-09|2026-04-10|2026-04-13|2026-04-14|2026-04-15,2026-04-15 22:54:33,0.0
Qorvo,,2026-03-04|2026-03-05|2026-03-06|2026-03-09|2026-03-10|2026-03-11|2026-03-12|2026-03-13|2026-03-16|2026-03-17|2026-03-18|2026-03-19|2026-03-20|2026-03-23|2026-03-24|2026-03-25|2026-03-26|2026-03-27|2026-03-30|2026-03-31|2026-04-01|2026-04-02|2026-04-06|2026-04-07|2026-04-08|2026-04-09|2026-04-10|2026-04-13|2026-04-14|2026-04-15,2026-04-15 22:54:33,0.0
Five Below,,2026-03-04|2026-03-05|2026-03-06|2026-03-09|2026-03-10|2026-03-11|2026-03-12|2026-03-13|2026-03-16|2026-03-17|2026-03-18|2026-03-19|2026-03-20|2026-03-23|2026-03-24|2026-03-25|2026-03-26|2026-03-27|2026-03-30|2026-03-31|2026-04-01|2026-04-02|2026-04-06|2026-04-07|2026-04-08|2026-04-09|2026-04-10|2026-04-13|2026-04-14|2026-04-15,2026-04-15 22:54:33,0.0
Scotts Miracle-Gro,,2026-03-04|2026-03-05|2026-03-06|2026-03-09|2026-03-10|2026-03-11|2026-03-12|2026-03-13|2026-03-16|2026-03-17|2026-03-18|2026-03-19|2026-03-20|2026-03-23|2026-03-24|2026-03-25|2026-03-26|2026-03-27|2026-03-30|2026-03-31|2026-04-01|2026-04-02|2026-04-06|2026-04-07|2026-04-08|2026-04-09|2026-04-10|2026-04-13|2026-04-14|2026-04-15,2026-04-15 22:54:33,0.0
Atlassian,,2026-03-04|2026-03-05|2026-03-06|2026-03-09|2026-03-10|2026-03-11|2026-03-12|2026-03-13|2026-03-16|2026-03-17|2026-03-18|2026-03-19|2026-03-20|2026-03-23|2026-03-24|2026-03-25|2026-03-26|2026-03-27|2026-03-30|2026-03-31|2026-04-01|2026-04-02|2026-04-06|2026-04-07|2026-04-08|2026-04-09|2026-04-10|2026-04-13|2026-04-14|2026-04-15,2026-04-15 22:54:33,0.0
Entegris,,2026-03-04|2026-03-05|2026-03-06|2026-03-09|2026-03-10|2026-03-11|2026-03-12|2026-03-13|2026-03-16|2026-03-17|2026-03-18|2026-03-19|2026-03-20|2026-03-23|2026-03-24|2026-03-25|2026-03-26|2026-03-27|2026-03-30|2026-03-31|2026-04-01|2026-04-02|2026-04-06|2026-04-07|2026-04-08|2026-04-09|2026-04-10|2026-04-13|2026-04-14|2026-04-15,2026-04-15 22:54:33,0.0
Atkore,,2026-03-04|2026-03-05|2026-03-06|2026-03-09|2026-03-10|2026-03-11|2026-03-12|2026-03-13|2026-03-16|2026-03-17|2026-03-18|2026-03-19|2026-03-20|2026-03-23|2026-03-24|2026-03-25|2026-03-26|2026-03-27|2026-03-30|2026-03-31|2026-04-01|2026-04-02|2026-04-06|2026-04-07|2026-04-08|2026-04-09|2026-04-10|2026-04-13|2026-04-14|2026-04-15,2026-04-15 22:54:33,0.0
HB Fuller,,2026-03-04|2026-03-05|2026-03-06|2026-03-09|2026-03-10|2026-03-11|2026-03-12|2026-03-13|2026-03-16|2026-03-17|2026-03-18|2026-03-19|2026-03-20|2026-03-23|2026-03-24|2026-03-25|2026-03-26|2026-03-27|2026-03-30|2026-03-31|2026-04-01|2026-04-02|2026-04-06|2026-04-07|2026-04-08|2026-04-09|2026-04-10|2026-04-13|2026-04-14|2026-04-15,2026-04-15 22:54:33,0.0
Granite Construction,,2026-03-04|2026-03-05|2026-03-06|2026-03-09|2026-03-10|2026-03-11|2026-03-12|2026-03-13|2026-03-16|2026-03-17|2026-03-18|2026-03-19|2026-03-20|2026-03-23|2026-03-24|2026-03-25|2026-03-26|2026-03-27|2026-03-30|2026-03-31|2026-04-01|2026-04-02|2026-04-06|2026-04-07|2026-04-08|2026-04-09|2026-04-10|2026-04-13|2026-04-14|2026-04-15,2026-04-15 22:54:33,0.0
Winnebago Industries,,2026-03-04|2026-03-05|2026-03-06|2026-03-09|2026-03-10|2026-03-11|2026-03-12|2026-03-13|2026-03-16|2026-03-17|2026-03-18|2026-03-19|2026-03-20|2026-03-23|2026-03-24|2026-03-25|2026-03-26|2026-03-27|2026-03-30|2026-03-31|2026-04-01|2026-04-02|2026-04-06|2026-04-07|2026-04-08|2026-04-09|2026-04-10|2026-04-13|2026-04-14|2026-04-15,2026-04-15 22:54:33,0.0
FTI Consulting,,2026-03-04|2026-03-05|2026-03-06|2026-03-09|2026-03-10|2026-03-11|2026-03-12|2026-03-13|2026-03-16|2026-03-17|2026-03-18|2026-03-19|2026-03-20|2026-03-23|2026-03-24|2026-03-25|2026-03-26|2026-03-27|2026-03-30|2026-03-31|2026-04-01|2026-04-02|2026-04-06|2026-04-07|2026-04-08|2026-04-09|2026-04-10|2026-04-13|2026-04-14|2026-04-15,2026-04-15 22:54:33,0.0
AptarGroup,,2026-03-04|2026-03-05|2026-03-06|2026-03-09|2026-03-10|2026-03-11|2026-03-12|2026-03-13|2026-03-16|2026-03-17|2026-03-18|2026-03-19|2026-03-20|2026-03-23|2026-03-24|2026-03-25|2026-03-26|2026-03-27|2026-03-30|2026-03-31|2026-04-01|2026-04-02|2026-04-06|2026-04-07|2026-04-08|2026-04-09|2026-04-10|2026-04-13|2026-04-14|2026-04-15,2026-04-15 22:54:33,0.0
Columbia Sportswear,,2026-03-04|2026-03-05|2026-03-06|2026-03-09|2026-03-10|2026-03-11|2026-03-12|2026-03-13|2026-03-16|2026-03-17|2026-03-18|2026-03-19|2026-03-20|2026-03-23|2026-03-24|2026-03-25|2026-03-26|2026-03-27|2026-03-30|2026-03-31|2026-04-01|2026-04-02|2026-04-06|2026-04-07|2026-04-08|2026-04-09|2026-04-10|2026-04-13|2026-04-14|2026-04-15,2026-04-15 22:54:33,0.0
Roku,,2026-03-04|2026-03-05|2026-03-06|2026-03-09|2026-03-10|2026-03-11|2026-03-12|2026-03-13|2026-03-16|2026-03-17|2026-03-18|2026-03-19|2026-03-20|2026-03-23|2026-03-24|2026-03-25|2026-03-26|2026-03-27|2026-03-30|2026-03-31|2026-04-01|2026-04-02|2026-04-06|2026-04-07|2026-04-08|2026-04-09|2026-04-10|2026-04-13|2026-04-14|2026-04-15,2026-04-15 22:54:33,0.0
Alpha Metallurgical Resources,,2026-03-04|2026-03-05|2026-03-06|2026-03-09|2026-03-10|2026-03-11|2026-03-12|2026-03-13|2026-03-16|2026-03-17|2026-03-18|2026-03-19|2026-03-20|2026-03-23|2026-03-24|2026-03-25|2026-03-26|2026-03-27|2026-03-30|2026-03-31|2026-04-01|2026-04-02|2026-04-06|2026-04-07|2026-04-08|2026-04-09|2026-04-10|2026-04-13|2026-04-14|2026-04-15,2026-04-15 22:54:33,0.0
Patrick Industries,,2026-03-04|2026-03-05|2026-03-06|2026-03-09|2026-03-10|2026-03-11|2026-03-12|2026-03-13|2026-03-16|2026-03-17|2026-03-18|2026-03-19|2026-03-20|2026-03-23|2026-03-24|2026-03-25|2026-03-26|2026-03-27|2026-03-30|2026-03-31|2026-04-01|2026-04-02|2026-04-06|2026-04-07|2026-04-08|2026-04-09|2026-04-10|2026-04-13|2026-04-14|2026-04-15,2026-04-15 22:54:33,0.0
Murphy Oil,,2026-03-04|2026-03-05|2026-03-06|2026-03-09|2026-03-10|2026-03-11|2026-03-12|2026-03-13|2026-03-16|2026-03-17|2026-03-18|2026-03-19|2026-03-20|2026-03-23|2026-03-24|2026-03-25|2026-03-26|2026-03-27|2026-03-30|2026-03-31|2026-04-01|2026-04-02|2026-04-06|2026-04-07|2026-04-08|2026-04-09|2026-04-10|2026-04-13|2026-04-14|2026-04-15,2026-04-15 22:54:33,0.0
Cracker Barrel,,2026-03-04|2026-03-05|2026-03-06|2026-03-09|2026-03-10|2026-03-11|2026-03-12|2026-03-13|2026-03-16|2026-03-17|2026-03-18|2026-03-19|2026-03-20|2026-03-23|2026-03-24|2026-03-25|2026-03-26|2026-03-27|2026-03-30|2026-03-31|2026-04-01|2026-04-02|2026-04-06|2026-04-07|2026-04-08|2026-04-09|2026-04-10|2026-04-13|2026-04-14|2026-04-15,2026-04-15 22:54:33,0.0
Cheesecake Factory,,2026-03-04|2026-03-05|2026-03-06|2026-03-09|2026-03-10|2026-03-11|2026-03-12|2026-03-13|2026-03-16|2026-03-17|2026-03-18|2026-03-19|2026-03-20|2026-03-23|2026-03-24|2026-03-25|2026-03-26|2026-03-27|2026-03-30|2026-03-31|2026-04-01|2026-04-02|2026-04-06|2026-04-07|2026-04-08|2026-04-09|2026-04-10|2026-04-13|2026-04-14|2026-04-15,2026-04-15 22:54:33,0.0
CNX Resources,,2026-03-04|2026-03-05|2026-03-06|2026-03-09|2026-03-10|2026-03-11|2026-03-12|2026-03-13|2026-03-16|2026-03-17|2026-03-18|2026-03-19|2026-03-20|2026-03-23|2026-03-24|2026-03-25|2026-03-26|2026-03-27|2026-03-30|2026-03-31|2026-04-01|2026-04-02|2026-04-06|2026-04-07|2026-04-08|2026-04-09|2026-04-10|2026-04-13|2026-04-14|2026-04-15,2026-04-15 22:54:33,0.0
Chefs Warehouse,,2026-03-04|2026-03-05|2026-03-06|2026-03-09|2026-03-10|2026-03-11|2026-03-12|2026-03-13|2026-03-16|2026-03-17|2026-03-18|2026-03-19|2026-03-20|2026-03-23|2026-03-24|2026-03-25|2026-03-26|2026-03-27|2026-03-30|2026-03-31|2026-04-01|2026-04-02|2026-04-06|2026-04-07|2026-04-08|2026-04-09|2026-04-10|2026-04-13|2026-04-14|2026-04-15,2026-04-15 22:54:33,0.0
Donaldson Company,,2026-03-04|2026-03-05|2026-03-06|2026-03-09|2026-03-10|2026-03-11|2026-03-12|2026-03-13|2026-03-16|2026-03-17|2026-03-18|2026-03-19|2026-03-20|2026-03-23|2026-03-24|2026-03-25|2026-03-26|2026-03-27|2026-03-30|2026-03-31|2026-04-01|2026-04-02|2026-04-06|2026-04-07|2026-04-08|2026-04-09|2026-04-10|2026-04-13|2026-04-14|2026-04-15,2026-04-15 22:54:33,0.0
Mueller Industries,,2026-03-04|2026-03-05|2026-03-06|2026-03-09|2026-03-10|2026-03-11|2026-03-12|2026-03-13|2026-03-16|2026-03-17|2026-03-18|2026-03-19|2026-03-20|2026-03-23|2026-03-24|2026-03-25|2026-03-26|2026-03-27|2026-03-30|2026-03-31|2026-04-01|2026-04-02|2026-04-06|2026-04-07|2026-04-08|2026-04-09|2026-04-10|2026-04-13|2026-04-14|2026-04-15,2026-04-15 22:54:33,0.0
Chart Industries,,2026-03-04|2026-03-05|2026-03-06|2026-03-09|2026-03-10|2026-03-11|2026-03-12|2026-03-13|2026-03-16|2026-03-17|2026-03-18|2026-03-19|2026-03-20|2026-03-23|2026-03-24|2026-03-25|2026-03-26|2026-03-27|2026-03-30|2026-03-31|2026-04-01|2026-04-02|2026-04-06|2026-04-07|2026-04-08|2026-04-09|2026-04-10|2026-04-13|2026-04-14|2026-04-15,2026-04-15 22:54:33,0.0
Alight Solutions,,2026-03-04|2026-03-05|2026-03-06|2026-03-09|2026-03-10|2026-03-11|2026-03-12|2026-03-13|2026-03-16|2026-03-17|2026-03-18|2026-03-19|2026-03-20|2026-03-23|2026-03-24|2026-03-25|2026-03-26|2026-03-27|2026-03-30|2026-03-31|2026-04-01|2026-04-02|2026-04-06|2026-04-07|2026-04-08|2026-04-09|2026-04-10|2026-04-13|2026-04-14|2026-04-15,2026-04-15 22:54:33,0.0
Vishay Intertechnology,,2026-03-04|2026-03-05|2026-03-06|2026-03-09|2026-03-10|2026-03-11|2026-03-12|2026-03-13|2026-03-16|2026-03-17|2026-03-18|2026-03-19|2026-03-20|2026-03-23|2026-03-24|2026-03-25|2026-03-26|2026-03-27|2026-03-30|2026-03-31|2026-04-01|2026-04-02|2026-04-06|2026-04-07|2026-04-08|2026-04-09|2026-04-10|2026-04-13|2026-04-14|2026-04-15,2026-04-15 22:54:33,0.0
Range Resources,,2026-03-04|2026-03-05|2026-03-06|2026-03-09|2026-03-10|2026-03-11|2026-03-12|2026-03-13|2026-03-16|2026-03-17|2026-03-18|2026-03-19|2026-03-20|2026-03-23|2026-03-24|2026-03-25|2026-03-26|2026-03-27|2026-03-30|2026-03-31|2026-04-01|2026-04-02|2026-04-06|2026-04-07|2026-04-08|2026-04-09|2026-04-10|2026-04-13|2026-04-14|2026-04-15,2026-04-15 22:54:33,0.0
Valley National Bancorp,,2026-03-04|2026-03-05|2026-03-06|2026-03-09|2026-03-10|2026-03-11|2026-03-12|2026-03-13|2026-03-16|2026-03-17|2026-03-18|2026-03-19|2026-03-20|2026-03-23|2026-03-24|2026-03-25|2026-03-26|2026-03-27|2026-03-30|2026-03-31|2026-04-01|2026-04-02|2026-04-06|2026-04-07|2026-04-08|2026-04-09|2026-04-10|2026-04-13|2026-04-14|2026-04-15,2026-04-15 22:54:33,0.0
Match Group,,2026-03-04|2026-03-05|2026-03-06|2026-03-09|2026-03-10|2026-03-11|2026-03-12|2026-03-13|2026-03-16|2026-03-17|2026-03-18|2026-03-19|2026-03-20|2026-03-23|2026-03-24|2026-03-25|2026-03-26|2026-03-27|2026-03-30|2026-03-31|2026-04-01|2026-04-02|2026-04-06|2026-04-07|2026-04-08|2026-04-09|2026-04-10|2026-04-13|2026-04-14|2026-04-15,2026-04-15 22:54:33,0.0
Gen Digital,,2026-03-04|2026-03-05|2026-03-06|2026-03-09|2026-03-10|2026-03-11|2026-03-12|2026-03-13|2026-03-16|2026-03-17|2026-03-18|2026-03-19|2026-03-20|2026-03-23|2026-03-24|2026-03-25|2026-03-26|2026-03-27|2026-03-30|2026-03-31|2026-04-01|2026-04-02|2026-04-06|2026-04-07|2026-04-08|2026-04-09|2026-04-10|2026-04-13|2026-04-14|2026-04-15,2026-04-15 22:54:33,0.0
Wintrust Financial,,2026-03-04|2026-03-05|2026-03-06|2026-03-09|2026-03-10|2026-03-11|2026-03-12|2026-03-13|2026-03-16|2026-03-17|2026-03-18|2026-03-19|2026-03-20|2026-03-23|2026-03-24|2026-03-25|2026-03-26|2026-03-27|2026-03-30|2026-03-31|2026-04-01|2026-04-02|2026-04-06|2026-04-07|2026-04-08|2026-04-09|2026-04-10|2026-04-13|2026-04-14|2026-04-15,2026-04-15 22:54:33,0.0
First Solar,,2026-03-04|2026-03-05|2026-03-06|2026-03-09|2026-03-10|2026-03-11|2026-03-12|2026-03-13|2026-03-16|2026-03-17|2026-03-18|2026-03-19|2026-03-20|2026-03-23|2026-03-24|2026-03-25|2026-03-26|2026-03-27|2026-03-30|2026-03-31|2026-04-01|2026-04-02|2026-04-06|2026-04-07|2026-04-08|2026-04-09|2026-04-10|2026-04-13|2026-04-14|2026-04-15,2026-04-15 22:54:33,0.0
Central Garden & Pet,,2026-03-04|2026-03-05|2026-03-06|2026-03-09|2026-03-10|2026-03-11|2026-03-12|2026-03-13|2026-03-16|2026-03-17|2026-03-18|2026-03-19|2026-03-20|2026-03-23|2026-03-24|2026-03-25|2026-03-26|2026-03-27|2026-03-30|2026-03-31|2026-04-01|2026-04-02|2026-04-06|2026-04-07|2026-04-08|2026-04-09|2026-04-10|2026-04-13|2026-04-14|2026-04-15,2026-04-15 22:54:33,0.0
Green Plains Inc,,2026-03-04|2026-03-05|2026-03-06|2026-03-09|2026-03-10|2026-03-11|2026-03-12|2026-03-13|2026-03-16|2026-03-17|2026-03-18|2026-03-19|2026-03-20|2026-03-23|2026-03-24|2026-03-25|2026-03-26|2026-03-27|2026-03-30|2026-03-31|2026-04-01|2026-04-02|2026-04-06|2026-04-07|2026-04-08|2026-04-09|2026-04-10|2026-04-13|2026-04-14|2026-04-15,2026-04-15 22:54:33,0.0
Werner Enterprises,,2026-03-04|2026-03-05|2026-03-06|2026-03-09|2026-03-10|2026-03-11|2026-03-12|2026-03-13|2026-03-16|2026-03-17|2026-03-18|2026-03-19|2026-03-20|2026-03-23|2026-03-24|2026-03-25|2026-03-26|2026-03-27|2026-03-30|2026-03-31|2026-04-01|2026-04-02|2026-04-06|2026-04-07|2026-04-08|2026-04-09|2026-04-10|2026-04-13|2026-04-14|2026-04-15,2026-04-15 22:54:33,0.0
AppLovin,,2026-03-04|2026-03-05|2026-03-06|2026-03-09|2026-03-10|2026-03-11|2026-03-12|2026-03-13|2026-03-16|2026-03-17|2026-03-18|2026-03-19|2026-03-20|2026-03-23|2026-03-24|2026-03-25|2026-03-26|2026-03-27|2026-03-30|2026-03-31|2026-04-01|2026-04-02|2026-04-06|2026-04-07|2026-04-08|2026-04-09|2026-04-10|2026-04-13|2026-04-14|2026-04-15,2026-04-15 22:54:33,0.0
ITT,,2026-03-04|2026-03-05|2026-03-06|2026-03-09|2026-03-10|2026-03-11|2026-03-12|2026-03-13|2026-03-16|2026-03-17|2026-03-18|2026-03-19|2026-03-20|2026-03-23|2026-03-24|2026-03-25|2026-03-26|2026-03-27|2026-03-30|2026-03-31|2026-04-01|2026-04-02|2026-04-06|2026-04-07|2026-04-08|2026-04-09|2026-04-10|2026-04-13|2026-04-14|2026-04-15,2026-04-15 22:54:33,0.0
Herc Rentals,,2026-03-04|2026-03-05|2026-03-06|2026-03-09|2026-03-10|2026-03-11|2026-03-12|2026-03-13|2026-03-16|2026-03-17|2026-03-18|2026-03-19|2026-03-20|2026-03-23|2026-03-24|2026-03-25|2026-03-26|2026-03-27|2026-03-30|2026-03-31|2026-04-01|2026-04-02|2026-04-06|2026-04-07|2026-04-08|2026-04-09|2026-04-10|2026-04-13|2026-04-14|2026-04-15,2026-04-15 22:54:33,0.0
Gray Television,,2026-03-04|2026-03-05|2026-03-06|2026-03-09|2026-03-10|2026-03-11|2026-03-12|2026-03-13|2026-03-16|2026-03-17|2026-03-18|2026-03-19|2026-03-20|2026-03-23|2026-03-24|2026-03-25|2026-03-26|2026-03-27|2026-03-30|2026-03-31|2026-04-01|2026-04-02|2026-04-06|2026-04-07|2026-04-08|2026-04-09|2026-04-10|2026-04-13|2026-04-14|2026-04-15,2026-04-15 22:54:33,0.0
IDEX,,2026-03-04|2026-03-05|2026-03-06|2026-03-09|2026-03-10|2026-03-11|2026-03-12|2026-03-13|2026-03-16|2026-03-17|2026-03-18|2026-03-19|2026-03-20|2026-03-23|2026-03-24|2026-03-25|2026-03-26|2026-03-27|2026-03-30|2026-03-31|2026-04-01|2026-04-02|2026-04-06|2026-04-07|2026-04-08|2026-04-09|2026-04-10|2026-04-13|2026-04-14|2026-04-15,2026-04-15 22:54:33,0.0
Boston Properties,,2026-03-04|2026-03-05|2026-03-06|2026-03-09|2026-03-10|2026-03-11|2026-03-12|2026-03-13|2026-03-16|2026-03-17|2026-03-18|2026-03-19|2026-03-20|2026-03-23|2026-03-24|2026-03-25|2026-03-26|2026-03-27|2026-03-30|2026-03-31|2026-04-01|2026-04-02|2026-04-06|2026-04-07|2026-04-08|2026-04-09|2026-04-10|2026-04-13|2026-04-14|2026-04-15,2026-04-15 22:54:33,0.0
Pitney Bowes,,2026-03-04|2026-03-05|2026-03-06|2026-03-09|2026-03-10|2026-03-11|2026-03-12|2026-03-13|2026-03-16|2026-03-17|2026-03-18|2026-03-19|2026-03-20|2026-03-23|2026-03-24|2026-03-25|2026-03-26|2026-03-27|2026-03-30|2026-03-31|2026-04-01|2026-04-02|2026-04-06|2026-04-07|2026-04-08|2026-04-09|2026-04-10|2026-04-13|2026-04-14|2026-04-15,2026-04-15 22:54:33,0.0
Sun Communities,,2026-03-04|2026-03-05|2026-03-06|2026-03-09|2026-03-10|2026-03-11|2026-03-12|2026-03-13|2026-03-16|2026-03-17|2026-03-18|2026-03-19|2026-03-20|2026-03-23|2026-03-24|2026-03-25|2026-03-26|2026-03-27|2026-03-30|2026-03-31|2026-04-01|2026-04-02|2026-04-06|2026-04-07|2026-04-08|2026-04-09|2026-04-10|2026-04-13|2026-04-14|2026-04-15,2026-04-15 22:54:33,0.0
AdaptHealth,,2026-03-04|2026-03-05|2026-03-06|2026-03-09|2026-03-10|2026-03-11|2026-03-12|2026-03-13|2026-03-16|2026-03-17|2026-03-18|2026-03-19|2026-03-20|2026-03-23|2026-03-24|2026-03-25|2026-03-26|2026-03-27|2026-03-30|2026-03-31|2026-04-01|2026-04-02|2026-04-06|2026-04-07|2026-04-08|2026-04-09|2026-04-10|2026-04-13|2026-04-14|2026-04-15,2026-04-15 22:54:33,0.0
Genesis Energy,,2026-03-04|2026-03-05|2026-03-06|2026-03-09|2026-03-10|2026-03-11|2026-03-12|2026-03-13|2026-03-16|2026-03-17|2026-03-18|2026-03-19|2026-03-20|2026-03-23|2026-03-24|2026-03-25|2026-03-26|2026-03-27|2026-03-30|2026-03-31|2026-04-01|2026-04-02|2026-04-06|2026-04-07|2026-04-08|2026-04-09|2026-04-10|2026-04-13|2026-04-14|2026-04-15,2026-04-15 22:54:33,0.0
Jackson Financial,,2026-03-04|2026-03-05|2026-03-06|2026-03-09|2026-03-10|2026-03-11|2026-03-12|2026-03-13|2026-03-16|2026-03-17|2026-03-18|2026-03-19|2026-03-20|2026-03-23|2026-03-24|2026-03-25|2026-03-26|2026-03-27|2026-03-30|2026-03-31|2026-04-01|2026-04-02|2026-04-06|2026-04-07|2026-04-08|2026-04-09|2026-04-10|2026-04-13|2026-04-14|2026-04-15,2026-04-15 22:54:33,0.0
FirstCash,,2026-03-04|2026-03-05|2026-03-06|2026-03-09|2026-03-10|2026-03-11|2026-03-12|2026-03-13|2026-03-16|2026-03-17|2026-03-18|2026-03-19|2026-03-20|2026-03-23|2026-03-24|2026-03-25|2026-03-26|2026-03-27|2026-03-30|2026-03-31|2026-04-01|2026-04-02|2026-04-06|2026-04-07|2026-04-08|2026-04-09|2026-04-10|2026-04-13|2026-04-14|2026-04-15,2026-04-15 22:54:33,0.0
Cal-Maine Foods,,2026-03-04|2026-03-05|2026-03-06|2026-03-09|2026-03-10|2026-03-11|2026-03-12|2026-03-13|2026-03-16|2026-03-17|2026-03-18|2026-03-19|2026-03-20|2026-03-23|2026-03-24|2026-03-25|2026-03-26|2026-03-27|2026-03-30|2026-03-31|2026-04-01|2026-04-02|2026-04-06|2026-04-07|2026-04-08|2026-04-09|2026-04-10|2026-04-13|2026-04-14|2026-04-15,2026-04-15 22:54:33,0.0
Avient,,2026-03-04|2026-03-05|2026-03-06|2026-03-09|2026-03-10|2026-03-11|2026-03-12|2026-03-13|2026-03-16|2026-03-17|2026-03-18|2026-03-19|2026-03-20|2026-03-23|2026-03-24|2026-03-25|2026-03-26|2026-03-27|2026-03-30|2026-03-31|2026-04-01|2026-04-02|2026-04-06|2026-04-07|2026-04-08|2026-04-09|2026-04-10|2026-04-13|2026-04-14|2026-04-15,2026-04-15 22:54:33,0.0
BlueLinx,,2026-03-04|2026-03-05|2026-03-06|2026-03-09|2026-03-10|2026-03-11|2026-03-12|2026-03-13|2026-03-16|2026-03-17|2026-03-18|2026-03-19|2026-03-20|2026-03-23|2026-03-24|2026-03-25|2026-03-26|2026-03-27|2026-03-30|2026-03-31|2026-04-01|2026-04-02|2026-04-06|2026-04-07|2026-04-08|2026-04-09|2026-04-10|2026-04-13|2026-04-14|2026-04-15,2026-04-15 22:54:33,0.0
Sinclair,,2026-03-04|2026-03-05|2026-03-06|2026-03-09|2026-03-10|2026-03-11|2026-03-12|2026-03-13|2026-03-16|2026-03-17|2026-03-18|2026-03-19|2026-03-20|2026-03-23|2026-03-24|2026-03-25|2026-03-26|2026-03-27|2026-03-30|2026-03-31|2026-04-01|2026-04-02|2026-04-06|2026-04-07|2026-04-08|2026-04-09|2026-04-10|2026-04-13|2026-04-14|2026-04-15,2026-04-15 22:54:33,0.0
BOK Financial,,2026-03-04|2026-03-05|2026-03-06|2026-03-09|2026-03-10|2026-03-11|2026-03-12|2026-03-13|2026-03-16|2026-03-17|2026-03-18|2026-03-19|2026-03-20|2026-03-23|2026-03-24|2026-03-25|2026-03-26|2026-03-27|2026-03-30|2026-03-31|2026-04-01|2026-04-02|2026-04-06|2026-04-07|2026-04-08|2026-04-09|2026-04-10|2026-04-13|2026-04-14|2026-04-15,2026-04-15 22:54:33,0.0
Permian Resources,,2026-03-04|2026-03-05|2026-03-06|2026-03-09|2026-03-10|2026-03-11|2026-03-12|2026-03-13|2026-03-16|2026-03-17|2026-03-18|2026-03-19|2026-03-20|2026-03-23|2026-03-24|2026-03-25|2026-03-26|2026-03-27|2026-03-30|2026-03-31|2026-04-01|2026-04-02|2026-04-06|2026-04-07|2026-04-08|2026-04-09|2026-04-10|2026-04-13|2026-04-14|2026-04-15,2026-04-15 22:54:33,0.0
PACS Group,,2026-03-04|2026-03-05|2026-03-06|2026-03-09|2026-03-10|2026-03-11|2026-03-12|2026-03-13|2026-03-16|2026-03-17|2026-03-18|2026-03-19|2026-03-20|2026-03-23|2026-03-24|2026-03-25|2026-03-26|2026-03-27|2026-03-30|2026-03-31|2026-04-01|2026-04-02|2026-04-06|2026-04-07|2026-04-08|2026-04-09|2026-04-10|2026-04-13|2026-04-14|2026-04-15,2026-04-15 22:54:33,0.0
Coinbase Global,,2026-03-04|2026-03-05|2026-03-06|2026-03-09|2026-03-10|2026-03-11|2026-03-12|2026-03-13|2026-03-16|2026-03-17|2026-03-18|2026-03-19|2026-03-20|2026-03-23|2026-03-24|2026-03-25|2026-03-26|2026-03-27|2026-03-30|2026-03-31|2026-04-01|2026-04-02|2026-04-06|2026-04-07|2026-04-08|2026-04-09|2026-04-10|2026-04-13|2026-04-14|2026-04-15,2026-04-15 22:54:33,0.0
Western Midstream Partners,,2026-03-04|2026-03-05|2026-03-06|2026-03-09|2026-03-10|2026-03-11|2026-03-12|2026-03-13|2026-03-16|2026-03-17|2026-03-18|2026-03-19|2026-03-20|2026-03-23|2026-03-24|2026-03-25|2026-03-26|2026-03-27|2026-03-30|2026-03-31|2026-04-01|2026-04-02|2026-04-06|2026-04-07|2026-04-08|2026-04-09|2026-04-10|2026-04-13|2026-04-14|2026-04-15,2026-04-15 22:54:33,0.0
G-III Apparel Group,,2026-03-04|2026-03-05|2026-03-06|2026-03-09|2026-03-10|2026-03-11|2026-03-12|2026-03-13|2026-03-16|2026-03-17|2026-03-18|2026-03-19|2026-03-20|2026-03-23|2026-03-24|2026-03-25|2026-03-26|2026-03-27|2026-03-30|2026-03-31|2026-04-01|2026-04-02|2026-04-06|2026-04-07|2026-04-08|2026-04-09|2026-04-10|2026-04-13|2026-04-14|2026-04-15,2026-04-15 22:54:33,0.0
Vontier,,2026-03-04|2026-03-05|2026-03-06|2026-03-09|2026-03-10|2026-03-11|2026-03-12|2026-03-13|2026-03-16|2026-03-17|2026-03-18|2026-03-19|2026-03-20|2026-03-23|2026-03-24|2026-03-25|2026-03-26|2026-03-27|2026-03-30|2026-03-31|2026-04-01|2026-04-02|2026-04-06|2026-04-07|2026-04-08|2026-04-09|2026-04-10|2026-04-13|2026-04-14|2026-04-15,2026-04-15 22:54:33,0.0
Matson Inc,,2026-03-04|2026-03-05|2026-03-06|2026-03-09|2026-03-10|2026-03-11|2026-03-12|2026-03-13|2026-03-16|2026-03-17|2026-03-18|2026-03-19|2026-03-20|2026-03-23|2026-03-24|2026-03-25|2026-03-26|2026-03-27|2026-03-30|2026-03-31|2026-04-01|2026-04-02|2026-04-06|2026-04-07|2026-04-08|2026-04-09|2026-04-10|2026-04-13|2026-04-14|2026-04-15,2026-04-15 22:54:33,0.0
Kirby Corporation,,2026-03-04|2026-03-05|2026-03-06|2026-03-09|2026-03-10|2026-03-11|2026-03-12|2026-03-13|2026-03-16|2026-03-17|2026-03-18|2026-03-19|2026-03-20|2026-03-23|2026-03-24|2026-03-25|2026-03-26|2026-03-27|2026-03-30|2026-03-31|2026-04-01|2026-04-02|2026-04-06|2026-04-07|2026-04-08|2026-04-09|2026-04-10|2026-04-13|2026-04-14|2026-04-15,2026-04-15 22:54:33,0.0
Kaiser Aluminum,,2026-03-04|2026-03-05|2026-03-06|2026-03-09|2026-03-10|2026-03-11|2026-03-12|2026-03-13|2026-03-16|2026-03-17|2026-03-18|2026-03-19|2026-03-20|2026-03-23|2026-03-24|2026-03-25|2026-03-26|2026-03-27|2026-03-30|2026-03-31|2026-04-01|2026-04-02|2026-04-06|2026-04-07|2026-04-08|2026-04-09|2026-04-10|2026-04-13|2026-04-14|2026-04-15,2026-04-15 22:54:33,0.0
Designer Brands,,2026-03-04|2026-03-05|2026-03-06|2026-03-09|2026-03-10|2026-03-11|2026-03-12|2026-03-13|2026-03-16|2026-03-17|2026-03-18|2026-03-19|2026-03-20|2026-03-23|2026-03-24|2026-03-25|2026-03-26|2026-03-27|2026-03-30|2026-03-31|2026-04-01|2026-04-02|2026-04-06|2026-04-07|2026-04-08|2026-04-09|2026-04-10|2026-04-13|2026-04-14|2026-04-15,2026-04-15 22:54:33,0.0
Rollins Inc,,2026-03-04|2026-03-05|2026-03-06|2026-03-09|2026-03-10|2026-03-11|2026-03-12|2026-03-13|2026-03-16|2026-03-17|2026-03-18|2026-03-19|2026-03-20|2026-03-23|2026-03-24|2026-03-25|2026-03-26|2026-03-27|2026-03-30|2026-03-31|2026-04-01|2026-04-02|2026-04-06|2026-04-07|2026-04-08|2026-04-09|2026-04-10|2026-04-13|2026-04-14|2026-04-15,2026-04-15 22:54:33,0.0
Advanced Drainage Systems,,2026-03-04|2026-03-05|2026-03-06|2026-03-09|2026-03-10|2026-03-11|2026-03-12|2026-03-13|2026-03-16|2026-03-17|2026-03-18|2026-03-19|2026-03-20|2026-03-23|2026-03-24|2026-03-25|2026-03-26|2026-03-27|2026-03-30|2026-03-31|2026-04-01|2026-04-02|2026-04-06|2026-04-07|2026-04-08|2026-04-09|2026-04-10|2026-04-13|2026-04-14|2026-04-15,2026-04-15 22:54:33,0.0
Cinemark,,2026-03-04|2026-03-05|2026-03-06|2026-03-09|2026-03-10|2026-03-11|2026-03-12|2026-03-13|2026-03-16|2026-03-17|2026-03-18|2026-03-19|2026-03-20|2026-03-23|2026-03-24|2026-03-25|2026-03-26|2026-03-27|2026-03-30|2026-03-31|2026-04-01|2026-04-02|2026-04-06|2026-04-07|2026-04-08|2026-04-09|2026-04-10|2026-04-13|2026-04-14|2026-04-15,2026-04-15 22:54:33,0.0
CrowdStrike,,2026-03-04|2026-03-05|2026-03-06|2026-03-09|2026-03-10|2026-03-11|2026-03-12|2026-03-13|2026-03-16|2026-03-17|2026-03-18|2026-03-19|2026-03-20|2026-03-23|2026-03-24|2026-03-25|2026-03-26|2026-03-27|2026-03-30|2026-03-31|2026-04-01|2026-04-02|2026-04-06|2026-04-07|2026-04-08|2026-04-09|2026-04-10|2026-04-13|2026-04-14|2026-04-15,2026-04-15 22:54:33,0.0
Pinterest,,2026-03-04|2026-03-05|2026-03-06|2026-03-09|2026-03-10|2026-03-11|2026-03-12|2026-03-13|2026-03-16|2026-03-17|2026-03-18|2026-03-19|2026-03-20|2026-03-23|2026-03-24|2026-03-25|2026-03-26|2026-03-27|2026-03-30|2026-03-31|2026-04-01|2026-04-02|2026-04-06|2026-04-07|2026-04-08|2026-04-09|2026-04-10|2026-04-13|2026-04-14|2026-04-15,2026-04-15 22:54:33,0.0
Instacart,,2026-03-04|2026-03-05|2026-03-06|2026-03-09|2026-03-10|2026-03-11|2026-03-12|2026-03-13|2026-03-16|2026-03-17|2026-03-18|2026-03-19|2026-03-20|2026-03-23|2026-03-24|2026-03-25|2026-03-26|2026-03-27|2026-03-30|2026-03-31|2026-04-01|2026-04-02|2026-04-06|2026-04-07|2026-04-08|2026-04-09|2026-04-10|2026-04-13|2026-04-14|2026-04-15,2026-04-15 22:54:33,0.0
Allison Transmission,,2026-03-04|2026-03-05|2026-03-06|2026-03-09|2026-03-10|2026-03-11|2026-03-12|2026-03-13|2026-03-16|2026-03-17|2026-03-18|2026-03-19|2026-03-20|2026-03-23|2026-03-24|2026-03-25|2026-03-26|2026-03-27|2026-03-30|2026-03-31|2026-04-01|2026-04-02|2026-04-06|2026-04-07|2026-04-08|2026-04-09|2026-04-10|2026-04-13|2026-04-14|2026-04-15,2026-04-15 22:54:33,0.0
Restoration Hardware,,2026-03-04|2026-03-05|2026-03-06|2026-03-09|2026-03-10|2026-03-11|2026-03-12|2026-03-13|2026-03-16|2026-03-17|2026-03-18|2026-03-19|2026-03-20|2026-03-23|2026-03-24|2026-03-25|2026-03-26|2026-03-27|2026-03-30|2026-03-31|2026-04-01|2026-04-02|2026-04-06|2026-04-07|2026-04-08|2026-04-09|2026-04-10|2026-04-13|2026-04-14|2026-04-15,2026-04-15 22:54:33,0.0
Brookdale Senior Living,,2026-03-04|2026-03-05|2026-03-06|2026-03-09|2026-03-10|2026-03-11|2026-03-12|2026-03-13|2026-03-16|2026-03-17|2026-03-18|2026-03-19|2026-03-20|2026-03-23|2026-03-24|2026-03-25|2026-03-26|2026-03-27|2026-03-30|2026-03-31|2026-04-01|2026-04-02|2026-04-06|2026-04-07|2026-04-08|2026-04-09|2026-04-10|2026-04-13|2026-04-14|2026-04-15,2026-04-15 22:54:33,0.0
QuidelOrtho,,2026-03-04|2026-03-05|2026-03-06|2026-03-09|2026-03-10|2026-03-11|2026-03-12|2026-03-13|2026-03-16|2026-03-17|2026-03-18|2026-03-19|2026-03-20|2026-03-23|2026-03-24|2026-03-25|2026-03-26|2026-03-27|2026-03-30|2026-03-31|2026-04-01|2026-04-02|2026-04-06|2026-04-07|2026-04-08|2026-04-09|2026-04-10|2026-04-13|2026-04-14|2026-04-15,2026-04-15 22:54:33,0.0
Trinity Industries,,2026-03-04|2026-03-05|2026-03-06|2026-03-09|2026-03-10|2026-03-11|2026-03-12|2026-03-13|2026-03-16|2026-03-17|2026-03-18|2026-03-19|2026-03-20|2026-03-23|2026-03-24|2026-03-25|2026-03-26|2026-03-27|2026-03-30|2026-03-31|2026-04-01|2026-04-02|2026-04-06|2026-04-07|2026-04-08|2026-04-09|2026-04-10|2026-04-13|2026-04-14|2026-04-15,2026-04-15 22:54:33,0.0
Teleflex,,2026-04-15,2026-04-15 22:54:33,0.0
HEICO,,2026-03-04|2026-03-05|2026-03-06|2026-03-09|2026-03-10|2026-03-11|2026-03-12|2026-03-13|2026-03-16|2026-03-17|2026-03-18|2026-03-19|2026-03-20|2026-03-23|2026-03-24|2026-03-25|2026-03-26|2026-03-27|2026-03-30|2026-03-31|2026-04-01|2026-04-02|2026-04-06|2026-04-07|2026-04-08|2026-04-09|2026-04-10|2026-04-13|2026-04-14|2026-04-15,2026-04-15 22:54:33,0.0
Bruker,,2026-03-04|2026-03-05|2026-03-06|2026-03-09|2026-03-10|2026-03-11|2026-03-12|2026-03-13|2026-03-16|2026-03-17|2026-03-18|2026-03-19|2026-03-20|2026-03-23|2026-03-24|2026-03-25|2026-03-26|2026-03-27|2026-03-30|2026-03-31|2026-04-01|2026-04-02|2026-04-06|2026-04-07|2026-04-08|2026-04-09|2026-04-10|2026-04-13|2026-04-14|2026-04-15,2026-04-15 22:54:33,0.0
Carlyle Group,,2026-03-04|2026-03-05|2026-03-06|2026-03-09|2026-03-10|2026-03-11|2026-03-12|2026-03-13|2026-03-16|2026-03-17|2026-03-18|2026-03-19|2026-03-20|2026-03-23|2026-03-24|2026-03-25|2026-03-26|2026-03-27|2026-03-30|2026-03-31|2026-04-01|2026-04-02|2026-04-06|2026-04-07|2026-04-08|2026-04-09|2026-04-10|2026-04-13|2026-04-14|2026-04-15,2026-04-15 22:54:33,0.0
Energizer Holdings,,2026-03-04|2026-03-05|2026-03-06|2026-03-09|2026-03-10|2026-03-11|2026-03-12|2026-03-13|2026-03-16|2026-03-17|2026-03-18|2026-03-19|2026-03-20|2026-03-23|2026-03-24|2026-03-25|2026-03-26|2026-03-27|2026-03-30|2026-03-31|2026-04-01|2026-04-02|2026-04-06|2026-04-07|2026-04-08|2026-04-09|2026-04-10|2026-04-13|2026-04-14|2026-04-15,2026-04-15 22:54:33,0.0
Rackspace Technology,,2026-03-04|2026-03-05|2026-03-06|2026-03-09|2026-03-10|2026-03-11|2026-03-12|2026-03-13|2026-03-16|2026-03-17|2026-03-18|2026-03-19|2026-03-20|2026-03-23|2026-03-24|2026-03-25|2026-03-26|2026-03-27|2026-03-30|2026-03-31|2026-04-01|2026-04-02|2026-04-06|2026-04-07|2026-04-08|2026-04-09|2026-04-10|2026-04-13|2026-04-14|2026-04-15,2026-04-15 22:54:33,0.0
Waters Corporation,,2026-03-04|2026-03-05|2026-03-06|2026-03-09|2026-03-10|2026-03-11|2026-03-12|2026-03-13|2026-03-16|2026-03-17|2026-03-18|2026-03-19|2026-03-20|2026-03-23|2026-03-24|2026-03-25|2026-03-26|2026-03-27|2026-03-30|2026-03-31|2026-04-01|2026-04-02|2026-04-06|2026-04-07|2026-04-08|2026-04-09|2026-04-10|2026-04-13|2026-04-14|2026-04-15,2026-04-15 22:54:33,0.0
West Pharmaceutical Services,,2026-03-04|2026-03-05|2026-03-06|2026-03-09|2026-03-10|2026-03-11|2026-03-12|2026-03-13|2026-03-16|2026-03-17|2026-03-18|2026-03-19|2026-03-20|2026-03-23|2026-03-24|2026-03-25|2026-03-26|2026-03-27|2026-03-30|2026-03-31|2026-04-01|2026-04-02|2026-04-06|2026-04-07|2026-04-08|2026-04-09|2026-04-10|2026-04-13|2026-04-14|2026-04-15,2026-04-15 22:54:33,0.0
Carters Inc,,2026-03-04|2026-03-05|2026-03-06|2026-03-09|2026-03-10|2026-03-11|2026-03-12|2026-03-13|2026-03-16|2026-03-17|2026-03-18|2026-03-19|2026-03-20|2026-03-23|2026-03-24|2026-03-25|2026-03-26|2026-03-27|2026-03-30|2026-03-31|2026-04-01|2026-04-02|2026-04-06|2026-04-07|2026-04-08|2026-04-09|2026-04-10|2026-04-13|2026-04-14|2026-04-15,2026-04-15 22:54:33,0.0
SkyWest,,2026-03-04|2026-03-05|2026-03-06|2026-03-09|2026-03-10|2026-03-11|2026-03-12|2026-03-13|2026-03-16|2026-03-17|2026-03-18|2026-03-19|2026-03-20|2026-03-23|2026-03-24|2026-03-25|2026-03-26|2026-03-27|2026-03-30|2026-03-31|2026-04-01|2026-04-02|2026-04-06|2026-04-07|2026-04-08|2026-04-09|2026-04-10|2026-04-13|2026-04-14|2026-04-15,2026-04-15 22:54:33,0.0
Acadia Healthcare,,2026-03-04|2026-03-05|2026-03-06|2026-03-09|2026-03-10|2026-03-11|2026-03-12|2026-03-13|2026-03-16|2026-03-17|2026-03-18|2026-03-19|2026-03-20|2026-03-23|2026-03-24|2026-03-25|2026-03-26|2026-03-27|2026-03-30|2026-03-31|2026-04-01|2026-04-02|2026-04-06|2026-04-07|2026-04-08|2026-04-09|2026-04-10|2026-04-13|2026-04-14|2026-04-15,2026-04-15 22:54:33,0.0
Revvity,,2026-03-04|2026-03-05|2026-03-06|2026-03-09|2026-03-10|2026-03-11|2026-03-12|2026-03-13|2026-03-16|2026-03-17|2026-03-18|2026-03-19|2026-03-20|2026-03-23|2026-03-24|2026-03-25|2026-03-26|2026-03-27|2026-03-30|2026-03-31|2026-04-01|2026-04-02|2026-04-06|2026-04-07|2026-04-08|2026-04-09|2026-04-10|2026-04-13|2026-04-14|2026-04-15,2026-04-15 22:54:33,0.0
Portland General Electric,,2026-03-04|2026-03-05|2026-03-06|2026-03-09|2026-03-10|2026-03-11|2026-03-12|2026-03-13|2026-03-16|2026-03-17|2026-03-18|2026-03-19|2026-03-20|2026-03-23|2026-03-24|2026-03-25|2026-03-26|2026-03-27|2026-03-30|2026-03-31|2026-04-01|2026-04-02|2026-04-06|2026-04-07|2026-04-08|2026-04-09|2026-04-10|2026-04-13|2026-04-14|2026-04-15,2026-04-15 22:54:33,0.0
Woodward Inc,,2026-03-04|2026-03-05|2026-03-06|2026-03-09|2026-03-10|2026-03-11|2026-03-12|2026-03-13|2026-03-16|2026-03-17|2026-03-18|2026-03-19|2026-03-20|2026-03-23|2026-03-24|2026-03-25|2026-03-26|2026-03-27|2026-03-30|2026-03-31|2026-04-01|2026-04-02|2026-04-06|2026-04-07|2026-04-08|2026-04-09|2026-04-10|2026-04-13|2026-04-14|2026-04-15,2026-04-15 22:54:33,0.0
TEGNA,,2026-02-06|2026-02-09|2026-02-10|2026-02-11|2026-02-12|2026-02-13|2026-02-17|2026-02-18|2026-02-19|2026-02-20|2026-02-23|2026-02-24|2026-02-25|2026-02-26|2026-02-27|2026-03-02|2026-03-03|2026-03-04|2026-03-05|2026-03-06|2026-03-09|2026-03-10|2026-03-11|2026-03-12|2026-03-13|2026-03-16|2026-03-17|2026-03-18|2026-03-19|2026-03-20,2026-04-15 22:54:33,0.0
Sabre Corporation,,2026-03-04|2026-03-05|2026-03-06|2026-03-09|2026-03-10|2026-03-11|2026-03-12|2026-03-13|2026-03-16|2026-03-17|2026-03-18|2026-03-19|2026-03-20|2026-03-23|2026-03-24|2026-03-25|2026-03-26|2026-03-27|2026-03-30|2026-03-31|2026-04-01|2026-04-02|2026-04-06|2026-04-07|2026-04-08|2026-04-09|2026-04-10|2026-04-13|2026-04-14|2026-04-15,2026-04-15 22:54:33,0.0
Light & Wonder,,2026-03-03|2026-03-04|2026-03-05|2026-03-06|2026-03-09|2026-03-10|2026-03-11|2026-03-12|2026-03-13|2026-03-16|2026-03-17|2026-03-18|2026-03-19|2026-03-20|2026-03-23|2026-03-24|2026-03-25|2026-03-26|2026-03-27|2026-03-30|2026-03-31|2026-04-01|2026-04-02|2026-04-06|2026-04-07|2026-04-08|2026-04-09|2026-04-10|2026-04-13|2026-04-14,2026-04-15 22:54:33,0.0
Vail Resorts,,2026-03-04|2026-03-05|2026-03-06|2026-03-09|2026-03-10|2026-03-11|2026-03-12|2026-03-13|2026-03-16|2026-03-17|2026-03-18|2026-03-19|2026-03-20|2026-03-23|2026-03-24|2026-03-25|2026-03-26|2026-03-27|2026-03-30|2026-03-31|2026-04-01|2026-04-02|2026-04-06|2026-04-07|2026-04-08|2026-04-09|2026-04-10|2026-04-13|2026-04-14|2026-04-15,2026-04-15 22:54:33,0.0
PennyMac Financial Services,,2026-03-04|2026-03-05|2026-03-06|2026-03-09|2026-03-10|2026-03-11|2026-03-12|2026-03-13|2026-03-16|2026-03-17|2026-03-18|2026-03-19|2026-03-20|2026-03-23|2026-03-24|2026-03-25|2026-03-26|2026-03-27|2026-03-30|2026-03-31|2026-04-01|2026-04-02|2026-04-06|2026-04-07|2026-04-08|2026-04-09|2026-04-10|2026-04-13|2026-04-14|2026-04-15,2026-04-15 22:54:33,0.0
Saia Inc,,2026-03-04|2026-03-05|2026-03-06|2026-03-09|2026-03-10|2026-03-11|2026-03-12|2026-03-13|2026-03-16|2026-03-17|2026-03-18|2026-03-19|2026-03-20|2026-03-23|2026-03-24|2026-03-25|2026-03-26|2026-03-27|2026-03-30|2026-03-31|2026-04-01|2026-04-02|2026-04-06|2026-04-07|2026-04-08|2026-04-09|2026-04-10|2026-04-13|2026-04-14|2026-04-15,2026-04-15 22:54:33,0.0
Equity Residential,,2026-03-04|2026-03-05|2026-03-06|2026-03-09|2026-03-10|2026-03-11|2026-03-12|2026-03-13|2026-03-16|2026-03-17|2026-03-18|2026-03-19|2026-03-20|2026-03-23|2026-03-24|2026-03-25|2026-03-26|2026-03-27|2026-03-30|2026-03-31|2026-04-01|2026-04-02|2026-04-06|2026-04-07|2026-04-08|2026-04-09|2026-04-10|2026-04-13|2026-04-14|2026-04-15,2026-04-15 22:54:33,0.0
Helmerich & Payne,,2026-03-04|2026-03-05|2026-03-06|2026-03-09|2026-03-10|2026-03-11|2026-03-12|2026-03-13|2026-03-16|2026-03-17|2026-03-18|2026-03-19|2026-03-20|2026-03-23|2026-03-24|2026-03-25|2026-03-26|2026-03-27|2026-03-30|2026-03-31|2026-04-01|2026-04-02|2026-04-06|2026-04-07|2026-04-08|2026-04-09|2026-04-10|2026-04-13|2026-04-14|2026-04-15,2026-04-15 22:54:33,0.0
Korn Ferry,,2026-03-04|2026-03-05|2026-03-06|2026-03-09|2026-03-10|2026-03-11|2026-03-12|2026-03-13|2026-03-16|2026-03-17|2026-03-18|2026-03-19|2026-03-20|2026-03-23|2026-03-24|2026-03-25|2026-03-26|2026-03-27|2026-03-30|2026-03-31|2026-04-01|2026-04-02|2026-04-06|2026-04-07|2026-04-08|2026-04-09|2026-04-10|2026-04-13|2026-04-14|2026-04-15,2026-04-15 22:54:33,0.0
PC Connection Inc,,2026-03-04|2026-03-05|2026-03-06|2026-03-09|2026-03-10|2026-03-11|2026-03-12|2026-03-13|2026-03-16|2026-03-17|2026-03-18|2026-03-19|2026-03-20|2026-03-23|2026-03-24|2026-03-25|2026-03-26|2026-03-27|2026-03-30|2026-03-31|2026-04-01|2026-04-02|2026-04-06|2026-04-07|2026-04-08|2026-04-09|2026-04-10|2026-04-13|2026-04-14|2026-04-15,2026-04-15 22:54:33,0.0
Curtiss-Wright,,2026-03-04|2026-03-05|2026-03-06|2026-03-09|2026-03-10|2026-03-11|2026-03-12|2026-03-13|2026-03-16|2026-03-17|2026-03-18|2026-03-19|2026-03-20|2026-03-23|2026-03-24|2026-03-25|2026-03-26|2026-03-27|2026-03-30|2026-03-31|2026-04-01|2026-04-02|2026-04-06|2026-04-07|2026-04-08|2026-04-09|2026-04-10|2026-04-13|2026-04-14|2026-04-15,2026-04-15 22:54:33,0.0
Sallie Mae,,2026-03-04|2026-03-05|2026-03-06|2026-03-09|2026-03-10|2026-03-11|2026-03-12|2026-03-13|2026-03-16|2026-03-17|2026-03-18|2026-03-19|2026-03-20|2026-03-23|2026-03-24|2026-03-25|2026-03-26|2026-03-27|2026-03-30|2026-03-31|2026-04-01|2026-04-02|2026-04-06|2026-04-07|2026-04-08|2026-04-09|2026-04-10|2026-04-13|2026-04-14|2026-04-15,2026-04-15 22:54:33,0.0
Benchmark Electronics,,2026-03-04|2026-03-05|2026-03-06|2026-03-09|2026-03-10|2026-03-11|2026-03-12|2026-03-13|2026-03-16|2026-03-17|2026-03-18|2026-03-19|2026-03-20|2026-03-23|2026-03-24|2026-03-25|2026-03-26|2026-03-27|2026-03-30|2026-03-31|2026-04-01|2026-04-02|2026-04-06|2026-04-07|2026-04-08|2026-04-09|2026-04-10|2026-04-13|2026-04-14|2026-04-15,2026-04-15 22:54:33,0.0
Pure Storage,,2026-03-04|2026-03-05|2026-03-06|2026-03-09|2026-03-10|2026-03-11|2026-03-12|2026-03-13|2026-03-16|2026-03-17|2026-03-18|2026-03-19|2026-03-20|2026-03-23|2026-03-24|2026-03-25|2026-03-26|2026-03-27|2026-03-30|2026-03-31|2026-04-01|2026-04-02|2026-04-06|2026-04-07|2026-04-08|2026-04-09|2026-04-10|2026-04-13|2026-04-14|2026-04-15,2026-04-15 22:54:33,0.0
Knife River Corporation,,2026-03-04|2026-03-05|2026-03-06|2026-03-09|2026-03-10|2026-03-11|2026-03-12|2026-03-13|2026-03-16|2026-03-17|2026-03-18|2026-03-19|2026-03-20|2026-03-23|2026-03-24|2026-03-25|2026-03-26|2026-03-27|2026-03-30|2026-03-31|2026-04-01|2026-04-02|2026-04-06|2026-04-07|2026-04-08|2026-04-09|2026-04-10|2026-04-13|2026-04-14|2026-04-15,2026-04-15 22:54:33,0.0
Caleres Inc,,2026-03-04|2026-03-05|2026-03-06|2026-03-09|2026-03-10|2026-03-11|2026-03-12|2026-03-13|2026-03-16|2026-03-17|2026-03-18|2026-03-19|2026-03-20|2026-03-23|2026-03-24|2026-03-25|2026-03-26|2026-03-27|2026-03-30|2026-03-31|2026-04-01|2026-04-02|2026-04-06|2026-04-07|2026-04-08|2026-04-09|2026-04-10|2026-04-13|2026-04-14|2026-04-15,2026-04-15 22:54:33,0.0
BrightView Holdings,,2026-03-04|2026-03-05|2026-03-06|2026-03-09|2026-03-10|2026-03-11|2026-03-12|2026-03-13|2026-03-16|2026-03-17|2026-03-18|2026-03-19|2026-03-20|2026-03-23|2026-03-24|2026-03-25|2026-03-26|2026-03-27|2026-03-30|2026-03-31|2026-04-01|2026-04-02|2026-04-06|2026-04-07|2026-04-08|2026-04-09|2026-04-10|2026-04-13|2026-04-14|2026-04-15,2026-04-15 22:54:33,0.0
Cooper-Standard,,2026-03-04|2026-03-05|2026-03-06|2026-03-09|2026-03-10|2026-03-11|2026-03-12|2026-03-13|2026-03-16|2026-03-17|2026-03-18|2026-03-19|2026-03-20|2026-03-23|2026-03-24|2026-03-25|2026-03-26|2026-03-27|2026-03-30|2026-03-31|2026-04-01|2026-04-02|2026-04-06|2026-04-07|2026-04-08|2026-04-09|2026-04-10|2026-04-13|2026-04-14|2026-04-15,2026-04-15 22:54:33,0.0
Primerica,,2026-03-04|2026-03-05|2026-03-06|2026-03-09|2026-03-10|2026-03-11|2026-03-12|2026-03-13|2026-03-16|2026-03-17|2026-03-18|2026-03-19|2026-03-20|2026-03-23|2026-03-24|2026-03-25|2026-03-26|2026-03-27|2026-03-30|2026-03-31|2026-04-01|2026-04-02|2026-04-06|2026-04-07|2026-04-08|2026-04-09|2026-04-10|2026-04-13|2026-04-14|2026-04-15,2026-04-15 22:54:33,0.0
F5,,2026-03-04|2026-03-05|2026-03-06|2026-03-09|2026-03-10|2026-03-11|2026-03-12|2026-03-13|2026-03-16|2026-03-17|2026-03-18|2026-03-19|2026-03-20|2026-03-23|2026-03-24|2026-03-25|2026-03-26|2026-03-27|2026-03-30|2026-03-31|2026-04-01|2026-04-02|2026-04-06|2026-04-07|2026-04-08|2026-04-09|2026-04-10|2026-04-13|2026-04-14|2026-04-15,2026-04-15 22:54:33,0.0
Matador Resources,,2026-03-04|2026-03-05|2026-03-06|2026-03-09|2026-03-10|2026-03-11|2026-03-12|2026-03-13|2026-03-16|2026-03-17|2026-03-18|2026-03-19|2026-03-20|2026-03-23|2026-03-24|2026-03-25|2026-03-26|2026-03-27|2026-03-30|2026-03-31|2026-04-01|2026-04-02|2026-04-06|2026-04-07|2026-04-08|2026-04-09|2026-04-10|2026-04-13|2026-04-14|2026-04-15,2026-04-15 22:54:33,0.0
Snowflake Inc,,2026-03-04|2026-03-05|2026-03-06|2026-03-09|2026-03-10|2026-03-11|2026-03-12|2026-03-13|2026-03-16|2026-03-17|2026-03-18|2026-03-19|2026-03-20|2026-03-23|2026-03-24|2026-03-25|2026-03-26|2026-03-27|2026-03-30|2026-03-31|2026-04-01|2026-04-02|2026-04-06|2026-04-07|2026-04-08|2026-04-09|2026-04-10|2026-04-13|2026-04-14|2026-04-15,2026-04-15 22:54:33,0.0
Viasat,,2026-03-04|2026-03-05|2026-03-06|2026-03-09|2026-03-10|2026-03-11|2026-03-12|2026-03-13|2026-03-16|2026-03-17|2026-03-18|2026-03-19|2026-03-20|2026-03-23|2026-03-24|2026-03-25|2026-03-26|2026-03-27|2026-03-30|2026-03-31|2026-04-01|2026-04-02|2026-04-06|2026-04-07|2026-04-08|2026-04-09|2026-04-10|2026-04-13|2026-04-14|2026-04-15,2026-04-15 22:54:33,0.0
California Resources,,2026-03-04|2026-03-05|2026-03-06|2026-03-09|2026-03-10|2026-03-11|2026-03-12|2026-03-13|2026-03-16|2026-03-17|2026-03-18|2026-03-19|2026-03-20|2026-03-23|2026-03-24|2026-03-25|2026-03-26|2026-03-27|2026-03-30|2026-03-31|2026-04-01|2026-04-02|2026-04-06|2026-04-07|2026-04-08|2026-04-09|2026-04-10|2026-04-13|2026-04-14|2026-04-15,2026-04-15 22:54:33,0.0
Peloton Interactive,,2026-03-04|2026-03-05|2026-03-06|2026-03-09|2026-03-10|2026-03-11|2026-03-12|2026-03-13|2026-03-16|2026-03-17|2026-03-18|2026-03-19|2026-03-20|2026-03-23|2026-03-24|2026-03-25|2026-03-26|2026-03-27|2026-03-30|2026-03-31|2026-04-01|2026-04-02|2026-04-06|2026-04-07|2026-04-08|2026-04-09|2026-04-10|2026-04-13|2026-04-14|2026-04-15,2026-04-15 22:54:33,0.0
Roblox,,2026-03-04|2026-03-05|2026-03-06|2026-03-09|2026-03-10|2026-03-11|2026-03-12|2026-03-13|2026-03-16|2026-03-17|2026-03-18|2026-03-19|2026-03-20|2026-03-23|2026-03-24|2026-03-25|2026-03-26|2026-03-27|2026-03-30|2026-03-31|2026-04-01|2026-04-02|2026-04-06|2026-04-07|2026-04-08|2026-04-09|2026-04-10|2026-04-13|2026-04-14|2026-04-15,2026-04-15 22:54:33,0.0
Installed Building Products,,2026-03-04|2026-03-05|2026-03-06|2026-03-09|2026-03-10|2026-03-11|2026-03-12|2026-03-13|2026-03-16|2026-03-17|2026-03-18|2026-03-19|2026-03-20|2026-03-23|2026-03-24|2026-03-25|2026-03-26|2026-03-27|2026-03-30|2026-03-31|2026-04-01|2026-04-02|2026-04-06|2026-04-07|2026-04-08|2026-04-09|2026-04-10|2026-04-13|2026-04-14|2026-04-15,2026-04-15 22:54:33,0.0
First National of Nebraska,,2026-03-03|2026-03-04|2026-03-05|2026-03-06|2026-03-09|2026-03-10|2026-03-11|2026-03-12|2026-03-13|2026-03-16|2026-03-17|2026-03-18|2026-03-19|2026-03-20|2026-03-23|2026-03-24|2026-03-25|2026-03-26|2026-03-27|2026-03-30|2026-03-31|2026-04-01|2026-04-02|2026-04-06|2026-04-07|2026-04-08|2026-04-09|2026-04-10|2026-04-13|2026-04-14,2026-04-15 22:54:33,0.0
ESAB,,2026-03-04|2026-03-05|2026-03-06|2026-03-09|2026-03-10|2026-03-11|2026-03-12|2026-03-13|2026-03-16|2026-03-17|2026-03-18|2026-03-19|2026-03-20|2026-03-23|2026-03-24|2026-03-25|2026-03-26|2026-03-27|2026-03-30|2026-03-31|2026-04-01|2026-04-02|2026-04-06|2026-04-07|2026-04-08|2026-04-09|2026-04-10|2026-04-13|2026-04-14|2026-04-15,2026-04-15 22:54:33,0.0
AvalonBay Communities,,2026-03-04|2026-03-05|2026-03-06|2026-03-09|2026-03-10|2026-03-11|2026-03-12|2026-03-13|2026-03-16|2026-03-17|2026-03-18|2026-03-19|2026-03-20|2026-03-23|2026-03-24|2026-03-25|2026-03-26|2026-03-27|2026-03-30|2026-03-31|2026-04-01|2026-04-02|2026-04-06|2026-04-07|2026-04-08|2026-04-09|2026-04-10|2026-04-13|2026-04-14|2026-04-15,2026-04-15 22:54:33,0.0
DocuSign,,2026-03-04|2026-03-05|2026-03-06|2026-03-09|2026-03-10|2026-03-11|2026-03-12|2026-03-13|2026-03-16|2026-03-17|2026-03-18|2026-03-19|2026-03-20|2026-03-23|2026-03-24|2026-03-25|2026-03-26|2026-03-27|2026-03-30|2026-03-31|2026-04-01|2026-04-02|2026-04-06|2026-04-07|2026-04-08|2026-04-09|2026-04-10|2026-04-13|2026-04-14|2026-04-15,2026-04-15 22:54:33,0.0
Titan Machinery,,2026-03-04|2026-03-05|2026-03-06|2026-03-09|2026-03-10|2026-03-11|2026-03-12|2026-03-13|2026-03-16|2026-03-17|2026-03-18|2026-03-19|2026-03-20|2026-03-23|2026-03-24|2026-03-25|2026-03-26|2026-03-27|2026-03-30|2026-03-31|2026-04-01|2026-04-02|2026-04-06|2026-04-07|2026-04-08|2026-04-09|2026-04-10|2026-04-13|2026-04-14|2026-04-15,2026-04-15 22:54:33,0.0
ModivCare,,2026-03-03|2026-03-04|2026-03-05|2026-03-06|2026-03-09|2026-03-10|2026-03-11|2026-03-12|2026-03-13|2026-03-16|2026-03-17|2026-03-18|2026-03-19|2026-03-20|2026-03-23|2026-03-24|2026-03-25|2026-03-26|2026-03-27|2026-03-30|2026-03-31|2026-04-01|2026-04-02|2026-04-06|2026-04-07|2026-04-08|2026-04-09|2026-04-10|2026-04-13|2026-04-14,2026-04-15 22:54:33,0.0
Hovnanian Enterprises,,2026-03-04|2026-03-05|2026-03-06|2026-03-09|2026-03-10|2026-03-11|2026-03-12|2026-03-13|2026-03-16|2026-03-17|2026-03-18|2026-03-19|2026-03-20|2026-03-23|2026-03-24|2026-03-25|2026-03-26|2026-03-27|2026-03-30|2026-03-31|2026-04-01|2026-04-02|2026-04-06|2026-04-07|2026-04-08|2026-04-09|2026-04-10|2026-04-13|2026-04-14|2026-04-15,2026-04-15 22:54:33,0.0
Etsy,,2026-03-04|2026-03-05|2026-03-06|2026-03-09|2026-03-10|2026-03-11|2026-03-12|2026-03-13|2026-03-16|2026-03-17|2026-03-18|2026-03-19|2026-03-20|2026-03-23|2026-03-24|2026-03-25|2026-03-26|2026-03-27|2026-03-30|2026-03-31|2026-04-01|2026-04-02|2026-04-06|2026-04-07|2026-04-08|2026-04-09|2026-04-10|2026-04-13|2026-04-14|2026-04-15,2026-04-15 22:54:33,0.0
Surgery Partners,,2026-03-04|2026-03-05|2026-03-06|2026-03-09|2026-03-10|2026-03-11|2026-03-12|2026-03-13|2026-03-16|2026-03-17|2026-03-18|2026-03-19|2026-03-20|2026-03-23|2026-03-24|2026-03-25|2026-03-26|2026-03-27|2026-03-30|2026-03-31|2026-04-01|2026-04-02|2026-04-06|2026-04-07|2026-04-08|2026-04-09|2026-04-10|2026-04-13|2026-04-14|2026-04-15,2026-04-15 22:54:33,0.0
Columbia Banking System,,2026-03-04|2026-03-05|2026-03-06|2026-03-09|2026-03-10|2026-03-11|2026-03-12|2026-03-13|2026-03-16|2026-03-17|2026-03-18|2026-03-19|2026-03-20|2026-03-23|2026-03-24|2026-03-25|2026-03-26|2026-03-27|2026-03-30|2026-03-31|2026-04-01|2026-04-02|2026-04-06|2026-04-07|2026-04-08|2026-04-09|2026-04-10|2026-04-13|2026-04-14|2026-04-15,2026-04-15 22:54:33,0.0
Verisk Analytics,,2026-03-04|2026-03-05|2026-03-06|2026-03-09|2026-03-10|2026-03-11|2026-03-12|2026-03-13|2026-03-16|2026-03-17|2026-03-18|2026-03-19|2026-03-20|2026-03-23|2026-03-24|2026-03-25|2026-03-26|2026-03-27|2026-03-30|2026-03-31|2026-04-01|2026-04-02|2026-04-06|2026-04-07|2026-04-08|2026-04-09|2026-04-10|2026-04-13|2026-04-14|2026-04-15,2026-04-15 22:54:33,0.0
MasterBrand,,2026-03-04|2026-03-05|2026-03-06|2026-03-09|2026-03-10|2026-03-11|2026-03-12|2026-03-13|2026-03-16|2026-03-17|2026-03-18|2026-03-19|2026-03-20|2026-03-23|2026-03-24|2026-03-25|2026-03-26|2026-03-27|2026-03-30|2026-03-31|2026-04-01|2026-04-02|2026-04-06|2026-04-07|2026-04-08|2026-04-09|2026-04-10|2026-04-13|2026-04-14|2026-04-15,2026-04-15 22:54:33,0.0
AMC Networks,,2026-03-04|2026-03-05|2026-03-06|2026-03-09|2026-03-10|2026-03-11|2026-03-12|2026-03-13|2026-03-16|2026-03-17|2026-03-18|2026-03-19|2026-03-20|2026-03-23|2026-03-24|2026-03-25|2026-03-26|2026-03-27|2026-03-30|2026-03-31|2026-04-01|2026-04-02|2026-04-06|2026-04-07|2026-04-08|2026-04-09|2026-04-10|2026-04-13|2026-04-14|2026-04-15,2026-04-15 22:54:33,0.0
SBA Communications,,2026-03-04|2026-03-05|2026-03-06|2026-03-09|2026-03-10|2026-03-11|2026-03-12|2026-03-13|2026-03-16|2026-03-17|2026-03-18|2026-03-19|2026-03-20|2026-03-23|2026-03-24|2026-03-25|2026-03-26|2026-03-27|2026-03-30|2026-03-31|2026-04-01|2026-04-02|2026-04-06|2026-04-07|2026-04-08|2026-04-09|2026-04-10|2026-04-13|2026-04-14|2026-04-15,2026-04-15 22:54:33,0.0
Americold Realty Trust,,2026-03-04|2026-03-05|2026-03-06|2026-03-09|2026-03-10|2026-03-11|2026-03-12|2026-03-13|2026-03-16|2026-03-17|2026-03-18|2026-03-19|2026-03-20|2026-03-23|2026-03-24|2026-03-25|2026-03-26|2026-03-27|2026-03-30|2026-03-31|2026-04-01|2026-04-02|2026-04-06|2026-04-07|2026-04-08|2026-04-09|2026-04-10|2026-04-13|2026-04-14|2026-04-15,2026-04-15 22:54:33,0.0
NewMarket Corporation,,2026-03-04|2026-03-05|2026-03-06|2026-03-09|2026-03-10|2026-03-11|2026-03-12|2026-03-13|2026-03-16|2026-03-17|2026-03-18|2026-03-19|2026-03-20|2026-03-23|2026-03-24|2026-03-25|2026-03-26|2026-03-27|2026-03-30|2026-03-31|2026-04-01|2026-04-02|2026-04-06|2026-04-07|2026-04-08|2026-04-09|2026-04-10|2026-04-13|2026-04-14|2026-04-15,2026-04-15 22:54:33,0.0
Park Hotels & Resorts,,2026-03-04|2026-03-05|2026-03-06|2026-03-09|2026-03-10|2026-03-11|2026-03-12|2026-03-13|2026-03-16|2026-03-17|2026-03-18|2026-03-19|2026-03-20|2026-03-23|2026-03-24|2026-03-25|2026-03-26|2026-03-27|2026-03-30|2026-03-31|2026-04-01|2026-04-02|2026-04-06|2026-04-07|2026-04-08|2026-04-09|2026-04-10|2026-04-13|2026-04-14|2026-04-15,2026-04-15 22:54:33,0.0
Alexandria Real Estate Equities,,2026-03-04|2026-03-05|2026-03-06|2026-03-09|2026-03-10|2026-03-11|2026-03-12|2026-03-13|2026-03-16|2026-03-17|2026-03-18|2026-03-19|2026-03-20|2026-03-23|2026-03-24|2026-03-25|2026-03-26|2026-03-27|2026-03-30|2026-03-31|2026-04-01|2026-04-02|2026-04-06|2026-04-07|2026-04-08|2026-04-09|2026-04-10|2026-04-13|2026-04-14|2026-04-15,2026-04-15 22:54:33,0.0
Griffon Corporation,,2026-03-04|2026-03-05|2026-03-06|2026-03-09|2026-03-10|2026-03-11|2026-03-12|2026-03-13|2026-03-16|2026-03-17|2026-03-18|2026-03-19|2026-03-20|2026-03-23|2026-03-24|2026-03-25|2026-03-26|2026-03-27|2026-03-30|2026-03-31|2026-04-01|2026-04-02|2026-04-06|2026-04-07|2026-04-08|2026-04-09|2026-04-10|2026-04-13|2026-04-14|2026-04-15,2026-04-15 22:54:33,0.0
Air Lease,,2026-02-25|2026-02-26|2026-02-27|2026-03-02|2026-03-03|2026-03-04|2026-03-05|2026-03-06|2026-03-09|2026-03-10|2026-03-11|2026-03-12|2026-03-13|2026-03-16|2026-03-17|2026-03-18|2026-03-19|2026-03-20|2026-03-23|2026-03-24|2026-03-25|2026-03-26|2026-03-27|2026-03-30|2026-03-31|2026-04-01|2026-04-02|2026-04-06|2026-04-07|2026-04-08,2026-04-15 22:54:33,0.0
UL Solutions,,2026-03-04|2026-03-05|2026-03-06|2026-03-09|2026-03-10|2026-03-11|2026-03-12|2026-03-13|2026-03-16|2026-03-17|2026-03-18|2026-03-19|2026-03-20|2026-03-23|2026-03-24|2026-03-25|2026-03-26|2026-03-27|2026-03-30|2026-03-31|2026-04-01|2026-04-02|2026-04-06|2026-04-07|2026-04-08|2026-04-09|2026-04-10|2026-04-13|2026-04-14|2026-04-15,2026-04-15 22:54:33,0.0
Teradyne,,2026-03-04|2026-03-05|2026-03-06|2026-03-09|2026-03-10|2026-03-11|2026-03-12|2026-03-13|2026-03-16|2026-03-17|2026-03-18|2026-03-19|2026-03-20|2026-03-23|2026-03-24|2026-03-25|2026-03-26|2026-03-27|2026-03-30|2026-03-31|2026-04-01|2026-04-02|2026-04-06|2026-04-07|2026-04-08|2026-04-09|2026-04-10|2026-04-13|2026-04-14|2026-04-15,2026-04-15 22:54:33,0.0
OGE Energy,,2026-03-04|2026-03-05|2026-03-06|2026-03-09|2026-03-10|2026-03-11|2026-03-12|2026-03-13|2026-03-16|2026-03-17|2026-03-18|2026-03-19|2026-03-20|2026-03-23|2026-03-24|2026-03-25|2026-03-26|2026-03-27|2026-03-30|2026-03-31|2026-04-01|2026-04-02|2026-04-06|2026-04-07|2026-04-08|2026-04-09|2026-04-10|2026-04-13|2026-04-14|2026-04-15,2026-04-15 22:54:33,0.0
Bio-Rad Laboratories,,2026-03-04|2026-03-05|2026-03-06|2026-03-09|2026-03-10|2026-03-11|2026-03-12|2026-03-13|2026-03-16|2026-03-17|2026-03-18|2026-03-19|2026-03-20|2026-03-23|2026-03-24|2026-03-25|2026-03-26|2026-03-27|2026-03-30|2026-03-31|2026-04-01|2026-04-02|2026-04-06|2026-04-07|2026-04-08|2026-04-09|2026-04-10|2026-04-13|2026-04-14|2026-04-15,2026-04-15 22:54:33,0.0
Spire Inc,,2026-03-04|2026-03-05|2026-03-06|2026-03-09|2026-03-10|2026-03-11|2026-03-12|2026-03-13|2026-03-16|2026-03-17|2026-03-18|2026-03-19|2026-03-20|2026-03-23|2026-03-24|2026-03-25|2026-03-26|2026-03-27|2026-03-30|2026-03-31|2026-04-01|2026-04-02|2026-04-06|2026-04-07|2026-04-08|2026-04-09|2026-04-10|2026-04-13|2026-04-14|2026-04-15,2026-04-15 22:54:33,0.0
Cullen Frost Bankers,,2026-03-04|2026-03-05|2026-03-06|2026-03-09|2026-03-10|2026-03-11|2026-03-12|2026-03-13|2026-03-16|2026-03-17|2026-03-18|2026-03-19|2026-03-20|2026-03-23|2026-03-24|2026-03-25|2026-03-26|2026-03-27|2026-03-30|2026-03-31|2026-04-01|2026-04-02|2026-04-06|2026-04-07|2026-04-08|2026-04-09|2026-04-10|2026-04-13|2026-04-14|2026-04-15,2026-04-15 22:54:33,0.0
Extra Space Storage,,2026-03-04|2026-03-05|2026-03-06|2026-03-09|2026-03-10|2026-03-11|2026-03-12|2026-03-13|2026-03-16|2026-03-17|2026-03-18|2026-03-19|2026-03-20|2026-03-23|2026-03-24|2026-03-25|2026-03-26|2026-03-27|2026-03-30|2026-03-31|2026-04-01|2026-04-02|2026-04-06|2026-04-07|2026-04-08|2026-04-09|2026-04-10|2026-04-13|2026-04-14|2026-04-15,2026-04-15 22:54:33,0.0
ProFrac Holding,,2026-03-04|2026-03-05|2026-03-06|2026-03-09|2026-03-10|2026-03-11|2026-03-12|2026-03-13|2026-03-16|2026-03-17|2026-03-18|2026-03-19|2026-03-20|2026-03-23|2026-03-24|2026-03-25|2026-03-26|2026-03-27|2026-03-30|2026-03-31|2026-04-01|2026-04-02|2026-04-06|2026-04-07|2026-04-08|2026-04-09|2026-04-10|2026-04-13|2026-04-14|2026-04-15,2026-04-15 22:54:33,0.0
Nordson,,2026-03-04|2026-03-05|2026-03-06|2026-03-09|2026-03-10|2026-03-11|2026-03-12|2026-03-13|2026-03-16|2026-03-17|2026-03-18|2026-03-19|2026-03-20|2026-03-23|2026-03-24|2026-03-25|2026-03-26|2026-03-27|2026-03-30|2026-03-31|2026-04-01|2026-04-02|2026-04-06|2026-04-07|2026-04-08|2026-04-09|2026-04-10|2026-04-13|2026-04-14|2026-04-15,2026-04-15 22:54:33,0.0
Valvoline Inc,,2026-03-04|2026-03-05|2026-03-06|2026-03-09|2026-03-10|2026-03-11|2026-03-12|2026-03-13|2026-03-16|2026-03-17|2026-03-18|2026-03-19|2026-03-20|2026-03-23|2026-03-24|2026-03-25|2026-03-26|2026-03-27|2026-03-30|2026-03-31|2026-04-01|2026-04-02|2026-04-06|2026-04-07|2026-04-08|2026-04-09|2026-04-10|2026-04-13|2026-04-14|2026-04-15,2026-04-15 22:54:33,0.0
Kontoor Brands,,2026-03-04|2026-03-05|2026-03-06|2026-03-09|2026-03-10|2026-03-11|2026-03-12|2026-03-13|2026-03-16|2026-03-17|2026-03-18|2026-03-19|2026-03-20|2026-03-23|2026-03-24|2026-03-25|2026-03-26|2026-03-27|2026-03-30|2026-03-31|2026-04-01|2026-04-02|2026-04-06|2026-04-07|2026-04-08|2026-04-09|2026-04-10|2026-04-13|2026-04-14|2026-04-15,2026-04-15 22:54:33,0.0
Skyline Champion,,2026-03-04|2026-03-05|2026-03-06|2026-03-09|2026-03-10|2026-03-11|2026-03-12|2026-03-13|2026-03-16|2026-03-17|2026-03-18|2026-03-19|2026-03-20|2026-03-23|2026-03-24|2026-03-25|2026-03-26|2026-03-27|2026-03-30|2026-03-31|2026-04-01|2026-04-02|2026-04-06|2026-04-07|2026-04-08|2026-04-09|2026-04-10|2026-04-13|2026-04-14|2026-04-15,2026-04-15 22:54:33,0.0
Teladoc Health,,2026-03-04|2026-03-05|2026-03-06|2026-03-09|2026-03-10|2026-03-11|2026-03-12|2026-03-13|2026-03-16|2026-03-17|2026-03-18|2026-03-19|2026-03-20|2026-03-23|2026-03-24|2026-03-25|2026-03-26|2026-03-27|2026-03-30|2026-03-31|2026-04-01|2026-04-02|2026-04-06|2026-04-07|2026-04-08|2026-04-09|2026-04-10|2026-04-13|2026-04-14|2026-04-15,2026-04-15 22:54:33,0.0
Louisiana-Pacific Corporation,,2026-03-04|2026-03-05|2026-03-06|2026-03-09|2026-03-10|2026-03-11|2026-03-12|2026-03-13|2026-03-16|2026-03-17|2026-03-18|2026-03-19|2026-03-20|2026-03-23|2026-03-24|2026-03-25|2026-03-26|2026-03-27|2026-03-30|2026-03-31|2026-04-01|2026-04-02|2026-04-06|2026-04-07|2026-04-08|2026-04-09|2026-04-10|2026-04-13|2026-04-14|2026-04-15,2026-04-15 22:54:33,0.0
Universal Corporation,,2026-03-04|2026-03-05|2026-03-06|2026-03-09|2026-03-10|2026-03-11|2026-03-12|2026-03-13|2026-03-16|2026-03-17|2026-03-18|2026-03-19|2026-03-20|2026-03-23|2026-03-24|2026-03-25|2026-03-26|2026-03-27|2026-03-30|2026-03-31|2026-04-01|2026-04-02|2026-04-06|2026-04-07|2026-04-08|2026-04-09|2026-04-10|2026-04-13|2026-04-14|2026-04-15,2026-04-15 22:54:33,0.0
Playtika Holding,,2026-03-04|2026-03-05|2026-03-06|2026-03-09|2026-03-10|2026-03-11|2026-03-12|2026-03-13|2026-03-16|2026-03-17|2026-03-18|2026-03-19|2026-03-20|2026-03-23|2026-03-24|2026-03-25|2026-03-26|2026-03-27|2026-03-30|2026-03-31|2026-04-01|2026-04-02|2026-04-06|2026-04-07|2026-04-08|2026-04-09|2026-04-10|2026-04-13|2026-04-14|2026-04-15,2026-04-15 22:54:33,0.0
Alliance Resource Partners,,2026-03-04|2026-03-05|2026-03-06|2026-03-09|2026-03-10|2026-03-11|2026-03-12|2026-03-13|2026-03-16|2026-03-17|2026-03-18|2026-03-19|2026-03-20|2026-03-23|2026-03-24|2026-03-25|2026-03-26|2026-03-27|2026-03-30|2026-03-31|2026-04-01|2026-04-02|2026-04-06|2026-04-07|2026-04-08|2026-04-09|2026-04-10|2026-04-13|2026-04-14|2026-04-15,2026-04-15 22:54:33,0.0
Envista,,2026-03-04|2026-03-05|2026-03-06|2026-03-09|2026-03-10|2026-03-11|2026-03-12|2026-03-13|2026-03-16|2026-03-17|2026-03-18|2026-03-19|2026-03-20|2026-03-23|2026-03-24|2026-03-25|2026-03-26|2026-03-27|2026-03-30|2026-03-31|2026-04-01|2026-04-02|2026-04-06|2026-04-07|2026-04-08|2026-04-09|2026-04-10|2026-04-13|2026-04-14|2026-04-15,2026-04-15 22:54:33,0.0
Shift4 Payments,,2026-03-04|2026-03-05|2026-03-06|2026-03-09|2026-03-10|2026-03-11|2026-03-12|2026-03-13|2026-03-16|2026-03-17|2026-03-18|2026-03-19|2026-03-20|2026-03-23|2026-03-24|2026-03-25|2026-03-26|2026-03-27|2026-03-30|2026-03-31|2026-04-01|2026-04-02|2026-04-06|2026-04-07|2026-04-08|2026-04-09|2026-04-10|2026-04-13|2026-04-14|2026-04-15,2026-04-15 22:54:33,0.0
Talen Energy,,2026-03-03|2026-03-04|2026-03-05|2026-03-06|2026-03-09|2026-03-10|2026-03-11|2026-03-12|2026-03-13|2026-03-16|2026-03-17|2026-03-18|2026-03-19|2026-03-20|2026-03-23|2026-03-24|2026-03-25|2026-03-26|2026-03-27|2026-03-30|2026-03-31|2026-04-01|2026-04-02|2026-04-06|2026-04-07|2026-04-08|2026-04-09|2026-04-10|2026-04-13|2026-04-14,2026-04-15 22:54:33,0.0
Carpenter Technology,,2026-03-04|2026-03-05|2026-03-06|2026-03-09|2026-03-10|2026-03-11|2026-03-12|2026-03-13|2026-03-16|2026-03-17|2026-03-18|2026-03-19|2026-03-20|2026-03-23|2026-03-24|2026-03-25|2026-03-26|2026-03-27|2026-03-30|2026-03-31|2026-04-01|2026-04-02|2026-04-06|2026-04-07|2026-04-08|2026-04-09|2026-04-10|2026-04-13|2026-04-14|2026-04-15,2026-04-15 22:54:33,0.0
WEX,,2026-03-04|2026-03-05|2026-03-06|2026-03-09|2026-03-10|2026-03-11|2026-03-12|2026-03-13|2026-03-16|2026-03-17|2026-03-18|2026-03-19|2026-03-20|2026-03-23|2026-03-24|2026-03-25|2026-03-26|2026-03-27|2026-03-30|2026-03-31|2026-04-01|2026-04-02|2026-04-06|2026-04-07|2026-04-08|2026-04-09|2026-04-10|2026-04-13|2026-04-14|2026-04-15,2026-04-15 22:54:33,0.0
Old National Bancorp,,2026-03-04|2026-03-05|2026-03-06|2026-03-09|2026-03-10|2026-03-11|2026-03-12|2026-03-13|2026-03-16|2026-03-17|2026-03-18|2026-03-19|2026-03-20|2026-03-23|2026-03-24|2026-03-25|2026-03-26|2026-03-27|2026-03-30|2026-03-31|2026-04-01|2026-04-02|2026-04-06|2026-04-07|2026-04-08|2026-04-09|2026-04-10|2026-04-13|2026-04-14|2026-04-15,2026-04-15 22:54:33,0.0
AGNC Investment,,2026-03-04|2026-03-05|2026-03-06|2026-03-09|2026-03-10|2026-03-11|2026-03-12|2026-03-13|2026-03-16|2026-03-17|2026-03-18|2026-03-19|2026-03-20|2026-03-23|2026-03-24|2026-03-25|2026-03-26|2026-03-27|2026-03-30|2026-03-31|2026-04-01|2026-04-02|2026-04-06|2026-04-07|2026-04-08|2026-04-09|2026-04-10|2026-04-13|2026-04-14|2026-04-15,2026-04-15 22:54:33,0.0
Wabash National,,2026-03-04|2026-03-05|2026-03-06|2026-03-09|2026-03-10|2026-03-11|2026-03-12|2026-03-13|2026-03-16|2026-03-17|2026-03-18|2026-03-19|2026-03-20|2026-03-23|2026-03-24|2026-03-25|2026-03-26|2026-03-27|2026-03-30|2026-03-31|2026-04-01|2026-04-02|2026-04-06|2026-04-07|2026-04-08|2026-04-09|2026-04-10|2026-04-13|2026-04-14|2026-04-15,2026-04-15 22:54:33,0.0
MSCI,,2026-03-04|2026-03-05|2026-03-06|2026-03-09|2026-03-10|2026-03-11|2026-03-12|2026-03-13|2026-03-16|2026-03-17|2026-03-18|2026-03-19|2026-03-20|2026-03-23|2026-03-24|2026-03-25|2026-03-26|2026-03-27|2026-03-30|2026-03-31|2026-04-01|2026-04-02|2026-04-06|2026-04-07|2026-04-08|2026-04-09|2026-04-10|2026-04-13|2026-04-14|2026-04-15,2026-04-15 22:54:33,0.0
Stagwell,,2026-03-04|2026-03-05|2026-03-06|2026-03-09|2026-03-10|2026-03-11|2026-03-12|2026-03-13|2026-03-16|2026-03-17|2026-03-18|2026-03-19|2026-03-20|2026-03-23|2026-03-24|2026-03-25|2026-03-26|2026-03-27|2026-03-30|2026-03-31|2026-04-01|2026-04-02|2026-04-06|2026-04-07|2026-04-08|2026-04-09|2026-04-10|2026-04-13|2026-04-14|2026-04-15,2026-04-15 22:54:33,0.0
Mativ,,2026-03-04|2026-03-05|2026-03-06|2026-03-09|2026-03-10|2026-03-11|2026-03-12|2026-03-13|2026-03-16|2026-03-17|2026-03-18|2026-03-19|2026-03-20|2026-03-23|2026-03-24|2026-03-25|2026-03-26|2026-03-27|2026-03-30|2026-03-31|2026-04-01|2026-04-02|2026-04-06|2026-04-07|2026-04-08|2026-04-09|2026-04-10|2026-04-13|2026-04-14|2026-04-15,2026-04-15 22:54:33,0.0
Belden,,2026-03-04|2026-03-05|2026-03-06|2026-03-09|2026-03-10|2026-03-11|2026-03-12|2026-03-13|2026-03-16|2026-03-17|2026-03-18|2026-03-19|2026-03-20|2026-03-23|2026-03-24|2026-03-25|2026-03-26|2026-03-27|2026-03-30|2026-03-31|2026-04-01|2026-04-02|2026-04-06|2026-04-07|2026-04-08|2026-04-09|2026-04-10|2026-04-13|2026-04-14|2026-04-15,2026-04-15 22:54:33,0.0
Allegiant Travel Company,,2026-03-04|2026-03-05|2026-03-06|2026-03-09|2026-03-10|2026-03-11|2026-03-12|2026-03-13|2026-03-16|2026-03-17|2026-03-18|2026-03-19|2026-03-20|2026-03-23|2026-03-24|2026-03-25|2026-03-26|2026-03-27|2026-03-30|2026-03-31|2026-04-01|2026-04-02|2026-04-06|2026-04-07|2026-04-08|2026-04-09|2026-04-10|2026-04-13|2026-04-14|2026-04-15,2026-04-15 22:54:33,0.0
Dropbox,,2026-03-04|2026-03-05|2026-03-06|2026-03-09|2026-03-10|2026-03-11|2026-03-12|2026-03-13|2026-03-16|2026-03-17|2026-03-18|2026-03-19|2026-03-20|2026-03-23|2026-03-24|2026-03-25|2026-03-26|2026-03-27|2026-03-30|2026-03-31|2026-04-01|2026-04-02|2026-04-06|2026-04-07|2026-04-08|2026-04-09|2026-04-10|2026-04-13|2026-04-14|2026-04-15,2026-04-15 22:54:33,0.0
Exact Sciences,,2026-02-09|2026-02-10|2026-02-11|2026-02-12|2026-02-13|2026-02-17|2026-02-18|2026-02-19|2026-02-20|2026-02-23|2026-02-24|2026-02-25|2026-02-26|2026-02-27|2026-03-02|2026-03-03|2026-03-04|2026-03-05|2026-03-06|2026-03-09|2026-03-10|2026-03-11|2026-03-12|2026-03-13|2026-03-16|2026-03-17|2026-03-18|2026-03-19|2026-03-20|2026-03-23,2026-04-15 22:54:33,0.0
BWX Technologies,,2026-03-04|2026-03-05|2026-03-06|2026-03-09|2026-03-10|2026-03-11|2026-03-12|2026-03-13|2026-03-16|2026-03-17|2026-03-18|2026-03-19|2026-03-20|2026-03-23|2026-03-24|2026-03-25|2026-03-26|2026-03-27|2026-03-30|2026-03-31|2026-04-01|2026-04-02|2026-04-06|2026-04-07|2026-04-08|2026-04-09|2026-04-10|2026-04-13|2026-04-14|2026-04-15,2026-04-15 22:54:33,0.0
Clear Channel Outdoor Hldgs,,2026-03-04|2026-03-05|2026-03-06|2026-03-09|2026-03-10|2026-03-11|2026-03-12|2026-03-13|2026-03-16|2026-03-17|2026-03-18|2026-03-19|2026-03-20|2026-03-23|2026-03-24|2026-03-25|2026-03-26|2026-03-27|2026-03-30|2026-03-31|2026-04-01|2026-04-02|2026-04-06|2026-04-07|2026-04-08|2026-04-09|2026-04-10|2026-04-13|2026-04-14|2026-04-15,2026-04-15 22:54:33,0.0
