company,trends_history,date_history,last_updated,avg_interest
Walmart,82|84|81|77|77|84|73|72|80|80|74|71|81|76|80|64|77|77|78|80|77|74|77|77|85|79|80|80|82|81,2026-08-28|2026-08-31|2026-09-01|2026-09-02|2026-09-03|2026-09-04|2026-09-08|2026-09-09|2026-09-10|2026-09-11|2026-09-14|2026-09-15|2026-09-16|2026-09-17|2026-09-18|2026-09-21|2026-09-22|2026-09-23|2026-09-24|2026-09-25|2026-09-28|2026-09-29|2026-09-30|2026-10-01|2026-10-02|2026-10-05|2026-10-06|2026-10-07|2026-10-08|2026-10-09,2026-10-10 01:37:55,78.0
Amazon,69|77|74|76|71|70|73|75|72|68|69|70|73|68|69|69|72|70|71|68|72|71|71|74|77|82|100|99|86|76,2026-08-28|2026-08-31|2026-09-01|2026-09-02|2026-09-03|2026-09-04|2026-09-08|2026-09-09|2026-09-10|2026-09-11|2026-09-14|2026-09-15|2026-09-16|2026-09-17|2026-09-18|2026-09-21|2026-09-22|2026-09-23|2026-09-24|2026-09-25|2026-09-28|2026-09-29|2026-09-30|2026-10-01|2026-10-02|2026-10-05|2026-10-06|2026-10-07|2026-10-08|2026-10-09,2026-10-10 01:37:58,74.4
UnitedHealth,38|37|47|45|41|32|34|41|38|33|50|42|47|53|26|72|47|41|32|37|34|37|38|47|84|46|53|55|48|33,2026-08-28|2026-08-31|2026-09-01|2026-09-02|2026-09-03|2026-09-04|2026-09-08|2026-09-09|2026-09-10|2026-09-11|2026-09-14|2026-09-15|2026-09-16|2026-09-17|2026-09-18|2026-09-21|2026-09-22|2026-09-23|2026-09-24|2026-09-25|2026-09-28|2026-09-29|2026-09-30|2026-10-01|2026-10-02|2026-10-05|2026-10-06|2026-10-07|2026-10-08|2026-10-09,2026-10-10 01:38:01,43.6
Apple,49|50|51|52|50|52|53|100|75|64|56|57|56|57|60|55|60|57|56|54|51|50|53|51|55|53|51|53|50|51,2026-08-28|2026-08-31|2026-09-01|2026-09-02|2026-09-03|2026-09-04|2026-09-08|2026-09-09|2026-09-10|2026-09-11|2026-09-14|2026-09-15|2026-09-16|2026-09-17|2026-09-18|2026-09-21|2026-09-22|2026-09-23|2026-09-24|2026-09-25|2026-09-28|2026-09-29|2026-09-30|2026-10-01|2026-10-02|2026-10-05|2026-10-06|2026-10-07|2026-10-08|2026-10-09,2026-10-10 01:38:05,56.1
CVS Health,74|76|85|100|88|67|79|78|82|83|74|73|78|66|65|83|83|86|76|59|78|73|73|75|68|78|77|78|72|64,2026-08-28|2026-08-31|2026-09-01|2026-09-02|2026-09-03|2026-09-04|2026-09-08|2026-09-09|2026-09-10|2026-09-11|2026-09-14|2026-09-15|2026-09-16|2026-09-17|2026-09-18|2026-09-21|2026-09-22|2026-09-23|2026-09-24|2026-09-25|2026-09-28|2026-09-29|2026-09-30|2026-10-01|2026-10-02|2026-10-05|2026-10-06|2026-10-07|2026-10-08|2026-10-09,2026-10-10 01:38:08,76.4
Alphabet,80|87|80|88|92|80|84|89|98|89|89|87|88|92|82|100|92|84|87|78|78|80|82|80|77|80|78|83|81|77,2026-08-28|2026-08-31|2026-09-01|2026-09-02|2026-09-03|2026-09-04|2026-09-08|2026-09-09|2026-09-10|2026-09-11|2026-09-14|2026-09-15|2026-09-16|2026-09-17|2026-09-18|2026-09-21|2026-09-22|2026-09-23|2026-09-24|2026-09-25|2026-09-28|2026-09-29|2026-09-30|2026-10-01|2026-10-02|2026-10-05|2026-10-06|2026-10-07|2026-10-08|2026-10-09,2026-10-10 01:38:11,84.7
Exxon Mobil,47|64|50|53|61|54|53|60|56|56|70|67|66|60|67|86|61|52|42|39|43|43|47|43|43|43|46|42|45|41,2026-08-28|2026-08-31|2026-09-01|2026-09-02|2026-09-03|2026-09-04|2026-09-08|2026-09-09|2026-09-10|2026-09-11|2026-09-14|2026-09-15|2026-09-16|2026-09-17|2026-09-18|2026-09-21|2026-09-22|2026-09-23|2026-09-24|2026-09-25|2026-09-28|2026-09-29|2026-09-30|2026-10-01|2026-10-02|2026-10-05|2026-10-06|2026-10-07|2026-10-08|2026-10-09,2026-10-10 01:38:14,53.3
McKesson,75|100|94|74|76|52|66|75|76|56|59|60|58|61|53|73|66|66|62|48|57|59|55|63|62|62|79|69|67|53,2026-08-28|2026-08-31|2026-09-01|2026-09-02|2026-09-03|2026-09-04|2026-09-08|2026-09-09|2026-09-10|2026-09-11|2026-09-14|2026-09-15|2026-09-16|2026-09-17|2026-09-18|2026-09-21|2026-09-22|2026-09-23|2026-09-24|2026-09-25|2026-09-28|2026-09-29|2026-09-30|2026-10-01|2026-10-02|2026-10-05|2026-10-06|2026-10-07|2026-10-08|2026-10-09,2026-10-10 01:38:17,65.9
Cencora,75|78|67|85|74|73|80|70|68|56|65|73|59|75|61|100|53|82|65|83|67|72|76|75|65|67|71|74|78|57,2026-08-28|2026-08-31|2026-09-01|2026-09-02|2026-09-03|2026-09-04|2026-09-08|2026-09-09|2026-09-10|2026-09-11|2026-09-14|2026-09-15|2026-09-16|2026-09-17|2026-09-18|2026-09-21|2026-09-22|2026-09-23|2026-09-24|2026-09-25|2026-09-28|2026-09-29|2026-09-30|2026-10-01|2026-10-02|2026-10-05|2026-10-06|2026-10-07|2026-10-08|2026-10-09,2026-10-10 01:38:21,71.5
JPMorgan Chase,91|68|87|83|74|64|83|66|82|64|65|98|83|82|54|80|87|73|100|66|69|77|72|76|71|71|80|74|70|67,2026-08-28|2026-08-31|2026-09-01|2026-09-02|2026-09-03|2026-09-04|2026-09-08|2026-09-09|2026-09-10|2026-09-11|2026-09-14|2026-09-15|2026-09-16|2026-09-17|2026-09-18|2026-09-21|2026-09-22|2026-09-23|2026-09-24|2026-09-25|2026-09-28|2026-09-29|2026-09-30|2026-10-01|2026-10-02|2026-10-05|2026-10-06|2026-10-07|2026-10-08|2026-10-09,2026-10-10 01:38:24,75.9
Costco,62|64|61|64|61|72|61|57|57|60|67|61|67|65|63|51|60|60|59|64|60|59|59|59|63|63|61|61|61|61,2026-08-28|2026-08-31|2026-09-01|2026-09-02|2026-09-03|2026-09-04|2026-09-08|2026-09-09|2026-09-10|2026-09-11|2026-09-14|2026-09-15|2026-09-16|2026-09-17|2026-09-18|2026-09-21|2026-09-22|2026-09-23|2026-09-24|2026-09-25|2026-09-28|2026-09-29|2026-09-30|2026-10-01|2026-10-02|2026-10-05|2026-10-06|2026-10-07|2026-10-08|2026-10-09,2026-10-10 01:38:28,61.4
Cigna,69|92|94|95|85|67|88|88|89|69|79|82|71|70|62|93|91|83|76|64|83|90|93|92|80|97|100|93|93|77,2026-08-28|2026-08-31|2026-09-01|2026-09-02|2026-09-03|2026-09-04|2026-09-08|2026-09-09|2026-09-10|2026-09-11|2026-09-14|2026-09-15|2026-09-16|2026-09-17|2026-09-18|2026-09-21|2026-09-22|2026-09-23|2026-09-24|2026-09-25|2026-09-28|2026-09-29|2026-09-30|2026-10-01|2026-10-02|2026-10-05|2026-10-06|2026-10-07|2026-10-08|2026-10-09,2026-10-10 01:38:31,83.5
Microsoft,68|100|87|82|73|63|71|77|75|63|71|71|71|71|60|77|78|67|66|61|67|70|71|67|61|71|71|70|78|61,2026-08-28|2026-08-31|2026-09-01|2026-09-02|2026-09-03|2026-09-04|2026-09-08|2026-09-09|2026-09-10|2026-09-11|2026-09-14|2026-09-15|2026-09-16|2026-09-17|2026-09-18|2026-09-21|2026-09-22|2026-09-23|2026-09-24|2026-09-25|2026-09-28|2026-09-29|2026-09-30|2026-10-01|2026-10-02|2026-10-05|2026-10-06|2026-10-07|2026-10-08|2026-10-09,2026-10-10 01:38:34,71.3
Cardinal Health,78|81|80|81|89|65|73|81|94|79|78|88|78|76|75|99|100|94|96|80|80|77|81|81|68|80|79|82|84|69,2026-08-28|2026-08-31|2026-09-01|2026-09-02|2026-09-03|2026-09-04|2026-09-08|2026-09-09|2026-09-10|2026-09-11|2026-09-14|2026-09-15|2026-09-16|2026-09-17|2026-09-18|2026-09-21|2026-09-22|2026-09-23|2026-09-24|2026-09-25|2026-09-28|2026-09-29|2026-09-30|2026-10-01|2026-10-02|2026-10-05|2026-10-06|2026-10-07|2026-10-08|2026-10-09,2026-10-10 01:39:10,81.5
Chevron,74|86|76|100|83|77|76|73|74|80|72|81|73|73|80|70|82|76|75|70|78|75|77|72|74|75|74|77|77|70,2026-08-28|2026-08-31|2026-09-01|2026-09-02|2026-09-03|2026-09-04|2026-09-08|2026-09-09|2026-09-10|2026-09-11|2026-09-14|2026-09-15|2026-09-16|2026-09-17|2026-09-18|2026-09-21|2026-09-22|2026-09-23|2026-09-24|2026-09-25|2026-09-28|2026-09-29|2026-09-30|2026-10-01|2026-10-02|2026-10-05|2026-10-06|2026-10-07|2026-10-08|2026-10-09,2026-10-10 01:39:14,76.7
Bank of America,66|67|100|88|74|71|59|59|59|58|58|55|52|46|51|55|48|51|48|55|55|53|60|68|73|68|64|58|62|63,2026-08-28|2026-08-31|2026-09-01|2026-09-02|2026-09-03|2026-09-04|2026-09-08|2026-09-09|2026-09-10|2026-09-11|2026-09-14|2026-09-15|2026-09-16|2026-09-17|2026-09-18|2026-09-21|2026-09-22|2026-09-23|2026-09-24|2026-09-25|2026-09-28|2026-09-29|2026-09-30|2026-10-01|2026-10-02|2026-10-05|2026-10-06|2026-10-07|2026-10-08|2026-10-09,2026-10-10 01:39:17,61.5
General Motors,63|94|100|77|56|54|65|63|64|56|59|62|65|67|55|66|78|51|64|49|62|62|67|80|55|66|60|51|56|73,2026-08-28|2026-08-31|2026-09-01|2026-09-02|2026-09-03|2026-09-04|2026-09-08|2026-09-09|2026-09-10|2026-09-11|2026-09-14|2026-09-15|2026-09-16|2026-09-17|2026-09-18|2026-09-21|2026-09-22|2026-09-23|2026-09-24|2026-09-25|2026-09-28|2026-09-29|2026-09-30|2026-10-01|2026-10-02|2026-10-05|2026-10-06|2026-10-07|2026-10-08|2026-10-09,2026-10-10 01:39:21,64.7
Ford Motor,89|100|87|93|88|86|87|81|84|88|96|91|92|92|83|97|92|96|89|81|86|84|90|88|86|87|81|86|83|76,2026-08-28|2026-08-31|2026-09-01|2026-09-02|2026-09-03|2026-09-04|2026-09-08|2026-09-09|2026-09-10|2026-09-11|2026-09-14|2026-09-15|2026-09-16|2026-09-17|2026-09-18|2026-09-21|2026-09-22|2026-09-23|2026-09-24|2026-09-25|2026-09-28|2026-09-29|2026-09-30|2026-10-01|2026-10-02|2026-10-05|2026-10-06|2026-10-07|2026-10-08|2026-10-09,2026-10-10 01:39:25,88.0
Elevance Health,57|74|86|91|76|71|71|84|87|71|89|76|94|61|71|77|94|100|71|67|79|90|78|73|66|80|79|80|75|65,2026-08-28|2026-08-31|2026-09-01|2026-09-02|2026-09-03|2026-09-04|2026-09-08|2026-09-09|2026-09-10|2026-09-11|2026-09-14|2026-09-15|2026-09-16|2026-09-17|2026-09-18|2026-09-21|2026-09-22|2026-09-23|2026-09-24|2026-09-25|2026-09-28|2026-09-29|2026-09-30|2026-10-01|2026-10-02|2026-10-05|2026-10-06|2026-10-07|2026-10-08|2026-10-09,2026-10-10 01:39:28,77.8
Citigroup,40|42|41|36|45|45|45|50|37|35|50|50|47|56|77|83|42|51|25|24|32|31|39|56|38|37|34|37|27|26,2026-08-28|2026-08-31|2026-09-01|2026-09-02|2026-09-03|2026-09-04|2026-09-08|2026-09-09|2026-09-10|2026-09-11|2026-09-14|2026-09-15|2026-09-16|2026-09-17|2026-09-18|2026-09-21|2026-09-22|2026-09-23|2026-09-24|2026-09-25|2026-09-28|2026-09-29|2026-09-30|2026-10-01|2026-10-02|2026-10-05|2026-10-06|2026-10-07|2026-10-08|2026-10-09,2026-10-10 01:39:31,42.6
Meta Platforms,52|39|39|57|32|47|49|62|39|58|55|0|54|69|31|100|60|77|77|74|43|41|37|30|33|38|31|34|31|28,2026-08-28|2026-08-31|2026-09-01|2026-09-02|2026-09-03|2026-09-04|2026-09-08|2026-09-09|2026-09-10|2026-09-11|2026-09-14|2026-09-15|2026-09-16|2026-09-17|2026-09-18|2026-09-21|2026-09-22|2026-09-23|2026-09-24|2026-09-25|2026-09-28|2026-09-29|2026-09-30|2026-10-01|2026-10-02|2026-10-05|2026-10-06|2026-10-07|2026-10-08|2026-10-09,2026-10-10 01:39:34,47.2
Centene,89|76|70|87|75|89|71|90|82|76|76|80|76|76|59|100|88|85|85|73|66|75|75|73|63|73|76|94|81|61,2026-08-28|2026-08-31|2026-09-01|2026-09-02|2026-09-03|2026-09-04|2026-09-08|2026-09-09|2026-09-10|2026-09-11|2026-09-14|2026-09-15|2026-09-16|2026-09-17|2026-09-18|2026-09-21|2026-09-22|2026-09-23|2026-09-24|2026-09-25|2026-09-28|2026-09-29|2026-09-30|2026-10-01|2026-10-02|2026-10-05|2026-10-06|2026-10-07|2026-10-08|2026-10-09,2026-10-10 01:39:38,78.0
Home Depot,77|75|71|73|71|73|69|67|69|66|66|61|66|59|59|64|66|64|62|64|67|66|67|69|69|72|68|69|67|66,2026-08-28|2026-08-31|2026-09-01|2026-09-02|2026-09-03|2026-09-04|2026-09-08|2026-09-09|2026-09-10|2026-09-11|2026-09-14|2026-09-15|2026-09-16|2026-09-17|2026-09-18|2026-09-21|2026-09-22|2026-09-23|2026-09-24|2026-09-25|2026-09-28|2026-09-29|2026-09-30|2026-10-01|2026-10-02|2026-10-05|2026-10-06|2026-10-07|2026-10-08|2026-10-09,2026-10-10 01:39:42,67.4
Fannie Mae,51|48|79|63|63|54|81|74|72|60|54|69|50|67|55|100|100|82|60|63|58|82|69|63|60|58|77|62|58|54,2026-08-28|2026-08-31|2026-09-01|2026-09-02|2026-09-03|2026-09-04|2026-09-08|2026-09-09|2026-09-10|2026-09-11|2026-09-14|2026-09-15|2026-09-16|2026-09-17|2026-09-18|2026-09-21|2026-09-22|2026-09-23|2026-09-24|2026-09-25|2026-09-28|2026-09-29|2026-09-30|2026-10-01|2026-10-02|2026-10-05|2026-10-06|2026-10-07|2026-10-08|2026-10-09,2026-10-10 01:39:56,66.2
Kroger,77|73|73|69|71|78|72|71|73|74|94|84|91|99|84|59|70|73|70|70|78|75|88|85|88|76|74|79|80|82,2026-08-28|2026-08-31|2026-09-01|2026-09-02|2026-09-03|2026-09-04|2026-09-08|2026-09-09|2026-09-10|2026-09-11|2026-09-14|2026-09-15|2026-09-16|2026-09-17|2026-09-18|2026-09-21|2026-09-22|2026-09-23|2026-09-24|2026-09-25|2026-09-28|2026-09-29|2026-09-30|2026-10-01|2026-10-02|2026-10-05|2026-10-06|2026-10-07|2026-10-08|2026-10-09,2026-10-10 01:40:10,77.7
Phillips 66,67|75|67|84|80|62|89|71|74|79|98|89|88|100|71|64|86|68|82|59|65|68|73|69|63|70|69|68|69|71,2026-08-28|2026-08-31|2026-09-01|2026-09-02|2026-09-03|2026-09-04|2026-09-08|2026-09-09|2026-09-10|2026-09-11|2026-09-14|2026-09-15|2026-09-16|2026-09-17|2026-09-18|2026-09-21|2026-09-22|2026-09-23|2026-09-24|2026-09-25|2026-09-28|2026-09-29|2026-09-30|2026-10-01|2026-10-02|2026-10-05|2026-10-06|2026-10-07|2026-10-08|2026-10-09,2026-10-10 01:40:14,74.6
Marathon Petroleum,64|70|75|72|60|62|49|100|73|49|59|88|82|73|84|0|92|82|73|52|63|56|60|69|62|62|66|72|82|72,2026-08-28|2026-08-31|2026-09-01|2026-09-02|2026-09-03|2026-09-04|2026-09-08|2026-09-09|2026-09-10|2026-09-11|2026-09-14|2026-09-15|2026-09-16|2026-09-17|2026-09-18|2026-09-21|2026-09-22|2026-09-23|2026-09-24|2026-09-25|2026-09-28|2026-09-29|2026-09-30|2026-10-01|2026-10-02|2026-10-05|2026-10-06|2026-10-07|2026-10-08|2026-10-09,2026-10-10 01:40:19,67.4
Verizon,70|78|75|74|82|76|67|86|100|86|84|76|74|72|89|87|93|80|75|79|77|73|78|78|78|79|75|73|73|80,2026-08-28|2026-08-31|2026-09-01|2026-09-02|2026-09-03|2026-09-04|2026-09-08|2026-09-09|2026-09-10|2026-09-11|2026-09-14|2026-09-15|2026-09-16|2026-09-17|2026-09-18|2026-09-21|2026-09-22|2026-09-23|2026-09-24|2026-09-25|2026-09-28|2026-09-29|2026-09-30|2026-10-01|2026-10-02|2026-10-05|2026-10-06|2026-10-07|2026-10-08|2026-10-09,2026-10-10 01:40:22,78.9
Nvidia,100|72|62|76|82|73|70|61|66|60|67|65|63|65|58|70|72|58|58|55|78|71|73|65|71|75|76|70|69|68,2026-08-28|2026-08-31|2026-09-01|2026-09-02|2026-09-03|2026-09-04|2026-09-08|2026-09-09|2026-09-10|2026-09-11|2026-09-14|2026-09-15|2026-09-16|2026-09-17|2026-09-18|2026-09-21|2026-09-22|2026-09-23|2026-09-24|2026-09-25|2026-09-28|2026-09-29|2026-09-30|2026-10-01|2026-10-02|2026-10-05|2026-10-06|2026-10-07|2026-10-08|2026-10-09,2026-10-10 01:40:26,69.0
Goldman Sachs,71|72|83|83|73|66|80|73|73|69|68|68|74|76|66|77|85|74|74|62|71|83|77|74|71|71|100|74|82|61,2026-08-28|2026-08-31|2026-09-01|2026-09-02|2026-09-03|2026-09-04|2026-09-08|2026-09-09|2026-09-10|2026-09-11|2026-09-14|2026-09-15|2026-09-16|2026-09-17|2026-09-18|2026-09-21|2026-09-22|2026-09-23|2026-09-24|2026-09-25|2026-09-28|2026-09-29|2026-09-30|2026-10-01|2026-10-02|2026-10-05|2026-10-06|2026-10-07|2026-10-08|2026-10-09,2026-10-10 01:40:29,74.4
Wells Fargo,86|83|100|87|84|89|81|79|81|79|72|70|71|66|70|64|68|65|65|72|72|84|90|91|94|92|83|85|83|91,2026-08-28|2026-08-31|2026-09-01|2026-09-02|2026-09-03|2026-09-04|2026-09-08|2026-09-09|2026-09-10|2026-09-11|2026-09-14|2026-09-15|2026-09-16|2026-09-17|2026-09-18|2026-09-21|2026-09-22|2026-09-23|2026-09-24|2026-09-25|2026-09-28|2026-09-29|2026-09-30|2026-10-01|2026-10-02|2026-10-05|2026-10-06|2026-10-07|2026-10-08|2026-10-09,2026-10-10 01:40:33,79.9
Valero Energy,,2026-08-28|2026-08-31|2026-09-01|2026-09-02|2026-09-03|2026-09-04|2026-09-08|2026-09-09|2026-09-10|2026-09-11|2026-09-14|2026-09-15|2026-09-16|2026-09-17|2026-09-18|2026-09-21|2026-09-22|2026-09-23|2026-09-24|2026-09-25|2026-09-28|2026-09-29|2026-09-30|2026-10-01|2026-10-02|2026-10-05|2026-10-06|2026-10-07|2026-10-08|2026-10-09,2026-10-10 01:41:07,0.0
Comcast,,2026-08-28|2026-08-31|2026-09-01|2026-09-02|2026-09-03|2026-09-04|2026-09-08|2026-09-09|2026-09-10|2026-09-11|2026-09-14|2026-09-15|2026-09-16|2026-09-17|2026-09-18|2026-09-21|2026-09-22|2026-09-23|2026-09-24|2026-09-25|2026-09-28|2026-09-29|2026-09-30|2026-10-01|2026-10-02|2026-10-05|2026-10-06|2026-10-07|2026-10-08|2026-10-09,2026-10-10 01:41:49,0.0
AT&T,,2026-08-28|2026-08-31|2026-09-01|2026-09-02|2026-09-03|2026-09-04|2026-09-08|2026-09-09|2026-09-10|2026-09-11|2026-09-14|2026-09-15|2026-09-16|2026-09-17|2026-09-18|2026-09-21|2026-09-22|2026-09-23|2026-09-24|2026-09-25|2026-09-28|2026-09-29|2026-09-30|2026-10-01|2026-10-02|2026-10-05|2026-10-06|2026-10-07|2026-10-08|2026-10-09,2026-10-10 01:41:59,0.0
Freddie Mac,,2026-08-28|2026-08-31|2026-09-01|2026-09-02|2026-09-03|2026-09-04|2026-09-08|2026-09-09|2026-09-10|2026-09-11|2026-09-14|2026-09-15|2026-09-16|2026-09-17|2026-09-18|2026-09-21|2026-09-22|2026-09-23|2026-09-24|2026-09-25|2026-09-28|2026-09-29|2026-09-30|2026-10-01|2026-10-02|2026-10-05|2026-10-06|2026-10-07|2026-10-08|2026-10-09,2026-10-10 01:41:59,0.0
Humana,,2026-08-28|2026-08-31|2026-09-01|2026-09-02|2026-09-03|2026-09-04|2026-09-08|2026-09-09|2026-09-10|2026-09-11|2026-09-14|2026-09-15|2026-09-16|2026-09-17|2026-09-18|2026-09-21|2026-09-22|2026-09-23|2026-09-24|2026-09-25|2026-09-28|2026-09-29|2026-09-30|2026-10-01|2026-10-02|2026-10-05|2026-10-06|2026-10-07|2026-10-08|2026-10-09,2026-10-10 01:41:59,0.0
Morgan Stanley,,2026-08-28|2026-08-31|2026-09-01|2026-09-02|2026-09-03|2026-09-04|2026-09-08|2026-09-09|2026-09-10|2026-09-11|2026-09-14|2026-09-15|2026-09-16|2026-09-17|2026-09-18|2026-09-21|2026-09-22|2026-09-23|2026-09-24|2026-09-25|2026-09-28|2026-09-29|2026-09-30|2026-10-01|2026-10-02|2026-10-05|2026-10-06|2026-10-07|2026-10-08|2026-10-09,2026-10-10 01:41:59,0.0
Target Corporation,,2026-08-28|2026-08-31|2026-09-01|2026-09-02|2026-09-03|2026-09-04|2026-09-08|2026-09-09|2026-09-10|2026-09-11|2026-09-14|2026-09-15|2026-09-16|2026-09-17|2026-09-18|2026-09-21|2026-09-22|2026-09-23|2026-09-24|2026-09-25|2026-09-28|2026-09-29|2026-09-30|2026-10-01|2026-10-02|2026-10-05|2026-10-06|2026-10-07|2026-10-08|2026-10-09,2026-10-10 01:41:59,0.0
StoneX Group,,2026-08-28|2026-08-31|2026-09-01|2026-09-02|2026-09-03|2026-09-04|2026-09-08|2026-09-09|2026-09-10|2026-09-11|2026-09-14|2026-09-15|2026-09-16|2026-09-17|2026-09-18|2026-09-21|2026-09-22|2026-09-23|2026-09-24|2026-09-25|2026-09-28|2026-09-29|2026-09-30|2026-10-01|2026-10-02|2026-10-05|2026-10-06|2026-10-07|2026-10-08|2026-10-09,2026-10-10 01:41:59,0.0
Tesla,,2026-08-28|2026-08-31|2026-09-01|2026-09-02|2026-09-03|2026-09-04|2026-09-08|2026-09-09|2026-09-10|2026-09-11|2026-09-14|2026-09-15|2026-09-16|2026-09-17|2026-09-18|2026-09-21|2026-09-22|2026-09-23|2026-09-24|2026-09-25|2026-09-28|2026-09-29|2026-09-30|2026-10-01|2026-10-02|2026-10-05|2026-10-06|2026-10-07|2026-10-08|2026-10-09,2026-10-10 01:41:59,0.0
Dell Technologies,,2026-08-28|2026-08-31|2026-09-01|2026-09-02|2026-09-03|2026-09-04|2026-09-08|2026-09-09|2026-09-10|2026-09-11|2026-09-14|2026-09-15|2026-09-16|2026-09-17|2026-09-18|2026-09-21|2026-09-22|2026-09-23|2026-09-24|2026-09-25|2026-09-28|2026-09-29|2026-09-30|2026-10-01|2026-10-02|2026-10-05|2026-10-06|2026-10-07|2026-10-08|2026-10-09,2026-10-10 01:41:59,0.0
PepsiCo,,2026-08-28|2026-08-31|2026-09-01|2026-09-02|2026-09-03|2026-09-04|2026-09-08|2026-09-09|2026-09-10|2026-09-11|2026-09-14|2026-09-15|2026-09-16|2026-09-17|2026-09-18|2026-09-21|2026-09-22|2026-09-23|2026-09-24|2026-09-25|2026-09-28|2026-09-29|2026-09-30|2026-10-01|2026-10-02|2026-10-05|2026-10-06|2026-10-07|2026-10-08|2026-10-09,2026-10-10 01:41:59,0.0
Disney,,2026-08-28|2026-08-31|2026-09-01|2026-09-02|2026-09-03|2026-09-04|2026-09-08|2026-09-09|2026-09-10|2026-09-11|2026-09-14|2026-09-15|2026-09-16|2026-09-17|2026-09-18|2026-09-21|2026-09-22|2026-09-23|2026-09-24|2026-09-25|2026-09-28|2026-09-29|2026-09-30|2026-10-01|2026-10-02|2026-10-05|2026-10-06|2026-10-07|2026-10-08|2026-10-09,2026-10-10 01:41:59,0.0
UPS,,2026-08-28|2026-08-31|2026-09-01|2026-09-02|2026-09-03|2026-09-04|2026-09-08|2026-09-09|2026-09-10|2026-09-11|2026-09-14|2026-09-15|2026-09-16|2026-09-17|2026-09-18|2026-09-21|2026-09-22|2026-09-23|2026-09-24|2026-09-25|2026-09-28|2026-09-29|2026-09-30|2026-10-01|2026-10-02|2026-10-05|2026-10-06|2026-10-07|2026-10-08|2026-10-09,2026-10-10 01:41:59,0.0
Johnson & Johnson,,2026-08-28|2026-08-31|2026-09-01|2026-09-02|2026-09-03|2026-09-04|2026-09-08|2026-09-09|2026-09-10|2026-09-11|2026-09-14|2026-09-15|2026-09-16|2026-09-17|2026-09-18|2026-09-21|2026-09-22|2026-09-23|2026-09-24|2026-09-25|2026-09-28|2026-09-29|2026-09-30|2026-10-01|2026-10-02|2026-10-05|2026-10-06|2026-10-07|2026-10-08|2026-10-09,2026-10-10 01:41:59,0.0
FedEx,,2026-08-28|2026-08-31|2026-09-01|2026-09-02|2026-09-03|2026-09-04|2026-09-08|2026-09-09|2026-09-10|2026-09-11|2026-09-14|2026-09-15|2026-09-16|2026-09-17|2026-09-18|2026-09-21|2026-09-22|2026-09-23|2026-09-24|2026-09-25|2026-09-28|2026-09-29|2026-09-30|2026-10-01|2026-10-02|2026-10-05|2026-10-06|2026-10-07|2026-10-08|2026-10-09,2026-10-10 01:41:59,0.0
Archer Daniels Midland,,2026-08-28|2026-08-31|2026-09-01|2026-09-02|2026-09-03|2026-09-04|2026-09-08|2026-09-09|2026-09-10|2026-09-11|2026-09-14|2026-09-15|2026-09-16|2026-09-17|2026-09-18|2026-09-21|2026-09-22|2026-09-23|2026-09-24|2026-09-25|2026-09-28|2026-09-29|2026-09-30|2026-10-01|2026-10-02|2026-10-05|2026-10-06|2026-10-07|2026-10-08|2026-10-09,2026-10-10 01:41:59,0.0
Procter & Gamble,,2026-08-28|2026-08-31|2026-09-01|2026-09-02|2026-09-03|2026-09-04|2026-09-08|2026-09-09|2026-09-10|2026-09-11|2026-09-14|2026-09-15|2026-09-16|2026-09-17|2026-09-18|2026-09-21|2026-09-22|2026-09-23|2026-09-24|2026-09-25|2026-09-28|2026-09-29|2026-09-30|2026-10-01|2026-10-02|2026-10-05|2026-10-06|2026-10-07|2026-10-08|2026-10-09,2026-10-10 01:41:59,0.0
Lowe's,,2026-08-28|2026-08-31|2026-09-01|2026-09-02|2026-09-03|2026-09-04|2026-09-08|2026-09-09|2026-09-10|2026-09-11|2026-09-14|2026-09-15|2026-09-16|2026-09-17|2026-09-18|2026-09-21|2026-09-22|2026-09-23|2026-09-24|2026-09-25|2026-09-28|2026-09-29|2026-09-30|2026-10-01|2026-10-02|2026-10-05|2026-10-06|2026-10-07|2026-10-08|2026-10-09,2026-10-10 01:41:59,0.0
Energy Transfer,,2026-08-28|2026-08-31|2026-09-01|2026-09-02|2026-09-03|2026-09-04|2026-09-08|2026-09-09|2026-09-10|2026-09-11|2026-09-14|2026-09-15|2026-09-16|2026-09-17|2026-09-18|2026-09-21|2026-09-22|2026-09-23|2026-09-24|2026-09-25|2026-09-28|2026-09-29|2026-09-30|2026-10-01|2026-10-02|2026-10-05|2026-10-06|2026-10-07|2026-10-08|2026-10-09,2026-10-10 01:41:59,0.0
RTX,,2026-08-28|2026-08-31|2026-09-01|2026-09-02|2026-09-03|2026-09-04|2026-09-08|2026-09-09|2026-09-10|2026-09-11|2026-09-14|2026-09-15|2026-09-16|2026-09-17|2026-09-18|2026-09-21|2026-09-22|2026-09-23|2026-09-24|2026-09-25|2026-09-28|2026-09-29|2026-09-30|2026-10-01|2026-10-02|2026-10-05|2026-10-06|2026-10-07|2026-10-08|2026-10-09,2026-10-10 01:41:59,0.0
Albertsons,,2026-08-28|2026-08-31|2026-09-01|2026-09-02|2026-09-03|2026-09-04|2026-09-08|2026-09-09|2026-09-10|2026-09-11|2026-09-14|2026-09-15|2026-09-16|2026-09-17|2026-09-18|2026-09-21|2026-09-22|2026-09-23|2026-09-24|2026-09-25|2026-09-28|2026-09-29|2026-09-30|2026-10-01|2026-10-02|2026-10-05|2026-10-06|2026-10-07|2026-10-08|2026-10-09,2026-10-10 01:41:59,0.0
Sysco,,2026-08-28|2026-08-31|2026-09-01|2026-09-02|2026-09-03|2026-09-04|2026-09-08|2026-09-09|2026-09-10|2026-09-11|2026-09-14|2026-09-15|2026-09-16|2026-09-17|2026-09-18|2026-09-21|2026-09-22|2026-09-23|2026-09-24|2026-09-25|2026-09-28|2026-09-29|2026-09-30|2026-10-01|2026-10-02|2026-10-05|2026-10-06|2026-10-07|2026-10-08|2026-10-09,2026-10-10 01:41:59,0.0
Progressive Insurance,,2026-08-28|2026-08-31|2026-09-01|2026-09-02|2026-09-03|2026-09-04|2026-09-08|2026-09-09|2026-09-10|2026-09-11|2026-09-14|2026-09-15|2026-09-16|2026-09-17|2026-09-18|2026-09-21|2026-09-22|2026-09-23|2026-09-24|2026-09-25|2026-09-28|2026-09-29|2026-09-30|2026-10-01|2026-10-02|2026-10-05|2026-10-06|2026-10-07|2026-10-08|2026-10-09,2026-10-10 01:41:59,0.0
American Express,,2026-08-28|2026-08-31|2026-09-01|2026-09-02|2026-09-03|2026-09-04|2026-09-08|2026-09-09|2026-09-10|2026-09-11|2026-09-14|2026-09-15|2026-09-16|2026-09-17|2026-09-18|2026-09-21|2026-09-22|2026-09-23|2026-09-24|2026-09-25|2026-09-28|2026-09-29|2026-09-30|2026-10-01|2026-10-02|2026-10-05|2026-10-06|2026-10-07|2026-10-08|2026-10-09,2026-10-10 01:41:59,0.0
Lockheed Martin,,2026-08-28|2026-08-31|2026-09-01|2026-09-02|2026-09-03|2026-09-04|2026-09-08|2026-09-09|2026-09-10|2026-09-11|2026-09-14|2026-09-15|2026-09-16|2026-09-17|2026-09-18|2026-09-21|2026-09-22|2026-09-23|2026-09-24|2026-09-25|2026-09-28|2026-09-29|2026-09-30|2026-10-01|2026-10-02|2026-10-05|2026-10-06|2026-10-07|2026-10-08|2026-10-09,2026-10-10 01:41:59,0.0
MetLife Inc,,2026-08-28|2026-08-31|2026-09-01|2026-09-02|2026-09-03|2026-09-04|2026-09-08|2026-09-09|2026-09-10|2026-09-11|2026-09-14|2026-09-15|2026-09-16|2026-09-17|2026-09-18|2026-09-21|2026-09-22|2026-09-23|2026-09-24|2026-09-25|2026-09-28|2026-09-29|2026-09-30|2026-10-01|2026-10-02|2026-10-05|2026-10-06|2026-10-07|2026-10-08|2026-10-09,2026-10-10 01:41:59,0.0
HCA Healthcare,,2026-08-28|2026-08-31|2026-09-01|2026-09-02|2026-09-03|2026-09-04|2026-09-08|2026-09-09|2026-09-10|2026-09-11|2026-09-14|2026-09-15|2026-09-16|2026-09-17|2026-09-18|2026-09-21|2026-09-22|2026-09-23|2026-09-24|2026-09-25|2026-09-28|2026-09-29|2026-09-30|2026-10-01|2026-10-02|2026-10-05|2026-10-06|2026-10-07|2026-10-08|2026-10-09,2026-10-10 01:41:59,0.0
Prudential Financial,,2026-08-28|2026-08-31|2026-09-01|2026-09-02|2026-09-03|2026-09-04|2026-09-08|2026-09-09|2026-09-10|2026-09-11|2026-09-14|2026-09-15|2026-09-16|2026-09-17|2026-09-18|2026-09-21|2026-09-22|2026-09-23|2026-09-24|2026-09-25|2026-09-28|2026-09-29|2026-09-30|2026-10-01|2026-10-02|2026-10-05|2026-10-06|2026-10-07|2026-10-08|2026-10-09,2026-10-10 01:41:59,0.0
Boeing,,2026-08-28|2026-08-31|2026-09-01|2026-09-02|2026-09-03|2026-09-04|2026-09-08|2026-09-09|2026-09-10|2026-09-11|2026-09-14|2026-09-15|2026-09-16|2026-09-17|2026-09-18|2026-09-21|2026-09-22|2026-09-23|2026-09-24|2026-09-25|2026-09-28|2026-09-29|2026-09-30|2026-10-01|2026-10-02|2026-10-05|2026-10-06|2026-10-07|2026-10-08|2026-10-09,2026-10-10 01:41:59,0.0
Caterpillar,,2026-08-28|2026-08-31|2026-09-01|2026-09-02|2026-09-03|2026-09-04|2026-09-08|2026-09-09|2026-09-10|2026-09-11|2026-09-14|2026-09-15|2026-09-16|2026-09-17|2026-09-18|2026-09-21|2026-09-22|2026-09-23|2026-09-24|2026-09-25|2026-09-28|2026-09-29|2026-09-30|2026-10-01|2026-10-02|2026-10-05|2026-10-06|2026-10-07|2026-10-08|2026-10-09,2026-10-10 01:41:59,0.0
Merck,,2026-08-28|2026-08-31|2026-09-01|2026-09-02|2026-09-03|2026-09-04|2026-09-08|2026-09-09|2026-09-10|2026-09-11|2026-09-14|2026-09-15|2026-09-16|2026-09-17|2026-09-18|2026-09-21|2026-09-22|2026-09-23|2026-09-24|2026-09-25|2026-09-28|2026-09-29|2026-09-30|2026-10-01|2026-10-02|2026-10-05|2026-10-06|2026-10-07|2026-10-08|2026-10-09,2026-10-10 01:41:59,0.0
Allstate,,2026-08-28|2026-08-31|2026-09-01|2026-09-02|2026-09-03|2026-09-04|2026-09-08|2026-09-09|2026-09-10|2026-09-11|2026-09-14|2026-09-15|2026-09-16|2026-09-17|2026-09-18|2026-09-21|2026-09-22|2026-09-23|2026-09-24|2026-09-25|2026-09-28|2026-09-29|2026-09-30|2026-10-01|2026-10-02|2026-10-05|2026-10-06|2026-10-07|2026-10-08|2026-10-09,2026-10-10 01:41:59,0.0
Pfizer,,2026-08-28|2026-08-31|2026-09-01|2026-09-02|2026-09-03|2026-09-04|2026-09-08|2026-09-09|2026-09-10|2026-09-11|2026-09-14|2026-09-15|2026-09-16|2026-09-17|2026-09-18|2026-09-21|2026-09-22|2026-09-23|2026-09-24|2026-09-25|2026-09-28|2026-09-29|2026-09-30|2026-10-01|2026-10-02|2026-10-05|2026-10-06|2026-10-07|2026-10-08|2026-10-09,2026-10-10 01:41:59,0.0
IBM,,2026-08-28|2026-08-31|2026-09-01|2026-09-02|2026-09-03|2026-09-04|2026-09-08|2026-09-09|2026-09-10|2026-09-11|2026-09-14|2026-09-15|2026-09-16|2026-09-17|2026-09-18|2026-09-21|2026-09-22|2026-09-23|2026-09-24|2026-09-25|2026-09-28|2026-09-29|2026-09-30|2026-10-01|2026-10-02|2026-10-05|2026-10-06|2026-10-07|2026-10-08|2026-10-09,2026-10-10 01:41:59,0.0
Delta Air Lines,,2026-08-28|2026-08-31|2026-09-01|2026-09-02|2026-09-03|2026-09-04|2026-09-08|2026-09-09|2026-09-10|2026-09-11|2026-09-14|2026-09-15|2026-09-16|2026-09-17|2026-09-18|2026-09-21|2026-09-22|2026-09-23|2026-09-24|2026-09-25|2026-09-28|2026-09-29|2026-09-30|2026-10-01|2026-10-02|2026-10-05|2026-10-06|2026-10-07|2026-10-08|2026-10-09,2026-10-10 01:41:59,0.0
Publix Super Markets,,2026-08-28|2026-08-31|2026-09-01|2026-09-02|2026-09-03|2026-09-04|2026-09-08|2026-09-09|2026-09-10|2026-09-11|2026-09-14|2026-09-15|2026-09-16|2026-09-17|2026-09-18|2026-09-21|2026-09-22|2026-09-23|2026-09-24|2026-09-25|2026-09-28|2026-09-29|2026-09-30|2026-10-01|2026-10-02|2026-10-05|2026-10-06|2026-10-07|2026-10-08|2026-10-09,2026-10-10 01:41:59,0.0
TD Synnex,,2026-08-28|2026-08-31|2026-09-01|2026-09-02|2026-09-03|2026-09-04|2026-09-08|2026-09-09|2026-09-10|2026-09-11|2026-09-14|2026-09-15|2026-09-16|2026-09-17|2026-09-18|2026-09-21|2026-09-22|2026-09-23|2026-09-24|2026-09-25|2026-09-28|2026-09-29|2026-09-30|2026-10-01|2026-10-02|2026-10-05|2026-10-06|2026-10-07|2026-10-08|2026-10-09,2026-10-10 01:41:59,0.0
United Airlines,,2026-08-28|2026-08-31|2026-09-01|2026-09-02|2026-09-03|2026-09-04|2026-09-08|2026-09-09|2026-09-10|2026-09-11|2026-09-14|2026-09-15|2026-09-16|2026-09-17|2026-09-18|2026-09-21|2026-09-22|2026-09-23|2026-09-24|2026-09-25|2026-09-28|2026-09-29|2026-09-30|2026-10-01|2026-10-02|2026-10-05|2026-10-06|2026-10-07|2026-10-08|2026-10-09,2026-10-10 01:41:59,0.0
ConocoPhillips,,2026-08-28|2026-08-31|2026-09-01|2026-09-02|2026-09-03|2026-09-04|2026-09-08|2026-09-09|2026-09-10|2026-09-11|2026-09-14|2026-09-15|2026-09-16|2026-09-17|2026-09-18|2026-09-21|2026-09-22|2026-09-23|2026-09-24|2026-09-25|2026-09-28|2026-09-29|2026-09-30|2026-10-01|2026-10-02|2026-10-05|2026-10-06|2026-10-07|2026-10-08|2026-10-09,2026-10-10 01:41:59,0.0
TJX,,2026-08-28|2026-08-31|2026-09-01|2026-09-02|2026-09-03|2026-09-04|2026-09-08|2026-09-09|2026-09-10|2026-09-11|2026-09-14|2026-09-15|2026-09-16|2026-09-17|2026-09-18|2026-09-21|2026-09-22|2026-09-23|2026-09-24|2026-09-25|2026-09-28|2026-09-29|2026-09-30|2026-10-01|2026-10-02|2026-10-05|2026-10-06|2026-10-07|2026-10-08|2026-10-09,2026-10-10 01:41:59,0.0
AbbVie,,2026-08-28|2026-08-31|2026-09-01|2026-09-02|2026-09-03|2026-09-04|2026-09-08|2026-09-09|2026-09-10|2026-09-11|2026-09-14|2026-09-15|2026-09-16|2026-09-17|2026-09-18|2026-09-21|2026-09-22|2026-09-23|2026-09-24|2026-09-25|2026-09-28|2026-09-29|2026-09-30|2026-10-01|2026-10-02|2026-10-05|2026-10-06|2026-10-07|2026-10-08|2026-10-09,2026-10-10 01:41:59,0.0
Enterprise Products Partners,,2026-08-28|2026-08-31|2026-09-01|2026-09-02|2026-09-03|2026-09-04|2026-09-08|2026-09-09|2026-09-10|2026-09-11|2026-09-14|2026-09-15|2026-09-16|2026-09-17|2026-09-18|2026-09-21|2026-09-22|2026-09-23|2026-09-24|2026-09-25|2026-09-28|2026-09-29|2026-09-30|2026-10-01|2026-10-02|2026-10-05|2026-10-06|2026-10-07|2026-10-08|2026-10-09,2026-10-10 01:41:59,0.0
Charter Communications,,2026-08-28|2026-08-31|2026-09-01|2026-09-02|2026-09-03|2026-09-04|2026-09-08|2026-09-09|2026-09-10|2026-09-11|2026-09-14|2026-09-15|2026-09-16|2026-09-17|2026-09-18|2026-09-21|2026-09-22|2026-09-23|2026-09-24|2026-09-25|2026-09-28|2026-09-29|2026-09-30|2026-10-01|2026-10-02|2026-10-05|2026-10-06|2026-10-07|2026-10-08|2026-10-09,2026-10-10 01:41:59,0.0
Performance Food,,2026-08-28|2026-08-31|2026-09-01|2026-09-02|2026-09-03|2026-09-04|2026-09-08|2026-09-09|2026-09-10|2026-09-11|2026-09-14|2026-09-15|2026-09-16|2026-09-17|2026-09-18|2026-09-21|2026-09-22|2026-09-23|2026-09-24|2026-09-25|2026-09-28|2026-09-29|2026-09-30|2026-10-01|2026-10-02|2026-10-05|2026-10-06|2026-10-07|2026-10-08|2026-10-09,2026-10-10 01:41:59,0.0
American Airlines,,2026-08-28|2026-08-31|2026-09-01|2026-09-02|2026-09-03|2026-09-04|2026-09-08|2026-09-09|2026-09-10|2026-09-11|2026-09-14|2026-09-15|2026-09-16|2026-09-17|2026-09-18|2026-09-21|2026-09-22|2026-09-23|2026-09-24|2026-09-25|2026-09-28|2026-09-29|2026-09-30|2026-10-01|2026-10-02|2026-10-05|2026-10-06|2026-10-07|2026-10-08|2026-10-09,2026-10-10 01:41:59,0.0
Capital One,,2026-08-28|2026-08-31|2026-09-01|2026-09-02|2026-09-03|2026-09-04|2026-09-08|2026-09-09|2026-09-10|2026-09-11|2026-09-14|2026-09-15|2026-09-16|2026-09-17|2026-09-18|2026-09-21|2026-09-22|2026-09-23|2026-09-24|2026-09-25|2026-09-28|2026-09-29|2026-09-30|2026-10-01|2026-10-02|2026-10-05|2026-10-06|2026-10-07|2026-10-08|2026-10-09,2026-10-10 01:41:59,0.0
Cisco Systems,,2026-08-28|2026-08-31|2026-09-01|2026-09-02|2026-09-03|2026-09-04|2026-09-08|2026-09-09|2026-09-10|2026-09-11|2026-09-14|2026-09-15|2026-09-16|2026-09-17|2026-09-18|2026-09-21|2026-09-22|2026-09-23|2026-09-24|2026-09-25|2026-09-28|2026-09-29|2026-09-30|2026-10-01|2026-10-02|2026-10-05|2026-10-06|2026-10-07|2026-10-08|2026-10-09,2026-10-10 01:41:59,0.0
HP,,2026-08-28|2026-08-31|2026-09-01|2026-09-02|2026-09-03|2026-09-04|2026-09-08|2026-09-09|2026-09-10|2026-09-11|2026-09-14|2026-09-15|2026-09-16|2026-09-17|2026-09-18|2026-09-21|2026-09-22|2026-09-23|2026-09-24|2026-09-25|2026-09-28|2026-09-29|2026-09-30|2026-10-01|2026-10-02|2026-10-05|2026-10-06|2026-10-07|2026-10-08|2026-10-09,2026-10-10 01:41:59,0.0
Tyson Foods,,2026-08-28|2026-08-31|2026-09-01|2026-09-02|2026-09-03|2026-09-04|2026-09-08|2026-09-09|2026-09-10|2026-09-11|2026-09-14|2026-09-15|2026-09-16|2026-09-17|2026-09-18|2026-09-21|2026-09-22|2026-09-23|2026-09-24|2026-09-25|2026-09-28|2026-09-29|2026-09-30|2026-10-01|2026-10-02|2026-10-05|2026-10-06|2026-10-07|2026-10-08|2026-10-09,2026-10-10 01:41:59,0.0
Intel,,2026-08-28|2026-08-31|2026-09-01|2026-09-02|2026-09-03|2026-09-04|2026-09-08|2026-09-09|2026-09-10|2026-09-11|2026-09-14|2026-09-15|2026-09-16|2026-09-17|2026-09-18|2026-09-21|2026-09-22|2026-09-23|2026-09-24|2026-09-25|2026-09-28|2026-09-29|2026-09-30|2026-10-01|2026-10-02|2026-10-05|2026-10-06|2026-10-07|2026-10-08|2026-10-09,2026-10-10 01:41:59,0.0
Oracle,,2026-08-28|2026-08-31|2026-09-01|2026-09-02|2026-09-03|2026-09-04|2026-09-08|2026-09-09|2026-09-10|2026-09-11|2026-09-14|2026-09-15|2026-09-16|2026-09-17|2026-09-18|2026-09-21|2026-09-22|2026-09-23|2026-09-24|2026-09-25|2026-09-28|2026-09-29|2026-09-30|2026-10-01|2026-10-02|2026-10-05|2026-10-06|2026-10-07|2026-10-08|2026-10-09,2026-10-10 01:41:59,0.0
Broadcom,,2026-08-28|2026-08-31|2026-09-01|2026-09-02|2026-09-03|2026-09-04|2026-09-08|2026-09-09|2026-09-10|2026-09-11|2026-09-14|2026-09-15|2026-09-16|2026-09-17|2026-09-18|2026-09-21|2026-09-22|2026-09-23|2026-09-24|2026-09-25|2026-09-28|2026-09-29|2026-09-30|2026-10-01|2026-10-02|2026-10-05|2026-10-06|2026-10-07|2026-10-08|2026-10-09,2026-10-10 01:41:59,0.0
Deere,,2026-08-28|2026-08-31|2026-09-01|2026-09-02|2026-09-03|2026-09-04|2026-09-08|2026-09-09|2026-09-10|2026-09-11|2026-09-14|2026-09-15|2026-09-16|2026-09-17|2026-09-18|2026-09-21|2026-09-22|2026-09-23|2026-09-24|2026-09-25|2026-09-28|2026-09-29|2026-09-30|2026-10-01|2026-10-02|2026-10-05|2026-10-06|2026-10-07|2026-10-08|2026-10-09,2026-10-10 01:41:59,0.0
Nike,,2026-08-28|2026-08-31|2026-09-01|2026-09-02|2026-09-03|2026-09-04|2026-09-08|2026-09-09|2026-09-10|2026-09-11|2026-09-14|2026-09-15|2026-09-16|2026-09-17|2026-09-18|2026-09-21|2026-09-22|2026-09-23|2026-09-24|2026-09-25|2026-09-28|2026-09-29|2026-09-30|2026-10-01|2026-10-02|2026-10-05|2026-10-06|2026-10-07|2026-10-08|2026-10-09,2026-10-10 01:41:59,0.0
Plains GP,,2026-08-28|2026-08-31|2026-09-01|2026-09-02|2026-09-03|2026-09-04|2026-09-08|2026-09-09|2026-09-10|2026-09-11|2026-09-14|2026-09-15|2026-09-16|2026-09-17|2026-09-18|2026-09-21|2026-09-22|2026-09-23|2026-09-24|2026-09-25|2026-09-28|2026-09-29|2026-09-30|2026-10-01|2026-10-02|2026-10-05|2026-10-06|2026-10-07|2026-10-08|2026-10-09,2026-10-10 01:41:59,0.0
Bristol-Myers Squibb,,2026-08-28|2026-08-31|2026-09-01|2026-09-02|2026-09-03|2026-09-04|2026-09-08|2026-09-09|2026-09-10|2026-09-11|2026-09-14|2026-09-15|2026-09-16|2026-09-17|2026-09-18|2026-09-21|2026-09-22|2026-09-23|2026-09-24|2026-09-25|2026-09-28|2026-09-29|2026-09-30|2026-10-01|2026-10-02|2026-10-05|2026-10-06|2026-10-07|2026-10-08|2026-10-09,2026-10-10 01:41:59,0.0
Ingram Micro,,2026-08-28|2026-08-31|2026-09-01|2026-09-02|2026-09-03|2026-09-04|2026-09-08|2026-09-09|2026-09-10|2026-09-11|2026-09-14|2026-09-15|2026-09-16|2026-09-17|2026-09-18|2026-09-21|2026-09-22|2026-09-23|2026-09-24|2026-09-25|2026-09-28|2026-09-29|2026-09-30|2026-10-01|2026-10-02|2026-10-05|2026-10-06|2026-10-07|2026-10-08|2026-10-09,2026-10-10 01:41:59,0.0
General Dynamics,,2026-08-28|2026-08-31|2026-09-01|2026-09-02|2026-09-03|2026-09-04|2026-09-08|2026-09-09|2026-09-10|2026-09-11|2026-09-14|2026-09-15|2026-09-16|2026-09-17|2026-09-18|2026-09-21|2026-09-22|2026-09-23|2026-09-24|2026-09-25|2026-09-28|2026-09-29|2026-09-30|2026-10-01|2026-10-02|2026-10-05|2026-10-06|2026-10-07|2026-10-08|2026-10-09,2026-10-10 01:41:59,0.0
The Coca-Cola Company,,2026-08-28|2026-08-31|2026-09-01|2026-09-02|2026-09-03|2026-09-04|2026-09-08|2026-09-09|2026-09-10|2026-09-11|2026-09-14|2026-09-15|2026-09-16|2026-09-17|2026-09-18|2026-09-21|2026-09-22|2026-09-23|2026-09-24|2026-09-25|2026-09-28|2026-09-29|2026-09-30|2026-10-01|2026-10-02|2026-10-05|2026-10-06|2026-10-07|2026-10-08|2026-10-09,2026-10-10 01:41:59,0.0
Travelers Insurance,,2026-08-28|2026-08-31|2026-09-01|2026-09-02|2026-09-03|2026-09-04|2026-09-08|2026-09-09|2026-09-10|2026-09-11|2026-09-14|2026-09-15|2026-09-16|2026-09-17|2026-09-18|2026-09-21|2026-09-22|2026-09-23|2026-09-24|2026-09-25|2026-09-28|2026-09-29|2026-09-30|2026-10-01|2026-10-02|2026-10-05|2026-10-06|2026-10-07|2026-10-08|2026-10-09,2026-10-10 01:41:59,0.0
Eli Lilly,,2026-08-28|2026-08-31|2026-09-01|2026-09-02|2026-09-03|2026-09-04|2026-09-08|2026-09-09|2026-09-10|2026-09-11|2026-09-14|2026-09-15|2026-09-16|2026-09-17|2026-09-18|2026-09-21|2026-09-22|2026-09-23|2026-09-24|2026-09-25|2026-09-28|2026-09-29|2026-09-30|2026-10-01|2026-10-02|2026-10-05|2026-10-06|2026-10-07|2026-10-08|2026-10-09,2026-10-10 01:41:59,0.0
Uber,,2026-08-28|2026-08-31|2026-09-01|2026-09-02|2026-09-03|2026-09-04|2026-09-08|2026-09-09|2026-09-10|2026-09-11|2026-09-14|2026-09-15|2026-09-16|2026-09-17|2026-09-18|2026-09-21|2026-09-22|2026-09-23|2026-09-24|2026-09-25|2026-09-28|2026-09-29|2026-09-30|2026-10-01|2026-10-02|2026-10-05|2026-10-06|2026-10-07|2026-10-08|2026-10-09,2026-10-10 01:41:59,0.0
Thermo Fisher Scientific,,2026-08-28|2026-08-31|2026-09-01|2026-09-02|2026-09-03|2026-09-04|2026-09-08|2026-09-09|2026-09-10|2026-09-11|2026-09-14|2026-09-15|2026-09-16|2026-09-17|2026-09-18|2026-09-21|2026-09-22|2026-09-23|2026-09-24|2026-09-25|2026-09-28|2026-09-29|2026-09-30|2026-10-01|2026-10-02|2026-10-05|2026-10-06|2026-10-07|2026-10-08|2026-10-09,2026-10-10 01:41:59,0.0
US Bancorp,,2026-08-28|2026-08-31|2026-09-01|2026-09-02|2026-09-03|2026-09-04|2026-09-08|2026-09-09|2026-09-10|2026-09-11|2026-09-14|2026-09-15|2026-09-16|2026-09-17|2026-09-18|2026-09-21|2026-09-22|2026-09-23|2026-09-24|2026-09-25|2026-09-28|2026-09-29|2026-09-30|2026-10-01|2026-10-02|2026-10-05|2026-10-06|2026-10-07|2026-10-08|2026-10-09,2026-10-10 01:41:59,0.0
World Kinect,,2026-08-28|2026-08-31|2026-09-01|2026-09-02|2026-09-03|2026-09-04|2026-09-08|2026-09-09|2026-09-10|2026-09-11|2026-09-14|2026-09-15|2026-09-16|2026-09-17|2026-09-18|2026-09-21|2026-09-22|2026-09-23|2026-09-24|2026-09-25|2026-09-28|2026-09-29|2026-09-30|2026-10-01|2026-10-02|2026-10-05|2026-10-06|2026-10-07|2026-10-08|2026-10-09,2026-10-10 01:41:59,0.0
Abbott Laboratories,,2026-08-28|2026-08-31|2026-09-01|2026-09-02|2026-09-03|2026-09-04|2026-09-08|2026-09-09|2026-09-10|2026-09-11|2026-09-14|2026-09-15|2026-09-16|2026-09-17|2026-09-18|2026-09-21|2026-09-22|2026-09-23|2026-09-24|2026-09-25|2026-09-28|2026-09-29|2026-09-30|2026-10-01|2026-10-02|2026-10-05|2026-10-06|2026-10-07|2026-10-08|2026-10-09,2026-10-10 01:41:59,0.0
Best Buy,,2026-08-28|2026-08-31|2026-09-01|2026-09-02|2026-09-03|2026-09-04|2026-09-08|2026-09-09|2026-09-10|2026-09-11|2026-09-14|2026-09-15|2026-09-16|2026-09-17|2026-09-18|2026-09-21|2026-09-22|2026-09-23|2026-09-24|2026-09-25|2026-09-28|2026-09-29|2026-09-30|2026-10-01|2026-10-02|2026-10-05|2026-10-06|2026-10-07|2026-10-08|2026-10-09,2026-10-10 01:41:59,0.0
Northrop Grumman,,2026-08-28|2026-08-31|2026-09-01|2026-09-02|2026-09-03|2026-09-04|2026-09-08|2026-09-09|2026-09-10|2026-09-11|2026-09-14|2026-09-15|2026-09-16|2026-09-17|2026-09-18|2026-09-21|2026-09-22|2026-09-23|2026-09-24|2026-09-25|2026-09-28|2026-09-29|2026-09-30|2026-10-01|2026-10-02|2026-10-05|2026-10-06|2026-10-07|2026-10-08|2026-10-09,2026-10-10 01:41:59,0.0
Molina Healthcare,,2026-08-28|2026-08-31|2026-09-01|2026-09-02|2026-09-03|2026-09-04|2026-09-08|2026-09-09|2026-09-10|2026-09-11|2026-09-14|2026-09-15|2026-09-16|2026-09-17|2026-09-18|2026-09-21|2026-09-22|2026-09-23|2026-09-24|2026-09-25|2026-09-28|2026-09-29|2026-09-30|2026-10-01|2026-10-02|2026-10-05|2026-10-06|2026-10-07|2026-10-08|2026-10-09,2026-10-10 01:41:59,0.0
Dollar General,,2026-08-28|2026-08-31|2026-09-01|2026-09-02|2026-09-03|2026-09-04|2026-09-08|2026-09-09|2026-09-10|2026-09-11|2026-09-14|2026-09-15|2026-09-16|2026-09-17|2026-09-18|2026-09-21|2026-09-22|2026-09-23|2026-09-24|2026-09-25|2026-09-28|2026-09-29|2026-09-30|2026-10-01|2026-10-02|2026-10-05|2026-10-06|2026-10-07|2026-10-08|2026-10-09,2026-10-10 01:41:59,0.0
Warner Bros Discovery,,2026-10-05,2026-10-10 01:41:59,0.0
Netflix,,2026-08-28|2026-08-31|2026-09-01|2026-09-02|2026-09-03|2026-09-04|2026-09-08|2026-09-09|2026-09-10|2026-09-11|2026-09-14|2026-09-15|2026-09-16|2026-09-17|2026-09-18|2026-09-21|2026-09-22|2026-09-23|2026-09-24|2026-09-25|2026-09-28|2026-09-29|2026-09-30|2026-10-01|2026-10-02|2026-10-05|2026-10-06|2026-10-07|2026-10-08|2026-10-09,2026-10-10 01:41:59,0.0
Qualcomm,,2026-08-28|2026-08-31|2026-09-01|2026-09-02|2026-09-03|2026-09-04|2026-09-08|2026-09-09|2026-09-10|2026-09-11|2026-09-14|2026-09-15|2026-09-16|2026-09-17|2026-09-18|2026-09-21|2026-09-22|2026-09-23|2026-09-24|2026-09-25|2026-09-28|2026-09-29|2026-09-30|2026-10-01|2026-10-02|2026-10-05|2026-10-06|2026-10-07|2026-10-08|2026-10-09,2026-10-10 01:41:59,0.0
Honeywell,,2026-08-28|2026-08-31|2026-09-01|2026-09-02|2026-09-03|2026-09-04|2026-09-08|2026-09-09|2026-09-10|2026-09-11|2026-09-14|2026-09-15|2026-09-16|2026-09-17|2026-09-18|2026-09-21|2026-09-22|2026-09-23|2026-09-24|2026-09-25|2026-09-28|2026-09-29|2026-09-30|2026-10-01|2026-10-02|2026-10-05|2026-10-06|2026-10-07|2026-10-08|2026-10-09,2026-10-10 01:41:59,0.0
Salesforce,,2026-08-28|2026-08-31|2026-09-01|2026-09-02|2026-09-03|2026-09-04|2026-09-08|2026-09-09|2026-09-10|2026-09-11|2026-09-14|2026-09-15|2026-09-16|2026-09-17|2026-09-18|2026-09-21|2026-09-22|2026-09-23|2026-09-24|2026-09-25|2026-09-28|2026-09-29|2026-09-30|2026-10-01|2026-10-02|2026-10-05|2026-10-06|2026-10-07|2026-10-08|2026-10-09,2026-10-10 01:41:59,0.0
Philip Morris International,,2026-08-28|2026-08-31|2026-09-01|2026-09-02|2026-09-03|2026-09-04|2026-09-08|2026-09-09|2026-09-10|2026-09-11|2026-09-14|2026-09-15|2026-09-16|2026-09-17|2026-09-18|2026-09-21|2026-09-22|2026-09-23|2026-09-24|2026-09-25|2026-09-28|2026-09-29|2026-09-30|2026-10-01|2026-10-02|2026-10-05|2026-10-06|2026-10-07|2026-10-08|2026-10-09,2026-10-10 01:41:59,0.0
US Foods,,2026-08-28|2026-08-31|2026-09-01|2026-09-02|2026-09-03|2026-09-04|2026-09-08|2026-09-09|2026-09-10|2026-09-11|2026-09-14|2026-09-15|2026-09-16|2026-09-17|2026-09-18|2026-09-21|2026-09-22|2026-09-23|2026-09-24|2026-09-25|2026-09-28|2026-09-29|2026-09-30|2026-10-01|2026-10-02|2026-10-05|2026-10-06|2026-10-07|2026-10-08|2026-10-09,2026-10-10 01:41:59,0.0
DR Horton Inc,,2026-08-28|2026-08-31|2026-09-01|2026-09-02|2026-09-03|2026-09-04|2026-09-08|2026-09-09|2026-09-10|2026-09-11|2026-09-14|2026-09-15|2026-09-16|2026-09-17|2026-09-18|2026-09-21|2026-09-22|2026-09-23|2026-09-24|2026-09-25|2026-09-28|2026-09-29|2026-09-30|2026-10-01|2026-10-02|2026-10-05|2026-10-06|2026-10-07|2026-10-08|2026-10-09,2026-10-10 01:41:59,0.0
Lithia Motors,,2026-08-28|2026-08-31|2026-09-01|2026-09-02|2026-09-03|2026-09-04|2026-09-08|2026-09-09|2026-09-10|2026-09-11|2026-09-14|2026-09-15|2026-09-16|2026-09-17|2026-09-18|2026-09-21|2026-09-22|2026-09-23|2026-09-24|2026-09-25|2026-09-28|2026-09-29|2026-09-30|2026-10-01|2026-10-02|2026-10-05|2026-10-06|2026-10-07|2026-10-08|2026-10-09,2026-10-10 01:41:59,0.0
Mondelez,,2026-08-28|2026-08-31|2026-09-01|2026-09-02|2026-09-03|2026-09-04|2026-09-08|2026-09-09|2026-09-10|2026-09-11|2026-09-14|2026-09-15|2026-09-16|2026-09-17|2026-09-18|2026-09-21|2026-09-22|2026-09-23|2026-09-24|2026-09-25|2026-09-28|2026-09-29|2026-09-30|2026-10-01|2026-10-02|2026-10-05|2026-10-06|2026-10-07|2026-10-08|2026-10-09,2026-10-10 01:41:59,0.0
Starbucks,,2026-08-28|2026-08-31|2026-09-01|2026-09-02|2026-09-03|2026-09-04|2026-09-08|2026-09-09|2026-09-10|2026-09-11|2026-09-14|2026-09-15|2026-09-16|2026-09-17|2026-09-18|2026-09-21|2026-09-22|2026-09-23|2026-09-24|2026-09-25|2026-09-28|2026-09-29|2026-09-30|2026-10-01|2026-10-02|2026-10-05|2026-10-06|2026-10-07|2026-10-08|2026-10-09,2026-10-10 01:41:59,0.0
Visa Inc,,2026-08-28|2026-08-31|2026-09-01|2026-09-02|2026-09-03|2026-09-04|2026-09-08|2026-09-09|2026-09-10|2026-09-11|2026-09-14|2026-09-15|2026-09-16|2026-09-17|2026-09-18|2026-09-21|2026-09-22|2026-09-23|2026-09-24|2026-09-25|2026-09-28|2026-09-29|2026-09-30|2026-10-01|2026-10-02|2026-10-05|2026-10-06|2026-10-07|2026-10-08|2026-10-09,2026-10-10 01:41:59,0.0
CBRE Group,,2026-08-28|2026-08-31|2026-09-01|2026-09-02|2026-09-03|2026-09-04|2026-09-08|2026-09-09|2026-09-10|2026-09-11|2026-09-14|2026-09-15|2026-09-16|2026-09-17|2026-09-18|2026-09-21|2026-09-22|2026-09-23|2026-09-24|2026-09-25|2026-09-28|2026-09-29|2026-09-30|2026-10-01|2026-10-02|2026-10-05|2026-10-06|2026-10-07|2026-10-08|2026-10-09,2026-10-10 01:41:59,0.0
Lennar,,2026-08-28|2026-08-31|2026-09-01|2026-09-02|2026-09-03|2026-09-04|2026-09-08|2026-09-09|2026-09-10|2026-09-11|2026-09-14|2026-09-15|2026-09-16|2026-09-17|2026-09-18|2026-09-21|2026-09-22|2026-09-23|2026-09-24|2026-09-25|2026-09-28|2026-09-29|2026-09-30|2026-10-01|2026-10-02|2026-10-05|2026-10-06|2026-10-07|2026-10-08|2026-10-09,2026-10-10 01:41:59,0.0
GE Vernova,,2026-08-28|2026-08-31|2026-09-01|2026-09-02|2026-09-03|2026-09-04|2026-09-08|2026-09-09|2026-09-10|2026-09-11|2026-09-14|2026-09-15|2026-09-16|2026-09-17|2026-09-18|2026-09-21|2026-09-22|2026-09-23|2026-09-24|2026-09-25|2026-09-28|2026-09-29|2026-09-30|2026-10-01|2026-10-02|2026-10-05|2026-10-06|2026-10-07|2026-10-08|2026-10-09,2026-10-10 01:41:59,0.0
PNC Financial Services,,2026-08-28|2026-08-31|2026-09-01|2026-09-02|2026-09-03|2026-09-04|2026-09-08|2026-09-09|2026-09-10|2026-09-11|2026-09-14|2026-09-15|2026-09-16|2026-09-17|2026-09-18|2026-09-21|2026-09-22|2026-09-23|2026-09-24|2026-09-25|2026-09-28|2026-09-29|2026-09-30|2026-10-01|2026-10-02|2026-10-05|2026-10-06|2026-10-07|2026-10-08|2026-10-09,2026-10-10 01:41:59,0.0
Cummins Inc,,2026-08-28|2026-08-31|2026-09-01|2026-09-02|2026-09-03|2026-09-04|2026-09-08|2026-09-09|2026-09-10|2026-09-11|2026-09-14|2026-09-15|2026-09-16|2026-09-17|2026-09-18|2026-09-21|2026-09-22|2026-09-23|2026-09-24|2026-09-25|2026-09-28|2026-09-29|2026-09-30|2026-10-01|2026-10-02|2026-10-05|2026-10-06|2026-10-07|2026-10-08|2026-10-09,2026-10-10 01:41:59,0.0
Paccar,,2026-08-28|2026-08-31|2026-09-01|2026-09-02|2026-09-03|2026-09-04|2026-09-08|2026-09-09|2026-09-10|2026-09-11|2026-09-14|2026-09-15|2026-09-16|2026-09-17|2026-09-18|2026-09-21|2026-09-22|2026-09-23|2026-09-24|2026-09-25|2026-09-28|2026-09-29|2026-09-30|2026-10-01|2026-10-02|2026-10-05|2026-10-06|2026-10-07|2026-10-08|2026-10-09,2026-10-10 01:41:59,0.0
Amgen,,2026-08-28|2026-08-31|2026-09-01|2026-09-02|2026-09-03|2026-09-04|2026-09-08|2026-09-09|2026-09-10|2026-09-11|2026-09-14|2026-09-15|2026-09-16|2026-09-17|2026-09-18|2026-09-21|2026-09-22|2026-09-23|2026-09-24|2026-09-25|2026-09-28|2026-09-29|2026-09-30|2026-10-01|2026-10-02|2026-10-05|2026-10-06|2026-10-07|2026-10-08|2026-10-09,2026-10-10 01:41:59,0.0
PBF Energy,,2026-08-28|2026-08-31|2026-09-01|2026-09-02|2026-09-03|2026-09-04|2026-09-08|2026-09-09|2026-09-10|2026-09-11|2026-09-14|2026-09-15|2026-09-16|2026-09-17|2026-09-18|2026-09-21|2026-09-22|2026-09-23|2026-09-24|2026-09-25|2026-09-28|2026-09-29|2026-09-30|2026-10-01|2026-10-02|2026-10-05|2026-10-06|2026-10-07|2026-10-08|2026-10-09,2026-10-10 01:41:59,0.0
PayPal,,2026-08-28|2026-08-31|2026-09-01|2026-09-02|2026-09-03|2026-09-04|2026-09-08|2026-09-09|2026-09-10|2026-09-11|2026-09-14|2026-09-15|2026-09-16|2026-09-17|2026-09-18|2026-09-21|2026-09-22|2026-09-23|2026-09-24|2026-09-25|2026-09-28|2026-09-29|2026-09-30|2026-10-01|2026-10-02|2026-10-05|2026-10-06|2026-10-07|2026-10-08|2026-10-09,2026-10-10 01:41:59,0.0
United Natural Foods,,2026-08-28|2026-08-31|2026-09-01|2026-09-02|2026-09-03|2026-09-04|2026-09-08|2026-09-09|2026-09-10|2026-09-11|2026-09-14|2026-09-15|2026-09-16|2026-09-17|2026-09-18|2026-09-21|2026-09-22|2026-09-23|2026-09-24|2026-09-25|2026-09-28|2026-09-29|2026-09-30|2026-10-01|2026-10-02|2026-10-05|2026-10-06|2026-10-07|2026-10-08|2026-10-09,2026-10-10 01:41:59,0.0
Dollar Tree,,2026-08-28|2026-08-31|2026-09-01|2026-09-02|2026-09-03|2026-09-04|2026-09-08|2026-09-09|2026-09-10|2026-09-11|2026-09-14|2026-09-15|2026-09-16|2026-09-17|2026-09-18|2026-09-21|2026-09-22|2026-09-23|2026-09-24|2026-09-25|2026-09-28|2026-09-29|2026-09-30|2026-10-01|2026-10-02|2026-10-05|2026-10-06|2026-10-07|2026-10-08|2026-10-09,2026-10-10 01:41:59,0.0
Nucor,,2026-08-28|2026-08-31|2026-09-01|2026-09-02|2026-09-03|2026-09-04|2026-09-08|2026-09-09|2026-09-10|2026-09-11|2026-09-14|2026-09-15|2026-09-16|2026-09-17|2026-09-18|2026-09-21|2026-09-22|2026-09-23|2026-09-24|2026-09-25|2026-09-28|2026-09-29|2026-09-30|2026-10-01|2026-10-02|2026-10-05|2026-10-06|2026-10-07|2026-10-08|2026-10-09,2026-10-10 01:41:59,0.0
Penske Automotive,,2026-08-28|2026-08-31|2026-09-01|2026-09-02|2026-09-03|2026-09-04|2026-09-08|2026-09-09|2026-09-10|2026-09-11|2026-09-14|2026-09-15|2026-09-16|2026-09-17|2026-09-18|2026-09-21|2026-09-22|2026-09-23|2026-09-24|2026-09-25|2026-09-28|2026-09-29|2026-09-30|2026-10-01|2026-10-02|2026-10-05|2026-10-06|2026-10-07|2026-10-08|2026-10-09,2026-10-10 01:41:59,0.0
Coupang,,2026-08-28|2026-08-31|2026-09-01|2026-09-02|2026-09-03|2026-09-04|2026-09-08|2026-09-09|2026-09-10|2026-09-11|2026-09-14|2026-09-15|2026-09-16|2026-09-17|2026-09-18|2026-09-21|2026-09-22|2026-09-23|2026-09-24|2026-09-25|2026-09-28|2026-09-29|2026-09-30|2026-10-01|2026-10-02|2026-10-05|2026-10-06|2026-10-07|2026-10-08|2026-10-09,2026-10-10 01:41:59,0.0
Hewlett Packard Enterprise,,2026-08-28|2026-08-31|2026-09-01|2026-09-02|2026-09-03|2026-09-04|2026-09-08|2026-09-09|2026-09-10|2026-09-11|2026-09-14|2026-09-15|2026-09-16|2026-09-17|2026-09-18|2026-09-21|2026-09-22|2026-09-23|2026-09-24|2026-09-25|2026-09-28|2026-09-29|2026-09-30|2026-10-01|2026-10-02|2026-10-05|2026-10-06|2026-10-07|2026-10-08|2026-10-09,2026-10-10 01:41:59,0.0
Duke Energy,,2026-08-28|2026-08-31|2026-09-01|2026-09-02|2026-09-03|2026-09-04|2026-09-08|2026-09-09|2026-09-10|2026-09-11|2026-09-14|2026-09-15|2026-09-16|2026-09-17|2026-09-18|2026-09-21|2026-09-22|2026-09-23|2026-09-24|2026-09-25|2026-09-28|2026-09-29|2026-09-30|2026-10-01|2026-10-02|2026-10-05|2026-10-06|2026-10-07|2026-10-08|2026-10-09,2026-10-10 01:41:59,0.0
KKR & Co,,2026-08-28|2026-08-31|2026-09-01|2026-09-02|2026-09-03|2026-09-04|2026-09-08|2026-09-09|2026-09-10|2026-09-11|2026-09-14|2026-09-15|2026-09-16|2026-09-17|2026-09-18|2026-09-21|2026-09-22|2026-09-23|2026-09-24|2026-09-25|2026-09-28|2026-09-29|2026-09-30|2026-10-01|2026-10-02|2026-10-05|2026-10-06|2026-10-07|2026-10-08|2026-10-09,2026-10-10 01:41:59,0.0
Paramount Global,,2026-08-28|2026-08-31|2026-09-01|2026-09-02|2026-09-03|2026-09-04|2026-09-08|2026-09-09|2026-09-10|2026-09-11|2026-09-14|2026-09-15|2026-09-16|2026-09-17|2026-09-18|2026-09-21|2026-09-22|2026-09-23|2026-09-24|2026-09-25|2026-09-28|2026-09-29|2026-09-30|2026-10-01|2026-10-02|2026-10-05|2026-10-06|2026-10-07|2026-10-08|2026-10-09,2026-10-10 01:41:59,0.0
Jabil,,2026-08-28|2026-08-31|2026-09-01|2026-09-02|2026-09-03|2026-09-04|2026-09-08|2026-09-09|2026-09-10|2026-09-11|2026-09-14|2026-09-15|2026-09-16|2026-09-17|2026-09-18|2026-09-21|2026-09-22|2026-09-23|2026-09-24|2026-09-25|2026-09-28|2026-09-29|2026-09-30|2026-10-01|2026-10-02|2026-10-05|2026-10-06|2026-10-07|2026-10-08|2026-10-09,2026-10-10 01:41:59,0.0
Gilead Sciences,,2026-08-28|2026-08-31|2026-09-01|2026-09-02|2026-09-03|2026-09-04|2026-09-08|2026-09-09|2026-09-10|2026-09-11|2026-09-14|2026-09-15|2026-09-16|2026-09-17|2026-09-18|2026-09-21|2026-09-22|2026-09-23|2026-09-24|2026-09-25|2026-09-28|2026-09-29|2026-09-30|2026-10-01|2026-10-02|2026-10-05|2026-10-06|2026-10-07|2026-10-08|2026-10-09,2026-10-10 01:41:59,0.0
HF Sinclair,,2026-08-28|2026-08-31|2026-09-01|2026-09-02|2026-09-03|2026-09-04|2026-09-08|2026-09-09|2026-09-10|2026-09-11|2026-09-14|2026-09-15|2026-09-16|2026-09-17|2026-09-18|2026-09-21|2026-09-22|2026-09-23|2026-09-24|2026-09-25|2026-09-28|2026-09-29|2026-09-30|2026-10-01|2026-10-02|2026-10-05|2026-10-06|2026-10-07|2026-10-08|2026-10-09,2026-10-10 01:41:59,0.0
CarMax,,2026-08-28|2026-08-31|2026-09-01|2026-09-02|2026-09-03|2026-09-04|2026-09-08|2026-09-09|2026-09-10|2026-09-11|2026-09-14|2026-09-15|2026-09-16|2026-09-17|2026-09-18|2026-09-21|2026-09-22|2026-09-23|2026-09-24|2026-09-25|2026-09-28|2026-09-29|2026-09-30|2026-10-01|2026-10-02|2026-10-05|2026-10-06|2026-10-07|2026-10-08|2026-10-09,2026-10-10 01:41:59,0.0
Mastercard,,2026-08-28|2026-08-31|2026-09-01|2026-09-02|2026-09-03|2026-09-04|2026-09-08|2026-09-09|2026-09-10|2026-09-11|2026-09-14|2026-09-15|2026-09-16|2026-09-17|2026-09-18|2026-09-21|2026-09-22|2026-09-23|2026-09-24|2026-09-25|2026-09-28|2026-09-29|2026-09-30|2026-10-01|2026-10-02|2026-10-05|2026-10-06|2026-10-07|2026-10-08|2026-10-09,2026-10-10 01:41:59,0.0
NRG Energy,,2026-08-28|2026-08-31|2026-09-01|2026-09-02|2026-09-03|2026-09-04|2026-09-08|2026-09-09|2026-09-10|2026-09-11|2026-09-14|2026-09-15|2026-09-16|2026-09-17|2026-09-18|2026-09-21|2026-09-22|2026-09-23|2026-09-24|2026-09-25|2026-09-28|2026-09-29|2026-09-30|2026-10-01|2026-10-02|2026-10-05|2026-10-06|2026-10-07|2026-10-08|2026-10-09,2026-10-10 01:41:59,0.0
Arrow Electronics,,2026-08-28|2026-08-31|2026-09-01|2026-09-02|2026-09-03|2026-09-04|2026-09-08|2026-09-09|2026-09-10|2026-09-11|2026-09-14|2026-09-15|2026-09-16|2026-09-17|2026-09-18|2026-09-21|2026-09-22|2026-09-23|2026-09-24|2026-09-25|2026-09-28|2026-09-29|2026-09-30|2026-10-01|2026-10-02|2026-10-05|2026-10-06|2026-10-07|2026-10-08|2026-10-09,2026-10-10 01:41:59,0.0
Baker Hughes,,2026-08-28|2026-08-31|2026-09-01|2026-09-02|2026-09-03|2026-09-04|2026-09-08|2026-09-09|2026-09-10|2026-09-11|2026-09-14|2026-09-15|2026-09-16|2026-09-17|2026-09-18|2026-09-21|2026-09-22|2026-09-23|2026-09-24|2026-09-25|2026-09-28|2026-09-29|2026-09-30|2026-10-01|2026-10-02|2026-10-05|2026-10-06|2026-10-07|2026-10-08|2026-10-09,2026-10-10 01:41:59,0.0
Southwest Airlines,,2026-08-28|2026-08-31|2026-09-01|2026-09-02|2026-09-03|2026-09-04|2026-09-08|2026-09-09|2026-09-10|2026-09-11|2026-09-14|2026-09-15|2026-09-16|2026-09-17|2026-09-18|2026-09-21|2026-09-22|2026-09-23|2026-09-24|2026-09-25|2026-09-28|2026-09-29|2026-09-30|2026-10-01|2026-10-02|2026-10-05|2026-10-06|2026-10-07|2026-10-08|2026-10-09,2026-10-10 01:41:59,0.0
AIG,,2026-08-28|2026-08-31|2026-09-01|2026-09-02|2026-09-03|2026-09-04|2026-09-08|2026-09-09|2026-09-10|2026-09-11|2026-09-14|2026-09-15|2026-09-16|2026-09-17|2026-09-18|2026-09-21|2026-09-22|2026-09-23|2026-09-24|2026-09-25|2026-09-28|2026-09-29|2026-09-30|2026-10-01|2026-10-02|2026-10-05|2026-10-06|2026-10-07|2026-10-08|2026-10-09,2026-10-10 01:41:59,0.0
Applied Materials,,2026-08-28|2026-08-31|2026-09-01|2026-09-02|2026-09-03|2026-09-04|2026-09-08|2026-09-09|2026-09-10|2026-09-11|2026-09-14|2026-09-15|2026-09-16|2026-09-17|2026-09-18|2026-09-21|2026-09-22|2026-09-23|2026-09-24|2026-09-25|2026-09-28|2026-09-29|2026-09-30|2026-10-01|2026-10-02|2026-10-05|2026-10-06|2026-10-07|2026-10-08|2026-10-09,2026-10-10 01:41:59,0.0
Occidental Petroleum,,2026-08-28|2026-08-31|2026-09-01|2026-09-02|2026-09-03|2026-09-04|2026-09-08|2026-09-09|2026-09-10|2026-09-11|2026-09-14|2026-09-15|2026-09-16|2026-09-17|2026-09-18|2026-09-21|2026-09-22|2026-09-23|2026-09-24|2026-09-25|2026-09-28|2026-09-29|2026-09-30|2026-10-01|2026-10-02|2026-10-05|2026-10-06|2026-10-07|2026-10-08|2026-10-09,2026-10-10 01:41:59,0.0
AutoNation,,2026-08-28|2026-08-31|2026-09-01|2026-09-02|2026-09-03|2026-09-04|2026-09-08|2026-09-09|2026-09-10|2026-09-11|2026-09-14|2026-09-15|2026-09-16|2026-09-17|2026-09-18|2026-09-21|2026-09-22|2026-09-23|2026-09-24|2026-09-25|2026-09-28|2026-09-29|2026-09-30|2026-10-01|2026-10-02|2026-10-05|2026-10-06|2026-10-07|2026-10-08|2026-10-09,2026-10-10 01:41:59,0.0
Southern Company,,2026-08-28|2026-08-31|2026-09-01|2026-09-02|2026-09-03|2026-09-04|2026-09-08|2026-09-09|2026-09-10|2026-09-11|2026-09-14|2026-09-15|2026-09-16|2026-09-17|2026-09-18|2026-09-21|2026-09-22|2026-09-23|2026-09-24|2026-09-25|2026-09-28|2026-09-29|2026-09-30|2026-10-01|2026-10-02|2026-10-05|2026-10-06|2026-10-07|2026-10-08|2026-10-09,2026-10-10 01:41:59,0.0
The Hartford Insurance Group,,2026-08-28|2026-08-31|2026-09-01|2026-09-02|2026-09-03|2026-09-04|2026-09-08|2026-09-09|2026-09-10|2026-09-11|2026-09-14|2026-09-15|2026-09-16|2026-09-17|2026-09-18|2026-09-21|2026-09-22|2026-09-23|2026-09-24|2026-09-25|2026-09-28|2026-09-29|2026-09-30|2026-10-01|2026-10-02|2026-10-05|2026-10-06|2026-10-07|2026-10-08|2026-10-09,2026-10-10 01:41:59,0.0
Apollo Global Management,,2026-08-28|2026-08-31|2026-09-01|2026-09-02|2026-09-03|2026-09-04|2026-09-08|2026-09-09|2026-09-10|2026-09-11|2026-09-14|2026-09-15|2026-09-16|2026-09-17|2026-09-18|2026-09-21|2026-09-22|2026-09-23|2026-09-24|2026-09-25|2026-09-28|2026-09-29|2026-09-30|2026-10-01|2026-10-02|2026-10-05|2026-10-06|2026-10-07|2026-10-08|2026-10-09,2026-10-10 01:41:59,0.0
Charles Schwab,,2026-08-28|2026-08-31|2026-09-01|2026-09-02|2026-09-03|2026-09-04|2026-09-08|2026-09-09|2026-09-10|2026-09-11|2026-09-14|2026-09-15|2026-09-16|2026-09-17|2026-09-18|2026-09-21|2026-09-22|2026-09-23|2026-09-24|2026-09-25|2026-09-28|2026-09-29|2026-09-30|2026-10-01|2026-10-02|2026-10-05|2026-10-06|2026-10-07|2026-10-08|2026-10-09,2026-10-10 01:41:59,0.0
McDonalds,,2026-08-28|2026-08-31|2026-09-01|2026-09-02|2026-09-03|2026-09-04|2026-09-08|2026-09-09|2026-09-10|2026-09-11|2026-09-14|2026-09-15|2026-09-16|2026-09-17|2026-09-18|2026-09-21|2026-09-22|2026-09-23|2026-09-24|2026-09-25|2026-09-28|2026-09-29|2026-09-30|2026-10-01|2026-10-02|2026-10-05|2026-10-06|2026-10-07|2026-10-08|2026-10-09,2026-10-10 01:41:59,0.0
Kraft Heinz,,2026-08-28|2026-08-31|2026-09-01|2026-09-02|2026-09-03|2026-09-04|2026-09-08|2026-09-09|2026-09-10|2026-09-11|2026-09-14|2026-09-15|2026-09-16|2026-09-17|2026-09-18|2026-09-21|2026-09-22|2026-09-23|2026-09-24|2026-09-25|2026-09-28|2026-09-29|2026-09-30|2026-10-01|2026-10-02|2026-10-05|2026-10-06|2026-10-07|2026-10-08|2026-10-09,2026-10-10 01:41:59,0.0
Advanced Micro Devices,,2026-08-28|2026-08-31|2026-09-01|2026-09-02|2026-09-03|2026-09-04|2026-09-08|2026-09-09|2026-09-10|2026-09-11|2026-09-14|2026-09-15|2026-09-16|2026-09-17|2026-09-18|2026-09-21|2026-09-22|2026-09-23|2026-09-24|2026-09-25|2026-09-28|2026-09-29|2026-09-30|2026-10-01|2026-10-02|2026-10-05|2026-10-06|2026-10-07|2026-10-08|2026-10-09,2026-10-10 01:41:59,0.0
Truist Financial,,2026-08-28|2026-08-31|2026-09-01|2026-09-02|2026-09-03|2026-09-04|2026-09-08|2026-09-09|2026-09-10|2026-09-11|2026-09-14|2026-09-15|2026-09-16|2026-09-17|2026-09-18|2026-09-21|2026-09-22|2026-09-23|2026-09-24|2026-09-25|2026-09-28|2026-09-29|2026-09-30|2026-10-01|2026-10-02|2026-10-05|2026-10-06|2026-10-07|2026-10-08|2026-10-09,2026-10-10 01:41:59,0.0
Freeport-McMoRan,,2026-08-28|2026-08-31|2026-09-01|2026-09-02|2026-09-03|2026-09-04|2026-09-08|2026-09-09|2026-09-10|2026-09-11|2026-09-14|2026-09-15|2026-09-16|2026-09-17|2026-09-18|2026-09-21|2026-09-22|2026-09-23|2026-09-24|2026-09-25|2026-09-28|2026-09-29|2026-09-30|2026-10-01|2026-10-02|2026-10-05|2026-10-06|2026-10-07|2026-10-08|2026-10-09,2026-10-10 01:41:59,0.0
Micron Technology,,2026-08-28|2026-08-31|2026-09-01|2026-09-02|2026-09-03|2026-09-04|2026-09-08|2026-09-09|2026-09-10|2026-09-11|2026-09-14|2026-09-15|2026-09-16|2026-09-17|2026-09-18|2026-09-21|2026-09-22|2026-09-23|2026-09-24|2026-09-25|2026-09-28|2026-09-29|2026-09-30|2026-10-01|2026-10-02|2026-10-05|2026-10-06|2026-10-07|2026-10-08|2026-10-09,2026-10-10 01:41:59,0.0
Marriott International,,2026-08-28|2026-08-31|2026-09-01|2026-09-02|2026-09-03|2026-09-04|2026-09-08|2026-09-09|2026-09-10|2026-09-11|2026-09-14|2026-09-15|2026-09-16|2026-09-17|2026-09-18|2026-09-21|2026-09-22|2026-09-23|2026-09-24|2026-09-25|2026-09-28|2026-09-29|2026-09-30|2026-10-01|2026-10-02|2026-10-05|2026-10-06|2026-10-07|2026-10-08|2026-10-09,2026-10-10 01:41:59,0.0
Carrier Global,,2026-08-28|2026-08-31|2026-09-01|2026-09-02|2026-09-03|2026-09-04|2026-09-08|2026-09-09|2026-09-10|2026-09-11|2026-09-14|2026-09-15|2026-09-16|2026-09-17|2026-09-18|2026-09-21|2026-09-22|2026-09-23|2026-09-24|2026-09-25|2026-09-28|2026-09-29|2026-09-30|2026-10-01|2026-10-02|2026-10-05|2026-10-06|2026-10-07|2026-10-08|2026-10-09,2026-10-10 01:41:59,0.0
NextEra Energy,,2026-08-28|2026-08-31|2026-09-01|2026-09-02|2026-09-03|2026-09-04|2026-09-08|2026-09-09|2026-09-10|2026-09-11|2026-09-14|2026-09-15|2026-09-16|2026-09-17|2026-09-18|2026-09-21|2026-09-22|2026-09-23|2026-09-24|2026-09-25|2026-09-28|2026-09-29|2026-09-30|2026-10-01|2026-10-02|2026-10-05|2026-10-06|2026-10-07|2026-10-08|2026-10-09,2026-10-10 01:41:59,0.0
3M Company,,2026-08-28|2026-08-31|2026-09-01|2026-09-02|2026-09-03|2026-09-04|2026-09-08|2026-09-09|2026-09-10|2026-09-11|2026-09-14|2026-09-15|2026-09-16|2026-09-17|2026-09-18|2026-09-21|2026-09-22|2026-09-23|2026-09-24|2026-09-25|2026-09-28|2026-09-29|2026-09-30|2026-10-01|2026-10-02|2026-10-05|2026-10-06|2026-10-07|2026-10-08|2026-10-09,2026-10-10 01:41:59,0.0
Pacific Gas and Electric Company,,2026-08-28|2026-08-31|2026-09-01|2026-09-02|2026-09-03|2026-09-04|2026-09-08|2026-09-09|2026-09-10|2026-09-11|2026-09-14|2026-09-15|2026-09-16|2026-09-17|2026-09-18|2026-09-21|2026-09-22|2026-09-23|2026-09-24|2026-09-25|2026-09-28|2026-09-29|2026-09-30|2026-10-01|2026-10-02|2026-10-05|2026-10-06|2026-10-07|2026-10-08|2026-10-09,2026-10-10 01:41:59,0.0
Union Pacific,,2026-08-28|2026-08-31|2026-09-01|2026-09-02|2026-09-03|2026-09-04|2026-09-08|2026-09-09|2026-09-10|2026-09-11|2026-09-14|2026-09-15|2026-09-16|2026-09-17|2026-09-18|2026-09-21|2026-09-22|2026-09-23|2026-09-24|2026-09-25|2026-09-28|2026-09-29|2026-09-30|2026-10-01|2026-10-02|2026-10-05|2026-10-06|2026-10-07|2026-10-08|2026-10-09,2026-10-10 01:41:59,0.0
Synchrony Financial,,2026-08-28|2026-08-31|2026-09-01|2026-09-02|2026-09-03|2026-09-04|2026-09-08|2026-09-09|2026-09-10|2026-09-11|2026-09-14|2026-09-15|2026-09-16|2026-09-17|2026-09-18|2026-09-21|2026-09-22|2026-09-23|2026-09-24|2026-09-25|2026-09-28|2026-09-29|2026-09-30|2026-10-01|2026-10-02|2026-10-05|2026-10-06|2026-10-07|2026-10-08|2026-10-09,2026-10-10 01:41:59,0.0
Danaher,,2026-08-28|2026-08-31|2026-09-01|2026-09-02|2026-09-03|2026-09-04|2026-09-08|2026-09-09|2026-09-10|2026-09-11|2026-09-14|2026-09-15|2026-09-16|2026-09-17|2026-09-18|2026-09-21|2026-09-22|2026-09-23|2026-09-24|2026-09-25|2026-09-28|2026-09-29|2026-09-30|2026-10-01|2026-10-02|2026-10-05|2026-10-06|2026-10-07|2026-10-08|2026-10-09,2026-10-10 01:41:59,0.0
Avnet,,2026-08-28|2026-08-31|2026-09-01|2026-09-02|2026-09-03|2026-09-04|2026-09-08|2026-09-09|2026-09-10|2026-09-11|2026-09-14|2026-09-15|2026-09-16|2026-09-17|2026-09-18|2026-09-21|2026-09-22|2026-09-23|2026-09-24|2026-09-25|2026-09-28|2026-09-29|2026-09-30|2026-10-01|2026-10-02|2026-10-05|2026-10-06|2026-10-07|2026-10-08|2026-10-09,2026-10-10 01:41:59,0.0
Booking Holdings,,2026-08-28|2026-08-31|2026-09-01|2026-09-02|2026-09-03|2026-09-04|2026-09-08|2026-09-09|2026-09-10|2026-09-11|2026-09-14|2026-09-15|2026-09-16|2026-09-17|2026-09-18|2026-09-21|2026-09-22|2026-09-23|2026-09-24|2026-09-25|2026-09-28|2026-09-29|2026-09-30|2026-10-01|2026-10-02|2026-10-05|2026-10-06|2026-10-07|2026-10-08|2026-10-09,2026-10-10 01:41:59,0.0
EOG Resources,,2026-08-28|2026-08-31|2026-09-01|2026-09-02|2026-09-03|2026-09-04|2026-09-08|2026-09-09|2026-09-10|2026-09-11|2026-09-14|2026-09-15|2026-09-16|2026-09-17|2026-09-18|2026-09-21|2026-09-22|2026-09-23|2026-09-24|2026-09-25|2026-09-28|2026-09-29|2026-09-30|2026-10-01|2026-10-02|2026-10-05|2026-10-06|2026-10-07|2026-10-08|2026-10-09,2026-10-10 01:41:59,0.0
Quanta Services,,2026-08-28|2026-08-31|2026-09-01|2026-09-02|2026-09-03|2026-09-04|2026-09-08|2026-09-09|2026-09-10|2026-09-11|2026-09-14|2026-09-15|2026-09-16|2026-09-17|2026-09-18|2026-09-21|2026-09-22|2026-09-23|2026-09-24|2026-09-25|2026-09-28|2026-09-29|2026-09-30|2026-10-01|2026-10-02|2026-10-05|2026-10-06|2026-10-07|2026-10-08|2026-10-09,2026-10-10 01:41:59,0.0
Constellation Energy,,2026-08-28|2026-08-31|2026-09-01|2026-09-02|2026-09-03|2026-09-04|2026-09-08|2026-09-09|2026-09-10|2026-09-11|2026-09-14|2026-09-15|2026-09-16|2026-09-17|2026-09-18|2026-09-21|2026-09-22|2026-09-23|2026-09-24|2026-09-25|2026-09-28|2026-09-29|2026-09-30|2026-10-01|2026-10-02|2026-10-05|2026-10-06|2026-10-07|2026-10-08|2026-10-09,2026-10-10 01:41:59,0.0
Genuine Parts Company,,2026-08-28|2026-08-31|2026-09-01|2026-09-02|2026-09-03|2026-09-04|2026-09-08|2026-09-09|2026-09-10|2026-09-11|2026-09-14|2026-09-15|2026-09-16|2026-09-17|2026-09-18|2026-09-21|2026-09-22|2026-09-23|2026-09-24|2026-09-25|2026-09-28|2026-09-29|2026-09-30|2026-10-01|2026-10-02|2026-10-05|2026-10-06|2026-10-07|2026-10-08|2026-10-09,2026-10-10 01:41:59,0.0
Jones Lang LaSalle,,2026-08-28|2026-08-31|2026-09-01|2026-09-02|2026-09-03|2026-09-04|2026-09-08|2026-09-09|2026-09-10|2026-09-11|2026-09-14|2026-09-15|2026-09-16|2026-09-17|2026-09-18|2026-09-21|2026-09-22|2026-09-23|2026-09-24|2026-09-25|2026-09-28|2026-09-29|2026-09-30|2026-10-01|2026-10-02|2026-10-05|2026-10-06|2026-10-07|2026-10-08|2026-10-09,2026-10-10 01:41:59,0.0
Lear Corporation,,2026-08-28|2026-08-31|2026-09-01|2026-09-02|2026-09-03|2026-09-04|2026-09-08|2026-09-09|2026-09-10|2026-09-11|2026-09-14|2026-09-15|2026-09-16|2026-09-17|2026-09-18|2026-09-21|2026-09-22|2026-09-23|2026-09-24|2026-09-25|2026-09-28|2026-09-29|2026-09-30|2026-10-01|2026-10-02|2026-10-05|2026-10-06|2026-10-07|2026-10-08|2026-10-09,2026-10-10 01:41:59,0.0
Live Nation Entertainment,,2026-08-28|2026-08-31|2026-09-01|2026-09-02|2026-09-03|2026-09-04|2026-09-08|2026-09-09|2026-09-10|2026-09-11|2026-09-14|2026-09-15|2026-09-16|2026-09-17|2026-09-18|2026-09-21|2026-09-22|2026-09-23|2026-09-24|2026-09-25|2026-09-28|2026-09-29|2026-09-30|2026-10-01|2026-10-02|2026-10-05|2026-10-06|2026-10-07|2026-10-08|2026-10-09,2026-10-10 01:41:59,0.0
Sherwin-Williams,,2026-08-28|2026-08-31|2026-09-01|2026-09-02|2026-09-03|2026-09-04|2026-09-08|2026-09-09|2026-09-10|2026-09-11|2026-09-14|2026-09-15|2026-09-16|2026-09-17|2026-09-18|2026-09-21|2026-09-22|2026-09-23|2026-09-24|2026-09-25|2026-09-28|2026-09-29|2026-09-30|2026-10-01|2026-10-02|2026-10-05|2026-10-06|2026-10-07|2026-10-08|2026-10-09,2026-10-10 01:41:59,0.0
Exelon,,2026-08-28|2026-08-31|2026-09-01|2026-09-02|2026-09-03|2026-09-04|2026-09-08|2026-09-09|2026-09-10|2026-09-11|2026-09-14|2026-09-15|2026-09-16|2026-09-17|2026-09-18|2026-09-21|2026-09-22|2026-09-23|2026-09-24|2026-09-25|2026-09-28|2026-09-29|2026-09-30|2026-10-01|2026-10-02|2026-10-05|2026-10-06|2026-10-07|2026-10-08|2026-10-09,2026-10-10 01:41:59,0.0
Macys,,2026-08-28|2026-08-31|2026-09-01|2026-09-02|2026-09-03|2026-09-04|2026-09-08|2026-09-09|2026-09-10|2026-09-11|2026-09-14|2026-09-15|2026-09-16|2026-09-17|2026-09-18|2026-09-21|2026-09-22|2026-09-23|2026-09-24|2026-09-25|2026-09-28|2026-09-29|2026-09-30|2026-10-01|2026-10-02|2026-10-05|2026-10-06|2026-10-07|2026-10-08|2026-10-09,2026-10-10 01:41:59,0.0
Halliburton,,2026-08-28|2026-08-31|2026-09-01|2026-09-02|2026-09-03|2026-09-04|2026-09-08|2026-09-09|2026-09-10|2026-09-11|2026-09-14|2026-09-15|2026-09-16|2026-09-17|2026-09-18|2026-09-21|2026-09-22|2026-09-23|2026-09-24|2026-09-25|2026-09-28|2026-09-29|2026-09-30|2026-10-01|2026-10-02|2026-10-05|2026-10-06|2026-10-07|2026-10-08|2026-10-09,2026-10-10 01:41:59,0.0
Stryker,,2026-08-28|2026-08-31|2026-09-01|2026-09-02|2026-09-03|2026-09-04|2026-09-08|2026-09-09|2026-09-10|2026-09-11|2026-09-14|2026-09-15|2026-09-16|2026-09-17|2026-09-18|2026-09-21|2026-09-22|2026-09-23|2026-09-24|2026-09-25|2026-09-28|2026-09-29|2026-09-30|2026-10-01|2026-10-02|2026-10-05|2026-10-06|2026-10-07|2026-10-08|2026-10-09,2026-10-10 01:41:59,0.0
Reinsurance Group of America,,2026-08-28|2026-08-31|2026-09-01|2026-09-02|2026-09-03|2026-09-04|2026-09-08|2026-09-09|2026-09-10|2026-09-11|2026-09-14|2026-09-15|2026-09-16|2026-09-17|2026-09-18|2026-09-21|2026-09-22|2026-09-23|2026-09-24|2026-09-25|2026-09-28|2026-09-29|2026-09-30|2026-10-01|2026-10-02|2026-10-05|2026-10-06|2026-10-07|2026-10-08|2026-10-09,2026-10-10 01:41:59,0.0
State Street,,2026-08-28|2026-08-31|2026-09-01|2026-09-02|2026-09-03|2026-09-04|2026-09-08|2026-09-09|2026-09-10|2026-09-11|2026-09-14|2026-09-15|2026-09-16|2026-09-17|2026-09-18|2026-09-21|2026-09-22|2026-09-23|2026-09-24|2026-09-25|2026-09-28|2026-09-29|2026-09-30|2026-10-01|2026-10-02|2026-10-05|2026-10-06|2026-10-07|2026-10-08|2026-10-09,2026-10-10 01:41:59,0.0
WESCO International,,2026-08-28|2026-08-31|2026-09-01|2026-09-02|2026-09-03|2026-09-04|2026-09-08|2026-09-09|2026-09-10|2026-09-11|2026-09-14|2026-09-15|2026-09-16|2026-09-17|2026-09-18|2026-09-21|2026-09-22|2026-09-23|2026-09-24|2026-09-25|2026-09-28|2026-09-29|2026-09-30|2026-10-01|2026-10-02|2026-10-05|2026-10-06|2026-10-07|2026-10-08|2026-10-09,2026-10-10 01:41:59,0.0
Oneok,,2026-08-28|2026-08-31|2026-09-01|2026-09-02|2026-09-03|2026-09-04|2026-09-08|2026-09-09|2026-09-10|2026-09-11|2026-09-14|2026-09-15|2026-09-16|2026-09-17|2026-09-18|2026-09-21|2026-09-22|2026-09-23|2026-09-24|2026-09-25|2026-09-28|2026-09-29|2026-09-30|2026-10-01|2026-10-02|2026-10-05|2026-10-06|2026-10-07|2026-10-08|2026-10-09,2026-10-10 01:41:59,0.0
Adobe,,2026-08-28|2026-08-31|2026-09-01|2026-09-02|2026-09-03|2026-09-04|2026-09-08|2026-09-09|2026-09-10|2026-09-11|2026-09-14|2026-09-15|2026-09-16|2026-09-17|2026-09-18|2026-09-21|2026-09-22|2026-09-23|2026-09-24|2026-09-25|2026-09-28|2026-09-29|2026-09-30|2026-10-01|2026-10-02|2026-10-05|2026-10-06|2026-10-07|2026-10-08|2026-10-09,2026-10-10 01:41:59,0.0
L3Harris Technologies,,2026-08-28|2026-08-31|2026-09-01|2026-09-02|2026-09-03|2026-09-04|2026-09-08|2026-09-09|2026-09-10|2026-09-11|2026-09-14|2026-09-15|2026-09-16|2026-09-17|2026-09-18|2026-09-21|2026-09-22|2026-09-23|2026-09-24|2026-09-25|2026-09-28|2026-09-29|2026-09-30|2026-10-01|2026-10-02|2026-10-05|2026-10-06|2026-10-07|2026-10-08|2026-10-09,2026-10-10 01:41:59,0.0
Ross Stores,,2026-08-28|2026-08-31|2026-09-01|2026-09-02|2026-09-03|2026-09-04|2026-09-08|2026-09-09|2026-09-10|2026-09-11|2026-09-14|2026-09-15|2026-09-16|2026-09-17|2026-09-18|2026-09-21|2026-09-22|2026-09-23|2026-09-24|2026-09-25|2026-09-28|2026-09-29|2026-09-30|2026-10-01|2026-10-02|2026-10-05|2026-10-06|2026-10-07|2026-10-08|2026-10-09,2026-10-10 01:41:59,0.0
CDW,,2026-08-28|2026-08-31|2026-09-01|2026-09-02|2026-09-03|2026-09-04|2026-09-08|2026-09-09|2026-09-10|2026-09-11|2026-09-14|2026-09-15|2026-09-16|2026-09-17|2026-09-18|2026-09-21|2026-09-22|2026-09-23|2026-09-24|2026-09-25|2026-09-28|2026-09-29|2026-09-30|2026-10-01|2026-10-02|2026-10-05|2026-10-06|2026-10-07|2026-10-08|2026-10-09,2026-10-10 01:41:59,0.0
Tenet Healthcare,,2026-08-28|2026-08-31|2026-09-01|2026-09-02|2026-09-03|2026-09-04|2026-09-08|2026-09-09|2026-09-10|2026-09-11|2026-09-14|2026-09-15|2026-09-16|2026-09-17|2026-09-18|2026-09-21|2026-09-22|2026-09-23|2026-09-24|2026-09-25|2026-09-28|2026-09-29|2026-09-30|2026-10-01|2026-10-02|2026-10-05|2026-10-06|2026-10-07|2026-10-08|2026-10-09,2026-10-10 01:41:59,0.0
BJ's Wholesale Club,,2026-08-28|2026-08-31|2026-09-01|2026-09-02|2026-09-03|2026-09-04|2026-09-08|2026-09-09|2026-09-10|2026-09-11|2026-09-14|2026-09-15|2026-09-16|2026-09-17|2026-09-18|2026-09-21|2026-09-22|2026-09-23|2026-09-24|2026-09-25|2026-09-28|2026-09-29|2026-09-30|2026-10-01|2026-10-02|2026-10-05|2026-10-06|2026-10-07|2026-10-08|2026-10-09,2026-10-10 01:41:59,0.0
Altria,,2026-08-28|2026-08-31|2026-09-01|2026-09-02|2026-09-03|2026-09-04|2026-09-08|2026-09-09|2026-09-10|2026-09-11|2026-09-14|2026-09-15|2026-09-16|2026-09-17|2026-09-18|2026-09-21|2026-09-22|2026-09-23|2026-09-24|2026-09-25|2026-09-28|2026-09-29|2026-09-30|2026-10-01|2026-10-02|2026-10-05|2026-10-06|2026-10-07|2026-10-08|2026-10-09,2026-10-10 01:41:59,0.0
BlackRock,,2026-08-28|2026-08-31|2026-09-01|2026-09-02|2026-09-03|2026-09-04|2026-09-08|2026-09-09|2026-09-10|2026-09-11|2026-09-14|2026-09-15|2026-09-16|2026-09-17|2026-09-18|2026-09-21|2026-09-22|2026-09-23|2026-09-24|2026-09-25|2026-09-28|2026-09-29|2026-09-30|2026-10-01|2026-10-02|2026-10-05|2026-10-06|2026-10-07|2026-10-08|2026-10-09,2026-10-10 01:41:59,0.0
Becton Dickinson,,2026-08-28|2026-08-31|2026-09-01|2026-09-02|2026-09-03|2026-09-04|2026-09-08|2026-09-09|2026-09-10|2026-09-11|2026-09-14|2026-09-15|2026-09-16|2026-09-17|2026-09-18|2026-09-21|2026-09-22|2026-09-23|2026-09-24|2026-09-25|2026-09-28|2026-09-29|2026-09-30|2026-10-01|2026-10-02|2026-10-05|2026-10-06|2026-10-07|2026-10-08|2026-10-09,2026-10-10 01:41:59,0.0
Colgate-Palmolive,,2026-08-28|2026-08-31|2026-09-01|2026-09-02|2026-09-03|2026-09-04|2026-09-08|2026-09-09|2026-09-10|2026-09-11|2026-09-14|2026-09-15|2026-09-16|2026-09-17|2026-09-18|2026-09-21|2026-09-22|2026-09-23|2026-09-24|2026-09-25|2026-09-28|2026-09-29|2026-09-30|2026-10-01|2026-10-02|2026-10-05|2026-10-06|2026-10-07|2026-10-08|2026-10-09,2026-10-10 01:41:59,0.0
Kimberly-Clark,,2026-08-28|2026-08-31|2026-09-01|2026-09-02|2026-09-03|2026-09-04|2026-09-08|2026-09-09|2026-09-10|2026-09-11|2026-09-14|2026-09-15|2026-09-16|2026-09-17|2026-09-18|2026-09-21|2026-09-22|2026-09-23|2026-09-24|2026-09-25|2026-09-28|2026-09-29|2026-09-30|2026-10-01|2026-10-02|2026-10-05|2026-10-06|2026-10-07|2026-10-08|2026-10-09,2026-10-10 01:41:59,0.0
Group 1 Automotive,,2026-08-28|2026-08-31|2026-09-01|2026-09-02|2026-09-03|2026-09-04|2026-09-08|2026-09-09|2026-09-10|2026-09-11|2026-09-14|2026-09-15|2026-09-16|2026-09-17|2026-09-18|2026-09-21|2026-09-22|2026-09-23|2026-09-24|2026-09-25|2026-09-28|2026-09-29|2026-09-30|2026-10-01|2026-10-02|2026-10-05|2026-10-06|2026-10-07|2026-10-08|2026-10-09,2026-10-10 01:41:59,0.0
Parker-Hannifin,,2026-08-28|2026-08-31|2026-09-01|2026-09-02|2026-09-03|2026-09-04|2026-09-08|2026-09-09|2026-09-10|2026-09-11|2026-09-14|2026-09-15|2026-09-16|2026-09-17|2026-09-18|2026-09-21|2026-09-22|2026-09-23|2026-09-24|2026-09-25|2026-09-28|2026-09-29|2026-09-30|2026-10-01|2026-10-02|2026-10-05|2026-10-06|2026-10-07|2026-10-08|2026-10-09,2026-10-10 01:41:59,0.0
General Mills,,2026-08-28|2026-08-31|2026-09-01|2026-09-02|2026-09-03|2026-09-04|2026-09-08|2026-09-09|2026-09-10|2026-09-11|2026-09-14|2026-09-15|2026-09-16|2026-09-17|2026-09-18|2026-09-21|2026-09-22|2026-09-23|2026-09-24|2026-09-25|2026-09-28|2026-09-29|2026-09-30|2026-10-01|2026-10-02|2026-10-05|2026-10-06|2026-10-07|2026-10-08|2026-10-09,2026-10-10 01:41:59,0.0
Cognizant Technology Solutions,,2026-08-28|2026-08-31|2026-09-01|2026-09-02|2026-09-03|2026-09-04|2026-09-08|2026-09-09|2026-09-10|2026-09-11|2026-09-14|2026-09-15|2026-09-16|2026-09-17|2026-09-18|2026-09-21|2026-09-22|2026-09-23|2026-09-24|2026-09-25|2026-09-28|2026-09-29|2026-09-30|2026-10-01|2026-10-02|2026-10-05|2026-10-06|2026-10-07|2026-10-08|2026-10-09,2026-10-10 01:41:59,0.0
American Electric Power,,2026-08-28|2026-08-31|2026-09-01|2026-09-02|2026-09-03|2026-09-04|2026-09-08|2026-09-09|2026-09-10|2026-09-11|2026-09-14|2026-09-15|2026-09-16|2026-09-17|2026-09-18|2026-09-21|2026-09-22|2026-09-23|2026-09-24|2026-09-25|2026-09-28|2026-09-29|2026-09-30|2026-10-01|2026-10-02|2026-10-05|2026-10-06|2026-10-07|2026-10-08|2026-10-09,2026-10-10 01:41:59,0.0
GE HealthCare Technologies,,2026-08-28|2026-08-31|2026-09-01|2026-09-02|2026-09-03|2026-09-04|2026-09-08|2026-09-09|2026-09-10|2026-09-11|2026-09-14|2026-09-15|2026-09-16|2026-09-17|2026-09-18|2026-09-21|2026-09-22|2026-09-23|2026-09-24|2026-09-25|2026-09-28|2026-09-29|2026-09-30|2026-10-01|2026-10-02|2026-10-05|2026-10-06|2026-10-07|2026-10-08|2026-10-09,2026-10-10 01:41:59,0.0
Automatic Data Processing,,2026-08-28|2026-08-31|2026-09-01|2026-09-02|2026-09-03|2026-09-04|2026-09-08|2026-09-09|2026-09-10|2026-09-11|2026-09-14|2026-09-15|2026-09-16|2026-09-17|2026-09-18|2026-09-21|2026-09-22|2026-09-23|2026-09-24|2026-09-25|2026-09-28|2026-09-29|2026-09-30|2026-10-01|2026-10-02|2026-10-05|2026-10-06|2026-10-07|2026-10-08|2026-10-09,2026-10-10 01:41:59,0.0
Cleveland-Cliffs,,2026-08-28|2026-08-31|2026-09-01|2026-09-02|2026-09-03|2026-09-04|2026-09-08|2026-09-09|2026-09-10|2026-09-11|2026-09-14|2026-09-15|2026-09-16|2026-09-17|2026-09-18|2026-09-21|2026-09-22|2026-09-23|2026-09-24|2026-09-25|2026-09-28|2026-09-29|2026-09-30|2026-10-01|2026-10-02|2026-10-05|2026-10-06|2026-10-07|2026-10-08|2026-10-09,2026-10-10 01:41:59,0.0
Aflac,,2026-08-28|2026-08-31|2026-09-01|2026-09-02|2026-09-03|2026-09-04|2026-09-08|2026-09-09|2026-09-10|2026-09-11|2026-09-14|2026-09-15|2026-09-16|2026-09-17|2026-09-18|2026-09-21|2026-09-22|2026-09-23|2026-09-24|2026-09-25|2026-09-28|2026-09-29|2026-09-30|2026-10-01|2026-10-02|2026-10-05|2026-10-06|2026-10-07|2026-10-08|2026-10-09,2026-10-10 01:41:59,0.0
Goodyear Tire & Rubber,,2026-08-28|2026-08-31|2026-09-01|2026-09-02|2026-09-03|2026-09-04|2026-09-08|2026-09-09|2026-09-10|2026-09-11|2026-09-14|2026-09-15|2026-09-16|2026-09-17|2026-09-18|2026-09-21|2026-09-22|2026-09-23|2026-09-24|2026-09-25|2026-09-28|2026-09-29|2026-09-30|2026-10-01|2026-10-02|2026-10-05|2026-10-06|2026-10-07|2026-10-08|2026-10-09,2026-10-10 01:41:59,0.0
Corebridge Financial,,2026-08-28|2026-08-31|2026-09-01|2026-09-02|2026-09-03|2026-09-04|2026-09-08|2026-09-09|2026-09-10|2026-09-11|2026-09-14|2026-09-15|2026-09-16|2026-09-17|2026-09-18|2026-09-21|2026-09-22|2026-09-23|2026-09-24|2026-09-25|2026-09-28|2026-09-29|2026-09-30|2026-10-01|2026-10-02|2026-10-05|2026-10-06|2026-10-07|2026-10-08|2026-10-09,2026-10-10 01:41:59,0.0
Newmont,,2026-08-28|2026-08-31|2026-09-01|2026-09-02|2026-09-03|2026-09-04|2026-09-08|2026-09-09|2026-09-10|2026-09-11|2026-09-14|2026-09-15|2026-09-16|2026-09-17|2026-09-18|2026-09-21|2026-09-22|2026-09-23|2026-09-24|2026-09-25|2026-09-28|2026-09-29|2026-09-30|2026-10-01|2026-10-02|2026-10-05|2026-10-06|2026-10-07|2026-10-08|2026-10-09,2026-10-10 01:41:59,0.0
International Paper,,2026-08-28|2026-08-31|2026-09-01|2026-09-02|2026-09-03|2026-09-04|2026-09-08|2026-09-09|2026-09-10|2026-09-11|2026-09-14|2026-09-15|2026-09-16|2026-09-17|2026-09-18|2026-09-21|2026-09-22|2026-09-23|2026-09-24|2026-09-25|2026-09-28|2026-09-29|2026-09-30|2026-10-01|2026-10-02|2026-10-05|2026-10-06|2026-10-07|2026-10-08|2026-10-09,2026-10-10 01:41:59,0.0
AutoZone,,2026-08-28|2026-08-31|2026-09-01|2026-09-02|2026-09-03|2026-09-04|2026-09-08|2026-09-09|2026-09-10|2026-09-11|2026-09-14|2026-09-15|2026-09-16|2026-09-17|2026-09-18|2026-09-21|2026-09-22|2026-09-23|2026-09-24|2026-09-25|2026-09-28|2026-09-29|2026-09-30|2026-10-01|2026-10-02|2026-10-05|2026-10-06|2026-10-07|2026-10-08|2026-10-09,2026-10-10 01:41:59,0.0
Lincoln National,,2026-08-28|2026-08-31|2026-09-01|2026-09-02|2026-09-03|2026-09-04|2026-09-08|2026-09-09|2026-09-10|2026-09-11|2026-09-14|2026-09-15|2026-09-16|2026-09-17|2026-09-18|2026-09-21|2026-09-22|2026-09-23|2026-09-24|2026-09-25|2026-09-28|2026-09-29|2026-09-30|2026-10-01|2026-10-02|2026-10-05|2026-10-06|2026-10-07|2026-10-08|2026-10-09,2026-10-10 01:41:59,0.0
PulteGroup,,2026-08-28|2026-08-31|2026-09-01|2026-09-02|2026-09-03|2026-09-04|2026-09-08|2026-09-09|2026-09-10|2026-09-11|2026-09-14|2026-09-15|2026-09-16|2026-09-17|2026-09-18|2026-09-21|2026-09-22|2026-09-23|2026-09-24|2026-09-25|2026-09-28|2026-09-29|2026-09-30|2026-10-01|2026-10-02|2026-10-05|2026-10-06|2026-10-07|2026-10-08|2026-10-09,2026-10-10 01:41:59,0.0
Ameriprise Financial,,2026-08-28|2026-08-31|2026-09-01|2026-09-02|2026-09-03|2026-09-04|2026-09-08|2026-09-09|2026-09-10|2026-09-11|2026-09-14|2026-09-15|2026-09-16|2026-09-17|2026-09-18|2026-09-21|2026-09-22|2026-09-23|2026-09-24|2026-09-25|2026-09-28|2026-09-29|2026-09-30|2026-10-01|2026-10-02|2026-10-05|2026-10-06|2026-10-07|2026-10-08|2026-10-09,2026-10-10 01:41:59,0.0
Murphy USA,,2026-08-28|2026-08-31|2026-09-01|2026-09-02|2026-09-03|2026-09-04|2026-09-08|2026-09-09|2026-09-10|2026-09-11|2026-09-14|2026-09-15|2026-09-16|2026-09-17|2026-09-18|2026-09-21|2026-09-22|2026-09-23|2026-09-24|2026-09-25|2026-09-28|2026-09-29|2026-09-30|2026-10-01|2026-10-02|2026-10-05|2026-10-06|2026-10-07|2026-10-08|2026-10-09,2026-10-10 01:41:59,0.0
ManpowerGroup,,2026-08-28|2026-08-31|2026-09-01|2026-09-02|2026-09-03|2026-09-04|2026-09-08|2026-09-09|2026-09-10|2026-09-11|2026-09-14|2026-09-15|2026-09-16|2026-09-17|2026-09-18|2026-09-21|2026-09-22|2026-09-23|2026-09-24|2026-09-25|2026-09-28|2026-09-29|2026-09-30|2026-10-01|2026-10-02|2026-10-05|2026-10-06|2026-10-07|2026-10-08|2026-10-09,2026-10-10 01:41:59,0.0
CH Robinson Worldwide,,2026-08-28|2026-08-31|2026-09-01|2026-09-02|2026-09-03|2026-09-04|2026-09-08|2026-09-09|2026-09-10|2026-09-11|2026-09-14|2026-09-15|2026-09-16|2026-09-17|2026-09-18|2026-09-21|2026-09-22|2026-09-23|2026-09-24|2026-09-25|2026-09-28|2026-09-29|2026-09-30|2026-10-01|2026-10-02|2026-10-05|2026-10-06|2026-10-07|2026-10-08|2026-10-09,2026-10-10 01:41:59,0.0
PPG Industries,,2026-08-28|2026-08-31|2026-09-01|2026-09-02|2026-09-03|2026-09-04|2026-09-08|2026-09-09|2026-09-10|2026-09-11|2026-09-14|2026-09-15|2026-09-16|2026-09-17|2026-09-18|2026-09-21|2026-09-22|2026-09-23|2026-09-24|2026-09-25|2026-09-28|2026-09-29|2026-09-30|2026-10-01|2026-10-02|2026-10-05|2026-10-06|2026-10-07|2026-10-08|2026-10-09,2026-10-10 01:41:59,0.0
Edison International,,2026-08-28|2026-08-31|2026-09-01|2026-09-02|2026-09-03|2026-09-04|2026-09-08|2026-09-09|2026-09-10|2026-09-11|2026-09-14|2026-09-15|2026-09-16|2026-09-17|2026-09-18|2026-09-21|2026-09-22|2026-09-23|2026-09-24|2026-09-25|2026-09-28|2026-09-29|2026-09-30|2026-10-01|2026-10-02|2026-10-05|2026-10-06|2026-10-07|2026-10-08|2026-10-09,2026-10-10 01:41:59,0.0
Steel Dynamics,,2026-08-28|2026-08-31|2026-09-01|2026-09-02|2026-09-03|2026-09-04|2026-09-08|2026-09-09|2026-09-10|2026-09-11|2026-09-14|2026-09-15|2026-09-16|2026-09-17|2026-09-18|2026-09-21|2026-09-22|2026-09-23|2026-09-24|2026-09-25|2026-09-28|2026-09-29|2026-09-30|2026-10-01|2026-10-02|2026-10-05|2026-10-06|2026-10-07|2026-10-08|2026-10-09,2026-10-10 01:41:59,0.0
Loews,,2026-08-28|2026-08-31|2026-09-01|2026-09-02|2026-09-03|2026-09-04|2026-09-08|2026-09-09|2026-09-10|2026-09-11|2026-09-14|2026-09-15|2026-09-16|2026-09-17|2026-09-18|2026-09-21|2026-09-22|2026-09-23|2026-09-24|2026-09-25|2026-09-28|2026-09-29|2026-09-30|2026-10-01|2026-10-02|2026-10-05|2026-10-06|2026-10-07|2026-10-08|2026-10-09,2026-10-10 01:41:59,0.0
Emerson Electric,,2026-08-28|2026-08-31|2026-09-01|2026-09-02|2026-09-03|2026-09-04|2026-09-08|2026-09-09|2026-09-10|2026-09-11|2026-09-14|2026-09-15|2026-09-16|2026-09-17|2026-09-18|2026-09-21|2026-09-22|2026-09-23|2026-09-24|2026-09-25|2026-09-28|2026-09-29|2026-09-30|2026-10-01|2026-10-02|2026-10-05|2026-10-06|2026-10-07|2026-10-08|2026-10-09,2026-10-10 01:41:59,0.0
Aramark,,2026-08-28|2026-08-31|2026-09-01|2026-09-02|2026-09-03|2026-09-04|2026-09-08|2026-09-09|2026-09-10|2026-09-11|2026-09-14|2026-09-15|2026-09-16|2026-09-17|2026-09-18|2026-09-21|2026-09-22|2026-09-23|2026-09-24|2026-09-25|2026-09-28|2026-09-29|2026-09-30|2026-10-01|2026-10-02|2026-10-05|2026-10-06|2026-10-07|2026-10-08|2026-10-09,2026-10-10 01:41:59,0.0
MGM Resorts International,,2026-08-28|2026-08-31|2026-09-01|2026-09-02|2026-09-03|2026-09-04|2026-09-08|2026-09-09|2026-09-10|2026-09-11|2026-09-14|2026-09-15|2026-09-16|2026-09-17|2026-09-18|2026-09-21|2026-09-22|2026-09-23|2026-09-24|2026-09-25|2026-09-28|2026-09-29|2026-09-30|2026-10-01|2026-10-02|2026-10-05|2026-10-06|2026-10-07|2026-10-08|2026-10-09,2026-10-10 01:41:59,0.0
Vistra,,2026-08-28|2026-08-31|2026-09-01|2026-09-02|2026-09-03|2026-09-04|2026-09-08|2026-09-09|2026-09-10|2026-09-11|2026-09-14|2026-09-15|2026-09-16|2026-09-17|2026-09-18|2026-09-21|2026-09-22|2026-09-23|2026-09-24|2026-09-25|2026-09-28|2026-09-29|2026-09-30|2026-10-01|2026-10-02|2026-10-05|2026-10-06|2026-10-07|2026-10-08|2026-10-09,2026-10-10 01:41:59,0.0
Asbury Automotive Group,,2026-08-28|2026-08-31|2026-09-01|2026-09-02|2026-09-03|2026-09-04|2026-09-08|2026-09-09|2026-09-10|2026-09-11|2026-09-14|2026-09-15|2026-09-16|2026-09-17|2026-09-18|2026-09-21|2026-09-22|2026-09-23|2026-09-24|2026-09-25|2026-09-28|2026-09-29|2026-09-30|2026-10-01|2026-10-02|2026-10-05|2026-10-06|2026-10-07|2026-10-08|2026-10-09,2026-10-10 01:41:59,0.0
WW Grainger,,2026-08-28|2026-08-31|2026-09-01|2026-09-02|2026-09-03|2026-09-04|2026-09-08|2026-09-09|2026-09-10|2026-09-11|2026-09-14|2026-09-15|2026-09-16|2026-09-17|2026-09-18|2026-09-21|2026-09-22|2026-09-23|2026-09-24|2026-09-25|2026-09-28|2026-09-29|2026-09-30|2026-10-01|2026-10-02|2026-10-05|2026-10-06|2026-10-07|2026-10-08|2026-10-09,2026-10-10 01:41:59,0.0
Global Partners,,2026-08-28|2026-08-31|2026-09-01|2026-09-02|2026-09-03|2026-09-04|2026-09-08|2026-09-09|2026-09-10|2026-09-11|2026-09-14|2026-09-15|2026-09-16|2026-09-17|2026-09-18|2026-09-21|2026-09-22|2026-09-23|2026-09-24|2026-09-25|2026-09-28|2026-09-29|2026-09-30|2026-10-01|2026-10-02|2026-10-05|2026-10-06|2026-10-07|2026-10-08|2026-10-09,2026-10-10 01:41:59,0.0
Jacobs Solutions,,2026-08-28|2026-08-31|2026-09-01|2026-09-02|2026-09-03|2026-09-04|2026-09-08|2026-09-09|2026-09-10|2026-09-11|2026-09-14|2026-09-15|2026-09-16|2026-09-17|2026-09-18|2026-09-21|2026-09-22|2026-09-23|2026-09-24|2026-09-25|2026-09-28|2026-09-29|2026-09-30|2026-10-01|2026-10-02|2026-10-05|2026-10-06|2026-10-07|2026-10-08|2026-10-09,2026-10-10 01:41:59,0.0
Corteva,,2026-08-28|2026-08-31|2026-09-01|2026-09-02|2026-09-03|2026-09-04|2026-09-08|2026-09-09|2026-09-10|2026-09-11|2026-09-14|2026-09-15|2026-09-16|2026-09-17|2026-09-18|2026-09-21|2026-09-22|2026-09-23|2026-09-24|2026-09-25|2026-09-28|2026-09-29|2026-09-30|2026-10-01|2026-10-02|2026-10-05|2026-10-06|2026-10-07|2026-10-08|2026-10-09,2026-10-10 01:41:59,0.0
Boston Scientific,,2026-08-28|2026-08-31|2026-09-01|2026-09-02|2026-09-03|2026-09-04|2026-09-08|2026-09-09|2026-09-10|2026-09-11|2026-09-14|2026-09-15|2026-09-16|2026-09-17|2026-09-18|2026-09-21|2026-09-22|2026-09-23|2026-09-24|2026-09-25|2026-09-28|2026-09-29|2026-09-30|2026-10-01|2026-10-02|2026-10-05|2026-10-06|2026-10-07|2026-10-08|2026-10-09,2026-10-10 01:41:59,0.0
O'Reilly Automotive,,2026-08-28|2026-08-31|2026-09-01|2026-09-02|2026-09-03|2026-09-04|2026-09-08|2026-09-09|2026-09-10|2026-09-11|2026-09-14|2026-09-15|2026-09-16|2026-09-17|2026-09-18|2026-09-21|2026-09-22|2026-09-23|2026-09-24|2026-09-25|2026-09-28|2026-09-29|2026-09-30|2026-10-01|2026-10-02|2026-10-05|2026-10-06|2026-10-07|2026-10-08|2026-10-09,2026-10-10 01:41:59,0.0
Leidos,,2026-08-28|2026-08-31|2026-09-01|2026-09-02|2026-09-03|2026-09-04|2026-09-08|2026-09-09|2026-09-10|2026-09-11|2026-09-14|2026-09-15|2026-09-16|2026-09-17|2026-09-18|2026-09-21|2026-09-22|2026-09-23|2026-09-24|2026-09-25|2026-09-28|2026-09-29|2026-09-30|2026-10-01|2026-10-02|2026-10-05|2026-10-06|2026-10-07|2026-10-08|2026-10-09,2026-10-10 01:41:59,0.0
Markel Group,,2026-08-28|2026-08-31|2026-09-01|2026-09-02|2026-09-03|2026-09-04|2026-09-08|2026-09-09|2026-09-10|2026-09-11|2026-09-14|2026-09-15|2026-09-16|2026-09-17|2026-09-18|2026-09-21|2026-09-22|2026-09-23|2026-09-24|2026-09-25|2026-09-28|2026-09-29|2026-09-30|2026-10-01|2026-10-02|2026-10-05|2026-10-06|2026-10-07|2026-10-08|2026-10-09,2026-10-10 01:41:59,0.0
Whirlpool,,2026-08-28|2026-08-31|2026-09-01|2026-09-02|2026-09-03|2026-09-04|2026-09-08|2026-09-09|2026-09-10|2026-09-11|2026-09-14|2026-09-15|2026-09-16|2026-09-17|2026-09-18|2026-09-21|2026-09-22|2026-09-23|2026-09-24|2026-09-25|2026-09-28|2026-09-29|2026-09-30|2026-10-01|2026-10-02|2026-10-05|2026-10-06|2026-10-07|2026-10-08|2026-10-09,2026-10-10 01:41:59,0.0
Builders FirstSource,,2026-08-28|2026-08-31|2026-09-01|2026-09-02|2026-09-03|2026-09-04|2026-09-08|2026-09-09|2026-09-10|2026-09-11|2026-09-14|2026-09-15|2026-09-16|2026-09-17|2026-09-18|2026-09-21|2026-09-22|2026-09-23|2026-09-24|2026-09-25|2026-09-28|2026-09-29|2026-09-30|2026-10-01|2026-10-02|2026-10-05|2026-10-06|2026-10-07|2026-10-08|2026-10-09,2026-10-10 01:41:59,0.0
Ally Financial,,2026-08-28|2026-08-31|2026-09-01|2026-09-02|2026-09-03|2026-09-04|2026-09-08|2026-09-09|2026-09-10|2026-09-11|2026-09-14|2026-09-15|2026-09-16|2026-09-17|2026-09-18|2026-09-21|2026-09-22|2026-09-23|2026-09-24|2026-09-25|2026-09-28|2026-09-29|2026-09-30|2026-10-01|2026-10-02|2026-10-05|2026-10-06|2026-10-07|2026-10-08|2026-10-09,2026-10-10 01:41:59,0.0
Targa Resources,,2026-08-28|2026-08-31|2026-09-01|2026-09-02|2026-09-03|2026-09-04|2026-09-08|2026-09-09|2026-09-10|2026-09-11|2026-09-14|2026-09-15|2026-09-16|2026-09-17|2026-09-18|2026-09-21|2026-09-22|2026-09-23|2026-09-24|2026-09-25|2026-09-28|2026-09-29|2026-09-30|2026-10-01|2026-10-02|2026-10-05|2026-10-06|2026-10-07|2026-10-08|2026-10-09,2026-10-10 01:41:59,0.0
Fluor,,2026-08-28|2026-08-31|2026-09-01|2026-09-02|2026-09-03|2026-09-04|2026-09-08|2026-09-09|2026-09-10|2026-09-11|2026-09-14|2026-09-15|2026-09-16|2026-09-17|2026-09-18|2026-09-21|2026-09-22|2026-09-23|2026-09-24|2026-09-25|2026-09-28|2026-09-29|2026-09-30|2026-10-01|2026-10-02|2026-10-05|2026-10-06|2026-10-07|2026-10-08|2026-10-09,2026-10-10 01:41:59,0.0
Intuit,,2026-08-28|2026-08-31|2026-09-01|2026-09-02|2026-09-03|2026-09-04|2026-09-08|2026-09-09|2026-09-10|2026-09-11|2026-09-14|2026-09-15|2026-09-16|2026-09-17|2026-09-18|2026-09-21|2026-09-22|2026-09-23|2026-09-24|2026-09-25|2026-09-28|2026-09-29|2026-09-30|2026-10-01|2026-10-02|2026-10-05|2026-10-06|2026-10-07|2026-10-08|2026-10-09,2026-10-10 01:41:59,0.0
AECOM,,2026-08-28|2026-08-31|2026-09-01|2026-09-02|2026-09-03|2026-09-04|2026-09-08|2026-09-09|2026-09-10|2026-09-11|2026-09-14|2026-09-15|2026-09-16|2026-09-17|2026-09-18|2026-09-21|2026-09-22|2026-09-23|2026-09-24|2026-09-25|2026-09-28|2026-09-29|2026-09-30|2026-10-01|2026-10-02|2026-10-05|2026-10-06|2026-10-07|2026-10-08|2026-10-09,2026-10-10 01:41:59,0.0
Kohl's,,2026-08-28|2026-08-31|2026-09-01|2026-09-02|2026-09-03|2026-09-04|2026-09-08|2026-09-09|2026-09-10|2026-09-11|2026-09-14|2026-09-15|2026-09-16|2026-09-17|2026-09-18|2026-09-21|2026-09-22|2026-09-23|2026-09-24|2026-09-25|2026-09-28|2026-09-29|2026-09-30|2026-10-01|2026-10-02|2026-10-05|2026-10-06|2026-10-07|2026-10-08|2026-10-09,2026-10-10 01:41:59,0.0
PrIncipal Financial,,2026-08-28|2026-08-31|2026-09-01|2026-09-02|2026-09-03|2026-09-04|2026-09-08|2026-09-09|2026-09-10|2026-09-11|2026-09-14|2026-09-15|2026-09-16|2026-09-17|2026-09-18|2026-09-21|2026-09-22|2026-09-23|2026-09-24|2026-09-25|2026-09-28|2026-09-29|2026-09-30|2026-10-01|2026-10-02|2026-10-05|2026-10-06|2026-10-07|2026-10-08|2026-10-09,2026-10-10 01:41:59,0.0
Dominion Energy,,2026-08-28|2026-08-31|2026-09-01|2026-09-02|2026-09-03|2026-09-04|2026-09-08|2026-09-09|2026-09-10|2026-09-11|2026-09-14|2026-09-15|2026-09-16|2026-09-17|2026-09-18|2026-09-21|2026-09-22|2026-09-23|2026-09-24|2026-09-25|2026-09-28|2026-09-29|2026-09-30|2026-10-01|2026-10-02|2026-10-05|2026-10-06|2026-10-07|2026-10-08|2026-10-09,2026-10-10 01:41:59,0.0
Kyndryl,,2026-08-28|2026-08-31|2026-09-01|2026-09-02|2026-09-03|2026-09-04|2026-09-08|2026-09-09|2026-09-10|2026-09-11|2026-09-14|2026-09-15|2026-09-16|2026-09-17|2026-09-18|2026-09-21|2026-09-22|2026-09-23|2026-09-24|2026-09-25|2026-09-28|2026-09-29|2026-09-30|2026-10-01|2026-10-02|2026-10-05|2026-10-06|2026-10-07|2026-10-08|2026-10-09,2026-10-10 01:41:59,0.0
Republic Services,,2026-08-28|2026-08-31|2026-09-01|2026-09-02|2026-09-03|2026-09-04|2026-09-08|2026-09-09|2026-09-10|2026-09-11|2026-09-14|2026-09-15|2026-09-16|2026-09-17|2026-09-18|2026-09-21|2026-09-22|2026-09-23|2026-09-24|2026-09-25|2026-09-28|2026-09-29|2026-09-30|2026-10-01|2026-10-02|2026-10-05|2026-10-06|2026-10-07|2026-10-08|2026-10-09,2026-10-10 01:41:59,0.0
Devon Energy,,2026-08-28|2026-08-31|2026-09-01|2026-09-02|2026-09-03|2026-09-04|2026-09-08|2026-09-09|2026-09-10|2026-09-11|2026-09-14|2026-09-15|2026-09-16|2026-09-17|2026-09-18|2026-09-21|2026-09-22|2026-09-23|2026-09-24|2026-09-25|2026-09-28|2026-09-29|2026-09-30|2026-10-01|2026-10-02|2026-10-05|2026-10-06|2026-10-07|2026-10-08|2026-10-09,2026-10-10 01:41:59,0.0
Illinois Tool Works,,2026-08-28|2026-08-31|2026-09-01|2026-09-02|2026-09-03|2026-09-04|2026-09-08|2026-09-09|2026-09-10|2026-09-11|2026-09-14|2026-09-15|2026-09-16|2026-09-17|2026-09-18|2026-09-21|2026-09-22|2026-09-23|2026-09-24|2026-09-25|2026-09-28|2026-09-29|2026-09-30|2026-10-01|2026-10-02|2026-10-05|2026-10-06|2026-10-07|2026-10-08|2026-10-09,2026-10-10 01:41:59,0.0
Northern Trust,,2026-08-28|2026-08-31|2026-09-01|2026-09-02|2026-09-03|2026-09-04|2026-09-08|2026-09-09|2026-09-10|2026-09-11|2026-09-14|2026-09-15|2026-09-16|2026-09-17|2026-09-18|2026-09-21|2026-09-22|2026-09-23|2026-09-24|2026-09-25|2026-09-28|2026-09-29|2026-09-30|2026-10-01|2026-10-02|2026-10-05|2026-10-06|2026-10-07|2026-10-08|2026-10-09,2026-10-10 01:41:59,0.0
Universal Health Services,,2026-08-28|2026-08-31|2026-09-01|2026-09-02|2026-09-03|2026-09-04|2026-09-08|2026-09-09|2026-09-10|2026-09-11|2026-09-14|2026-09-15|2026-09-16|2026-09-17|2026-09-18|2026-09-21|2026-09-22|2026-09-23|2026-09-24|2026-09-25|2026-09-28|2026-09-29|2026-09-30|2026-10-01|2026-10-02|2026-10-05|2026-10-06|2026-10-07|2026-10-08|2026-10-09,2026-10-10 01:41:59,0.0
Ecolab,,2026-08-28|2026-08-31|2026-09-01|2026-09-02|2026-09-03|2026-09-04|2026-09-08|2026-09-09|2026-09-10|2026-09-11|2026-09-14|2026-09-15|2026-09-16|2026-09-17|2026-09-18|2026-09-21|2026-09-22|2026-09-23|2026-09-24|2026-09-25|2026-09-28|2026-09-29|2026-09-30|2026-10-01|2026-10-02|2026-10-05|2026-10-06|2026-10-07|2026-10-08|2026-10-09,2026-10-10 01:41:59,0.0
Cheniere Energy,,2026-08-28|2026-08-31|2026-09-01|2026-09-02|2026-09-03|2026-09-04|2026-09-08|2026-09-09|2026-09-10|2026-09-11|2026-09-14|2026-09-15|2026-09-16|2026-09-17|2026-09-18|2026-09-21|2026-09-22|2026-09-23|2026-09-24|2026-09-25|2026-09-28|2026-09-29|2026-09-30|2026-10-01|2026-10-02|2026-10-05|2026-10-06|2026-10-07|2026-10-08|2026-10-09,2026-10-10 01:41:59,0.0
Omnicom Group,,2026-08-28|2026-08-31|2026-09-01|2026-09-02|2026-09-03|2026-09-04|2026-09-08|2026-09-09|2026-09-10|2026-09-11|2026-09-14|2026-09-15|2026-09-16|2026-09-17|2026-09-18|2026-09-21|2026-09-22|2026-09-23|2026-09-24|2026-09-25|2026-09-28|2026-09-29|2026-09-30|2026-10-01|2026-10-02|2026-10-05|2026-10-06|2026-10-07|2026-10-08|2026-10-09,2026-10-10 01:41:59,0.0
Texas Instruments,,2026-08-28|2026-08-31|2026-09-01|2026-09-02|2026-09-03|2026-09-04|2026-09-08|2026-09-09|2026-09-10|2026-09-11|2026-09-14|2026-09-15|2026-09-16|2026-09-17|2026-09-18|2026-09-21|2026-09-22|2026-09-23|2026-09-24|2026-09-25|2026-09-28|2026-09-29|2026-09-30|2026-10-01|2026-10-02|2026-10-05|2026-10-06|2026-10-07|2026-10-08|2026-10-09,2026-10-10 01:41:59,0.0
Estée Lauder,,2026-08-28|2026-08-31|2026-09-01|2026-09-02|2026-09-03|2026-09-04|2026-09-08|2026-09-09|2026-09-10|2026-09-11|2026-09-14|2026-09-15|2026-09-16|2026-09-17|2026-09-18|2026-09-21|2026-09-22|2026-09-23|2026-09-24|2026-09-25|2026-09-28|2026-09-29|2026-09-30|2026-10-01|2026-10-02|2026-10-05|2026-10-06|2026-10-07|2026-10-08|2026-10-09,2026-10-10 01:41:59,0.0
Kenvue,,2026-08-28|2026-08-31|2026-09-01|2026-09-02|2026-09-03|2026-09-04|2026-09-08|2026-09-09|2026-09-10|2026-09-11|2026-09-14|2026-09-15|2026-09-16|2026-09-17|2026-09-18|2026-09-21|2026-09-22|2026-09-23|2026-09-24|2026-09-25|2026-09-28|2026-09-29|2026-09-30|2026-10-01|2026-10-02|2026-10-05|2026-10-06|2026-10-07|2026-10-08|2026-10-09,2026-10-10 01:41:59,0.0
IQVIA,,2026-08-28|2026-08-31|2026-09-01|2026-09-02|2026-09-03|2026-09-04|2026-09-08|2026-09-09|2026-09-10|2026-09-11|2026-09-14|2026-09-15|2026-09-16|2026-09-17|2026-09-18|2026-09-21|2026-09-22|2026-09-23|2026-09-24|2026-09-25|2026-09-28|2026-09-29|2026-09-30|2026-10-01|2026-10-02|2026-10-05|2026-10-06|2026-10-07|2026-10-08|2026-10-09,2026-10-10 01:41:59,0.0
Stanley Black & Decker,,2026-08-28|2026-08-31|2026-09-01|2026-09-02|2026-09-03|2026-09-04|2026-09-08|2026-09-09|2026-09-10|2026-09-11|2026-09-14|2026-09-15|2026-09-16|2026-09-17|2026-09-18|2026-09-21|2026-09-22|2026-09-23|2026-09-24|2026-09-25|2026-09-28|2026-09-29|2026-09-30|2026-10-01|2026-10-02|2026-10-05|2026-10-06|2026-10-07|2026-10-08|2026-10-09,2026-10-10 01:41:59,0.0
Keurig Dr Pepper,,2026-08-28|2026-08-31|2026-09-01|2026-09-02|2026-09-03|2026-09-04|2026-09-08|2026-09-09|2026-09-10|2026-09-11|2026-09-14|2026-09-15|2026-09-16|2026-09-17|2026-09-18|2026-09-21|2026-09-22|2026-09-23|2026-09-24|2026-09-25|2026-09-28|2026-09-29|2026-09-30|2026-10-01|2026-10-02|2026-10-05|2026-10-06|2026-10-07|2026-10-08|2026-10-09,2026-10-10 01:41:59,0.0
United Rentals,,2026-08-28|2026-08-31|2026-09-01|2026-09-02|2026-09-03|2026-09-04|2026-09-08|2026-09-09|2026-09-10|2026-09-11|2026-09-14|2026-09-15|2026-09-16|2026-09-17|2026-09-18|2026-09-21|2026-09-22|2026-09-23|2026-09-24|2026-09-25|2026-09-28|2026-09-29|2026-09-30|2026-10-01|2026-10-02|2026-10-05|2026-10-06|2026-10-07|2026-10-08|2026-10-09,2026-10-10 01:41:59,0.0
Consolidated Edison,,2026-08-28|2026-08-31|2026-09-01|2026-09-02|2026-09-03|2026-09-04|2026-09-08|2026-09-09|2026-09-10|2026-09-11|2026-09-14|2026-09-15|2026-09-16|2026-09-17|2026-09-18|2026-09-21|2026-09-22|2026-09-23|2026-09-24|2026-09-25|2026-09-28|2026-09-29|2026-09-30|2026-10-01|2026-10-02|2026-10-05|2026-10-06|2026-10-07|2026-10-08|2026-10-09,2026-10-10 01:41:59,0.0
Amphenol,,2026-08-28|2026-08-31|2026-09-01|2026-09-02|2026-09-03|2026-09-04|2026-09-08|2026-09-09|2026-09-10|2026-09-11|2026-09-14|2026-09-15|2026-09-16|2026-09-17|2026-09-18|2026-09-21|2026-09-22|2026-09-23|2026-09-24|2026-09-25|2026-09-28|2026-09-29|2026-09-30|2026-10-01|2026-10-02|2026-10-05|2026-10-06|2026-10-07|2026-10-08|2026-10-09,2026-10-10 01:41:59,0.0
Baxter International,,2026-08-28|2026-08-31|2026-09-01|2026-09-02|2026-09-03|2026-09-04|2026-09-08|2026-09-09|2026-09-10|2026-09-11|2026-09-14|2026-09-15|2026-09-16|2026-09-17|2026-09-18|2026-09-21|2026-09-22|2026-09-23|2026-09-24|2026-09-25|2026-09-28|2026-09-29|2026-09-30|2026-10-01|2026-10-02|2026-10-05|2026-10-06|2026-10-07|2026-10-08|2026-10-09,2026-10-10 01:41:59,0.0
Kinder Morgan,,2026-08-28|2026-08-31|2026-09-01|2026-09-02|2026-09-03|2026-09-04|2026-09-08|2026-09-09|2026-09-10|2026-09-11|2026-09-14|2026-09-15|2026-09-16|2026-09-17|2026-09-18|2026-09-21|2026-09-22|2026-09-23|2026-09-24|2026-09-25|2026-09-28|2026-09-29|2026-09-30|2026-10-01|2026-10-02|2026-10-05|2026-10-06|2026-10-07|2026-10-08|2026-10-09,2026-10-10 01:41:59,0.0
First Citizens BancShares,,2026-08-28|2026-08-31|2026-09-01|2026-09-02|2026-09-03|2026-09-04|2026-09-08|2026-09-09|2026-09-10|2026-09-11|2026-09-14|2026-09-15|2026-09-16|2026-09-17|2026-09-18|2026-09-21|2026-09-22|2026-09-23|2026-09-24|2026-09-25|2026-09-28|2026-09-29|2026-09-30|2026-10-01|2026-10-02|2026-10-05|2026-10-06|2026-10-07|2026-10-08|2026-10-09,2026-10-10 01:41:59,0.0
Raymond James Financial,,2026-08-28|2026-08-31|2026-09-01|2026-09-02|2026-09-03|2026-09-04|2026-09-08|2026-09-09|2026-09-10|2026-09-11|2026-09-14|2026-09-15|2026-09-16|2026-09-17|2026-09-18|2026-09-21|2026-09-22|2026-09-23|2026-09-24|2026-09-25|2026-09-28|2026-09-29|2026-09-30|2026-10-01|2026-10-02|2026-10-05|2026-10-06|2026-10-07|2026-10-08|2026-10-09,2026-10-10 01:41:59,0.0
Lam Research,,2026-08-28|2026-08-31|2026-09-01|2026-09-02|2026-09-03|2026-09-04|2026-09-08|2026-09-09|2026-09-10|2026-09-11|2026-09-14|2026-09-15|2026-09-16|2026-09-17|2026-09-18|2026-09-21|2026-09-22|2026-09-23|2026-09-24|2026-09-25|2026-09-28|2026-09-29|2026-09-30|2026-10-01|2026-10-02|2026-10-05|2026-10-06|2026-10-07|2026-10-08|2026-10-09,2026-10-10 01:41:59,0.0
Tractor Supply,,2026-08-28|2026-08-31|2026-09-01|2026-09-02|2026-09-03|2026-09-04|2026-09-08|2026-09-09|2026-09-10|2026-09-11|2026-09-14|2026-09-15|2026-09-16|2026-09-17|2026-09-18|2026-09-21|2026-09-22|2026-09-23|2026-09-24|2026-09-25|2026-09-28|2026-09-29|2026-09-30|2026-10-01|2026-10-02|2026-10-05|2026-10-06|2026-10-07|2026-10-08|2026-10-09,2026-10-10 01:41:59,0.0
Caseys General Stores,,2026-08-28|2026-08-31|2026-09-01|2026-09-02|2026-09-03|2026-09-04|2026-09-08|2026-09-09|2026-09-10|2026-09-11|2026-09-14|2026-09-15|2026-09-16|2026-09-17|2026-09-18|2026-09-21|2026-09-22|2026-09-23|2026-09-24|2026-09-25|2026-09-28|2026-09-29|2026-09-30|2026-10-01|2026-10-02|2026-10-05|2026-10-06|2026-10-07|2026-10-08|2026-10-09,2026-10-10 01:41:59,0.0
Viatris,,2026-08-28|2026-08-31|2026-09-01|2026-09-02|2026-09-03|2026-09-04|2026-09-08|2026-09-09|2026-09-10|2026-09-11|2026-09-14|2026-09-15|2026-09-16|2026-09-17|2026-09-18|2026-09-21|2026-09-22|2026-09-23|2026-09-24|2026-09-25|2026-09-28|2026-09-29|2026-09-30|2026-10-01|2026-10-02|2026-10-05|2026-10-06|2026-10-07|2026-10-08|2026-10-09,2026-10-10 01:41:59,0.0
EMCOR Group,,2026-08-28|2026-08-31|2026-09-01|2026-09-02|2026-09-03|2026-09-04|2026-09-08|2026-09-09|2026-09-10|2026-09-11|2026-09-14|2026-09-15|2026-09-16|2026-09-17|2026-09-18|2026-09-21|2026-09-22|2026-09-23|2026-09-24|2026-09-25|2026-09-28|2026-09-29|2026-09-30|2026-10-01|2026-10-02|2026-10-05|2026-10-06|2026-10-07|2026-10-08|2026-10-09,2026-10-10 01:41:59,0.0
CSX,,2026-08-28|2026-08-31|2026-09-01|2026-09-02|2026-09-03|2026-09-04|2026-09-08|2026-09-09|2026-09-10|2026-09-11|2026-09-14|2026-09-15|2026-09-16|2026-09-17|2026-09-18|2026-09-21|2026-09-22|2026-09-23|2026-09-24|2026-09-25|2026-09-28|2026-09-29|2026-09-30|2026-10-01|2026-10-02|2026-10-05|2026-10-06|2026-10-07|2026-10-08|2026-10-09,2026-10-10 01:41:59,0.0
LKQ,,2026-08-28|2026-08-31|2026-09-01|2026-09-02|2026-09-03|2026-09-04|2026-09-08|2026-09-09|2026-09-10|2026-09-11|2026-09-14|2026-09-15|2026-09-16|2026-09-17|2026-09-18|2026-09-21|2026-09-22|2026-09-23|2026-09-24|2026-09-25|2026-09-28|2026-09-29|2026-09-30|2026-10-01|2026-10-02|2026-10-05|2026-10-06|2026-10-07|2026-10-08|2026-10-09,2026-10-10 01:41:59,0.0
Otis Worldwide,,2026-08-28|2026-08-31|2026-09-01|2026-09-02|2026-09-03|2026-09-04|2026-09-08|2026-09-09|2026-09-10|2026-09-11|2026-09-14|2026-09-15|2026-09-16|2026-09-17|2026-09-18|2026-09-21|2026-09-22|2026-09-23|2026-09-24|2026-09-25|2026-09-28|2026-09-29|2026-09-30|2026-10-01|2026-10-02|2026-10-05|2026-10-06|2026-10-07|2026-10-08|2026-10-09,2026-10-10 01:41:59,0.0
Sonic Automotive,,2026-08-28|2026-08-31|2026-09-01|2026-09-02|2026-09-03|2026-09-04|2026-09-08|2026-09-09|2026-09-10|2026-09-11|2026-09-14|2026-09-15|2026-09-16|2026-09-17|2026-09-18|2026-09-21|2026-09-22|2026-09-23|2026-09-24|2026-09-25|2026-09-28|2026-09-29|2026-09-30|2026-10-01|2026-10-02|2026-10-05|2026-10-06|2026-10-07|2026-10-08|2026-10-09,2026-10-10 01:41:59,0.0
S&P Global,,2026-08-28|2026-08-31|2026-09-01|2026-09-02|2026-09-03|2026-09-04|2026-09-08|2026-09-09|2026-09-10|2026-09-11|2026-09-14|2026-09-15|2026-09-16|2026-09-17|2026-09-18|2026-09-21|2026-09-22|2026-09-23|2026-09-24|2026-09-25|2026-09-28|2026-09-29|2026-09-30|2026-10-01|2026-10-02|2026-10-05|2026-10-06|2026-10-07|2026-10-08|2026-10-09,2026-10-10 01:41:59,0.0
Regeneron Pharmaceuticals,,2026-08-28|2026-08-31|2026-09-01|2026-09-02|2026-09-03|2026-09-04|2026-09-08|2026-09-09|2026-09-10|2026-09-11|2026-09-14|2026-09-15|2026-09-16|2026-09-17|2026-09-18|2026-09-21|2026-09-22|2026-09-23|2026-09-24|2026-09-25|2026-09-28|2026-09-29|2026-09-30|2026-10-01|2026-10-02|2026-10-05|2026-10-06|2026-10-07|2026-10-08|2026-10-09,2026-10-10 01:41:59,0.0
BorgWarner,,2026-08-28|2026-08-31|2026-09-01|2026-09-02|2026-09-03|2026-09-04|2026-09-08|2026-09-09|2026-09-10|2026-09-11|2026-09-14|2026-09-15|2026-09-16|2026-09-17|2026-09-18|2026-09-21|2026-09-22|2026-09-23|2026-09-24|2026-09-25|2026-09-28|2026-09-29|2026-09-30|2026-10-01|2026-10-02|2026-10-05|2026-10-06|2026-10-07|2026-10-08|2026-10-09,2026-10-10 01:41:59,0.0
Reliance Inc,,2026-08-28|2026-08-31|2026-09-01|2026-09-02|2026-09-03|2026-09-04|2026-09-08|2026-09-09|2026-09-10|2026-09-11|2026-09-14|2026-09-15|2026-09-16|2026-09-17|2026-09-18|2026-09-21|2026-09-22|2026-09-23|2026-09-24|2026-09-25|2026-09-28|2026-09-29|2026-09-30|2026-10-01|2026-10-02|2026-10-05|2026-10-06|2026-10-07|2026-10-08|2026-10-09,2026-10-10 01:41:59,0.0
Textron,,2026-08-28|2026-08-31|2026-09-01|2026-09-02|2026-09-03|2026-09-04|2026-09-08|2026-09-09|2026-09-10|2026-09-11|2026-09-14|2026-09-15|2026-09-16|2026-09-17|2026-09-18|2026-09-21|2026-09-22|2026-09-23|2026-09-24|2026-09-25|2026-09-28|2026-09-29|2026-09-30|2026-10-01|2026-10-02|2026-10-05|2026-10-06|2026-10-07|2026-10-08|2026-10-09,2026-10-10 01:41:59,0.0
Expedia,,2026-08-28|2026-08-31|2026-09-01|2026-09-02|2026-09-03|2026-09-04|2026-09-08|2026-09-09|2026-09-10|2026-09-11|2026-09-14|2026-09-15|2026-09-16|2026-09-17|2026-09-18|2026-09-21|2026-09-22|2026-09-23|2026-09-24|2026-09-25|2026-09-28|2026-09-29|2026-09-30|2026-10-01|2026-10-02|2026-10-05|2026-10-06|2026-10-07|2026-10-08|2026-10-09,2026-10-10 01:41:59,0.0
Fidelity National Financial,,2026-08-28|2026-08-31|2026-09-01|2026-09-02|2026-09-03|2026-09-04|2026-09-08|2026-09-09|2026-09-10|2026-09-11|2026-09-14|2026-09-15|2026-09-16|2026-09-17|2026-09-18|2026-09-21|2026-09-22|2026-09-23|2026-09-24|2026-09-25|2026-09-28|2026-09-29|2026-09-30|2026-10-01|2026-10-02|2026-10-05|2026-10-06|2026-10-07|2026-10-08|2026-10-09,2026-10-10 01:41:59,0.0
Carvana,,2026-08-28|2026-08-31|2026-09-01|2026-09-02|2026-09-03|2026-09-04|2026-09-08|2026-09-09|2026-09-10|2026-09-11|2026-09-14|2026-09-15|2026-09-16|2026-09-17|2026-09-18|2026-09-21|2026-09-22|2026-09-23|2026-09-24|2026-09-25|2026-09-28|2026-09-29|2026-09-30|2026-10-01|2026-10-02|2026-10-05|2026-10-06|2026-10-07|2026-10-08|2026-10-09,2026-10-10 01:41:59,0.0
DXC Technology,,2026-08-28|2026-08-31|2026-09-01|2026-09-02|2026-09-03|2026-09-04|2026-09-08|2026-09-09|2026-09-10|2026-09-11|2026-09-14|2026-09-15|2026-09-16|2026-09-17|2026-09-18|2026-09-21|2026-09-22|2026-09-23|2026-09-24|2026-09-25|2026-09-28|2026-09-29|2026-09-30|2026-10-01|2026-10-02|2026-10-05|2026-10-06|2026-10-07|2026-10-08|2026-10-09,2026-10-10 01:41:59,0.0
WR Berkley,,2026-08-28|2026-08-31|2026-09-01|2026-09-02|2026-09-03|2026-09-04|2026-09-08|2026-09-09|2026-09-10|2026-09-11|2026-09-14|2026-09-15|2026-09-16|2026-09-17|2026-09-18|2026-09-21|2026-09-22|2026-09-23|2026-09-24|2026-09-25|2026-09-28|2026-09-29|2026-09-30|2026-10-01|2026-10-02|2026-10-05|2026-10-06|2026-10-07|2026-10-08|2026-10-09,2026-10-10 01:41:59,0.0
M&T Bank,,2026-08-28|2026-08-31|2026-09-01|2026-09-02|2026-09-03|2026-09-04|2026-09-08|2026-09-09|2026-09-10|2026-09-11|2026-09-14|2026-09-15|2026-09-16|2026-09-17|2026-09-18|2026-09-21|2026-09-22|2026-09-23|2026-09-24|2026-09-25|2026-09-28|2026-09-29|2026-09-30|2026-10-01|2026-10-02|2026-10-05|2026-10-06|2026-10-07|2026-10-08|2026-10-09,2026-10-10 01:41:59,0.0
Dicks Sporting Goods,,2026-08-28|2026-08-31|2026-09-01|2026-09-02|2026-09-03|2026-09-04|2026-09-08|2026-09-09|2026-09-10|2026-09-11|2026-09-14|2026-09-15|2026-09-16|2026-09-17|2026-09-18|2026-09-21|2026-09-22|2026-09-23|2026-09-24|2026-09-25|2026-09-28|2026-09-29|2026-09-30|2026-10-01|2026-10-02|2026-10-05|2026-10-06|2026-10-07|2026-10-08|2026-10-09,2026-10-10 01:41:59,0.0
Xcel Energy,,2026-08-28|2026-08-31|2026-09-01|2026-09-02|2026-09-03|2026-09-04|2026-09-08|2026-09-09|2026-09-10|2026-09-11|2026-09-14|2026-09-15|2026-09-16|2026-09-17|2026-09-18|2026-09-21|2026-09-22|2026-09-23|2026-09-24|2026-09-25|2026-09-28|2026-09-29|2026-09-30|2026-10-01|2026-10-02|2026-10-05|2026-10-06|2026-10-07|2026-10-08|2026-10-09,2026-10-10 01:41:59,0.0
Fifth Third Bancorp,,2026-08-28|2026-08-31|2026-09-01|2026-09-02|2026-09-03|2026-09-04|2026-09-08|2026-09-09|2026-09-10|2026-09-11|2026-09-14|2026-09-15|2026-09-16|2026-09-17|2026-09-18|2026-09-21|2026-09-22|2026-09-23|2026-09-24|2026-09-25|2026-09-28|2026-09-29|2026-09-30|2026-10-01|2026-10-02|2026-10-05|2026-10-06|2026-10-07|2026-10-08|2026-10-09,2026-10-10 01:41:59,0.0
Blackstone,,2026-08-28|2026-08-31|2026-09-01|2026-09-02|2026-09-03|2026-09-04|2026-09-08|2026-09-09|2026-09-10|2026-09-11|2026-09-14|2026-09-15|2026-09-16|2026-09-17|2026-09-18|2026-09-21|2026-09-22|2026-09-23|2026-09-24|2026-09-25|2026-09-28|2026-09-29|2026-09-30|2026-10-01|2026-10-02|2026-10-05|2026-10-06|2026-10-07|2026-10-08|2026-10-09,2026-10-10 01:41:59,0.0
Sempra,,2026-08-28|2026-08-31|2026-09-01|2026-09-02|2026-09-03|2026-09-04|2026-09-08|2026-09-09|2026-09-10|2026-09-11|2026-09-14|2026-09-15|2026-09-16|2026-09-17|2026-09-18|2026-09-21|2026-09-22|2026-09-23|2026-09-24|2026-09-25|2026-09-28|2026-09-29|2026-09-30|2026-10-01|2026-10-02|2026-10-05|2026-10-06|2026-10-07|2026-10-08|2026-10-09,2026-10-10 01:41:59,0.0
Corning,,2026-08-28|2026-08-31|2026-09-01|2026-09-02|2026-09-03|2026-09-04|2026-09-08|2026-09-09|2026-09-10|2026-09-11|2026-09-14|2026-09-15|2026-09-16|2026-09-17|2026-09-18|2026-09-21|2026-09-22|2026-09-23|2026-09-24|2026-09-25|2026-09-28|2026-09-29|2026-09-30|2026-10-01|2026-10-02|2026-10-05|2026-10-06|2026-10-07|2026-10-08|2026-10-09,2026-10-10 01:41:59,0.0
Lumen Technologies,,2026-08-28|2026-08-31|2026-09-01|2026-09-02|2026-09-03|2026-09-04|2026-09-08|2026-09-09|2026-09-10|2026-09-11|2026-09-14|2026-09-15|2026-09-16|2026-09-17|2026-09-18|2026-09-21|2026-09-22|2026-09-23|2026-09-24|2026-09-25|2026-09-28|2026-09-29|2026-09-30|2026-10-01|2026-10-02|2026-10-05|2026-10-06|2026-10-07|2026-10-08|2026-10-09,2026-10-10 01:41:59,0.0
FirstEnergy,,2026-08-28|2026-08-31|2026-09-01|2026-09-02|2026-09-03|2026-09-04|2026-09-08|2026-09-09|2026-09-10|2026-09-11|2026-09-14|2026-09-15|2026-09-16|2026-09-17|2026-09-18|2026-09-21|2026-09-22|2026-09-23|2026-09-24|2026-09-25|2026-09-28|2026-09-29|2026-09-30|2026-10-01|2026-10-02|2026-10-05|2026-10-06|2026-10-07|2026-10-08|2026-10-09,2026-10-10 01:41:59,0.0
Labcorp Holdings,,2026-08-28|2026-08-31|2026-09-01|2026-09-02|2026-09-03|2026-09-04|2026-09-08|2026-09-09|2026-09-10|2026-09-11|2026-09-14|2026-09-15|2026-09-16|2026-09-17|2026-09-18|2026-09-21|2026-09-22|2026-09-23|2026-09-24|2026-09-25|2026-09-28|2026-09-29|2026-09-30|2026-10-01|2026-10-02|2026-10-05|2026-10-06|2026-10-07|2026-10-08|2026-10-09,2026-10-10 01:41:59,0.0
Western Digital,,2026-08-28|2026-08-31|2026-09-01|2026-09-02|2026-09-03|2026-09-04|2026-09-08|2026-09-09|2026-09-10|2026-09-11|2026-09-14|2026-09-15|2026-09-16|2026-09-17|2026-09-18|2026-09-21|2026-09-22|2026-09-23|2026-09-24|2026-09-25|2026-09-28|2026-09-29|2026-09-30|2026-10-01|2026-10-02|2026-10-05|2026-10-06|2026-10-07|2026-10-08|2026-10-09,2026-10-10 01:41:59,0.0
Unum Group,,2026-08-28|2026-08-31|2026-09-01|2026-09-02|2026-09-03|2026-09-04|2026-09-08|2026-09-09|2026-09-10|2026-09-11|2026-09-14|2026-09-15|2026-09-16|2026-09-17|2026-09-18|2026-09-21|2026-09-22|2026-09-23|2026-09-24|2026-09-25|2026-09-28|2026-09-29|2026-09-30|2026-10-01|2026-10-02|2026-10-05|2026-10-06|2026-10-07|2026-10-08|2026-10-09,2026-10-10 01:41:59,0.0
DaVita,,2026-08-28|2026-08-31|2026-09-01|2026-09-02|2026-09-03|2026-09-04|2026-09-08|2026-09-09|2026-09-10|2026-09-11|2026-09-14|2026-09-15|2026-09-16|2026-09-17|2026-09-18|2026-09-21|2026-09-22|2026-09-23|2026-09-24|2026-09-25|2026-09-28|2026-09-29|2026-09-30|2026-10-01|2026-10-02|2026-10-05|2026-10-06|2026-10-07|2026-10-08|2026-10-09,2026-10-10 01:41:59,0.0
Henry Schein,,2026-08-28|2026-08-31|2026-09-01|2026-09-02|2026-09-03|2026-09-04|2026-09-08|2026-09-09|2026-09-10|2026-09-11|2026-09-14|2026-09-15|2026-09-16|2026-09-17|2026-09-18|2026-09-21|2026-09-22|2026-09-23|2026-09-24|2026-09-25|2026-09-28|2026-09-29|2026-09-30|2026-10-01|2026-10-02|2026-10-05|2026-10-06|2026-10-07|2026-10-08|2026-10-09,2026-10-10 01:41:59,0.0
Ryder System,,2026-08-28|2026-08-31|2026-09-01|2026-09-02|2026-09-03|2026-09-04|2026-09-08|2026-09-09|2026-09-10|2026-09-11|2026-09-14|2026-09-15|2026-09-16|2026-09-17|2026-09-18|2026-09-21|2026-09-22|2026-09-23|2026-09-24|2026-09-25|2026-09-28|2026-09-29|2026-09-30|2026-10-01|2026-10-02|2026-10-05|2026-10-06|2026-10-07|2026-10-08|2026-10-09,2026-10-10 01:41:59,0.0
Community Health Systems,,2026-08-28|2026-08-31|2026-09-01|2026-09-02|2026-09-03|2026-09-04|2026-09-08|2026-09-09|2026-09-10|2026-09-11|2026-09-14|2026-09-15|2026-09-16|2026-09-17|2026-09-18|2026-09-21|2026-09-22|2026-09-23|2026-09-24|2026-09-25|2026-09-28|2026-09-29|2026-09-30|2026-10-01|2026-10-02|2026-10-05|2026-10-06|2026-10-07|2026-10-08|2026-10-09,2026-10-10 01:41:59,0.0
Delek US,,2026-08-28|2026-08-31|2026-09-01|2026-09-02|2026-09-03|2026-09-04|2026-09-08|2026-09-09|2026-09-10|2026-09-11|2026-09-14|2026-09-15|2026-09-16|2026-09-17|2026-09-18|2026-09-21|2026-09-22|2026-09-23|2026-09-24|2026-09-25|2026-09-28|2026-09-29|2026-09-30|2026-10-01|2026-10-02|2026-10-05|2026-10-06|2026-10-07|2026-10-08|2026-10-09,2026-10-10 01:41:59,0.0
DTE Energy,,2026-08-28|2026-08-31|2026-09-01|2026-09-02|2026-09-03|2026-09-04|2026-09-08|2026-09-09|2026-09-10|2026-09-11|2026-09-14|2026-09-15|2026-09-16|2026-09-17|2026-09-18|2026-09-21|2026-09-22|2026-09-23|2026-09-24|2026-09-25|2026-09-28|2026-09-29|2026-09-30|2026-10-01|2026-10-02|2026-10-05|2026-10-06|2026-10-07|2026-10-08|2026-10-09,2026-10-10 01:41:59,0.0
Equitable Holdings,,2026-08-28|2026-08-31|2026-09-01|2026-09-02|2026-09-03|2026-09-04|2026-09-08|2026-09-09|2026-09-10|2026-09-11|2026-09-14|2026-09-15|2026-09-16|2026-09-17|2026-09-18|2026-09-21|2026-09-22|2026-09-23|2026-09-24|2026-09-25|2026-09-28|2026-09-29|2026-09-30|2026-10-01|2026-10-02|2026-10-05|2026-10-06|2026-10-07|2026-10-08|2026-10-09,2026-10-10 01:41:59,0.0
DuPont de Nemours,,2026-08-28|2026-08-31|2026-09-01|2026-09-02|2026-09-03|2026-09-04|2026-09-08|2026-09-09|2026-09-10|2026-09-11|2026-09-14|2026-09-15|2026-09-16|2026-09-17|2026-09-18|2026-09-21|2026-09-22|2026-09-23|2026-09-24|2026-09-25|2026-09-28|2026-09-29|2026-09-30|2026-10-01|2026-10-02|2026-10-05|2026-10-06|2026-10-07|2026-10-08|2026-10-09,2026-10-10 01:41:59,0.0
LPL Financial,,2026-08-28|2026-08-31|2026-09-01|2026-09-02|2026-09-03|2026-09-04|2026-09-08|2026-09-09|2026-09-10|2026-09-11|2026-09-14|2026-09-15|2026-09-16|2026-09-17|2026-09-18|2026-09-21|2026-09-22|2026-09-23|2026-09-24|2026-09-25|2026-09-28|2026-09-29|2026-09-30|2026-10-01|2026-10-02|2026-10-05|2026-10-06|2026-10-07|2026-10-08|2026-10-09,2026-10-10 01:41:59,0.0
