company,trends_history,date_history,last_updated,avg_interest
Citizens Financial Group,0|0|0|0|0|0|0|0|0|0|0|0|0|0|0|0|0|100|98|0|34|35|37|33|38|41|39|39|47|20,2026-08-04|2026-08-05|2026-08-06|2026-08-07|2026-08-10|2026-08-11|2026-08-12|2026-08-13|2026-08-14|2026-08-17|2026-08-18|2026-08-19|2026-08-20|2026-08-21|2026-08-24|2026-08-25|2026-08-26|2026-08-27|2026-08-28|2026-08-31|2026-09-01|2026-09-02|2026-09-03|2026-09-04|2026-09-08|2026-09-09|2026-09-10|2026-09-11|2026-09-14|2026-09-15,2026-09-15 18:22:48,18.7
MasTec,100|74|82|69|86|67|97|69|57|64|97|73|85|88|82|76|64|73|66|69|64|66|65|51|55|68|63|57|64|68,2026-08-04|2026-08-05|2026-08-06|2026-08-07|2026-08-10|2026-08-11|2026-08-12|2026-08-13|2026-08-14|2026-08-17|2026-08-18|2026-08-19|2026-08-20|2026-08-21|2026-08-24|2026-08-25|2026-08-26|2026-08-27|2026-08-28|2026-08-31|2026-09-01|2026-09-02|2026-09-03|2026-09-04|2026-09-08|2026-09-09|2026-09-10|2026-09-11|2026-09-14|2026-09-15,2026-09-15 18:22:51,72.0
AES,50|57|57|58|50|100|68|53|53|51|47|48|56|47|49|48|46|47|43|46|51|47|47|60|47|46|49|45|42|41,2026-08-04|2026-08-05|2026-08-06|2026-08-07|2026-08-10|2026-08-11|2026-08-12|2026-08-13|2026-08-14|2026-08-17|2026-08-18|2026-08-19|2026-08-20|2026-08-21|2026-08-24|2026-08-25|2026-08-26|2026-08-27|2026-08-28|2026-08-31|2026-09-01|2026-09-02|2026-09-03|2026-09-04|2026-09-08|2026-09-09|2026-09-10|2026-09-11|2026-09-14|2026-09-15,2026-09-15 18:22:54,51.6
Norfolk Southern,82|77|70|93|86|100|67|84|74|68|85|94|79|72|82|55|81|80|73|64|73|69|62|63|68|77|70|66|64|78,2026-08-04|2026-08-05|2026-08-06|2026-08-07|2026-08-10|2026-08-11|2026-08-12|2026-08-13|2026-08-14|2026-08-17|2026-08-18|2026-08-19|2026-08-20|2026-08-21|2026-08-24|2026-08-25|2026-08-26|2026-08-27|2026-08-28|2026-08-31|2026-09-01|2026-09-02|2026-09-03|2026-09-04|2026-09-08|2026-09-09|2026-09-10|2026-09-11|2026-09-14|2026-09-15,2026-09-15 18:22:57,75.2
Air Products & Chemicals,0|0|0|0|0|0|0|0|0|0|0|0|0|0|0|0|0|0|0|0|0|0|0|0|0|0|64|0|0|0,2026-08-04|2026-08-05|2026-08-06|2026-08-07|2026-08-10|2026-08-11|2026-08-12|2026-08-13|2026-08-14|2026-08-17|2026-08-18|2026-08-19|2026-08-20|2026-08-21|2026-08-24|2026-08-25|2026-08-26|2026-08-27|2026-08-28|2026-08-31|2026-09-01|2026-09-02|2026-09-03|2026-09-04|2026-09-08|2026-09-09|2026-09-10|2026-09-11|2026-09-14|2026-09-15,2026-09-15 18:23:00,2.1
JB Hunt Transport Services,,2026-08-04|2026-08-05|2026-08-06|2026-08-07|2026-08-10|2026-08-11|2026-08-12|2026-08-13|2026-08-14|2026-08-17|2026-08-18|2026-08-19|2026-08-20|2026-08-21|2026-08-24|2026-08-25|2026-08-26|2026-08-27|2026-08-28|2026-08-31|2026-09-01|2026-09-02|2026-09-03|2026-09-04|2026-09-08|2026-09-09|2026-09-10|2026-09-11|2026-09-14|2026-09-15,2026-09-15 18:23:04,0.0
Ball Corporation,0|0|0|0|0|98|0|0|0|0|0|66|100|0|0|64|0|93|0|0|40|40|36|33|42|43|42|34|32|46,2026-08-04|2026-08-05|2026-08-06|2026-08-07|2026-08-10|2026-08-11|2026-08-12|2026-08-13|2026-08-14|2026-08-17|2026-08-18|2026-08-19|2026-08-20|2026-08-21|2026-08-24|2026-08-25|2026-08-26|2026-08-27|2026-08-28|2026-08-31|2026-09-01|2026-09-02|2026-09-03|2026-09-04|2026-09-08|2026-09-09|2026-09-10|2026-09-11|2026-09-14|2026-09-15,2026-09-15 18:23:04,27.0
Conagra Brands,100|0|86|0|89|85|0|72|0|81|87|0|0|73|0|83|0|0|0|0|40|47|42|44|47|45|46|45|48|55,2026-08-04|2026-08-05|2026-08-06|2026-08-07|2026-08-10|2026-08-11|2026-08-12|2026-08-13|2026-08-14|2026-08-17|2026-08-18|2026-08-19|2026-08-20|2026-08-21|2026-08-24|2026-08-25|2026-08-26|2026-08-27|2026-08-28|2026-08-31|2026-09-01|2026-09-02|2026-09-03|2026-09-04|2026-09-08|2026-09-09|2026-09-10|2026-09-11|2026-09-14|2026-09-15,2026-09-15 18:23:08,40.5
Huntington Bancshares,0|0|0|0|0|0|0|0|0|0|0|0|0|0|0|0|0|0|0|0|30|44|22|36|47|100|30|30|27|0,2026-08-04|2026-08-05|2026-08-06|2026-08-07|2026-08-10|2026-08-11|2026-08-12|2026-08-13|2026-08-14|2026-08-17|2026-08-18|2026-08-19|2026-08-20|2026-08-21|2026-08-24|2026-08-25|2026-08-26|2026-08-27|2026-08-28|2026-08-31|2026-09-01|2026-09-02|2026-09-03|2026-09-04|2026-09-08|2026-09-09|2026-09-10|2026-09-11|2026-09-14|2026-09-15,2026-09-15 18:23:10,12.2
Hormel Foods,0|0|0|0|0|0|0|0|51|0|0|0|0|0|0|42|0|100|0|0|29|32|25|23|24|30|27|24|26|25,2026-08-04|2026-08-05|2026-08-06|2026-08-07|2026-08-10|2026-08-11|2026-08-12|2026-08-13|2026-08-14|2026-08-17|2026-08-18|2026-08-19|2026-08-20|2026-08-21|2026-08-24|2026-08-25|2026-08-26|2026-08-27|2026-08-28|2026-08-31|2026-09-01|2026-09-02|2026-09-03|2026-09-04|2026-09-08|2026-09-09|2026-09-10|2026-09-11|2026-09-14|2026-09-15,2026-09-15 18:23:15,15.3
Eversource Energy,64|0|97|70|0|0|0|0|0|0|0|64|0|0|0|0|0|0|100|0|44|33|36|26|32|38|36|22|32|28,2026-08-04|2026-08-05|2026-08-06|2026-08-07|2026-08-10|2026-08-11|2026-08-12|2026-08-13|2026-08-14|2026-08-17|2026-08-18|2026-08-19|2026-08-20|2026-08-21|2026-08-24|2026-08-25|2026-08-26|2026-08-27|2026-08-28|2026-08-31|2026-09-01|2026-09-02|2026-09-03|2026-09-04|2026-09-08|2026-09-09|2026-09-10|2026-09-11|2026-09-14|2026-09-15,2026-09-15 18:23:19,24.1
Alcoa Corporation,0|0|0|0|0|0|0|0|0|0|0|0|0|0|0|0|0|0|0|0|0|94|0|0|0|0|0|100|0|0,2026-08-04|2026-08-05|2026-08-06|2026-08-07|2026-08-10|2026-08-11|2026-08-12|2026-08-13|2026-08-14|2026-08-17|2026-08-18|2026-08-19|2026-08-20|2026-08-21|2026-08-24|2026-08-25|2026-08-26|2026-08-27|2026-08-28|2026-08-31|2026-09-01|2026-09-02|2026-09-03|2026-09-04|2026-09-08|2026-09-09|2026-09-10|2026-09-11|2026-09-14|2026-09-15,2026-09-15 18:23:22,6.5
Entergy,34|36|39|33|36|35|37|40|34|50|42|37|33|45|42|36|40|50|33|31|62|100|61|40|34|33|36|36|29|30,2026-08-04|2026-08-05|2026-08-06|2026-08-07|2026-08-10|2026-08-11|2026-08-12|2026-08-13|2026-08-14|2026-08-17|2026-08-18|2026-08-19|2026-08-20|2026-08-21|2026-08-24|2026-08-25|2026-08-26|2026-08-27|2026-08-28|2026-08-31|2026-09-01|2026-09-02|2026-09-03|2026-09-04|2026-09-08|2026-09-09|2026-09-10|2026-09-11|2026-09-14|2026-09-15,2026-09-15 18:23:24,40.8
Assurant,97|95|92|80|95|99|82|91|90|83|100|95|84|96|89|85|79|83|82|83|82|80|75|74|77|83|71|72|74|64,2026-08-04|2026-08-05|2026-08-06|2026-08-07|2026-08-10|2026-08-11|2026-08-12|2026-08-13|2026-08-14|2026-08-17|2026-08-18|2026-08-19|2026-08-20|2026-08-21|2026-08-24|2026-08-25|2026-08-26|2026-08-27|2026-08-28|2026-08-31|2026-09-01|2026-09-02|2026-09-03|2026-09-04|2026-09-08|2026-09-09|2026-09-10|2026-09-11|2026-09-14|2026-09-15,2026-09-15 18:23:28,84.4
Chewy,67|74|73|68|69|67|67|69|66|65|74|75|83|76|67|87|93|87|84|84|74|75|75|77|75|79|74|70|72|72,2026-08-04|2026-08-05|2026-08-06|2026-08-07|2026-08-10|2026-08-11|2026-08-12|2026-08-13|2026-08-14|2026-08-17|2026-08-18|2026-08-19|2026-08-20|2026-08-21|2026-08-24|2026-08-25|2026-08-26|2026-08-27|2026-08-28|2026-08-31|2026-09-01|2026-09-02|2026-09-03|2026-09-04|2026-09-08|2026-09-09|2026-09-10|2026-09-11|2026-09-14|2026-09-15,2026-09-15 18:23:32,74.6
Wayfair,60|58|54|54|60|58|53|54|57|58|60|57|59|54|60|60|60|56|58|73|63|63|62|66|68|57|52|51|57|51,2026-08-04|2026-08-05|2026-08-06|2026-08-07|2026-08-10|2026-08-11|2026-08-12|2026-08-13|2026-08-14|2026-08-17|2026-08-18|2026-08-19|2026-08-20|2026-08-21|2026-08-24|2026-08-25|2026-08-26|2026-08-27|2026-08-28|2026-08-31|2026-09-01|2026-09-02|2026-09-03|2026-09-04|2026-09-08|2026-09-09|2026-09-10|2026-09-11|2026-09-14|2026-09-15,2026-09-15 18:23:36,58.4
Avis Budget,77|68|88|97|97|89|90|76|85|83|94|78|71|67|58|79|57|57|61|71|57|64|63|67|57|58|62|59|63|60,2026-08-04|2026-08-05|2026-08-06|2026-08-07|2026-08-10|2026-08-11|2026-08-12|2026-08-13|2026-08-14|2026-08-17|2026-08-18|2026-08-19|2026-08-20|2026-08-21|2026-08-24|2026-08-25|2026-08-26|2026-08-27|2026-08-28|2026-08-31|2026-09-01|2026-09-02|2026-09-03|2026-09-04|2026-09-08|2026-09-09|2026-09-10|2026-09-11|2026-09-14|2026-09-15,2026-09-15 18:23:39,71.8
Intercontinental Exchange,79|98|100|0|98|0|0|0|0|0|0|0|0|0|0|0|0|0|0|0|35|36|44|31|36|39|41|33|38|33,2026-08-04|2026-08-05|2026-08-06|2026-08-07|2026-08-10|2026-08-11|2026-08-12|2026-08-13|2026-08-14|2026-08-17|2026-08-18|2026-08-19|2026-08-20|2026-08-21|2026-08-24|2026-08-25|2026-08-26|2026-08-27|2026-08-28|2026-08-31|2026-09-01|2026-09-02|2026-09-03|2026-09-04|2026-09-08|2026-09-09|2026-09-10|2026-09-11|2026-09-14|2026-09-15,2026-09-15 18:23:43,24.7
Alaska Air,87|98|95|84|98|96|84|82|92|85|93|85|78|76|61|55|65|65|60|64|58|56|56|56|57|56|59|56|57|53,2026-08-04|2026-08-05|2026-08-06|2026-08-07|2026-08-10|2026-08-11|2026-08-12|2026-08-13|2026-08-14|2026-08-17|2026-08-18|2026-08-19|2026-08-20|2026-08-21|2026-08-24|2026-08-25|2026-08-26|2026-08-27|2026-08-28|2026-08-31|2026-09-01|2026-09-02|2026-09-03|2026-09-04|2026-09-08|2026-09-09|2026-09-10|2026-09-11|2026-09-14|2026-09-15,2026-09-15 18:23:46,72.2
GXO Logistics,76|100|89|0|47|71|54|56|61|67|0|0|63|0|51|64|0|0|49|0|35|42|39|39|45|40|42|37|38|33,2026-08-04|2026-08-05|2026-08-06|2026-08-07|2026-08-10|2026-08-11|2026-08-12|2026-08-13|2026-08-14|2026-08-17|2026-08-18|2026-08-19|2026-08-20|2026-08-21|2026-08-24|2026-08-25|2026-08-26|2026-08-27|2026-08-28|2026-08-31|2026-09-01|2026-09-02|2026-09-03|2026-09-04|2026-09-08|2026-09-09|2026-09-10|2026-09-11|2026-09-14|2026-09-15,2026-09-15 18:23:48,41.3
AGCO,98|57|70|74|70|100|60|61|69|67|66|49|60|61|55|50|67|51|58|62|58|58|53|51|61|57|58|45|49|46,2026-08-04|2026-08-05|2026-08-06|2026-08-07|2026-08-10|2026-08-11|2026-08-12|2026-08-13|2026-08-14|2026-08-17|2026-08-18|2026-08-19|2026-08-20|2026-08-21|2026-08-24|2026-08-25|2026-08-26|2026-08-27|2026-08-28|2026-08-31|2026-09-01|2026-09-02|2026-09-03|2026-09-04|2026-09-08|2026-09-09|2026-09-10|2026-09-11|2026-09-14|2026-09-15,2026-09-15 18:23:52,61.4
Molson Coors Beverage,0|0|0|0|0|0|0|0|0|0|0|0|0|0|0|0|0|0|0|0|67|63|47|47|61|87|80|0|100|0,2026-08-04|2026-08-05|2026-08-06|2026-08-07|2026-08-10|2026-08-11|2026-08-12|2026-08-13|2026-08-14|2026-08-17|2026-08-18|2026-08-19|2026-08-20|2026-08-21|2026-08-24|2026-08-25|2026-08-26|2026-08-27|2026-08-28|2026-08-31|2026-09-01|2026-09-02|2026-09-03|2026-09-04|2026-09-08|2026-09-09|2026-09-10|2026-09-11|2026-09-14|2026-09-15,2026-09-15 18:23:56,18.4
Arthur J Gallagher,0|0|0|0|0|0|0|0|0|0|0|0|0|0|0|0|100|92|0|0|46|51|42|42|43|48|36|31|43|23,2026-08-04|2026-08-05|2026-08-06|2026-08-07|2026-08-10|2026-08-11|2026-08-12|2026-08-13|2026-08-14|2026-08-17|2026-08-18|2026-08-19|2026-08-20|2026-08-21|2026-08-24|2026-08-25|2026-08-26|2026-08-27|2026-08-28|2026-08-31|2026-09-01|2026-09-02|2026-09-03|2026-09-04|2026-09-08|2026-09-09|2026-09-10|2026-09-11|2026-09-14|2026-09-15,2026-09-15 18:23:59,19.9
Huntington Ingalls Industries,0|0|0|0|0|0|0|0|0|0|0|0|0|0|0|0|0|0|0|0|20|19|17|16|25|20|15|12|11|0,2026-08-04|2026-08-05|2026-08-06|2026-08-07|2026-08-10|2026-08-11|2026-08-12|2026-08-13|2026-08-14|2026-08-17|2026-08-18|2026-08-19|2026-08-20|2026-08-21|2026-08-24|2026-08-25|2026-08-26|2026-08-27|2026-08-28|2026-08-31|2026-09-01|2026-09-02|2026-09-03|2026-09-04|2026-09-08|2026-09-09|2026-09-10|2026-09-11|2026-09-14|2026-09-15,2026-09-15 18:24:02,5.2
International Flavors & Fragrances,0|0|0|0|0|0|0|0|0|0|0|0|0|0|0|0|0|0|0|0|0|0|76|0|100|78|0|0|0|0,2026-08-04|2026-08-05|2026-08-06|2026-08-07|2026-08-10|2026-08-11|2026-08-12|2026-08-13|2026-08-14|2026-08-17|2026-08-18|2026-08-19|2026-08-20|2026-08-21|2026-08-24|2026-08-25|2026-08-26|2026-08-27|2026-08-28|2026-08-31|2026-09-01|2026-09-02|2026-09-03|2026-09-04|2026-09-08|2026-09-09|2026-09-10|2026-09-11|2026-09-14|2026-09-15,2026-09-15 18:24:05,8.5
Darden Restaurants,0|39|40|62|56|55|50|65|82|57|48|76|47|70|59|0|100|55|88|51|48|52|55|51|41|44|48|50|49|48,2026-08-04|2026-08-05|2026-08-06|2026-08-07|2026-08-10|2026-08-11|2026-08-12|2026-08-13|2026-08-14|2026-08-17|2026-08-18|2026-08-19|2026-08-20|2026-08-21|2026-08-24|2026-08-25|2026-08-26|2026-08-27|2026-08-28|2026-08-31|2026-09-01|2026-09-02|2026-09-03|2026-09-04|2026-09-08|2026-09-09|2026-09-10|2026-09-11|2026-09-14|2026-09-15,2026-09-15 18:24:10,52.9
CIncinnati Financial,75|56|52|0|64|61|47|68|68|100|79|67|78|49|70|66|0|0|53|45|35|39|37|35|38|34|35|31|29|33,2026-08-04|2026-08-05|2026-08-06|2026-08-07|2026-08-10|2026-08-11|2026-08-12|2026-08-13|2026-08-14|2026-08-17|2026-08-18|2026-08-19|2026-08-20|2026-08-21|2026-08-24|2026-08-25|2026-08-26|2026-08-27|2026-08-28|2026-08-31|2026-09-01|2026-09-02|2026-09-03|2026-09-04|2026-09-08|2026-09-09|2026-09-10|2026-09-11|2026-09-14|2026-09-15,2026-09-15 18:24:14,48.1
Chipotle Mexican Grill,38|74|37|36|31|28|48|29|33|41|34|59|42|100|23|27|49|29|29|25|24|42|23|20|20|38|22|20|19|17,2026-08-04|2026-08-05|2026-08-06|2026-08-07|2026-08-10|2026-08-11|2026-08-12|2026-08-13|2026-08-14|2026-08-17|2026-08-18|2026-08-19|2026-08-20|2026-08-21|2026-08-24|2026-08-25|2026-08-26|2026-08-27|2026-08-28|2026-08-31|2026-09-01|2026-09-02|2026-09-03|2026-09-04|2026-09-08|2026-09-09|2026-09-10|2026-09-11|2026-09-14|2026-09-15,2026-09-15 18:24:17,35.2
Yum China,0|0|0|0|0|0|0|0|0|0|0|0|0|0|0|0|0|0|0|0|72|83|100|66|52|62|42|47|56|51,2026-08-04|2026-08-05|2026-08-06|2026-08-07|2026-08-10|2026-08-11|2026-08-12|2026-08-13|2026-08-14|2026-08-17|2026-08-18|2026-08-19|2026-08-20|2026-08-21|2026-08-24|2026-08-25|2026-08-26|2026-08-27|2026-08-28|2026-08-31|2026-09-01|2026-09-02|2026-09-03|2026-09-04|2026-09-08|2026-09-09|2026-09-10|2026-09-11|2026-09-14|2026-09-15,2026-09-15 18:24:21,21.0
Las Vegas Sands,0|0|0|0|0|0|0|0|100|0|0|0|0|0|0|0|0|0|0|0|40|45|40|42|38|41|34|31|36|32,2026-08-04|2026-08-05|2026-08-06|2026-08-07|2026-08-10|2026-08-11|2026-08-12|2026-08-13|2026-08-14|2026-08-17|2026-08-18|2026-08-19|2026-08-20|2026-08-21|2026-08-24|2026-08-25|2026-08-26|2026-08-27|2026-08-28|2026-08-31|2026-09-01|2026-09-02|2026-09-03|2026-09-04|2026-09-08|2026-09-09|2026-09-10|2026-09-11|2026-09-14|2026-09-15,2026-09-15 18:24:25,16.0
Ulta Beauty,43|50|51|52|43|44|51|46|45|44|54|56|55|56|50|49|51|56|80|63|59|63|63|63|50|48|49|58|52|45,2026-08-04|2026-08-05|2026-08-06|2026-08-07|2026-08-10|2026-08-11|2026-08-12|2026-08-13|2026-08-14|2026-08-17|2026-08-18|2026-08-19|2026-08-20|2026-08-21|2026-08-24|2026-08-25|2026-08-26|2026-08-27|2026-08-28|2026-08-31|2026-09-01|2026-09-02|2026-09-03|2026-09-04|2026-09-08|2026-09-09|2026-09-10|2026-09-11|2026-09-14|2026-09-15,2026-09-15 18:24:28,53.0
Caesars Entertainment,50|0|65|0|0|0|88|100|75|0|0|58|45|46|0|0|0|0|46|46|39|42|38|36|34|39|36|30|33|29,2026-08-04|2026-08-05|2026-08-06|2026-08-07|2026-08-10|2026-08-11|2026-08-12|2026-08-13|2026-08-14|2026-08-17|2026-08-18|2026-08-19|2026-08-20|2026-08-21|2026-08-24|2026-08-25|2026-08-26|2026-08-27|2026-08-28|2026-08-31|2026-09-01|2026-09-02|2026-09-03|2026-09-04|2026-09-08|2026-09-09|2026-09-10|2026-09-11|2026-09-14|2026-09-15,2026-09-15 18:24:31,32.5
The Andersons Inc,0|0|0|0|0|0|0|0|0|0|0|0|0|0|0|0|0|0|0|0|0|0|0|0|5|0|0|0|0|0,2026-08-04|2026-08-05|2026-08-06|2026-08-07|2026-08-10|2026-08-11|2026-08-12|2026-08-13|2026-08-14|2026-08-17|2026-08-18|2026-08-19|2026-08-20|2026-08-21|2026-08-24|2026-08-25|2026-08-26|2026-08-27|2026-08-28|2026-08-31|2026-09-01|2026-09-02|2026-09-03|2026-09-04|2026-09-08|2026-09-09|2026-09-10|2026-09-11|2026-09-14|2026-09-15,2026-09-15 18:24:35,0.2
Hershey,71|66|68|72|73|72|73|73|95|70|66|69|72|76|65|59|58|60|64|58|63|61|57|62|81|70|58|60|59|60,2026-08-04|2026-08-05|2026-08-06|2026-08-07|2026-08-10|2026-08-11|2026-08-12|2026-08-13|2026-08-14|2026-08-17|2026-08-18|2026-08-19|2026-08-20|2026-08-21|2026-08-24|2026-08-25|2026-08-26|2026-08-27|2026-08-28|2026-08-31|2026-09-01|2026-09-02|2026-09-03|2026-09-04|2026-09-08|2026-09-09|2026-09-10|2026-09-11|2026-09-14|2026-09-15,2026-09-15 18:24:39,67.0
Hilton Worldwide,0|0|0|0|0|0|0|0|0|0|0|0|0|0|0|0|0|0|0|0|74|84|100|43|92|67|83|52|70|62,2026-08-04|2026-08-05|2026-08-06|2026-08-07|2026-08-10|2026-08-11|2026-08-12|2026-08-13|2026-08-14|2026-08-17|2026-08-18|2026-08-19|2026-08-20|2026-08-21|2026-08-24|2026-08-25|2026-08-26|2026-08-27|2026-08-28|2026-08-31|2026-09-01|2026-09-02|2026-09-03|2026-09-04|2026-09-08|2026-09-09|2026-09-10|2026-09-11|2026-09-14|2026-09-15,2026-09-15 18:24:42,24.2
The Mosaic Company,0|100|0|0|0|0|0|0|0|0|0|0|0|0|0|0|0|0|0|0|24|22|17|16|19|20|20|19|19|18,2026-08-04|2026-08-05|2026-08-06|2026-08-07|2026-08-10|2026-08-11|2026-08-12|2026-08-13|2026-08-14|2026-08-17|2026-08-18|2026-08-19|2026-08-20|2026-08-21|2026-08-24|2026-08-25|2026-08-26|2026-08-27|2026-08-28|2026-08-31|2026-09-01|2026-09-02|2026-09-03|2026-09-04|2026-09-08|2026-09-09|2026-09-10|2026-09-11|2026-09-14|2026-09-15,2026-09-15 18:24:46,9.8
Airbnb,93|92|90|86|90|85|82|82|83|89|81|93|81|74|84|77|79|72|70|84|84|81|76|77|81|76|72|69|77|73,2026-08-04|2026-08-05|2026-08-06|2026-08-07|2026-08-10|2026-08-11|2026-08-12|2026-08-13|2026-08-14|2026-08-17|2026-08-18|2026-08-19|2026-08-20|2026-08-21|2026-08-24|2026-08-25|2026-08-26|2026-08-27|2026-08-28|2026-08-31|2026-09-01|2026-09-02|2026-09-03|2026-09-04|2026-09-08|2026-09-09|2026-09-10|2026-09-11|2026-09-14|2026-09-15,2026-09-15 18:24:50,81.1
Diamondback Energy,100|96|0|0|0|92|0|0|0|0|0|0|0|0|0|0|0|0|0|0|48|51|51|41|54|49|53|37|48|57,2026-08-04|2026-08-05|2026-08-06|2026-08-07|2026-08-10|2026-08-11|2026-08-12|2026-08-13|2026-08-14|2026-08-17|2026-08-18|2026-08-19|2026-08-20|2026-08-21|2026-08-24|2026-08-25|2026-08-26|2026-08-27|2026-08-28|2026-08-31|2026-09-01|2026-09-02|2026-09-03|2026-09-04|2026-09-08|2026-09-09|2026-09-10|2026-09-11|2026-09-14|2026-09-15,2026-09-15 18:24:53,25.9
American Tower,57|67|44|40|53|45|37|48|41|46|43|39|49|33|41|32|48|47|39|31|35|38|50|31|40|46|47|100|50|39,2026-08-04|2026-08-05|2026-08-06|2026-08-07|2026-08-10|2026-08-11|2026-08-12|2026-08-13|2026-08-14|2026-08-17|2026-08-18|2026-08-19|2026-08-20|2026-08-21|2026-08-24|2026-08-25|2026-08-26|2026-08-27|2026-08-28|2026-08-31|2026-09-01|2026-09-02|2026-09-03|2026-09-04|2026-09-08|2026-09-09|2026-09-10|2026-09-11|2026-09-14|2026-09-15,2026-09-15 18:24:56,45.2
Vertex Pharmaceuticals,100|0|0|84|87|76|0|0|70|86|71|79|71|90|59|74|0|78|64|69|66|65|62|49|54|50|60|47|56|70,2026-08-04|2026-08-05|2026-08-06|2026-08-07|2026-08-10|2026-08-11|2026-08-12|2026-08-13|2026-08-14|2026-08-17|2026-08-18|2026-08-19|2026-08-20|2026-08-21|2026-08-24|2026-08-25|2026-08-26|2026-08-27|2026-08-28|2026-08-31|2026-09-01|2026-09-02|2026-09-03|2026-09-04|2026-09-08|2026-09-09|2026-09-10|2026-09-11|2026-09-14|2026-09-15,2026-09-15 18:24:59,57.9
ServiceNow,87|85|80|70|81|79|72|80|72|72|77|100|73|59|63|61|75|81|55|71|73|69|74|54|64|67|71|52|60|66,2026-08-04|2026-08-05|2026-08-06|2026-08-07|2026-08-10|2026-08-11|2026-08-12|2026-08-13|2026-08-14|2026-08-17|2026-08-18|2026-08-19|2026-08-20|2026-08-21|2026-08-24|2026-08-25|2026-08-26|2026-08-27|2026-08-28|2026-08-31|2026-09-01|2026-09-02|2026-09-03|2026-09-04|2026-09-08|2026-09-09|2026-09-10|2026-09-11|2026-09-14|2026-09-15,2026-09-15 18:25:03,71.4
Owens Corning,83|100|85|67|98|91|81|93|89|82|89|85|99|72|72|89|88|78|66|77|75|80|74|68|76|78|96|69|76|66,2026-08-04|2026-08-05|2026-08-06|2026-08-07|2026-08-10|2026-08-11|2026-08-12|2026-08-13|2026-08-14|2026-08-17|2026-08-18|2026-08-19|2026-08-20|2026-08-21|2026-08-24|2026-08-25|2026-08-26|2026-08-27|2026-08-28|2026-08-31|2026-09-01|2026-09-02|2026-09-03|2026-09-04|2026-09-08|2026-09-09|2026-09-10|2026-09-11|2026-09-14|2026-09-15,2026-09-15 18:25:07,81.4
Advance Auto Parts,70|63|90|70|67|65|68|96|72|68|62|68|98|69|71|64|65|92|66|65|62|64|99|72|65|63|100|69|60|57,2026-08-04|2026-08-05|2026-08-06|2026-08-07|2026-08-10|2026-08-11|2026-08-12|2026-08-13|2026-08-14|2026-08-17|2026-08-18|2026-08-19|2026-08-20|2026-08-21|2026-08-24|2026-08-25|2026-08-26|2026-08-27|2026-08-28|2026-08-31|2026-09-01|2026-09-02|2026-09-03|2026-09-04|2026-09-08|2026-09-09|2026-09-10|2026-09-11|2026-09-14|2026-09-15,2026-09-15 18:25:10,72.0
Toll Brothers,,2026-08-04|2026-08-05|2026-08-06|2026-08-07|2026-08-10|2026-08-11|2026-08-12|2026-08-13|2026-08-14|2026-08-17|2026-08-18|2026-08-19|2026-08-20|2026-08-21|2026-08-24|2026-08-25|2026-08-26|2026-08-27|2026-08-28|2026-08-31|2026-09-01|2026-09-02|2026-09-03|2026-09-04|2026-09-08|2026-09-09|2026-09-10|2026-09-11|2026-09-14|2026-09-15,2026-09-15 18:25:45,0.0
Mohawk Industries,,2026-08-04|2026-08-05|2026-08-06|2026-08-07|2026-08-10|2026-08-11|2026-08-12|2026-08-13|2026-08-14|2026-08-17|2026-08-18|2026-08-19|2026-08-20|2026-08-21|2026-08-24|2026-08-25|2026-08-26|2026-08-27|2026-08-28|2026-08-31|2026-09-01|2026-09-02|2026-09-03|2026-09-04|2026-09-08|2026-09-09|2026-09-10|2026-09-11|2026-09-14|2026-09-15,2026-09-15 18:26:27,0.0
Motorola Solutions,,2026-08-04|2026-08-05|2026-08-06|2026-08-07|2026-08-10|2026-08-11|2026-08-12|2026-08-13|2026-08-14|2026-08-17|2026-08-18|2026-08-19|2026-08-20|2026-08-21|2026-08-24|2026-08-25|2026-08-26|2026-08-27|2026-08-28|2026-08-31|2026-09-01|2026-09-02|2026-09-03|2026-09-04|2026-09-08|2026-09-09|2026-09-10|2026-09-11|2026-09-14|2026-09-15,2026-09-15 18:26:37,0.0
Oshkosh Corporation,,2026-08-04|2026-08-05|2026-08-06|2026-08-07|2026-08-10|2026-08-11|2026-08-12|2026-08-13|2026-08-14|2026-08-17|2026-08-18|2026-08-19|2026-08-20|2026-08-21|2026-08-24|2026-08-25|2026-08-26|2026-08-27|2026-08-28|2026-08-31|2026-09-01|2026-09-02|2026-09-03|2026-09-04|2026-09-08|2026-09-09|2026-09-10|2026-09-11|2026-09-14|2026-09-15,2026-09-15 18:26:37,0.0
DoorDash,,2026-08-04|2026-08-05|2026-08-06|2026-08-07|2026-08-10|2026-08-11|2026-08-12|2026-08-13|2026-08-14|2026-08-17|2026-08-18|2026-08-19|2026-08-20|2026-08-21|2026-08-24|2026-08-25|2026-08-26|2026-08-27|2026-08-28|2026-08-31|2026-09-01|2026-09-02|2026-09-03|2026-09-04|2026-09-08|2026-09-09|2026-09-10|2026-09-11|2026-09-14|2026-09-15,2026-09-15 18:26:37,0.0
NVR Inc,,2026-08-04|2026-08-05|2026-08-06|2026-08-07|2026-08-10|2026-08-11|2026-08-12|2026-08-13|2026-08-14|2026-08-17|2026-08-18|2026-08-19|2026-08-20|2026-08-21|2026-08-24|2026-08-25|2026-08-26|2026-08-27|2026-08-28|2026-08-31|2026-09-01|2026-09-02|2026-09-03|2026-09-04|2026-09-08|2026-09-09|2026-09-10|2026-09-11|2026-09-14|2026-09-15,2026-09-15 18:26:37,0.0
Booz Allen Hamilton,,2026-08-04|2026-08-05|2026-08-06|2026-08-07|2026-08-10|2026-08-11|2026-08-12|2026-08-13|2026-08-14|2026-08-17|2026-08-18|2026-08-19|2026-08-20|2026-08-21|2026-08-24|2026-08-25|2026-08-26|2026-08-27|2026-08-28|2026-08-31|2026-09-01|2026-09-02|2026-09-03|2026-09-04|2026-09-08|2026-09-09|2026-09-10|2026-09-11|2026-09-14|2026-09-15,2026-09-15 18:26:37,0.0
Burlington Stores,,2026-08-04|2026-08-05|2026-08-06|2026-08-07|2026-08-10|2026-08-11|2026-08-12|2026-08-13|2026-08-14|2026-08-17|2026-08-18|2026-08-19|2026-08-20|2026-08-21|2026-08-24|2026-08-25|2026-08-26|2026-08-27|2026-08-28|2026-08-31|2026-09-01|2026-09-02|2026-09-03|2026-09-04|2026-09-08|2026-09-09|2026-09-10|2026-09-11|2026-09-14|2026-09-15,2026-09-15 18:26:37,0.0
Expeditors International of Washington,,2026-08-04|2026-08-05|2026-08-06|2026-08-07|2026-08-10|2026-08-11|2026-08-12|2026-08-13|2026-08-14|2026-08-17|2026-08-18|2026-08-19|2026-08-20|2026-08-21|2026-08-24|2026-08-25|2026-08-26|2026-08-27|2026-08-28|2026-08-31|2026-09-01|2026-09-02|2026-09-03|2026-09-04|2026-09-08|2026-09-09|2026-09-10|2026-09-11|2026-09-14|2026-09-15,2026-09-15 18:26:37,0.0
Lululemon athletica,,2026-08-04|2026-08-05|2026-08-06|2026-08-07|2026-08-10|2026-08-11|2026-08-12|2026-08-13|2026-08-14|2026-08-17|2026-08-18|2026-08-19|2026-08-20|2026-08-21|2026-08-24|2026-08-25|2026-08-26|2026-08-27|2026-08-28|2026-08-31|2026-09-01|2026-09-02|2026-09-03|2026-09-04|2026-09-08|2026-09-09|2026-09-10|2026-09-11|2026-09-14|2026-09-15,2026-09-15 18:26:37,0.0
Fidelity National Information Services,,2026-08-04|2026-08-05|2026-08-06|2026-08-07|2026-08-10|2026-08-11|2026-08-12|2026-08-13|2026-08-14|2026-08-17|2026-08-18|2026-08-19|2026-08-20|2026-08-21|2026-08-24|2026-08-25|2026-08-26|2026-08-27|2026-08-28|2026-08-31|2026-09-01|2026-09-02|2026-09-03|2026-09-04|2026-09-08|2026-09-09|2026-09-10|2026-09-11|2026-09-14|2026-09-15,2026-09-15 18:26:37,0.0
Jefferies Financial,,2026-08-04|2026-08-05|2026-08-06|2026-08-07|2026-08-10|2026-08-11|2026-08-12|2026-08-13|2026-08-14|2026-08-17|2026-08-18|2026-08-19|2026-08-20|2026-08-21|2026-08-24|2026-08-25|2026-08-26|2026-08-27|2026-08-28|2026-08-31|2026-09-01|2026-09-02|2026-09-03|2026-09-04|2026-09-08|2026-09-09|2026-09-10|2026-09-11|2026-09-14|2026-09-15,2026-09-15 18:26:37,0.0
Williams Companies,,2026-08-04|2026-08-05|2026-08-06|2026-08-07|2026-08-10|2026-08-11|2026-08-12|2026-08-13|2026-08-14|2026-08-17|2026-08-18|2026-08-19|2026-08-20|2026-08-21|2026-08-24|2026-08-25|2026-08-26|2026-08-27|2026-08-28|2026-08-31|2026-09-01|2026-09-02|2026-09-03|2026-09-04|2026-09-08|2026-09-09|2026-09-10|2026-09-11|2026-09-14|2026-09-15,2026-09-15 18:26:37,0.0
VF Corporation,,2026-08-04|2026-08-05|2026-08-06|2026-08-07|2026-08-10|2026-08-11|2026-08-12|2026-08-13|2026-08-14|2026-08-17|2026-08-18|2026-08-19|2026-08-20|2026-08-21|2026-08-24|2026-08-25|2026-08-26|2026-08-27|2026-08-28|2026-08-31|2026-09-01|2026-09-02|2026-09-03|2026-09-04|2026-09-08|2026-09-09|2026-09-10|2026-09-11|2026-09-14|2026-09-15,2026-09-15 18:26:37,0.0
Autoliv,,2026-08-04|2026-08-05|2026-08-06|2026-08-07|2026-08-10|2026-08-11|2026-08-12|2026-08-13|2026-08-14|2026-08-17|2026-08-18|2026-08-19|2026-08-20|2026-08-21|2026-08-24|2026-08-25|2026-08-26|2026-08-27|2026-08-28|2026-08-31|2026-09-01|2026-09-02|2026-09-03|2026-09-04|2026-09-08|2026-09-09|2026-09-10|2026-09-11|2026-09-14|2026-09-15,2026-09-15 18:26:37,0.0
Westinghouse Air Brake Technologies,,2026-08-04|2026-08-05|2026-08-06|2026-08-07|2026-08-10|2026-08-11|2026-08-12|2026-08-13|2026-08-14|2026-08-17|2026-08-18|2026-08-19|2026-08-20|2026-08-21|2026-08-24|2026-08-25|2026-08-26|2026-08-27|2026-08-28|2026-08-31|2026-09-01|2026-09-02|2026-09-03|2026-09-04|2026-09-08|2026-09-09|2026-09-10|2026-09-11|2026-09-14|2026-09-15,2026-09-15 18:26:37,0.0
Public Service Enterprise Group,,2026-08-04|2026-08-05|2026-08-06|2026-08-07|2026-08-10|2026-08-11|2026-08-12|2026-08-13|2026-08-14|2026-08-17|2026-08-18|2026-08-19|2026-08-20|2026-08-21|2026-08-24|2026-08-25|2026-08-26|2026-08-27|2026-08-28|2026-08-31|2026-09-01|2026-09-02|2026-09-03|2026-09-04|2026-09-08|2026-09-09|2026-09-10|2026-09-11|2026-09-14|2026-09-15,2026-09-15 18:26:37,0.0
Ebay,,2026-08-04|2026-08-05|2026-08-06|2026-08-07|2026-08-10|2026-08-11|2026-08-12|2026-08-13|2026-08-14|2026-08-17|2026-08-18|2026-08-19|2026-08-20|2026-08-21|2026-08-24|2026-08-25|2026-08-26|2026-08-27|2026-08-28|2026-08-31|2026-09-01|2026-09-02|2026-09-03|2026-09-04|2026-09-08|2026-09-09|2026-09-10|2026-09-11|2026-09-14|2026-09-15,2026-09-15 18:26:37,0.0
Celanese,,2026-08-04|2026-08-05|2026-08-06|2026-08-07|2026-08-10|2026-08-11|2026-08-12|2026-08-13|2026-08-14|2026-08-17|2026-08-18|2026-08-19|2026-08-20|2026-08-21|2026-08-24|2026-08-25|2026-08-26|2026-08-27|2026-08-28|2026-08-31|2026-09-01|2026-09-02|2026-09-03|2026-09-04|2026-09-08|2026-09-09|2026-09-10|2026-09-11|2026-09-14|2026-09-15,2026-09-15 18:26:37,0.0
Global Payments,,2026-08-04|2026-08-05|2026-08-06|2026-08-07|2026-08-10|2026-08-11|2026-08-12|2026-08-13|2026-08-14|2026-08-17|2026-08-18|2026-08-19|2026-08-20|2026-08-21|2026-08-24|2026-08-25|2026-08-26|2026-08-27|2026-08-28|2026-08-31|2026-09-01|2026-09-02|2026-09-03|2026-09-04|2026-09-08|2026-09-09|2026-09-10|2026-09-11|2026-09-14|2026-09-15,2026-09-15 18:26:37,0.0
News Corp,,2026-08-04|2026-08-05|2026-08-06|2026-08-07|2026-08-10|2026-08-11|2026-08-12|2026-08-13|2026-08-14|2026-08-17|2026-08-18|2026-08-19|2026-08-20|2026-08-21|2026-08-24|2026-08-25|2026-08-26|2026-08-27|2026-08-28|2026-08-31|2026-09-01|2026-09-02|2026-09-03|2026-09-04|2026-09-08|2026-09-09|2026-09-10|2026-09-11|2026-09-14|2026-09-15,2026-09-15 18:26:37,0.0
THOR Industries,,2026-08-04|2026-08-05|2026-08-06|2026-08-07|2026-08-10|2026-08-11|2026-08-12|2026-08-13|2026-08-14|2026-08-17|2026-08-18|2026-08-19|2026-08-20|2026-08-21|2026-08-24|2026-08-25|2026-08-26|2026-08-27|2026-08-28|2026-08-31|2026-09-01|2026-09-02|2026-09-03|2026-09-04|2026-09-08|2026-09-09|2026-09-10|2026-09-11|2026-09-14|2026-09-15,2026-09-15 18:26:37,0.0
Icahn Enterprises,,2026-08-04|2026-08-05|2026-08-06|2026-08-07|2026-08-10|2026-08-11|2026-08-12|2026-08-13|2026-08-14|2026-08-17|2026-08-18|2026-08-19|2026-08-20|2026-08-21|2026-08-24|2026-08-25|2026-08-26|2026-08-27|2026-08-28|2026-08-31|2026-09-01|2026-09-02|2026-09-03|2026-09-04|2026-09-08|2026-09-09|2026-09-10|2026-09-11|2026-09-14|2026-09-15,2026-09-15 18:26:37,0.0
Constellation Brands,,2026-08-04|2026-08-05|2026-08-06|2026-08-07|2026-08-10|2026-08-11|2026-08-12|2026-08-13|2026-08-14|2026-08-17|2026-08-18|2026-08-19|2026-08-20|2026-08-21|2026-08-24|2026-08-25|2026-08-26|2026-08-27|2026-08-28|2026-08-31|2026-09-01|2026-09-02|2026-09-03|2026-09-04|2026-09-08|2026-09-09|2026-09-10|2026-09-11|2026-09-14|2026-09-15,2026-09-15 18:26:37,0.0
Quest Diagnostics,,2026-08-04|2026-08-05|2026-08-06|2026-08-07|2026-08-10|2026-08-11|2026-08-12|2026-08-13|2026-08-14|2026-08-17|2026-08-18|2026-08-19|2026-08-20|2026-08-21|2026-08-24|2026-08-25|2026-08-26|2026-08-27|2026-08-28|2026-08-31|2026-09-01|2026-09-02|2026-09-03|2026-09-04|2026-09-08|2026-09-09|2026-09-10|2026-09-11|2026-09-14|2026-09-15,2026-09-15 18:26:37,0.0
KLA,,2026-08-04|2026-08-05|2026-08-06|2026-08-07|2026-08-10|2026-08-11|2026-08-12|2026-08-13|2026-08-14|2026-08-17|2026-08-18|2026-08-19|2026-08-20|2026-08-21|2026-08-24|2026-08-25|2026-08-26|2026-08-27|2026-08-28|2026-08-31|2026-09-01|2026-09-02|2026-09-03|2026-09-04|2026-09-08|2026-09-09|2026-09-10|2026-09-11|2026-09-14|2026-09-15,2026-09-15 18:26:37,0.0
QXO Building Products,,2026-08-04|2026-08-05|2026-08-06|2026-08-07|2026-08-10|2026-08-11|2026-08-12|2026-08-13|2026-08-14|2026-08-17|2026-08-18|2026-08-19|2026-08-20|2026-08-21|2026-08-24|2026-08-25|2026-08-26|2026-08-27|2026-08-28|2026-08-31|2026-09-01|2026-09-02|2026-09-03|2026-09-04|2026-09-08|2026-09-09|2026-09-10|2026-09-11|2026-09-14|2026-09-15,2026-09-15 18:26:37,0.0
APA,,2026-08-04|2026-08-05|2026-08-06|2026-08-07|2026-08-10|2026-08-11|2026-08-12|2026-08-13|2026-08-14|2026-08-17|2026-08-18|2026-08-19|2026-08-20|2026-08-21|2026-08-24|2026-08-25|2026-08-26|2026-08-27|2026-08-28|2026-08-31|2026-09-01|2026-09-02|2026-09-03|2026-09-04|2026-09-08|2026-09-09|2026-09-10|2026-09-11|2026-09-14|2026-09-15,2026-09-15 18:26:37,0.0
Biogen,,2026-08-04|2026-08-05|2026-08-06|2026-08-07|2026-08-10|2026-08-11|2026-08-12|2026-08-13|2026-08-14|2026-08-17|2026-08-18|2026-08-19|2026-08-20|2026-08-21|2026-08-24|2026-08-25|2026-08-26|2026-08-27|2026-08-28|2026-08-31|2026-09-01|2026-09-02|2026-09-03|2026-09-04|2026-09-08|2026-09-09|2026-09-10|2026-09-11|2026-09-14|2026-09-15,2026-09-15 18:26:37,0.0
Campbell Soup,,2026-08-04|2026-08-05|2026-08-06|2026-08-07|2026-08-10|2026-08-11|2026-08-12|2026-08-13|2026-08-14|2026-08-17|2026-08-18|2026-08-19|2026-08-20|2026-08-21|2026-08-24|2026-08-25|2026-08-26|2026-08-27|2026-08-28|2026-08-31|2026-09-01|2026-09-02|2026-09-03|2026-09-04|2026-09-08|2026-09-09|2026-09-10|2026-09-11|2026-09-14|2026-09-15,2026-09-15 18:26:37,0.0
Concentrix,,2026-08-04|2026-08-05|2026-08-06|2026-08-07|2026-08-10|2026-08-11|2026-08-12|2026-08-13|2026-08-14|2026-08-17|2026-08-18|2026-08-19|2026-08-20|2026-08-21|2026-08-24|2026-08-25|2026-08-26|2026-08-27|2026-08-28|2026-08-31|2026-09-01|2026-09-02|2026-09-03|2026-09-04|2026-09-08|2026-09-09|2026-09-10|2026-09-11|2026-09-14|2026-09-15,2026-09-15 18:26:37,0.0
Cintas,,2026-08-04|2026-08-05|2026-08-06|2026-08-07|2026-08-10|2026-08-11|2026-08-12|2026-08-13|2026-08-14|2026-08-17|2026-08-18|2026-08-19|2026-08-20|2026-08-21|2026-08-24|2026-08-25|2026-08-26|2026-08-27|2026-08-28|2026-08-31|2026-09-01|2026-09-02|2026-09-03|2026-09-04|2026-09-08|2026-09-09|2026-09-10|2026-09-11|2026-09-14|2026-09-15,2026-09-15 18:26:37,0.0
Analog Devices,,2026-08-04|2026-08-05|2026-08-06|2026-08-07|2026-08-10|2026-08-11|2026-08-12|2026-08-13|2026-08-14|2026-08-17|2026-08-18|2026-08-19|2026-08-20|2026-08-21|2026-08-24|2026-08-25|2026-08-26|2026-08-27|2026-08-28|2026-08-31|2026-09-01|2026-09-02|2026-09-03|2026-09-04|2026-09-08|2026-09-09|2026-09-10|2026-09-11|2026-09-14|2026-09-15,2026-09-15 18:26:37,0.0
Eastman Chemical,,2026-08-04|2026-08-05|2026-08-06|2026-08-07|2026-08-10|2026-08-11|2026-08-12|2026-08-13|2026-08-14|2026-08-17|2026-08-18|2026-08-19|2026-08-20|2026-08-21|2026-08-24|2026-08-25|2026-08-26|2026-08-27|2026-08-28|2026-08-31|2026-09-01|2026-09-02|2026-09-03|2026-09-04|2026-09-08|2026-09-09|2026-09-10|2026-09-11|2026-09-14|2026-09-15,2026-09-15 18:26:37,0.0
Interactive Brokers,,2026-08-04|2026-08-05|2026-08-06|2026-08-07|2026-08-10|2026-08-11|2026-08-12|2026-08-13|2026-08-14|2026-08-17|2026-08-18|2026-08-19|2026-08-20|2026-08-21|2026-08-24|2026-08-25|2026-08-26|2026-08-27|2026-08-28|2026-08-31|2026-09-01|2026-09-02|2026-09-03|2026-09-04|2026-09-08|2026-09-09|2026-09-10|2026-09-11|2026-09-14|2026-09-15,2026-09-15 18:26:37,0.0
Regions Financial,,2026-08-04|2026-08-05|2026-08-06|2026-08-07|2026-08-10|2026-08-11|2026-08-12|2026-08-13|2026-08-14|2026-08-17|2026-08-18|2026-08-19|2026-08-20|2026-08-21|2026-08-24|2026-08-25|2026-08-26|2026-08-27|2026-08-28|2026-08-31|2026-09-01|2026-09-02|2026-09-03|2026-09-04|2026-09-08|2026-09-09|2026-09-10|2026-09-11|2026-09-14|2026-09-15,2026-09-15 18:26:37,0.0
JetBlue Airways,,2026-08-04|2026-08-05|2026-08-06|2026-08-07|2026-08-10|2026-08-11|2026-08-12|2026-08-13|2026-08-14|2026-08-17|2026-08-18|2026-08-19|2026-08-20|2026-08-21|2026-08-24|2026-08-25|2026-08-26|2026-08-27|2026-08-28|2026-08-31|2026-09-01|2026-09-02|2026-09-03|2026-09-04|2026-09-08|2026-09-09|2026-09-10|2026-09-11|2026-09-14|2026-09-15,2026-09-15 18:26:37,0.0
Zoetis,,2026-08-04|2026-08-05|2026-08-06|2026-08-07|2026-08-10|2026-08-11|2026-08-12|2026-08-13|2026-08-14|2026-08-17|2026-08-18|2026-08-19|2026-08-20|2026-08-21|2026-08-24|2026-08-25|2026-08-26|2026-08-27|2026-08-28|2026-08-31|2026-09-01|2026-09-02|2026-09-03|2026-09-04|2026-09-08|2026-09-09|2026-09-10|2026-09-11|2026-09-14|2026-09-15,2026-09-15 18:26:37,0.0
KeyCorp,,2026-08-04|2026-08-05|2026-08-06|2026-08-07|2026-08-10|2026-08-11|2026-08-12|2026-08-13|2026-08-14|2026-08-17|2026-08-18|2026-08-19|2026-08-20|2026-08-21|2026-08-24|2026-08-25|2026-08-26|2026-08-27|2026-08-28|2026-08-31|2026-09-01|2026-09-02|2026-09-03|2026-09-04|2026-09-08|2026-09-09|2026-09-10|2026-09-11|2026-09-14|2026-09-15,2026-09-15 18:26:37,0.0
Oscar Health,,2026-08-04|2026-08-05|2026-08-06|2026-08-07|2026-08-10|2026-08-11|2026-08-12|2026-08-13|2026-08-14|2026-08-17|2026-08-18|2026-08-19|2026-08-20|2026-08-21|2026-08-24|2026-08-25|2026-08-26|2026-08-27|2026-08-28|2026-08-31|2026-09-01|2026-09-02|2026-09-03|2026-09-04|2026-09-08|2026-09-09|2026-09-10|2026-09-11|2026-09-14|2026-09-15,2026-09-15 18:26:37,0.0
Ovintiv,,2026-08-04|2026-08-05|2026-08-06|2026-08-07|2026-08-10|2026-08-11|2026-08-12|2026-08-13|2026-08-14|2026-08-17|2026-08-18|2026-08-19|2026-08-20|2026-08-21|2026-08-24|2026-08-25|2026-08-26|2026-08-27|2026-08-28|2026-08-31|2026-09-01|2026-09-02|2026-09-03|2026-09-04|2026-09-08|2026-09-09|2026-09-10|2026-09-11|2026-09-14|2026-09-15,2026-09-15 18:26:37,0.0
Seaboard,,2026-08-04|2026-08-05|2026-08-06|2026-08-07|2026-08-10|2026-08-11|2026-08-12|2026-08-13|2026-08-14|2026-08-17|2026-08-18|2026-08-19|2026-08-20|2026-08-21|2026-08-24|2026-08-25|2026-08-26|2026-08-27|2026-08-28|2026-08-31|2026-09-01|2026-09-02|2026-09-03|2026-09-04|2026-09-08|2026-09-09|2026-09-10|2026-09-11|2026-09-14|2026-09-15,2026-09-15 18:26:37,0.0
Hertz,,2026-08-04|2026-08-05|2026-08-06|2026-08-07|2026-08-10|2026-08-11|2026-08-12|2026-08-13|2026-08-14|2026-08-17|2026-08-18|2026-08-19|2026-08-20|2026-08-21|2026-08-24|2026-08-25|2026-08-26|2026-08-27|2026-08-28|2026-08-31|2026-09-01|2026-09-02|2026-09-03|2026-09-04|2026-09-08|2026-09-09|2026-09-10|2026-09-11|2026-09-14|2026-09-15,2026-09-15 18:26:37,0.0
NOV,,2026-08-04|2026-08-05|2026-08-06|2026-08-07|2026-08-10|2026-08-11|2026-08-12|2026-08-13|2026-08-14|2026-08-17|2026-08-18|2026-08-19|2026-08-20|2026-08-21|2026-08-24|2026-08-25|2026-08-26|2026-08-27|2026-08-28|2026-08-31|2026-09-01|2026-09-02|2026-09-03|2026-09-04|2026-09-08|2026-09-09|2026-09-10|2026-09-11|2026-09-14|2026-09-15,2026-09-15 18:26:37,0.0
Graphic Packaging,,2026-08-04|2026-08-05|2026-08-06|2026-08-07|2026-08-10|2026-08-11|2026-08-12|2026-08-13|2026-08-14|2026-08-17|2026-08-18|2026-08-19|2026-08-20|2026-08-21|2026-08-24|2026-08-25|2026-08-26|2026-08-27|2026-08-28|2026-08-31|2026-09-01|2026-09-02|2026-09-03|2026-09-04|2026-09-08|2026-09-09|2026-09-10|2026-09-11|2026-09-14|2026-09-15,2026-09-15 18:26:37,0.0
Avery Dennison,,2026-08-04|2026-08-05|2026-08-06|2026-08-07|2026-08-10|2026-08-11|2026-08-12|2026-08-13|2026-08-14|2026-08-17|2026-08-18|2026-08-19|2026-08-20|2026-08-21|2026-08-24|2026-08-25|2026-08-26|2026-08-27|2026-08-28|2026-08-31|2026-09-01|2026-09-02|2026-09-03|2026-09-04|2026-09-08|2026-09-09|2026-09-10|2026-09-11|2026-09-14|2026-09-15,2026-09-15 18:26:37,0.0
Equinix,,2026-08-04|2026-08-05|2026-08-06|2026-08-07|2026-08-10|2026-08-11|2026-08-12|2026-08-13|2026-08-14|2026-08-17|2026-08-18|2026-08-19|2026-08-20|2026-08-21|2026-08-24|2026-08-25|2026-08-26|2026-08-27|2026-08-28|2026-08-31|2026-09-01|2026-09-02|2026-09-03|2026-09-04|2026-09-08|2026-09-09|2026-09-10|2026-09-11|2026-09-14|2026-09-15,2026-09-15 18:26:37,0.0
Insight Enterprises,,2026-08-04|2026-08-05|2026-08-06|2026-08-07|2026-08-10|2026-08-11|2026-08-12|2026-08-13|2026-08-14|2026-08-17|2026-08-18|2026-08-19|2026-08-20|2026-08-21|2026-08-24|2026-08-25|2026-08-26|2026-08-27|2026-08-28|2026-08-31|2026-09-01|2026-09-02|2026-09-03|2026-09-04|2026-09-08|2026-09-09|2026-09-10|2026-09-11|2026-09-14|2026-09-15,2026-09-15 18:26:37,0.0
Sirius XM,,2026-08-04|2026-08-05|2026-08-06|2026-08-07|2026-08-10|2026-08-11|2026-08-12|2026-08-13|2026-08-14|2026-08-17|2026-08-18|2026-08-19|2026-08-20|2026-08-21|2026-08-24|2026-08-25|2026-08-26|2026-08-27|2026-08-28|2026-08-31|2026-09-01|2026-09-02|2026-09-03|2026-09-04|2026-09-08|2026-09-09|2026-09-10|2026-09-11|2026-09-14|2026-09-15,2026-09-15 18:26:37,0.0
PVH,,2026-08-04|2026-08-05|2026-08-06|2026-08-07|2026-08-10|2026-08-11|2026-08-12|2026-08-13|2026-08-14|2026-08-17|2026-08-18|2026-08-19|2026-08-20|2026-08-21|2026-08-24|2026-08-25|2026-08-26|2026-08-27|2026-08-28|2026-08-31|2026-09-01|2026-09-02|2026-09-03|2026-09-04|2026-09-08|2026-09-09|2026-09-10|2026-09-11|2026-09-14|2026-09-15,2026-09-15 18:26:37,0.0
CenterPoint Energy,,2026-08-04|2026-08-05|2026-08-06|2026-08-07|2026-08-10|2026-08-11|2026-08-12|2026-08-13|2026-08-14|2026-08-17|2026-08-18|2026-08-19|2026-08-20|2026-08-21|2026-08-24|2026-08-25|2026-08-26|2026-08-27|2026-08-28|2026-08-31|2026-09-01|2026-09-02|2026-09-03|2026-09-04|2026-09-08|2026-09-09|2026-09-10|2026-09-11|2026-09-14|2026-09-15,2026-09-15 18:26:37,0.0
WEC Energy,,2026-08-04|2026-08-05|2026-08-06|2026-08-07|2026-08-10|2026-08-11|2026-08-12|2026-08-13|2026-08-14|2026-08-17|2026-08-18|2026-08-19|2026-08-20|2026-08-21|2026-08-24|2026-08-25|2026-08-26|2026-08-27|2026-08-28|2026-08-31|2026-09-01|2026-09-02|2026-09-03|2026-09-04|2026-09-08|2026-09-09|2026-09-10|2026-09-11|2026-09-14|2026-09-15,2026-09-15 18:26:37,0.0
Xylem Inc,,2026-08-04|2026-08-05|2026-08-06|2026-08-07|2026-08-10|2026-08-11|2026-08-12|2026-08-13|2026-08-14|2026-08-17|2026-08-18|2026-08-19|2026-08-20|2026-08-21|2026-08-24|2026-08-25|2026-08-26|2026-08-27|2026-08-28|2026-08-31|2026-09-01|2026-09-02|2026-09-03|2026-09-04|2026-09-08|2026-09-09|2026-09-10|2026-09-11|2026-09-14|2026-09-15,2026-09-15 18:26:37,0.0
Franklin Resources,,2026-08-04|2026-08-05|2026-08-06|2026-08-07|2026-08-10|2026-08-11|2026-08-12|2026-08-13|2026-08-14|2026-08-17|2026-08-18|2026-08-19|2026-08-20|2026-08-21|2026-08-24|2026-08-25|2026-08-26|2026-08-27|2026-08-28|2026-08-31|2026-09-01|2026-09-02|2026-09-03|2026-09-04|2026-09-08|2026-09-09|2026-09-10|2026-09-11|2026-09-14|2026-09-15,2026-09-15 18:26:37,0.0
PPL Corporation,,2026-08-04|2026-08-05|2026-08-06|2026-08-07|2026-08-10|2026-08-11|2026-08-12|2026-08-13|2026-08-14|2026-08-17|2026-08-18|2026-08-19|2026-08-20|2026-08-21|2026-08-24|2026-08-25|2026-08-26|2026-08-27|2026-08-28|2026-08-31|2026-09-01|2026-09-02|2026-09-03|2026-09-04|2026-09-08|2026-09-09|2026-09-10|2026-09-11|2026-09-14|2026-09-15,2026-09-15 18:26:37,0.0
Workday,,2026-08-04|2026-08-05|2026-08-06|2026-08-07|2026-08-10|2026-08-11|2026-08-12|2026-08-13|2026-08-14|2026-08-17|2026-08-18|2026-08-19|2026-08-20|2026-08-21|2026-08-24|2026-08-25|2026-08-26|2026-08-27|2026-08-28|2026-08-31|2026-09-01|2026-09-02|2026-09-03|2026-09-04|2026-09-08|2026-09-09|2026-09-10|2026-09-11|2026-09-14|2026-09-15,2026-09-15 18:26:37,0.0
Dover Corporation,,2026-08-04|2026-08-05|2026-08-06|2026-08-07|2026-08-10|2026-08-11|2026-08-12|2026-08-13|2026-08-14|2026-08-17|2026-08-18|2026-08-19|2026-08-20|2026-08-21|2026-08-24|2026-08-25|2026-08-26|2026-08-27|2026-08-28|2026-08-31|2026-09-01|2026-09-02|2026-09-03|2026-09-04|2026-09-08|2026-09-09|2026-09-10|2026-09-11|2026-09-14|2026-09-15,2026-09-15 18:26:37,0.0
Packaging Corp of America,,2026-08-04|2026-08-05|2026-08-06|2026-08-07|2026-08-10|2026-08-11|2026-08-12|2026-08-13|2026-08-14|2026-08-17|2026-08-18|2026-08-19|2026-08-20|2026-08-21|2026-08-24|2026-08-25|2026-08-26|2026-08-27|2026-08-28|2026-08-31|2026-09-01|2026-09-02|2026-09-03|2026-09-04|2026-09-08|2026-09-09|2026-09-10|2026-09-11|2026-09-14|2026-09-15,2026-09-15 18:26:37,0.0
ABM Industries,,2026-08-04|2026-08-05|2026-08-06|2026-08-07|2026-08-10|2026-08-11|2026-08-12|2026-08-13|2026-08-14|2026-08-17|2026-08-18|2026-08-19|2026-08-20|2026-08-21|2026-08-24|2026-08-25|2026-08-26|2026-08-27|2026-08-28|2026-08-31|2026-09-01|2026-09-02|2026-09-03|2026-09-04|2026-09-08|2026-09-09|2026-09-10|2026-09-11|2026-09-14|2026-09-15,2026-09-15 18:26:37,0.0
Intuitive Surgical,,2026-08-04|2026-08-05|2026-08-06|2026-08-07|2026-08-10|2026-08-11|2026-08-12|2026-08-13|2026-08-14|2026-08-17|2026-08-18|2026-08-19|2026-08-20|2026-08-21|2026-08-24|2026-08-25|2026-08-26|2026-08-27|2026-08-28|2026-08-31|2026-09-01|2026-09-02|2026-09-03|2026-09-04|2026-09-08|2026-09-09|2026-09-10|2026-09-11|2026-09-14|2026-09-15,2026-09-15 18:26:37,0.0
American Financial Group,,2026-08-04|2026-08-05|2026-08-06|2026-08-07|2026-08-10|2026-08-11|2026-08-12|2026-08-13|2026-08-14|2026-08-17|2026-08-18|2026-08-19|2026-08-20|2026-08-21|2026-08-24|2026-08-25|2026-08-26|2026-08-27|2026-08-28|2026-08-31|2026-09-01|2026-09-02|2026-09-03|2026-09-04|2026-09-08|2026-09-09|2026-09-10|2026-09-11|2026-09-14|2026-09-15,2026-09-15 18:26:37,0.0
Rockwell Automation,,2026-08-04|2026-08-05|2026-08-06|2026-08-07|2026-08-10|2026-08-11|2026-08-12|2026-08-13|2026-08-14|2026-08-17|2026-08-18|2026-08-19|2026-08-20|2026-08-21|2026-08-24|2026-08-25|2026-08-26|2026-08-27|2026-08-28|2026-08-31|2026-09-01|2026-09-02|2026-09-03|2026-09-04|2026-09-08|2026-09-09|2026-09-10|2026-09-11|2026-09-14|2026-09-15,2026-09-15 18:26:37,0.0
Solventum,,2026-08-04|2026-08-05|2026-08-06|2026-08-07|2026-08-10|2026-08-11|2026-08-12|2026-08-13|2026-08-14|2026-08-17|2026-08-18|2026-08-19|2026-08-20|2026-08-21|2026-08-24|2026-08-25|2026-08-26|2026-08-27|2026-08-28|2026-08-31|2026-09-01|2026-09-02|2026-09-03|2026-09-04|2026-09-08|2026-09-09|2026-09-10|2026-09-11|2026-09-14|2026-09-15,2026-09-15 18:26:37,0.0
Old Republic International,,2026-08-04|2026-08-05|2026-08-06|2026-08-07|2026-08-10|2026-08-11|2026-08-12|2026-08-13|2026-08-14|2026-08-17|2026-08-18|2026-08-19|2026-08-20|2026-08-21|2026-08-24|2026-08-25|2026-08-26|2026-08-27|2026-08-28|2026-08-31|2026-09-01|2026-09-02|2026-09-03|2026-09-04|2026-09-08|2026-09-09|2026-09-10|2026-09-11|2026-09-14|2026-09-15,2026-09-15 18:26:37,0.0
Prologis,,2026-08-04|2026-08-05|2026-08-06|2026-08-07|2026-08-10|2026-08-11|2026-08-12|2026-08-13|2026-08-14|2026-08-17|2026-08-18|2026-08-19|2026-08-20|2026-08-21|2026-08-24|2026-08-25|2026-08-26|2026-08-27|2026-08-28|2026-08-31|2026-09-01|2026-09-02|2026-09-03|2026-09-04|2026-09-08|2026-09-09|2026-09-10|2026-09-11|2026-09-14|2026-09-15,2026-09-15 18:26:37,0.0
JM Smucker,,2026-08-04|2026-08-05|2026-08-06|2026-08-07|2026-08-10|2026-08-11|2026-08-12|2026-08-13|2026-08-14|2026-08-17|2026-08-18|2026-08-19|2026-08-20|2026-08-21|2026-08-24|2026-08-25|2026-08-26|2026-08-27|2026-08-28|2026-08-31|2026-09-01|2026-09-02|2026-09-03|2026-09-04|2026-09-08|2026-09-09|2026-09-10|2026-09-11|2026-09-14|2026-09-15,2026-09-15 18:26:37,0.0
Taylor Morrison Home,,2026-07-17|2026-07-23,2026-09-15 18:26:37,0.0
XPO,,2026-08-04|2026-08-05|2026-08-06|2026-08-07|2026-08-10|2026-08-11|2026-08-12|2026-08-13|2026-08-14|2026-08-17|2026-08-18|2026-08-19|2026-08-20|2026-08-21|2026-08-24|2026-08-25|2026-08-26|2026-08-27|2026-08-28|2026-08-31|2026-09-01|2026-09-02|2026-09-03|2026-09-04|2026-09-08|2026-09-09|2026-09-10|2026-09-11|2026-09-14|2026-09-15,2026-09-15 18:26:37,0.0
Voya Financial,,2026-08-04|2026-08-05|2026-08-06|2026-08-07|2026-08-10|2026-08-11|2026-08-12|2026-08-13|2026-08-14|2026-08-17|2026-08-18|2026-08-19|2026-08-20|2026-08-21|2026-08-24|2026-08-25|2026-08-26|2026-08-27|2026-08-28|2026-08-31|2026-09-01|2026-09-02|2026-09-03|2026-09-04|2026-09-08|2026-09-09|2026-09-10|2026-09-11|2026-09-14|2026-09-15,2026-09-15 18:26:37,0.0
Palo Alto Networks,,2026-08-04|2026-08-05|2026-08-06|2026-08-07|2026-08-10|2026-08-11|2026-08-12|2026-08-13|2026-08-14|2026-08-17|2026-08-18|2026-08-19|2026-08-20|2026-08-21|2026-08-24|2026-08-25|2026-08-26|2026-08-27|2026-08-28|2026-08-31|2026-09-01|2026-09-02|2026-09-03|2026-09-04|2026-09-08|2026-09-09|2026-09-10|2026-09-11|2026-09-14|2026-09-15,2026-09-15 18:26:37,0.0
Vertiv,,2026-08-04|2026-08-05|2026-08-06|2026-08-07|2026-08-10|2026-08-11|2026-08-12|2026-08-13|2026-08-14|2026-08-17|2026-08-18|2026-08-19|2026-08-20|2026-08-21|2026-08-24|2026-08-25|2026-08-26|2026-08-27|2026-08-28|2026-08-31|2026-09-01|2026-09-02|2026-09-03|2026-09-04|2026-09-08|2026-09-09|2026-09-10|2026-09-11|2026-09-14|2026-09-15,2026-09-15 18:26:37,0.0
Welltower,,2026-08-04|2026-08-05|2026-08-06|2026-08-07|2026-08-10|2026-08-11|2026-08-12|2026-08-13|2026-08-14|2026-08-17|2026-08-18|2026-08-19|2026-08-20|2026-08-21|2026-08-24|2026-08-25|2026-08-26|2026-08-27|2026-08-28|2026-08-31|2026-09-01|2026-09-02|2026-09-03|2026-09-04|2026-09-08|2026-09-09|2026-09-10|2026-09-11|2026-09-14|2026-09-15,2026-09-15 18:26:37,0.0
Par Pacific,,2026-08-04|2026-08-05|2026-08-06|2026-08-07|2026-08-10|2026-08-11|2026-08-12|2026-08-13|2026-08-14|2026-08-17|2026-08-18|2026-08-19|2026-08-20|2026-08-21|2026-08-24|2026-08-25|2026-08-26|2026-08-27|2026-08-28|2026-08-31|2026-09-01|2026-09-02|2026-09-03|2026-09-04|2026-09-08|2026-09-09|2026-09-10|2026-09-11|2026-09-14|2026-09-15,2026-09-15 18:26:37,0.0
TransDigm,,2026-08-04|2026-08-05|2026-08-06|2026-08-07|2026-08-10|2026-08-11|2026-08-12|2026-08-13|2026-08-14|2026-08-17|2026-08-18|2026-08-19|2026-08-20|2026-08-21|2026-08-24|2026-08-25|2026-08-26|2026-08-27|2026-08-28|2026-08-31|2026-09-01|2026-09-02|2026-09-03|2026-09-04|2026-09-08|2026-09-09|2026-09-10|2026-09-11|2026-09-14|2026-09-15,2026-09-15 18:26:37,0.0
Commercial Metals,,2026-08-04|2026-08-05|2026-08-06|2026-08-07|2026-08-10|2026-08-11|2026-08-12|2026-08-13|2026-08-14|2026-08-17|2026-08-18|2026-08-19|2026-08-20|2026-08-21|2026-08-24|2026-08-25|2026-08-26|2026-08-27|2026-08-28|2026-08-31|2026-09-01|2026-09-02|2026-09-03|2026-09-04|2026-09-08|2026-09-09|2026-09-10|2026-09-11|2026-09-14|2026-09-15,2026-09-15 18:26:37,0.0
Post Holdings,,2026-08-04|2026-08-05|2026-08-06|2026-08-07|2026-08-10|2026-08-11|2026-08-12|2026-08-13|2026-08-14|2026-08-17|2026-08-18|2026-08-19|2026-08-20|2026-08-21|2026-08-24|2026-08-25|2026-08-26|2026-08-27|2026-08-28|2026-08-31|2026-09-01|2026-09-02|2026-09-03|2026-09-04|2026-09-08|2026-09-09|2026-09-10|2026-09-11|2026-09-14|2026-09-15,2026-09-15 18:26:37,0.0
Masco,,2026-08-04|2026-08-05|2026-08-06|2026-08-07|2026-08-10|2026-08-11|2026-08-12|2026-08-13|2026-08-14|2026-08-17|2026-08-18|2026-08-19|2026-08-20|2026-08-21|2026-08-24|2026-08-25|2026-08-26|2026-08-27|2026-08-28|2026-08-31|2026-09-01|2026-09-02|2026-09-03|2026-09-04|2026-09-08|2026-09-09|2026-09-10|2026-09-11|2026-09-14|2026-09-15,2026-09-15 18:26:37,0.0
Rush Enterprises,,2026-08-04|2026-08-05|2026-08-06|2026-08-07|2026-08-10|2026-08-11|2026-08-12|2026-08-13|2026-08-14|2026-08-17|2026-08-18|2026-08-19|2026-08-20|2026-08-21|2026-08-24|2026-08-25|2026-08-26|2026-08-27|2026-08-28|2026-08-31|2026-09-01|2026-09-02|2026-09-03|2026-09-04|2026-09-08|2026-09-09|2026-09-10|2026-09-11|2026-09-14|2026-09-15,2026-09-15 18:26:37,0.0
KBR,,2026-08-04|2026-08-05|2026-08-06|2026-08-07|2026-08-10|2026-08-11|2026-08-12|2026-08-13|2026-08-14|2026-08-17|2026-08-18|2026-08-19|2026-08-20|2026-08-21|2026-08-24|2026-08-25|2026-08-26|2026-08-27|2026-08-28|2026-08-31|2026-09-01|2026-09-02|2026-09-03|2026-09-04|2026-09-08|2026-09-09|2026-09-10|2026-09-11|2026-09-14|2026-09-15,2026-09-15 18:26:37,0.0
Sprouts Farmers Market,,2026-08-04|2026-08-05|2026-08-06|2026-08-07|2026-08-10|2026-08-11|2026-08-12|2026-08-13|2026-08-14|2026-08-17|2026-08-18|2026-08-19|2026-08-20|2026-08-21|2026-08-24|2026-08-25|2026-08-26|2026-08-27|2026-08-28|2026-08-31|2026-09-01|2026-09-02|2026-09-03|2026-09-04|2026-09-08|2026-09-09|2026-09-10|2026-09-11|2026-09-14|2026-09-15,2026-09-15 18:26:37,0.0
Williams-Sonoma,,2026-08-04|2026-08-05|2026-08-06|2026-08-07|2026-08-10|2026-08-11|2026-08-12|2026-08-13|2026-08-14|2026-08-17|2026-08-18|2026-08-19|2026-08-20|2026-08-21|2026-08-24|2026-08-25|2026-08-26|2026-08-27|2026-08-28|2026-08-31|2026-09-01|2026-09-02|2026-09-03|2026-09-04|2026-09-08|2026-09-09|2026-09-10|2026-09-11|2026-09-14|2026-09-15,2026-09-15 18:26:37,0.0
Zimmer Biomet,,2026-08-04|2026-08-05|2026-08-06|2026-08-07|2026-08-10|2026-08-11|2026-08-12|2026-08-13|2026-08-14|2026-08-17|2026-08-18|2026-08-19|2026-08-20|2026-08-21|2026-08-24|2026-08-25|2026-08-26|2026-08-27|2026-08-28|2026-08-31|2026-09-01|2026-09-02|2026-09-03|2026-09-04|2026-09-08|2026-09-09|2026-09-10|2026-09-11|2026-09-14|2026-09-15,2026-09-15 18:26:37,0.0
CACI International,,2026-08-04|2026-08-05|2026-08-06|2026-08-07|2026-08-10|2026-08-11|2026-08-12|2026-08-13|2026-08-14|2026-08-17|2026-08-18|2026-08-19|2026-08-20|2026-08-21|2026-08-24|2026-08-25|2026-08-26|2026-08-27|2026-08-28|2026-08-31|2026-09-01|2026-09-02|2026-09-03|2026-09-04|2026-09-08|2026-09-09|2026-09-10|2026-09-11|2026-09-14|2026-09-15,2026-09-15 18:26:37,0.0
Microchip Technology,,2026-08-04|2026-08-05|2026-08-06|2026-08-07|2026-08-10|2026-08-11|2026-08-12|2026-08-13|2026-08-14|2026-08-17|2026-08-18|2026-08-19|2026-08-20|2026-08-21|2026-08-24|2026-08-25|2026-08-26|2026-08-27|2026-08-28|2026-08-31|2026-09-01|2026-09-02|2026-09-03|2026-09-04|2026-09-08|2026-09-09|2026-09-10|2026-09-11|2026-09-14|2026-09-15,2026-09-15 18:26:37,0.0
Watsco,,2026-08-04|2026-08-05|2026-08-06|2026-08-07|2026-08-10|2026-08-11|2026-08-12|2026-08-13|2026-08-14|2026-08-17|2026-08-18|2026-08-19|2026-08-20|2026-08-21|2026-08-24|2026-08-25|2026-08-26|2026-08-27|2026-08-28|2026-08-31|2026-09-01|2026-09-02|2026-09-03|2026-09-04|2026-09-08|2026-09-09|2026-09-10|2026-09-11|2026-09-14|2026-09-15,2026-09-15 18:26:37,0.0
Newell Brands,,2026-08-04|2026-08-05|2026-08-06|2026-08-07|2026-08-10|2026-08-11|2026-08-12|2026-08-13|2026-08-14|2026-08-17|2026-08-18|2026-08-19|2026-08-20|2026-08-21|2026-08-24|2026-08-25|2026-08-26|2026-08-27|2026-08-28|2026-08-31|2026-09-01|2026-09-02|2026-09-03|2026-09-04|2026-09-08|2026-09-09|2026-09-10|2026-09-11|2026-09-14|2026-09-15,2026-09-15 18:26:37,0.0
ARKO,,2026-08-04|2026-08-05|2026-08-06|2026-08-07|2026-08-10|2026-08-11|2026-08-12|2026-08-13|2026-08-14|2026-08-17|2026-08-18|2026-08-19|2026-08-20|2026-08-21|2026-08-24|2026-08-25|2026-08-26|2026-08-27|2026-08-28|2026-08-31|2026-09-01|2026-09-02|2026-09-03|2026-09-04|2026-09-08|2026-09-09|2026-09-10|2026-09-11|2026-09-14|2026-09-15,2026-09-15 18:26:37,0.0
Sanmina,,2026-08-04|2026-08-05|2026-08-06|2026-08-07|2026-08-10|2026-08-11|2026-08-12|2026-08-13|2026-08-14|2026-08-17|2026-08-18|2026-08-19|2026-08-20|2026-08-21|2026-08-24|2026-08-25|2026-08-26|2026-08-27|2026-08-28|2026-08-31|2026-09-01|2026-09-02|2026-09-03|2026-09-04|2026-09-08|2026-09-09|2026-09-10|2026-09-11|2026-09-14|2026-09-15,2026-09-15 18:26:37,0.0
Electronic Arts,,2026-07-17|2026-08-04|2026-08-05|2026-08-06|2026-08-07|2026-08-10,2026-09-15 18:26:37,0.0
Yum Brands,,2026-08-04|2026-08-05|2026-08-06|2026-08-07|2026-08-10|2026-08-11|2026-08-12|2026-08-13|2026-08-14|2026-08-17|2026-08-18|2026-08-19|2026-08-20|2026-08-21|2026-08-24|2026-08-25|2026-08-26|2026-08-27|2026-08-28|2026-08-31|2026-09-01|2026-09-02|2026-09-03|2026-09-04|2026-09-08|2026-09-09|2026-09-10|2026-09-11|2026-09-14|2026-09-15,2026-09-15 18:26:37,0.0
Fastenal,,2026-08-04|2026-08-05|2026-08-06|2026-08-07|2026-08-10|2026-08-11|2026-08-12|2026-08-13|2026-08-14|2026-08-17|2026-08-18|2026-08-19|2026-08-20|2026-08-21|2026-08-24|2026-08-25|2026-08-26|2026-08-27|2026-08-28|2026-08-31|2026-09-01|2026-09-02|2026-09-03|2026-09-04|2026-09-08|2026-09-09|2026-09-10|2026-09-11|2026-09-14|2026-09-15,2026-09-15 18:26:37,0.0
CMS Energy,,2026-08-04|2026-08-05|2026-08-06|2026-08-07|2026-08-10|2026-08-11|2026-08-12|2026-08-13|2026-08-14|2026-08-17|2026-08-18|2026-08-19|2026-08-20|2026-08-21|2026-08-24|2026-08-25|2026-08-26|2026-08-27|2026-08-28|2026-08-31|2026-09-01|2026-09-02|2026-09-03|2026-09-04|2026-09-08|2026-09-09|2026-09-10|2026-09-11|2026-09-14|2026-09-15,2026-09-15 18:26:37,0.0
Monster Beverage,,2026-08-04|2026-08-05|2026-08-06|2026-08-07|2026-08-10|2026-08-11|2026-08-12|2026-08-13|2026-08-14|2026-08-17|2026-08-18|2026-08-19|2026-08-20|2026-08-21|2026-08-24|2026-08-25|2026-08-26|2026-08-27|2026-08-28|2026-08-31|2026-09-01|2026-09-02|2026-09-03|2026-09-04|2026-09-08|2026-09-09|2026-09-10|2026-09-11|2026-09-14|2026-09-15,2026-09-15 18:26:37,0.0
Science Applications International,,2026-08-04|2026-08-05|2026-08-06|2026-08-07|2026-08-10|2026-08-11|2026-08-12|2026-08-13|2026-08-14|2026-08-17|2026-08-18|2026-08-19|2026-08-20|2026-08-21|2026-08-24|2026-08-25|2026-08-26|2026-08-27|2026-08-28|2026-08-31|2026-09-01|2026-09-02|2026-09-03|2026-09-04|2026-09-08|2026-09-09|2026-09-10|2026-09-11|2026-09-14|2026-09-15,2026-09-15 18:26:37,0.0
Core & Main,,2026-08-04|2026-08-05|2026-08-06|2026-08-07|2026-08-10|2026-08-11|2026-08-12|2026-08-13|2026-08-14|2026-08-17|2026-08-18|2026-08-19|2026-08-20|2026-08-21|2026-08-24|2026-08-25|2026-08-26|2026-08-27|2026-08-28|2026-08-31|2026-09-01|2026-09-02|2026-09-03|2026-09-04|2026-09-08|2026-09-09|2026-09-10|2026-09-11|2026-09-14|2026-09-15,2026-09-15 18:26:37,0.0
Howmet Aerospace,,2026-08-04|2026-08-05|2026-08-06|2026-08-07|2026-08-10|2026-08-11|2026-08-12|2026-08-13|2026-08-14|2026-08-17|2026-08-18|2026-08-19|2026-08-20|2026-08-21|2026-08-24|2026-08-25|2026-08-26|2026-08-27|2026-08-28|2026-08-31|2026-09-01|2026-09-02|2026-09-03|2026-09-04|2026-09-08|2026-09-09|2026-09-10|2026-09-11|2026-09-14|2026-09-15,2026-09-15 18:26:37,0.0
Ingredion,,2026-08-04|2026-08-05|2026-08-06|2026-08-07|2026-08-10|2026-08-11|2026-08-12|2026-08-13|2026-08-14|2026-08-17|2026-08-18|2026-08-19|2026-08-20|2026-08-21|2026-08-24|2026-08-25|2026-08-26|2026-08-27|2026-08-28|2026-08-31|2026-09-01|2026-09-02|2026-09-03|2026-09-04|2026-09-08|2026-09-09|2026-09-10|2026-09-11|2026-09-14|2026-09-15,2026-09-15 18:26:37,0.0
Vulcan Materials,,2026-08-04|2026-08-05|2026-08-06|2026-08-07|2026-08-10|2026-08-11|2026-08-12|2026-08-13|2026-08-14|2026-08-17|2026-08-18|2026-08-19|2026-08-20|2026-08-21|2026-08-24|2026-08-25|2026-08-26|2026-08-27|2026-08-28|2026-08-31|2026-09-01|2026-09-02|2026-09-03|2026-09-04|2026-09-08|2026-09-09|2026-09-10|2026-09-11|2026-09-14|2026-09-15,2026-09-15 18:26:37,0.0
Smurfit Westrock,,2026-08-04|2026-08-05|2026-08-06|2026-08-07|2026-08-10|2026-08-11|2026-08-12|2026-08-13|2026-08-14|2026-08-17|2026-08-18|2026-08-19|2026-08-20|2026-08-21|2026-08-24|2026-08-25|2026-08-26|2026-08-27|2026-08-28|2026-08-31|2026-09-01|2026-09-02|2026-09-03|2026-09-04|2026-09-08|2026-09-09|2026-09-10|2026-09-11|2026-09-14|2026-09-15,2026-09-15 18:26:37,0.0
Crown Holdings,,2026-08-04|2026-08-05|2026-08-06|2026-08-07|2026-08-10|2026-08-11|2026-08-12|2026-08-13|2026-08-14|2026-08-17|2026-08-18|2026-08-19|2026-08-20|2026-08-21|2026-08-24|2026-08-25|2026-08-26|2026-08-27|2026-08-28|2026-08-31|2026-09-01|2026-09-02|2026-09-03|2026-09-04|2026-09-08|2026-09-09|2026-09-10|2026-09-11|2026-09-14|2026-09-15,2026-09-15 18:26:37,0.0
Dana Incorporated,,2026-08-04|2026-08-05|2026-08-06|2026-08-07|2026-08-10|2026-08-11|2026-08-12|2026-08-13|2026-08-14|2026-08-17|2026-08-18|2026-08-19|2026-08-20|2026-08-21|2026-08-24|2026-08-25|2026-08-26|2026-08-27|2026-08-28|2026-08-31|2026-09-01|2026-09-02|2026-09-03|2026-09-04|2026-09-08|2026-09-09|2026-09-10|2026-09-11|2026-09-14|2026-09-15,2026-09-15 18:26:37,0.0
Albemarle Corporation,,2026-08-04|2026-08-05|2026-08-06|2026-08-07|2026-08-10|2026-08-11|2026-08-12|2026-08-13|2026-08-14|2026-08-17|2026-08-18|2026-08-19|2026-08-20|2026-08-21|2026-08-24|2026-08-25|2026-08-26|2026-08-27|2026-08-28|2026-08-31|2026-09-01|2026-09-02|2026-09-03|2026-09-04|2026-09-08|2026-09-09|2026-09-10|2026-09-11|2026-09-14|2026-09-15,2026-09-15 18:26:37,0.0
Polaris Inc,,2026-08-04|2026-08-05|2026-08-06|2026-08-07|2026-08-10|2026-08-11|2026-08-12|2026-08-13|2026-08-14|2026-08-17|2026-08-18|2026-08-19|2026-08-20|2026-08-21|2026-08-24|2026-08-25|2026-08-26|2026-08-27|2026-08-28|2026-08-31|2026-09-01|2026-09-02|2026-09-03|2026-09-04|2026-09-08|2026-09-09|2026-09-10|2026-09-11|2026-09-14|2026-09-15,2026-09-15 18:26:37,0.0
UGI Utilities Inc,,2026-08-04|2026-08-05|2026-08-06|2026-08-07|2026-08-10|2026-08-11|2026-08-12|2026-08-13|2026-08-14|2026-08-17|2026-08-18|2026-08-19|2026-08-20|2026-08-21|2026-08-24|2026-08-25|2026-08-26|2026-08-27|2026-08-28|2026-08-31|2026-09-01|2026-09-02|2026-09-03|2026-09-04|2026-09-08|2026-09-09|2026-09-10|2026-09-11|2026-09-14|2026-09-15,2026-09-15 18:26:37,0.0
Expand Energy Corporation,,2026-08-04|2026-08-05|2026-08-06|2026-08-07|2026-08-10|2026-08-11|2026-08-12|2026-08-13|2026-08-14|2026-08-17|2026-08-18|2026-08-19|2026-08-20|2026-08-21|2026-08-24|2026-08-25|2026-08-26|2026-08-27|2026-08-28|2026-08-31|2026-09-01|2026-09-02|2026-09-03|2026-09-04|2026-09-08|2026-09-09|2026-09-10|2026-09-11|2026-09-14|2026-09-15,2026-09-15 18:26:37,0.0
NGL Energy Partners,,2026-08-04|2026-08-05|2026-08-06|2026-08-07|2026-08-10|2026-08-11|2026-08-12|2026-08-13|2026-08-14|2026-08-17|2026-08-18|2026-08-19|2026-08-20|2026-08-21|2026-08-24|2026-08-25|2026-08-26|2026-08-27|2026-08-28|2026-08-31|2026-09-01|2026-09-02|2026-09-03|2026-09-04|2026-09-08|2026-09-09|2026-09-10|2026-09-11|2026-09-14|2026-09-15,2026-09-15 18:26:37,0.0
ON Semiconductor,,2026-08-04|2026-08-05|2026-08-06|2026-08-07|2026-08-10|2026-08-11|2026-08-12|2026-08-13|2026-08-14|2026-08-17|2026-08-18|2026-08-19|2026-08-20|2026-08-21|2026-08-24|2026-08-25|2026-08-26|2026-08-27|2026-08-28|2026-08-31|2026-09-01|2026-09-02|2026-09-03|2026-09-04|2026-09-08|2026-09-09|2026-09-10|2026-09-11|2026-09-14|2026-09-15,2026-09-15 18:26:37,0.0
Flagstar Financial,,2026-08-04|2026-08-05|2026-08-06|2026-08-07|2026-08-10|2026-08-11|2026-08-12|2026-08-13|2026-08-14|2026-08-17|2026-08-18|2026-08-19|2026-08-20|2026-08-21|2026-08-24|2026-08-25|2026-08-26|2026-08-27|2026-08-28|2026-08-31|2026-09-01|2026-09-02|2026-09-03|2026-09-04|2026-09-08|2026-09-09|2026-09-10|2026-09-11|2026-09-14|2026-09-15,2026-09-15 18:26:37,0.0
Weyerhaeuser,,2026-08-04|2026-08-05|2026-08-06|2026-08-07|2026-08-10|2026-08-11|2026-08-12|2026-08-13|2026-08-14|2026-08-17|2026-08-18|2026-08-19|2026-08-20|2026-08-21|2026-08-24|2026-08-25|2026-08-26|2026-08-27|2026-08-28|2026-08-31|2026-09-01|2026-09-02|2026-09-03|2026-09-04|2026-09-08|2026-09-09|2026-09-10|2026-09-11|2026-09-14|2026-09-15,2026-09-15 18:26:37,0.0
Genworth Financial,,2026-08-04|2026-08-05|2026-08-06|2026-08-07|2026-08-10|2026-08-11|2026-08-12|2026-08-13|2026-08-14|2026-08-17|2026-08-18|2026-08-19|2026-08-20|2026-08-21|2026-08-24|2026-08-25|2026-08-26|2026-08-27|2026-08-28|2026-08-31|2026-09-01|2026-09-02|2026-09-03|2026-09-04|2026-09-08|2026-09-09|2026-09-10|2026-09-11|2026-09-14|2026-09-15,2026-09-15 18:26:37,0.0
Bath & Body Works,,2026-08-04|2026-08-05|2026-08-06|2026-08-07|2026-08-10|2026-08-11|2026-08-12|2026-08-13|2026-08-14|2026-08-17|2026-08-18|2026-08-19|2026-08-20|2026-08-21|2026-08-24|2026-08-25|2026-08-26|2026-08-27|2026-08-28|2026-08-31|2026-09-01|2026-09-02|2026-09-03|2026-09-04|2026-09-08|2026-09-09|2026-09-10|2026-09-11|2026-09-14|2026-09-15,2026-09-15 18:26:37,0.0
Clorox,,2026-08-04|2026-08-05|2026-08-06|2026-08-07|2026-08-10|2026-08-11|2026-08-12|2026-08-13|2026-08-14|2026-08-17|2026-08-18|2026-08-19|2026-08-20|2026-08-21|2026-08-24|2026-08-25|2026-08-26|2026-08-27|2026-08-28|2026-08-31|2026-09-01|2026-09-02|2026-09-03|2026-09-04|2026-09-08|2026-09-09|2026-09-10|2026-09-11|2026-09-14|2026-09-15,2026-09-15 18:26:37,0.0
RPM International,,2026-08-04|2026-08-05|2026-08-06|2026-08-07|2026-08-10|2026-08-11|2026-08-12|2026-08-13|2026-08-14|2026-08-17|2026-08-18|2026-08-19|2026-08-20|2026-08-21|2026-08-24|2026-08-25|2026-08-26|2026-08-27|2026-08-28|2026-08-31|2026-09-01|2026-09-02|2026-09-03|2026-09-04|2026-09-08|2026-09-09|2026-09-10|2026-09-11|2026-09-14|2026-09-15,2026-09-15 18:26:37,0.0
UFP Industries,,2026-08-04|2026-08-05|2026-08-06|2026-08-07|2026-08-10|2026-08-11|2026-08-12|2026-08-13|2026-08-14|2026-08-17|2026-08-18|2026-08-19|2026-08-20|2026-08-21|2026-08-24|2026-08-25|2026-08-26|2026-08-27|2026-08-28|2026-08-31|2026-09-01|2026-09-02|2026-09-03|2026-09-04|2026-09-08|2026-09-09|2026-09-10|2026-09-11|2026-09-14|2026-09-15,2026-09-15 18:26:37,0.0
Ameren,,2026-08-04|2026-08-05|2026-08-06|2026-08-07|2026-08-10|2026-08-11|2026-08-12|2026-08-13|2026-08-14|2026-08-17|2026-08-18|2026-08-19|2026-08-20|2026-08-21|2026-08-24|2026-08-25|2026-08-26|2026-08-27|2026-08-28|2026-08-31|2026-09-01|2026-09-02|2026-09-03|2026-09-04|2026-09-08|2026-09-09|2026-09-10|2026-09-11|2026-09-14|2026-09-15,2026-09-15 18:26:37,0.0
Knight Swift Transportation,,2026-08-04|2026-08-05|2026-08-06|2026-08-07|2026-08-10|2026-08-11|2026-08-12|2026-08-13|2026-08-14|2026-08-17|2026-08-18|2026-08-19|2026-08-20|2026-08-21|2026-08-24|2026-08-25|2026-08-26|2026-08-27|2026-08-28|2026-08-31|2026-09-01|2026-09-02|2026-09-03|2026-09-04|2026-09-08|2026-09-09|2026-09-10|2026-09-11|2026-09-14|2026-09-15,2026-09-15 18:26:37,0.0
Super Micro Computer,,2026-08-04|2026-08-05|2026-08-06|2026-08-07|2026-08-10|2026-08-11|2026-08-12|2026-08-13|2026-08-14|2026-08-17|2026-08-18|2026-08-19|2026-08-20|2026-08-21|2026-08-24|2026-08-25|2026-08-26|2026-08-27|2026-08-28|2026-08-31|2026-09-01|2026-09-02|2026-09-03|2026-09-04|2026-09-08|2026-09-09|2026-09-10|2026-09-11|2026-09-14|2026-09-15,2026-09-15 18:26:37,0.0
O-I Glass,,2026-08-04|2026-08-05|2026-08-06|2026-08-07|2026-08-10|2026-08-11|2026-08-12|2026-08-13|2026-08-14|2026-08-17|2026-08-18|2026-08-19|2026-08-20|2026-08-21|2026-08-24|2026-08-25|2026-08-26|2026-08-27|2026-08-28|2026-08-31|2026-09-01|2026-09-02|2026-09-03|2026-09-04|2026-09-08|2026-09-09|2026-09-10|2026-09-11|2026-09-14|2026-09-15,2026-09-15 18:26:37,0.0
Crown Castle,,2026-08-04|2026-08-05|2026-08-06|2026-08-07|2026-08-10|2026-08-11|2026-08-12|2026-08-13|2026-08-14|2026-08-17|2026-08-18|2026-08-19|2026-08-20|2026-08-21|2026-08-24|2026-08-25|2026-08-26|2026-08-27|2026-08-28|2026-08-31|2026-09-01|2026-09-02|2026-09-03|2026-09-04|2026-09-08|2026-09-09|2026-09-10|2026-09-11|2026-09-14|2026-09-15,2026-09-15 18:26:37,0.0
Avantor,,2026-08-04|2026-08-05|2026-08-06|2026-08-07|2026-08-10|2026-08-11|2026-08-12|2026-08-13|2026-08-14|2026-08-17|2026-08-18|2026-08-19|2026-08-20|2026-08-21|2026-08-24|2026-08-25|2026-08-26|2026-08-27|2026-08-28|2026-08-31|2026-09-01|2026-09-02|2026-09-03|2026-09-04|2026-09-08|2026-09-09|2026-09-10|2026-09-11|2026-09-14|2026-09-15,2026-09-15 18:26:37,0.0
Opendoor Technologies,,2026-08-04|2026-08-05|2026-08-06|2026-08-07|2026-08-10|2026-08-11|2026-08-12|2026-08-13|2026-08-14|2026-08-17|2026-08-18|2026-08-19|2026-08-20|2026-08-21|2026-08-24|2026-08-25|2026-08-26|2026-08-27|2026-08-28|2026-08-31|2026-09-01|2026-09-02|2026-09-03|2026-09-04|2026-09-08|2026-09-09|2026-09-10|2026-09-11|2026-09-14|2026-09-15,2026-09-15 18:26:37,0.0
APi Group,,2026-08-04|2026-08-05|2026-08-06|2026-08-07|2026-08-10|2026-08-11|2026-08-12|2026-08-13|2026-08-14|2026-08-17|2026-08-18|2026-08-19|2026-08-20|2026-08-21|2026-08-24|2026-08-25|2026-08-26|2026-08-27|2026-08-28|2026-08-31|2026-09-01|2026-09-02|2026-09-03|2026-09-04|2026-09-08|2026-09-09|2026-09-10|2026-09-11|2026-09-14|2026-09-15,2026-09-15 18:26:37,0.0
EQT,,2026-08-04|2026-08-05|2026-08-06|2026-08-07|2026-08-10|2026-08-11|2026-08-12|2026-08-13|2026-08-14|2026-08-17|2026-08-18|2026-08-19|2026-08-20|2026-08-21|2026-08-24|2026-08-25|2026-08-26|2026-08-27|2026-08-28|2026-08-31|2026-09-01|2026-09-02|2026-09-03|2026-09-04|2026-09-08|2026-09-09|2026-09-10|2026-09-11|2026-09-14|2026-09-15,2026-09-15 18:26:37,0.0
Xerox,,2026-08-04|2026-08-05|2026-08-06|2026-08-07|2026-08-10|2026-08-11|2026-08-12|2026-08-13|2026-08-14|2026-08-17|2026-08-18|2026-08-19|2026-08-20|2026-08-21|2026-08-24|2026-08-25|2026-08-26|2026-08-27|2026-08-28|2026-08-31|2026-09-01|2026-09-02|2026-09-03|2026-09-04|2026-09-08|2026-09-09|2026-09-10|2026-09-11|2026-09-14|2026-09-15,2026-09-15 18:26:37,0.0
Ingersoll Rand,,2026-08-04|2026-08-05|2026-08-06|2026-08-07|2026-08-10|2026-08-11|2026-08-12|2026-08-13|2026-08-14|2026-08-17|2026-08-18|2026-08-19|2026-08-20|2026-08-21|2026-08-24|2026-08-25|2026-08-26|2026-08-27|2026-08-28|2026-08-31|2026-09-01|2026-09-02|2026-09-03|2026-09-04|2026-09-08|2026-09-09|2026-09-10|2026-09-11|2026-09-14|2026-09-15,2026-09-15 18:26:37,0.0
Dillards,,2026-08-04|2026-08-05|2026-08-06|2026-08-07|2026-08-10|2026-08-11|2026-08-12|2026-08-13|2026-08-14|2026-08-17|2026-08-18|2026-08-19|2026-08-20|2026-08-21|2026-08-24|2026-08-25|2026-08-26|2026-08-27|2026-08-28|2026-08-31|2026-09-01|2026-09-02|2026-09-03|2026-09-04|2026-09-08|2026-09-09|2026-09-10|2026-09-11|2026-09-14|2026-09-15,2026-09-15 18:26:37,0.0
Martin Marietta Materials,,2026-08-04|2026-08-05|2026-08-06|2026-08-07|2026-08-10|2026-08-11|2026-08-12|2026-08-13|2026-08-14|2026-08-17|2026-08-18|2026-08-19|2026-08-20|2026-08-21|2026-08-24|2026-08-25|2026-08-26|2026-08-27|2026-08-28|2026-08-31|2026-09-01|2026-09-02|2026-09-03|2026-09-04|2026-09-08|2026-09-09|2026-09-10|2026-09-11|2026-09-14|2026-09-15,2026-09-15 18:26:37,0.0
Moderna,,2026-08-04|2026-08-05|2026-08-06|2026-08-07|2026-08-10|2026-08-11|2026-08-12|2026-08-13|2026-08-14|2026-08-17|2026-08-18|2026-08-19|2026-08-20|2026-08-21|2026-08-24|2026-08-25|2026-08-26|2026-08-27|2026-08-28|2026-08-31|2026-09-01|2026-09-02|2026-09-03|2026-09-04|2026-09-08|2026-09-09|2026-09-10|2026-09-11|2026-09-14|2026-09-15,2026-09-15 18:26:37,0.0
Boise Cascade,,2026-08-04|2026-08-05|2026-08-06|2026-08-07|2026-08-10|2026-08-11|2026-08-12|2026-08-13|2026-08-14|2026-08-17|2026-08-18|2026-08-19|2026-08-20|2026-08-21|2026-08-24|2026-08-25|2026-08-26|2026-08-27|2026-08-28|2026-08-31|2026-09-01|2026-09-02|2026-09-03|2026-09-04|2026-09-08|2026-09-09|2026-09-10|2026-09-11|2026-09-14|2026-09-15,2026-09-15 18:26:37,0.0
Agilent Technologies,,2026-08-04|2026-08-05|2026-08-06|2026-08-07|2026-08-10|2026-08-11|2026-08-12|2026-08-13|2026-08-14|2026-08-17|2026-08-18|2026-08-19|2026-08-20|2026-08-21|2026-08-24|2026-08-25|2026-08-26|2026-08-27|2026-08-28|2026-08-31|2026-09-01|2026-09-02|2026-09-03|2026-09-04|2026-09-08|2026-09-09|2026-09-10|2026-09-11|2026-09-14|2026-09-15,2026-09-15 18:26:37,0.0
Olin Corporation,,2026-08-04|2026-08-05|2026-08-06|2026-08-07|2026-08-10|2026-08-11|2026-08-12|2026-08-13|2026-08-14|2026-08-17|2026-08-18|2026-08-19|2026-08-20|2026-08-21|2026-08-24|2026-08-25|2026-08-26|2026-08-27|2026-08-28|2026-08-31|2026-09-01|2026-09-02|2026-09-03|2026-09-04|2026-09-08|2026-09-09|2026-09-10|2026-09-11|2026-09-14|2026-09-15,2026-09-15 18:26:37,0.0
Darling Ingredients,,2026-08-04|2026-08-05|2026-08-06|2026-08-07|2026-08-10|2026-08-11|2026-08-12|2026-08-13|2026-08-14|2026-08-17|2026-08-18|2026-08-19|2026-08-20|2026-08-21|2026-08-24|2026-08-25|2026-08-26|2026-08-27|2026-08-28|2026-08-31|2026-09-01|2026-09-02|2026-09-03|2026-09-04|2026-09-08|2026-09-09|2026-09-10|2026-09-11|2026-09-14|2026-09-15,2026-09-15 18:26:37,0.0
Sonoco Products,,2026-08-04|2026-08-05|2026-08-06|2026-08-07|2026-08-10|2026-08-11|2026-08-12|2026-08-13|2026-08-14|2026-08-17|2026-08-18|2026-08-19|2026-08-20|2026-08-21|2026-08-24|2026-08-25|2026-08-26|2026-08-27|2026-08-28|2026-08-31|2026-09-01|2026-09-02|2026-09-03|2026-09-04|2026-09-08|2026-09-09|2026-09-10|2026-09-11|2026-09-14|2026-09-15,2026-09-15 18:26:37,0.0
Hyatt Hotels,,2026-08-04|2026-08-05|2026-08-06|2026-08-07|2026-08-10|2026-08-11|2026-08-12|2026-08-13|2026-08-14|2026-08-17|2026-08-18|2026-08-19|2026-08-20|2026-08-21|2026-08-24|2026-08-25|2026-08-26|2026-08-27|2026-08-28|2026-08-31|2026-09-01|2026-09-02|2026-09-03|2026-09-04|2026-09-08|2026-09-09|2026-09-10|2026-09-11|2026-09-14|2026-09-15,2026-09-15 18:26:37,0.0
McCormick & Company,,2026-08-04|2026-08-05|2026-08-06|2026-08-07|2026-08-10|2026-08-11|2026-08-12|2026-08-13|2026-08-14|2026-08-17|2026-08-18|2026-08-19|2026-08-20|2026-08-21|2026-08-24|2026-08-25|2026-08-26|2026-08-27|2026-08-28|2026-08-31|2026-09-01|2026-09-02|2026-09-03|2026-09-04|2026-09-08|2026-09-09|2026-09-10|2026-09-11|2026-09-14|2026-09-15,2026-09-15 18:26:37,0.0
Tapestry,,2026-08-04|2026-08-05|2026-08-06|2026-08-07|2026-08-10|2026-08-11|2026-08-12|2026-08-13|2026-08-14|2026-08-17|2026-08-18|2026-08-19|2026-08-20|2026-08-21|2026-08-24|2026-08-25|2026-08-26|2026-08-27|2026-08-28|2026-08-31|2026-09-01|2026-09-02|2026-09-03|2026-09-04|2026-09-08|2026-09-09|2026-09-10|2026-09-11|2026-09-14|2026-09-15,2026-09-15 18:26:37,0.0
CF Industries,,2026-08-04|2026-08-05|2026-08-06|2026-08-07|2026-08-10|2026-08-11|2026-08-12|2026-08-13|2026-08-14|2026-08-17|2026-08-18|2026-08-19|2026-08-20|2026-08-21|2026-08-24|2026-08-25|2026-08-26|2026-08-27|2026-08-28|2026-08-31|2026-09-01|2026-09-02|2026-09-03|2026-09-04|2026-09-08|2026-09-09|2026-09-10|2026-09-11|2026-09-14|2026-09-15,2026-09-15 18:26:37,0.0
Ametek,,2026-08-04|2026-08-05|2026-08-06|2026-08-07|2026-08-10|2026-08-11|2026-08-12|2026-08-13|2026-08-14|2026-08-17|2026-08-18|2026-08-19|2026-08-20|2026-08-21|2026-08-24|2026-08-25|2026-08-26|2026-08-27|2026-08-28|2026-08-31|2026-09-01|2026-09-02|2026-09-03|2026-09-04|2026-09-08|2026-09-09|2026-09-10|2026-09-11|2026-09-14|2026-09-15,2026-09-15 18:26:37,0.0
Wynn Resorts,,2026-08-04|2026-08-05|2026-08-06|2026-08-07|2026-08-10|2026-08-11|2026-08-12|2026-08-13|2026-08-14|2026-08-17|2026-08-18|2026-08-19|2026-08-20|2026-08-21|2026-08-24|2026-08-25|2026-08-26|2026-08-27|2026-08-28|2026-08-31|2026-09-01|2026-09-02|2026-09-03|2026-09-04|2026-09-08|2026-09-09|2026-09-10|2026-09-11|2026-09-14|2026-09-15,2026-09-15 18:26:37,0.0
Amkor Technology,,2026-08-04|2026-08-05|2026-08-06|2026-08-07|2026-08-10|2026-08-11|2026-08-12|2026-08-13|2026-08-14|2026-08-17|2026-08-18|2026-08-19|2026-08-20|2026-08-21|2026-08-24|2026-08-25|2026-08-26|2026-08-27|2026-08-28|2026-08-31|2026-09-01|2026-09-02|2026-09-03|2026-09-04|2026-09-08|2026-09-09|2026-09-10|2026-09-11|2026-09-14|2026-09-15,2026-09-15 18:26:37,0.0
Insperity,,2026-08-04|2026-08-05|2026-08-06|2026-08-07|2026-08-10|2026-08-11|2026-08-12|2026-08-13|2026-08-14|2026-08-17|2026-08-18|2026-08-19|2026-08-20|2026-08-21|2026-08-24|2026-08-25|2026-08-26|2026-08-27|2026-08-28|2026-08-31|2026-09-01|2026-09-02|2026-09-03|2026-09-04|2026-09-08|2026-09-09|2026-09-10|2026-09-11|2026-09-14|2026-09-15,2026-09-15 18:26:37,0.0
T Rowe Price,,2026-08-04|2026-08-05|2026-08-06|2026-08-07|2026-08-10|2026-08-11|2026-08-12|2026-08-13|2026-08-14|2026-08-17|2026-08-18|2026-08-19|2026-08-20|2026-08-21|2026-08-24|2026-08-25|2026-08-26|2026-08-27|2026-08-28|2026-08-31|2026-09-01|2026-09-02|2026-09-03|2026-09-04|2026-09-08|2026-09-09|2026-09-10|2026-09-11|2026-09-14|2026-09-15,2026-09-15 18:26:37,0.0
Ralph Lauren,,2026-08-04|2026-08-05|2026-08-06|2026-08-07|2026-08-10|2026-08-11|2026-08-12|2026-08-13|2026-08-14|2026-08-17|2026-08-18|2026-08-19|2026-08-20|2026-08-21|2026-08-24|2026-08-25|2026-08-26|2026-08-27|2026-08-28|2026-08-31|2026-09-01|2026-09-02|2026-09-03|2026-09-04|2026-09-08|2026-09-09|2026-09-10|2026-09-11|2026-09-14|2026-09-15,2026-09-15 18:26:37,0.0
KB Home,,2026-08-04|2026-08-05|2026-08-06|2026-08-07|2026-08-10|2026-08-11|2026-08-12|2026-08-13|2026-08-14|2026-08-17|2026-08-18|2026-08-19|2026-08-20|2026-08-21|2026-08-24|2026-08-25|2026-08-26|2026-08-27|2026-08-28|2026-08-31|2026-09-01|2026-09-02|2026-09-03|2026-09-04|2026-09-08|2026-09-09|2026-09-10|2026-09-11|2026-09-14|2026-09-15,2026-09-15 18:26:37,0.0
Brunswick Corporation,,2026-08-04|2026-08-05|2026-08-06|2026-08-07|2026-08-10|2026-08-11|2026-08-12|2026-08-13|2026-08-14|2026-08-17|2026-08-18|2026-08-19|2026-08-20|2026-08-21|2026-08-24|2026-08-25|2026-08-26|2026-08-27|2026-08-28|2026-08-31|2026-09-01|2026-09-02|2026-09-03|2026-09-04|2026-09-08|2026-09-09|2026-09-10|2026-09-11|2026-09-14|2026-09-15,2026-09-15 18:26:37,0.0
Robert Half,,2026-08-04|2026-08-05|2026-08-06|2026-08-07|2026-08-10|2026-08-11|2026-08-12|2026-08-13|2026-08-14|2026-08-17|2026-08-18|2026-08-19|2026-08-20|2026-08-21|2026-08-24|2026-08-25|2026-08-26|2026-08-27|2026-08-28|2026-08-31|2026-09-01|2026-09-02|2026-09-03|2026-09-04|2026-09-08|2026-09-09|2026-09-10|2026-09-11|2026-09-14|2026-09-15,2026-09-15 18:26:37,0.0
PENN Entertainment,,2026-08-04|2026-08-05|2026-08-06|2026-08-07|2026-08-10|2026-08-11|2026-08-12|2026-08-13|2026-08-14|2026-08-17|2026-08-18|2026-08-19|2026-08-20|2026-08-21|2026-08-24|2026-08-25|2026-08-26|2026-08-27|2026-08-28|2026-08-31|2026-09-01|2026-09-02|2026-09-03|2026-09-04|2026-09-08|2026-09-09|2026-09-10|2026-09-11|2026-09-14|2026-09-15,2026-09-15 18:26:37,0.0
NetApp,,2026-08-04|2026-08-05|2026-08-06|2026-08-07|2026-08-10|2026-08-11|2026-08-12|2026-08-13|2026-08-14|2026-08-17|2026-08-18|2026-08-19|2026-08-20|2026-08-21|2026-08-24|2026-08-25|2026-08-26|2026-08-27|2026-08-28|2026-08-31|2026-09-01|2026-09-02|2026-09-03|2026-09-04|2026-09-08|2026-09-09|2026-09-10|2026-09-11|2026-09-14|2026-09-15,2026-09-15 18:26:37,0.0
Organon,,2026-08-04|2026-08-05|2026-08-06|2026-08-07|2026-08-10|2026-08-11|2026-08-12|2026-08-13|2026-08-14|2026-08-17|2026-08-18|2026-08-19|2026-08-20|2026-08-21|2026-08-24|2026-08-25|2026-08-26|2026-08-27|2026-08-28|2026-08-31|2026-09-01|2026-09-02|2026-09-03|2026-09-04|2026-09-08|2026-09-09|2026-09-10|2026-09-11|2026-09-14|2026-09-15,2026-09-15 18:26:37,0.0
Petco Health and Wellness,,2026-08-04|2026-08-05|2026-08-06|2026-08-07|2026-08-10|2026-08-11|2026-08-12|2026-08-13|2026-08-14|2026-08-17|2026-08-18|2026-08-19|2026-08-20|2026-08-21|2026-08-24|2026-08-25|2026-08-26|2026-08-27|2026-08-28|2026-08-31|2026-09-01|2026-09-02|2026-09-03|2026-09-04|2026-09-08|2026-09-09|2026-09-10|2026-09-11|2026-09-14|2026-09-15,2026-09-15 18:26:37,0.0
Regal Rexnord,,2026-08-04|2026-08-05|2026-08-06|2026-08-07|2026-08-10|2026-08-11|2026-08-12|2026-08-13|2026-08-14|2026-08-17|2026-08-18|2026-08-19|2026-08-20|2026-08-21|2026-08-24|2026-08-25|2026-08-26|2026-08-27|2026-08-28|2026-08-31|2026-09-01|2026-09-02|2026-09-03|2026-09-04|2026-09-08|2026-09-09|2026-09-10|2026-09-11|2026-09-14|2026-09-15,2026-09-15 18:26:37,0.0
Resideo Technologies,,2026-08-04|2026-08-05|2026-08-06|2026-08-07|2026-08-10|2026-08-11|2026-08-12|2026-08-13|2026-08-14|2026-08-17|2026-08-18|2026-08-19|2026-08-20|2026-08-21|2026-08-24|2026-08-25|2026-08-26|2026-08-27|2026-08-28|2026-08-31|2026-09-01|2026-09-02|2026-09-03|2026-09-04|2026-09-08|2026-09-09|2026-09-10|2026-09-11|2026-09-14|2026-09-15,2026-09-15 18:26:37,0.0
Camping World,,2026-08-04|2026-08-05|2026-08-06|2026-08-07|2026-08-10|2026-08-11|2026-08-12|2026-08-13|2026-08-14|2026-08-17|2026-08-18|2026-08-19|2026-08-20|2026-08-21|2026-08-24|2026-08-25|2026-08-26|2026-08-27|2026-08-28|2026-08-31|2026-09-01|2026-09-02|2026-09-03|2026-09-04|2026-09-08|2026-09-09|2026-09-10|2026-09-11|2026-09-14|2026-09-15,2026-09-15 18:26:37,0.0
Huntsman Corporation,,2026-08-04|2026-08-05|2026-08-06|2026-08-07|2026-08-10|2026-08-11|2026-08-12|2026-08-13|2026-08-14|2026-08-17|2026-08-18|2026-08-19|2026-08-20|2026-08-21|2026-08-24|2026-08-25|2026-08-26|2026-08-27|2026-08-28|2026-08-31|2026-09-01|2026-09-02|2026-09-03|2026-09-04|2026-09-08|2026-09-09|2026-09-10|2026-09-11|2026-09-14|2026-09-15,2026-09-15 18:26:37,0.0
Levi Strauss,,2026-08-04|2026-08-05|2026-08-06|2026-08-07|2026-08-10|2026-08-11|2026-08-12|2026-08-13|2026-08-14|2026-08-17|2026-08-18|2026-08-19|2026-08-20|2026-08-21|2026-08-24|2026-08-25|2026-08-26|2026-08-27|2026-08-28|2026-08-31|2026-09-01|2026-09-02|2026-09-03|2026-09-04|2026-09-08|2026-09-09|2026-09-10|2026-09-11|2026-09-14|2026-09-15,2026-09-15 18:26:37,0.0
Roper Technologies,,2026-08-04|2026-08-05|2026-08-06|2026-08-07|2026-08-10|2026-08-11|2026-08-12|2026-08-13|2026-08-14|2026-08-17|2026-08-18|2026-08-19|2026-08-20|2026-08-21|2026-08-24|2026-08-25|2026-08-26|2026-08-27|2026-08-28|2026-08-31|2026-09-01|2026-09-02|2026-09-03|2026-09-04|2026-09-08|2026-09-09|2026-09-10|2026-09-11|2026-09-14|2026-09-15,2026-09-15 18:26:37,0.0
Academy Sports and Outdoors,,2026-08-04|2026-08-05|2026-08-06|2026-08-07|2026-08-10|2026-08-11|2026-08-12|2026-08-13|2026-08-14|2026-08-17|2026-08-18|2026-08-19|2026-08-20|2026-08-21|2026-08-24|2026-08-25|2026-08-26|2026-08-27|2026-08-28|2026-08-31|2026-09-01|2026-09-02|2026-09-03|2026-09-04|2026-09-08|2026-09-09|2026-09-10|2026-09-11|2026-09-14|2026-09-15,2026-09-15 18:26:37,0.0
Meritage Homes,,2026-08-04|2026-08-05|2026-08-06|2026-08-07|2026-08-10|2026-08-11|2026-08-12|2026-08-13|2026-08-14|2026-08-17|2026-08-18|2026-08-19|2026-08-20|2026-08-21|2026-08-24|2026-08-25|2026-08-26|2026-08-27|2026-08-28|2026-08-31|2026-09-01|2026-09-02|2026-09-03|2026-09-04|2026-09-08|2026-09-09|2026-09-10|2026-09-11|2026-09-14|2026-09-15,2026-09-15 18:26:37,0.0
Fortive,,2026-08-04|2026-08-05|2026-08-06|2026-08-07|2026-08-10|2026-08-11|2026-08-12|2026-08-13|2026-08-14|2026-08-17|2026-08-18|2026-08-19|2026-08-20|2026-08-21|2026-08-24|2026-08-25|2026-08-26|2026-08-27|2026-08-28|2026-08-31|2026-09-01|2026-09-02|2026-09-03|2026-09-04|2026-09-08|2026-09-09|2026-09-10|2026-09-11|2026-09-14|2026-09-15,2026-09-15 18:26:37,0.0
Nasdaq Inc,,2026-08-04|2026-08-05|2026-08-06|2026-08-07|2026-08-10|2026-08-11|2026-08-12|2026-08-13|2026-08-14|2026-08-17|2026-08-18|2026-08-19|2026-08-20|2026-08-21|2026-08-24|2026-08-25|2026-08-26|2026-08-27|2026-08-28|2026-08-31|2026-09-01|2026-09-02|2026-09-03|2026-09-04|2026-09-08|2026-09-09|2026-09-10|2026-09-11|2026-09-14|2026-09-15,2026-09-15 18:26:37,0.0
Broadridge Financial Solutions,,2026-08-04|2026-08-05|2026-08-06|2026-08-07|2026-08-10|2026-08-11|2026-08-12|2026-08-13|2026-08-14|2026-08-17|2026-08-18|2026-08-19|2026-08-20|2026-08-21|2026-08-24|2026-08-25|2026-08-26|2026-08-27|2026-08-28|2026-08-31|2026-09-01|2026-09-02|2026-09-03|2026-09-04|2026-09-08|2026-09-09|2026-09-10|2026-09-11|2026-09-14|2026-09-15,2026-09-15 18:26:37,0.0
Warner Music Group,,2026-08-04|2026-08-05|2026-08-06|2026-08-07|2026-08-10|2026-08-11|2026-08-12|2026-08-13|2026-08-14|2026-08-17|2026-08-18|2026-08-19|2026-08-20|2026-08-21|2026-08-24|2026-08-25|2026-08-26|2026-08-27|2026-08-28|2026-08-31|2026-09-01|2026-09-02|2026-09-03|2026-09-04|2026-09-08|2026-09-09|2026-09-10|2026-09-11|2026-09-14|2026-09-15,2026-09-15 18:26:37,0.0
Chemours,,2026-08-04|2026-08-05|2026-08-06|2026-08-07|2026-08-10|2026-08-11|2026-08-12|2026-08-13|2026-08-14|2026-08-17|2026-08-18|2026-08-19|2026-08-20|2026-08-21|2026-08-24|2026-08-25|2026-08-26|2026-08-27|2026-08-28|2026-08-31|2026-09-01|2026-09-02|2026-09-03|2026-09-04|2026-09-08|2026-09-09|2026-09-10|2026-09-11|2026-09-14|2026-09-15,2026-09-15 18:26:37,0.0
ADT,,2026-08-04|2026-08-05|2026-08-06|2026-08-07|2026-08-10|2026-08-11|2026-08-12|2026-08-13|2026-08-14|2026-08-17|2026-08-18|2026-08-19|2026-08-20|2026-08-21|2026-08-24|2026-08-25|2026-08-26|2026-08-27|2026-08-28|2026-08-31|2026-09-01|2026-09-02|2026-09-03|2026-09-04|2026-09-08|2026-09-09|2026-09-10|2026-09-11|2026-09-14|2026-09-15,2026-09-15 18:26:37,0.0
Edwards Lifesciences,,2026-08-04|2026-08-05|2026-08-06|2026-08-07|2026-08-10|2026-08-11|2026-08-12|2026-08-13|2026-08-14|2026-08-17|2026-08-18|2026-08-19|2026-08-20|2026-08-21|2026-08-24|2026-08-25|2026-08-26|2026-08-27|2026-08-28|2026-08-31|2026-09-01|2026-09-02|2026-09-03|2026-09-04|2026-09-08|2026-09-09|2026-09-10|2026-09-11|2026-09-14|2026-09-15,2026-09-15 18:26:37,0.0
First American Financial,,2026-08-04|2026-08-05|2026-08-06|2026-08-07|2026-08-10|2026-08-11|2026-08-12|2026-08-13|2026-08-14|2026-08-17|2026-08-18|2026-08-19|2026-08-20|2026-08-21|2026-08-24|2026-08-25|2026-08-26|2026-08-27|2026-08-28|2026-08-31|2026-09-01|2026-09-02|2026-09-03|2026-09-04|2026-09-08|2026-09-09|2026-09-10|2026-09-11|2026-09-14|2026-09-15,2026-09-15 18:26:37,0.0
Hanover Insurance Group,,2026-08-04|2026-08-05|2026-08-06|2026-08-07|2026-08-10|2026-08-11|2026-08-12|2026-08-13|2026-08-14|2026-08-17|2026-08-18|2026-08-19|2026-08-20|2026-08-21|2026-08-24|2026-08-25|2026-08-26|2026-08-27|2026-08-28|2026-08-31|2026-09-01|2026-09-02|2026-09-03|2026-09-04|2026-09-08|2026-09-09|2026-09-10|2026-09-11|2026-09-14|2026-09-15,2026-09-15 18:26:37,0.0
Silgan,,2026-08-04|2026-08-05|2026-08-06|2026-08-07|2026-08-10|2026-08-11|2026-08-12|2026-08-13|2026-08-14|2026-08-17|2026-08-18|2026-08-19|2026-08-20|2026-08-21|2026-08-24|2026-08-25|2026-08-26|2026-08-27|2026-08-28|2026-08-31|2026-09-01|2026-09-02|2026-09-03|2026-09-04|2026-09-08|2026-09-09|2026-09-10|2026-09-11|2026-09-14|2026-09-15,2026-09-15 18:26:37,0.0
Moodys Corporation,,2026-08-04|2026-08-05|2026-08-06|2026-08-07|2026-08-10|2026-08-11|2026-08-12|2026-08-13|2026-08-14|2026-08-17|2026-08-18|2026-08-19|2026-08-20|2026-08-21|2026-08-24|2026-08-25|2026-08-26|2026-08-27|2026-08-28|2026-08-31|2026-09-01|2026-09-02|2026-09-03|2026-09-04|2026-09-08|2026-09-09|2026-09-10|2026-09-11|2026-09-14|2026-09-15,2026-09-15 18:26:37,0.0
Gartner,,2026-08-04|2026-08-05|2026-08-06|2026-08-07|2026-08-10|2026-08-11|2026-08-12|2026-08-13|2026-08-14|2026-08-17|2026-08-18|2026-08-19|2026-08-20|2026-08-21|2026-08-24|2026-08-25|2026-08-26|2026-08-27|2026-08-28|2026-08-31|2026-09-01|2026-09-02|2026-09-03|2026-09-04|2026-09-08|2026-09-09|2026-09-10|2026-09-11|2026-09-14|2026-09-15,2026-09-15 18:26:37,0.0
Under Armour,,2026-08-04|2026-08-05|2026-08-06|2026-08-07|2026-08-10|2026-08-11|2026-08-12|2026-08-13|2026-08-14|2026-08-17|2026-08-18|2026-08-19|2026-08-20|2026-08-21|2026-08-24|2026-08-25|2026-08-26|2026-08-27|2026-08-28|2026-08-31|2026-09-01|2026-09-02|2026-09-03|2026-09-04|2026-09-08|2026-09-09|2026-09-10|2026-09-11|2026-09-14|2026-09-15,2026-09-15 18:26:37,0.0
Ingles Markets,,2026-08-04|2026-08-05|2026-08-06|2026-08-07|2026-08-10|2026-08-11|2026-08-12|2026-08-13|2026-08-14|2026-08-17|2026-08-18|2026-08-19|2026-08-20|2026-08-21|2026-08-24|2026-08-25|2026-08-26|2026-08-27|2026-08-28|2026-08-31|2026-09-01|2026-09-02|2026-09-03|2026-09-04|2026-09-08|2026-09-09|2026-09-10|2026-09-11|2026-09-14|2026-09-15,2026-09-15 18:26:37,0.0
Church & Dwight,,2026-08-04|2026-08-05|2026-08-06|2026-08-07|2026-08-10|2026-08-11|2026-08-12|2026-08-13|2026-08-14|2026-08-17|2026-08-18|2026-08-19|2026-08-20|2026-08-21|2026-08-24|2026-08-25|2026-08-26|2026-08-27|2026-08-28|2026-08-31|2026-09-01|2026-09-02|2026-09-03|2026-09-04|2026-09-08|2026-09-09|2026-09-10|2026-09-11|2026-09-14|2026-09-15,2026-09-15 18:26:37,0.0
Old Dominion Freight Line,,2026-08-04|2026-08-05|2026-08-06|2026-08-07|2026-08-10|2026-08-11|2026-08-12|2026-08-13|2026-08-14|2026-08-17|2026-08-18|2026-08-19|2026-08-20|2026-08-21|2026-08-24|2026-08-25|2026-08-26|2026-08-27|2026-08-28|2026-08-31|2026-09-01|2026-09-02|2026-09-03|2026-09-04|2026-09-08|2026-09-09|2026-09-10|2026-09-11|2026-09-14|2026-09-15,2026-09-15 18:26:37,0.0
U-Haul,,2026-08-04|2026-08-05|2026-08-06|2026-08-07|2026-08-10|2026-08-11|2026-08-12|2026-08-13|2026-08-14|2026-08-17|2026-08-18|2026-08-19|2026-08-20|2026-08-21|2026-08-24|2026-08-25|2026-08-26|2026-08-27|2026-08-28|2026-08-31|2026-09-01|2026-09-02|2026-09-03|2026-09-04|2026-09-08|2026-09-09|2026-09-10|2026-09-11|2026-09-14|2026-09-15,2026-09-15 18:26:37,0.0
Arista Networks,,2026-08-04|2026-08-05|2026-08-06|2026-08-07|2026-08-10|2026-08-11|2026-08-12|2026-08-13|2026-08-14|2026-08-17|2026-08-18|2026-08-19|2026-08-20|2026-08-21|2026-08-24|2026-08-25|2026-08-26|2026-08-27|2026-08-28|2026-08-31|2026-09-01|2026-09-02|2026-09-03|2026-09-04|2026-09-08|2026-09-09|2026-09-10|2026-09-11|2026-09-14|2026-09-15,2026-09-15 18:26:37,0.0
Synopsys,,2026-08-04|2026-08-05|2026-08-06|2026-08-07|2026-08-10|2026-08-11|2026-08-12|2026-08-13|2026-08-14|2026-08-17|2026-08-18|2026-08-19|2026-08-20|2026-08-21|2026-08-24|2026-08-25|2026-08-26|2026-08-27|2026-08-28|2026-08-31|2026-09-01|2026-09-02|2026-09-03|2026-09-04|2026-09-08|2026-09-09|2026-09-10|2026-09-11|2026-09-14|2026-09-15,2026-09-15 18:26:37,0.0
Harley-Davidson,,2026-08-04|2026-08-05|2026-08-06|2026-08-07|2026-08-10|2026-08-11|2026-08-12|2026-08-13|2026-08-14|2026-08-17|2026-08-18|2026-08-19|2026-08-20|2026-08-21|2026-08-24|2026-08-25|2026-08-26|2026-08-27|2026-08-28|2026-08-31|2026-09-01|2026-09-02|2026-09-03|2026-09-04|2026-09-08|2026-09-09|2026-09-10|2026-09-11|2026-09-14|2026-09-15,2026-09-15 18:26:37,0.0
Primoris Services,,2026-08-04|2026-08-05|2026-08-06|2026-08-07|2026-08-10|2026-08-11|2026-08-12|2026-08-13|2026-08-14|2026-08-17|2026-08-18|2026-08-19|2026-08-20|2026-08-21|2026-08-24|2026-08-25|2026-08-26|2026-08-27|2026-08-28|2026-08-31|2026-09-01|2026-09-02|2026-09-03|2026-09-04|2026-09-08|2026-09-09|2026-09-10|2026-09-11|2026-09-14|2026-09-15,2026-09-15 18:26:37,0.0
Carlisle Companies,,2026-08-04|2026-08-05|2026-08-06|2026-08-07|2026-08-10|2026-08-11|2026-08-12|2026-08-13|2026-08-14|2026-08-17|2026-08-18|2026-08-19|2026-08-20|2026-08-21|2026-08-24|2026-08-25|2026-08-26|2026-08-27|2026-08-28|2026-08-31|2026-09-01|2026-09-02|2026-09-03|2026-09-04|2026-09-08|2026-09-09|2026-09-10|2026-09-11|2026-09-14|2026-09-15,2026-09-15 18:26:37,0.0
Simon Property Group,,2026-08-04|2026-08-05|2026-08-06|2026-08-07|2026-08-10|2026-08-11|2026-08-12|2026-08-13|2026-08-14|2026-08-17|2026-08-18|2026-08-19|2026-08-20|2026-08-21|2026-08-24|2026-08-25|2026-08-26|2026-08-27|2026-08-28|2026-08-31|2026-09-01|2026-09-02|2026-09-03|2026-09-04|2026-09-08|2026-09-09|2026-09-10|2026-09-11|2026-09-14|2026-09-15,2026-09-15 18:26:37,0.0
Teledyne Technologies,,2026-08-04|2026-08-05|2026-08-06|2026-08-07|2026-08-10|2026-08-11|2026-08-12|2026-08-13|2026-08-14|2026-08-17|2026-08-18|2026-08-19|2026-08-20|2026-08-21|2026-08-24|2026-08-25|2026-08-26|2026-08-27|2026-08-28|2026-08-31|2026-09-01|2026-09-02|2026-09-03|2026-09-04|2026-09-08|2026-09-09|2026-09-10|2026-09-11|2026-09-14|2026-09-15,2026-09-15 18:26:37,0.0
CME Group,,2026-08-04|2026-08-05|2026-08-06|2026-08-07|2026-08-10|2026-08-11|2026-08-12|2026-08-13|2026-08-14|2026-08-17|2026-08-18|2026-08-19|2026-08-20|2026-08-21|2026-08-24|2026-08-25|2026-08-26|2026-08-27|2026-08-28|2026-08-31|2026-09-01|2026-09-02|2026-09-03|2026-09-04|2026-09-08|2026-09-09|2026-09-10|2026-09-11|2026-09-14|2026-09-15,2026-09-15 18:26:37,0.0
Coty,,2026-08-04|2026-08-05|2026-08-06|2026-08-07|2026-08-10|2026-08-11|2026-08-12|2026-08-13|2026-08-14|2026-08-17|2026-08-18|2026-08-19|2026-08-20|2026-08-21|2026-08-24|2026-08-25|2026-08-26|2026-08-27|2026-08-28|2026-08-31|2026-09-01|2026-09-02|2026-09-03|2026-09-04|2026-09-08|2026-09-09|2026-09-10|2026-09-11|2026-09-14|2026-09-15,2026-09-15 18:26:37,0.0
Pool Corporation,,2026-08-04|2026-08-05|2026-08-06|2026-08-07|2026-08-10|2026-08-11|2026-08-12|2026-08-13|2026-08-14|2026-08-17|2026-08-18|2026-08-19|2026-08-20|2026-08-21|2026-08-24|2026-08-25|2026-08-26|2026-08-27|2026-08-28|2026-08-31|2026-09-01|2026-09-02|2026-09-03|2026-09-04|2026-09-08|2026-09-09|2026-09-10|2026-09-11|2026-09-14|2026-09-15,2026-09-15 18:26:37,0.0
Evergy,,2026-08-04|2026-08-05|2026-08-06|2026-08-07|2026-08-10|2026-08-11|2026-08-12|2026-08-13|2026-08-14|2026-08-17|2026-08-18|2026-08-19|2026-08-20|2026-08-21|2026-08-24|2026-08-25|2026-08-26|2026-08-27|2026-08-28|2026-08-31|2026-09-01|2026-09-02|2026-09-03|2026-09-04|2026-09-08|2026-09-09|2026-09-10|2026-09-11|2026-09-14|2026-09-15,2026-09-15 18:26:37,0.0
Marvell Technology,,2026-08-04|2026-08-05|2026-08-06|2026-08-07|2026-08-10|2026-08-11|2026-08-12|2026-08-13|2026-08-14|2026-08-17|2026-08-18|2026-08-19|2026-08-20|2026-08-21|2026-08-24|2026-08-25|2026-08-26|2026-08-27|2026-08-28|2026-08-31|2026-09-01|2026-09-02|2026-09-03|2026-09-04|2026-09-08|2026-09-09|2026-09-10|2026-09-11|2026-09-14|2026-09-15,2026-09-15 18:26:37,0.0
NiSource,,2026-08-04|2026-08-05|2026-08-06|2026-08-07|2026-08-10|2026-08-11|2026-08-12|2026-08-13|2026-08-14|2026-08-17|2026-08-18|2026-08-19|2026-08-20|2026-08-21|2026-08-24|2026-08-25|2026-08-26|2026-08-27|2026-08-28|2026-08-31|2026-09-01|2026-09-02|2026-09-03|2026-09-04|2026-09-08|2026-09-09|2026-09-10|2026-09-11|2026-09-14|2026-09-15,2026-09-15 18:26:37,0.0
SS&C Technologies,,2026-08-04|2026-08-05|2026-08-06|2026-08-07|2026-08-10|2026-08-11|2026-08-12|2026-08-13|2026-08-14|2026-08-17|2026-08-18|2026-08-19|2026-08-20|2026-08-21|2026-08-24|2026-08-25|2026-08-26|2026-08-27|2026-08-28|2026-08-31|2026-09-01|2026-09-02|2026-09-03|2026-09-04|2026-09-08|2026-09-09|2026-09-10|2026-09-11|2026-09-14|2026-09-15,2026-09-15 18:26:37,0.0
Schneider National,,2026-08-04|2026-08-05|2026-08-06|2026-08-07|2026-08-10|2026-08-11|2026-08-12|2026-08-13|2026-08-14|2026-08-17|2026-08-18|2026-08-19|2026-08-20|2026-08-21|2026-08-24|2026-08-25|2026-08-26|2026-08-27|2026-08-28|2026-08-31|2026-09-01|2026-09-02|2026-09-03|2026-09-04|2026-09-08|2026-09-09|2026-09-10|2026-09-11|2026-09-14|2026-09-15,2026-09-15 18:26:37,0.0
Autodesk,,2026-08-04|2026-08-05|2026-08-06|2026-08-07|2026-08-10|2026-08-11|2026-08-12|2026-08-13|2026-08-14|2026-08-17|2026-08-18|2026-08-19|2026-08-20|2026-08-21|2026-08-24|2026-08-25|2026-08-26|2026-08-27|2026-08-28|2026-08-31|2026-09-01|2026-09-02|2026-09-03|2026-09-04|2026-09-08|2026-09-09|2026-09-10|2026-09-11|2026-09-14|2026-09-15,2026-09-15 18:26:37,0.0
Iron Mountain,,2026-08-04|2026-08-05|2026-08-06|2026-08-07|2026-08-10|2026-08-11|2026-08-12|2026-08-13|2026-08-14|2026-08-17|2026-08-18|2026-08-19|2026-08-20|2026-08-21|2026-08-24|2026-08-25|2026-08-26|2026-08-27|2026-08-28|2026-08-31|2026-09-01|2026-09-02|2026-09-03|2026-09-04|2026-09-08|2026-09-09|2026-09-10|2026-09-11|2026-09-14|2026-09-15,2026-09-15 18:26:37,0.0
Digital Realty Trust,,2026-08-04|2026-08-05|2026-08-06|2026-08-07|2026-08-10|2026-08-11|2026-08-12|2026-08-13|2026-08-14|2026-08-17|2026-08-18|2026-08-19|2026-08-20|2026-08-21|2026-08-24|2026-08-25|2026-08-26|2026-08-27|2026-08-28|2026-08-31|2026-09-01|2026-09-02|2026-09-03|2026-09-04|2026-09-08|2026-09-09|2026-09-10|2026-09-11|2026-09-14|2026-09-15,2026-09-15 18:26:37,0.0
Keysight Technologies,,2026-08-04|2026-08-05|2026-08-06|2026-08-07|2026-08-10|2026-08-11|2026-08-12|2026-08-13|2026-08-14|2026-08-17|2026-08-18|2026-08-19|2026-08-20|2026-08-21|2026-08-24|2026-08-25|2026-08-26|2026-08-27|2026-08-28|2026-08-31|2026-09-01|2026-09-02|2026-09-03|2026-09-04|2026-09-08|2026-09-09|2026-09-10|2026-09-11|2026-09-14|2026-09-15,2026-09-15 18:26:37,0.0
Globe Life,,2026-08-04|2026-08-05|2026-08-06|2026-08-07|2026-08-10|2026-08-11|2026-08-12|2026-08-13|2026-08-14|2026-08-17|2026-08-18|2026-08-19|2026-08-20|2026-08-21|2026-08-24|2026-08-25|2026-08-26|2026-08-27|2026-08-28|2026-08-31|2026-09-01|2026-09-02|2026-09-03|2026-09-04|2026-09-08|2026-09-09|2026-09-10|2026-09-11|2026-09-14|2026-09-15,2026-09-15 18:26:37,0.0
Parsons Corporation,,2026-08-04|2026-08-05|2026-08-06|2026-08-07|2026-08-10|2026-08-11|2026-08-12|2026-08-13|2026-08-14|2026-08-17|2026-08-18|2026-08-19|2026-08-20|2026-08-21|2026-08-24|2026-08-25|2026-08-26|2026-08-27|2026-08-28|2026-08-31|2026-09-01|2026-09-02|2026-09-03|2026-09-04|2026-09-08|2026-09-09|2026-09-10|2026-09-11|2026-09-14|2026-09-15,2026-09-15 18:26:37,0.0
Mattel,,2026-08-04|2026-08-05|2026-08-06|2026-08-07|2026-08-10|2026-08-11|2026-08-12|2026-08-13|2026-08-14|2026-08-17|2026-08-18|2026-08-19|2026-08-20|2026-08-21|2026-08-24|2026-08-25|2026-08-26|2026-08-27|2026-08-28|2026-08-31|2026-09-01|2026-09-02|2026-09-03|2026-09-04|2026-09-08|2026-09-09|2026-09-10|2026-09-11|2026-09-14|2026-09-15,2026-09-15 18:26:37,0.0
Southwest Gas Holdings,,2026-08-04|2026-08-05|2026-08-06|2026-08-07|2026-08-10|2026-08-11|2026-08-12|2026-08-13|2026-08-14|2026-08-17|2026-08-18|2026-08-19|2026-08-20|2026-08-21|2026-08-24|2026-08-25|2026-08-26|2026-08-27|2026-08-28|2026-08-31|2026-09-01|2026-09-02|2026-09-03|2026-09-04|2026-09-08|2026-09-09|2026-09-10|2026-09-11|2026-09-14|2026-09-15,2026-09-15 18:26:37,0.0
Clean Harbors,,2026-08-04|2026-08-05|2026-08-06|2026-08-07|2026-08-10|2026-08-11|2026-08-12|2026-08-13|2026-08-14|2026-08-17|2026-08-18|2026-08-19|2026-08-20|2026-08-21|2026-08-24|2026-08-25|2026-08-26|2026-08-27|2026-08-28|2026-08-31|2026-09-01|2026-09-02|2026-09-03|2026-09-04|2026-09-08|2026-09-09|2026-09-10|2026-09-11|2026-09-14|2026-09-15,2026-09-15 18:26:37,0.0
Hubbell,,2026-08-04|2026-08-05|2026-08-06|2026-08-07|2026-08-10|2026-08-11|2026-08-12|2026-08-13|2026-08-14|2026-08-17|2026-08-18|2026-08-19|2026-08-20|2026-08-21|2026-08-24|2026-08-25|2026-08-26|2026-08-27|2026-08-28|2026-08-31|2026-09-01|2026-09-02|2026-09-03|2026-09-04|2026-09-08|2026-09-09|2026-09-10|2026-09-11|2026-09-14|2026-09-15,2026-09-15 18:26:37,0.0
Lamb Weston,,2026-08-04|2026-08-05|2026-08-06|2026-08-07|2026-08-10|2026-08-11|2026-08-12|2026-08-13|2026-08-14|2026-08-17|2026-08-18|2026-08-19|2026-08-20|2026-08-21|2026-08-24|2026-08-25|2026-08-26|2026-08-27|2026-08-28|2026-08-31|2026-09-01|2026-09-02|2026-09-03|2026-09-04|2026-09-08|2026-09-09|2026-09-10|2026-09-11|2026-09-14|2026-09-15,2026-09-15 18:26:37,0.0
Take-Two Interactive Software,,2026-08-04|2026-08-05|2026-08-06|2026-08-07|2026-08-10|2026-08-11|2026-08-12|2026-08-13|2026-08-14|2026-08-17|2026-08-18|2026-08-19|2026-08-20|2026-08-21|2026-08-24|2026-08-25|2026-08-26|2026-08-27|2026-08-28|2026-08-31|2026-09-01|2026-09-02|2026-09-03|2026-09-04|2026-09-08|2026-09-09|2026-09-10|2026-09-11|2026-09-14|2026-09-15,2026-09-15 18:26:37,0.0
Landstar System,,2026-08-04|2026-08-05|2026-08-06|2026-08-07|2026-08-10|2026-08-11|2026-08-12|2026-08-13|2026-08-14|2026-08-17|2026-08-18|2026-08-19|2026-08-20|2026-08-21|2026-08-24|2026-08-25|2026-08-26|2026-08-27|2026-08-28|2026-08-31|2026-09-01|2026-09-02|2026-09-03|2026-09-04|2026-09-08|2026-09-09|2026-09-10|2026-09-11|2026-09-14|2026-09-15,2026-09-15 18:26:37,0.0
Host Hotels & Resorts,,2026-08-04|2026-08-05|2026-08-06|2026-08-07|2026-08-10|2026-08-11|2026-08-12|2026-08-13|2026-08-14|2026-08-17|2026-08-18|2026-08-19|2026-08-20|2026-08-21|2026-08-24|2026-08-25|2026-08-26|2026-08-27|2026-08-28|2026-08-31|2026-09-01|2026-09-02|2026-09-03|2026-09-04|2026-09-08|2026-09-09|2026-09-10|2026-09-11|2026-09-14|2026-09-15,2026-09-15 18:26:37,0.0
Fortinet,,2026-08-04|2026-08-05|2026-08-06|2026-08-07|2026-08-10|2026-08-11|2026-08-12|2026-08-13|2026-08-14|2026-08-17|2026-08-18|2026-08-19|2026-08-20|2026-08-21|2026-08-24|2026-08-25|2026-08-26|2026-08-27|2026-08-28|2026-08-31|2026-09-01|2026-09-02|2026-09-03|2026-09-04|2026-09-08|2026-09-09|2026-09-10|2026-09-11|2026-09-14|2026-09-15,2026-09-15 18:26:37,0.0
OneMain,,2026-08-04|2026-08-05|2026-08-06|2026-08-07|2026-08-10|2026-08-11|2026-08-12|2026-08-13|2026-08-14|2026-08-17|2026-08-18|2026-08-19|2026-08-20|2026-08-21|2026-08-24|2026-08-25|2026-08-26|2026-08-27|2026-08-28|2026-08-31|2026-09-01|2026-09-02|2026-09-03|2026-09-04|2026-09-08|2026-09-09|2026-09-10|2026-09-11|2026-09-14|2026-09-15,2026-09-15 18:26:37,0.0
GameStop,,2026-08-04|2026-08-05|2026-08-06|2026-08-07|2026-08-10|2026-08-11|2026-08-12|2026-08-13|2026-08-14|2026-08-17|2026-08-18|2026-08-19|2026-08-20|2026-08-21|2026-08-24|2026-08-25|2026-08-26|2026-08-27|2026-08-28|2026-08-31|2026-09-01|2026-09-02|2026-09-03|2026-09-04|2026-09-08|2026-09-09|2026-09-10|2026-09-11|2026-09-14|2026-09-15,2026-09-15 18:26:37,0.0
Equifax,,2026-08-04|2026-08-05|2026-08-06|2026-08-07|2026-08-10|2026-08-11|2026-08-12|2026-08-13|2026-08-14|2026-08-17|2026-08-18|2026-08-19|2026-08-20|2026-08-21|2026-08-24|2026-08-25|2026-08-26|2026-08-27|2026-08-28|2026-08-31|2026-09-01|2026-09-02|2026-09-03|2026-09-04|2026-09-08|2026-09-09|2026-09-10|2026-09-11|2026-09-14|2026-09-15,2026-09-15 18:26:37,0.0
American Eagle Outfitters,,2026-08-04|2026-08-05|2026-08-06|2026-08-07|2026-08-10|2026-08-11|2026-08-12|2026-08-13|2026-08-14|2026-08-17|2026-08-18|2026-08-19|2026-08-20|2026-08-21|2026-08-24|2026-08-25|2026-08-26|2026-08-27|2026-08-28|2026-08-31|2026-09-01|2026-09-02|2026-09-03|2026-09-04|2026-09-08|2026-09-09|2026-09-10|2026-09-11|2026-09-14|2026-09-15,2026-09-15 18:26:37,0.0
Greif,,2026-08-04|2026-08-05|2026-08-06|2026-08-07|2026-08-10|2026-08-11|2026-08-12|2026-08-13|2026-08-14|2026-08-17|2026-08-18|2026-08-19|2026-08-20|2026-08-21|2026-08-24|2026-08-25|2026-08-26|2026-08-27|2026-08-28|2026-08-31|2026-09-01|2026-09-02|2026-09-03|2026-09-04|2026-09-08|2026-09-09|2026-09-10|2026-09-11|2026-09-14|2026-09-15,2026-09-15 18:26:37,0.0
Comfort Systems USA,,2026-08-04|2026-08-05|2026-08-06|2026-08-07|2026-08-10|2026-08-11|2026-08-12|2026-08-13|2026-08-14|2026-08-17|2026-08-18|2026-08-19|2026-08-20|2026-08-21|2026-08-24|2026-08-25|2026-08-26|2026-08-27|2026-08-28|2026-08-31|2026-09-01|2026-09-02|2026-09-03|2026-09-04|2026-09-08|2026-09-09|2026-09-10|2026-09-11|2026-09-14|2026-09-15,2026-09-15 18:26:37,0.0
Bread Financial,,2026-08-04|2026-08-05|2026-08-06|2026-08-07|2026-08-10|2026-08-11|2026-08-12|2026-08-13|2026-08-14|2026-08-17|2026-08-18|2026-08-19|2026-08-20|2026-08-21|2026-08-24|2026-08-25|2026-08-26|2026-08-27|2026-08-28|2026-08-31|2026-09-01|2026-09-02|2026-09-03|2026-09-04|2026-09-08|2026-09-09|2026-09-10|2026-09-11|2026-09-14|2026-09-15,2026-09-15 18:26:37,0.0
Coherent,,2026-08-04|2026-08-05|2026-08-06|2026-08-07|2026-08-10|2026-08-11|2026-08-12|2026-08-13|2026-08-14|2026-08-17|2026-08-18|2026-08-19|2026-08-20|2026-08-21|2026-08-24|2026-08-25|2026-08-26|2026-08-27|2026-08-28|2026-08-31|2026-09-01|2026-09-02|2026-09-03|2026-09-04|2026-09-08|2026-09-09|2026-09-10|2026-09-11|2026-09-14|2026-09-15,2026-09-15 18:26:37,0.0
Telephone & Data Systems,,2026-08-04|2026-08-05|2026-08-06|2026-08-07|2026-08-10|2026-08-11|2026-08-12|2026-08-13|2026-08-14|2026-08-17|2026-08-18|2026-08-19|2026-08-20|2026-08-21|2026-08-24|2026-08-25|2026-08-26|2026-08-27|2026-08-28|2026-08-31|2026-09-01|2026-09-02|2026-09-03|2026-09-04|2026-09-08|2026-09-09|2026-09-10|2026-09-11|2026-09-14|2026-09-15,2026-09-15 18:26:37,0.0
Stifel Financial,,2026-08-04|2026-08-05|2026-08-06|2026-08-07|2026-08-10|2026-08-11|2026-08-12|2026-08-13|2026-08-14|2026-08-17|2026-08-18|2026-08-19|2026-08-20|2026-08-21|2026-08-24|2026-08-25|2026-08-26|2026-08-27|2026-08-28|2026-08-31|2026-09-01|2026-09-02|2026-09-03|2026-09-04|2026-09-08|2026-09-09|2026-09-10|2026-09-11|2026-09-14|2026-09-15,2026-09-15 18:26:37,0.0
Urban Outfitters,,2026-08-04|2026-08-05|2026-08-06|2026-08-07|2026-08-10|2026-08-11|2026-08-12|2026-08-13|2026-08-14|2026-08-17|2026-08-18|2026-08-19|2026-08-20|2026-08-21|2026-08-24|2026-08-25|2026-08-26|2026-08-27|2026-08-28|2026-08-31|2026-09-01|2026-09-02|2026-09-03|2026-09-04|2026-09-08|2026-09-09|2026-09-10|2026-09-11|2026-09-14|2026-09-15,2026-09-15 18:26:37,0.0
Terex,,2026-08-04|2026-08-05|2026-08-06|2026-08-07|2026-08-10|2026-08-11|2026-08-12|2026-08-13|2026-08-14|2026-08-17|2026-08-18|2026-08-19|2026-08-20|2026-08-21|2026-08-24|2026-08-25|2026-08-26|2026-08-27|2026-08-28|2026-08-31|2026-09-01|2026-09-02|2026-09-03|2026-09-04|2026-09-08|2026-09-09|2026-09-10|2026-09-11|2026-09-14|2026-09-15,2026-09-15 18:26:37,0.0
Snap-on,,2026-08-04|2026-08-05|2026-08-06|2026-08-07|2026-08-10|2026-08-11|2026-08-12|2026-08-13|2026-08-14|2026-08-17|2026-08-18|2026-08-19|2026-08-20|2026-08-21|2026-08-24|2026-08-25|2026-08-26|2026-08-27|2026-08-28|2026-08-31|2026-09-01|2026-09-02|2026-09-03|2026-09-04|2026-09-08|2026-09-09|2026-09-10|2026-09-11|2026-09-14|2026-09-15,2026-09-15 18:26:37,0.0
Flowers Foods,,2026-08-04|2026-08-05|2026-08-06|2026-08-07|2026-08-10|2026-08-11|2026-08-12|2026-08-13|2026-08-14|2026-08-17|2026-08-18|2026-08-19|2026-08-20|2026-08-21|2026-08-24|2026-08-25|2026-08-26|2026-08-27|2026-08-28|2026-08-31|2026-09-01|2026-09-02|2026-09-03|2026-09-04|2026-09-08|2026-09-09|2026-09-10|2026-09-11|2026-09-14|2026-09-15,2026-09-15 18:26:37,0.0
First Horizon,,2026-08-04|2026-08-05|2026-08-06|2026-08-07|2026-08-10|2026-08-11|2026-08-12|2026-08-13|2026-08-14|2026-08-17|2026-08-18|2026-08-19|2026-08-20|2026-08-21|2026-08-24|2026-08-25|2026-08-26|2026-08-27|2026-08-28|2026-08-31|2026-09-01|2026-09-02|2026-09-03|2026-09-04|2026-09-08|2026-09-09|2026-09-10|2026-09-11|2026-09-14|2026-09-15,2026-09-15 18:26:37,0.0
Paychex,,2026-08-04|2026-08-05|2026-08-06|2026-08-07|2026-08-10|2026-08-11|2026-08-12|2026-08-13|2026-08-14|2026-08-17|2026-08-18|2026-08-19|2026-08-20|2026-08-21|2026-08-24|2026-08-25|2026-08-26|2026-08-27|2026-08-28|2026-08-31|2026-09-01|2026-09-02|2026-09-03|2026-09-04|2026-09-08|2026-09-09|2026-09-10|2026-09-11|2026-09-14|2026-09-15,2026-09-15 18:26:37,0.0
Hasbro,,2026-08-04|2026-08-05|2026-08-06|2026-08-07|2026-08-10|2026-08-11|2026-08-12|2026-08-13|2026-08-14|2026-08-17|2026-08-18|2026-08-19|2026-08-20|2026-08-21|2026-08-24|2026-08-25|2026-08-26|2026-08-27|2026-08-28|2026-08-31|2026-09-01|2026-09-02|2026-09-03|2026-09-04|2026-09-08|2026-09-09|2026-09-10|2026-09-11|2026-09-14|2026-09-15,2026-09-15 18:26:37,0.0
Ares Management,,2026-08-04|2026-08-05|2026-08-06|2026-08-07|2026-08-10|2026-08-11|2026-08-12|2026-08-13|2026-08-14|2026-08-17|2026-08-18|2026-08-19|2026-08-20|2026-08-21|2026-08-24|2026-08-25|2026-08-26|2026-08-27|2026-08-28|2026-08-31|2026-09-01|2026-09-02|2026-09-03|2026-09-04|2026-09-08|2026-09-09|2026-09-10|2026-09-11|2026-09-14|2026-09-15,2026-09-15 18:26:37,0.0
Lennox International,,2026-08-04|2026-08-05|2026-08-06|2026-08-07|2026-08-10|2026-08-11|2026-08-12|2026-08-13|2026-08-14|2026-08-17|2026-08-18|2026-08-19|2026-08-20|2026-08-21|2026-08-24|2026-08-25|2026-08-26|2026-08-27|2026-08-28|2026-08-31|2026-09-01|2026-09-02|2026-09-03|2026-09-04|2026-09-08|2026-09-09|2026-09-10|2026-09-11|2026-09-14|2026-09-15,2026-09-15 18:26:37,0.0
Peabody Energy,,2026-08-04|2026-08-05|2026-08-06|2026-08-07|2026-08-10|2026-08-11|2026-08-12|2026-08-13|2026-08-14|2026-08-17|2026-08-18|2026-08-19|2026-08-20|2026-08-21|2026-08-24|2026-08-25|2026-08-26|2026-08-27|2026-08-28|2026-08-31|2026-09-01|2026-09-02|2026-09-03|2026-09-04|2026-09-08|2026-09-09|2026-09-10|2026-09-11|2026-09-14|2026-09-15,2026-09-15 18:26:37,0.0
Kemper Corporation,,2026-08-04|2026-08-05|2026-08-06|2026-08-07|2026-08-10|2026-08-11|2026-08-12|2026-08-13|2026-08-14|2026-08-17|2026-08-18|2026-08-19|2026-08-20|2026-08-21|2026-08-24|2026-08-25|2026-08-26|2026-08-27|2026-08-28|2026-08-31|2026-09-01|2026-09-02|2026-09-03|2026-09-04|2026-09-08|2026-09-09|2026-09-10|2026-09-11|2026-09-14|2026-09-15,2026-09-15 18:26:37,0.0
Nexstar Media Group,,2026-08-04|2026-08-05|2026-08-06|2026-08-07|2026-08-10|2026-08-11|2026-08-12|2026-08-13|2026-08-14|2026-08-17|2026-08-18|2026-08-19|2026-08-20|2026-08-21|2026-08-24|2026-08-25|2026-08-26|2026-08-27|2026-08-28|2026-08-31|2026-09-01|2026-09-02|2026-09-03|2026-09-04|2026-09-08|2026-09-09|2026-09-10|2026-09-11|2026-09-14|2026-09-15,2026-09-15 18:26:37,0.0
TriNet Group,,2026-08-04|2026-08-05|2026-08-06|2026-08-07|2026-08-10|2026-08-11|2026-08-12|2026-08-13|2026-08-14|2026-08-17|2026-08-18|2026-08-19|2026-08-20|2026-08-21|2026-08-24|2026-08-25|2026-08-26|2026-08-27|2026-08-28|2026-08-31|2026-09-01|2026-09-02|2026-09-03|2026-09-04|2026-09-08|2026-09-09|2026-09-10|2026-09-11|2026-09-14|2026-09-15,2026-09-15 18:26:37,0.0
Worthington Enterprises,,2026-08-04|2026-08-05|2026-08-06|2026-08-07|2026-08-10|2026-08-11|2026-08-12|2026-08-13|2026-08-14|2026-08-17|2026-08-18|2026-08-19|2026-08-20|2026-08-21|2026-08-24|2026-08-25|2026-08-26|2026-08-27|2026-08-28|2026-08-31|2026-09-01|2026-09-02|2026-09-03|2026-09-04|2026-09-08|2026-09-09|2026-09-10|2026-09-11|2026-09-14|2026-09-15,2026-09-15 18:26:37,0.0
Maximus,,2026-08-04|2026-08-05|2026-08-06|2026-08-07|2026-08-10|2026-08-11|2026-08-12|2026-08-13|2026-08-14|2026-08-17|2026-08-18|2026-08-19|2026-08-20|2026-08-21|2026-08-24|2026-08-25|2026-08-26|2026-08-27|2026-08-28|2026-08-31|2026-09-01|2026-09-02|2026-09-03|2026-09-04|2026-09-08|2026-09-09|2026-09-10|2026-09-11|2026-09-14|2026-09-15,2026-09-15 18:26:37,0.0
Compass Group,,2026-08-04|2026-08-05|2026-08-06|2026-08-07|2026-08-10|2026-08-11|2026-08-12|2026-08-13|2026-08-14|2026-08-17|2026-08-18|2026-08-19|2026-08-20|2026-08-21|2026-08-24|2026-08-25|2026-08-26|2026-08-27|2026-08-28|2026-08-31|2026-09-01|2026-09-02|2026-09-03|2026-09-04|2026-09-08|2026-09-09|2026-09-10|2026-09-11|2026-09-14|2026-09-15,2026-09-15 18:26:37,0.0
Brinks Company,,2026-08-04|2026-08-05|2026-08-06|2026-08-07|2026-08-10|2026-08-11|2026-08-12|2026-08-13|2026-08-14|2026-08-17|2026-08-18|2026-08-19|2026-08-20|2026-08-21|2026-08-24|2026-08-25|2026-08-26|2026-08-27|2026-08-28|2026-08-31|2026-09-01|2026-09-02|2026-09-03|2026-09-04|2026-09-08|2026-09-09|2026-09-10|2026-09-11|2026-09-14|2026-09-15,2026-09-15 18:26:37,0.0
Kelly Services Inc,,2026-08-04|2026-08-05|2026-08-06|2026-08-07|2026-08-10|2026-08-11|2026-08-12|2026-08-13|2026-08-14|2026-08-17|2026-08-18|2026-08-19|2026-08-20|2026-08-21|2026-08-24|2026-08-25|2026-08-26|2026-08-27|2026-08-28|2026-08-31|2026-09-01|2026-09-02|2026-09-03|2026-09-04|2026-09-08|2026-09-09|2026-09-10|2026-09-11|2026-09-14|2026-09-15,2026-09-15 18:26:37,0.0
Navient,,2026-08-04|2026-08-05|2026-08-06|2026-08-07|2026-08-10|2026-08-11|2026-08-12|2026-08-13|2026-08-14|2026-08-17|2026-08-18|2026-08-19|2026-08-20|2026-08-21|2026-08-24|2026-08-25|2026-08-26|2026-08-27|2026-08-28|2026-08-31|2026-09-01|2026-09-02|2026-09-03|2026-09-04|2026-09-08|2026-09-09|2026-09-10|2026-09-11|2026-09-14|2026-09-15,2026-09-15 18:26:37,0.0
AMC Entertainment,,2026-08-04|2026-08-05|2026-08-06|2026-08-07|2026-08-10|2026-08-11|2026-08-12|2026-08-13|2026-08-14|2026-08-17|2026-08-18|2026-08-19|2026-08-20|2026-08-21|2026-08-24|2026-08-25|2026-08-26|2026-08-27|2026-08-28|2026-08-31|2026-09-01|2026-09-02|2026-09-03|2026-09-04|2026-09-08|2026-09-09|2026-09-10|2026-09-11|2026-09-14|2026-09-15,2026-09-15 18:26:37,0.0
Encompass Health,,2026-08-04|2026-08-05|2026-08-06|2026-08-07|2026-08-10|2026-08-11|2026-08-12|2026-08-13|2026-08-14|2026-08-17|2026-08-18|2026-08-19|2026-08-20|2026-08-21|2026-08-24|2026-08-25|2026-08-26|2026-08-27|2026-08-28|2026-08-31|2026-09-01|2026-09-02|2026-09-03|2026-09-04|2026-09-08|2026-09-09|2026-09-10|2026-09-11|2026-09-14|2026-09-15,2026-09-15 18:26:37,0.0
Skyworks Solutions,,2026-08-04|2026-08-05|2026-08-06|2026-08-07|2026-08-10|2026-08-11|2026-08-12|2026-08-13|2026-08-14|2026-08-17|2026-08-18|2026-08-19|2026-08-20|2026-08-21|2026-08-24|2026-08-25|2026-08-26|2026-08-27|2026-08-28|2026-08-31|2026-09-01|2026-09-02|2026-09-03|2026-09-04|2026-09-08|2026-09-09|2026-09-10|2026-09-11|2026-09-14|2026-09-15,2026-09-15 18:26:37,0.0
Timken,,2026-08-04|2026-08-05|2026-08-06|2026-08-07|2026-08-10|2026-08-11|2026-08-12|2026-08-13|2026-08-14|2026-08-17|2026-08-18|2026-08-19|2026-08-20|2026-08-21|2026-08-24|2026-08-25|2026-08-26|2026-08-27|2026-08-28|2026-08-31|2026-09-01|2026-09-02|2026-09-03|2026-09-04|2026-09-08|2026-09-09|2026-09-10|2026-09-11|2026-09-14|2026-09-15,2026-09-15 18:26:37,0.0
Liberty Energy,,2026-08-04|2026-08-05|2026-08-06|2026-08-07|2026-08-10|2026-08-11|2026-08-12|2026-08-13|2026-08-14|2026-08-17|2026-08-18|2026-08-19|2026-08-20|2026-08-21|2026-08-24|2026-08-25|2026-08-26|2026-08-27|2026-08-28|2026-08-31|2026-09-01|2026-09-02|2026-09-03|2026-09-04|2026-09-08|2026-09-09|2026-09-10|2026-09-11|2026-09-14|2026-09-15,2026-09-15 18:26:37,0.0
Marriott Vacations Worldwide,,2026-08-04|2026-08-05|2026-08-06|2026-08-07|2026-08-10|2026-08-11|2026-08-12|2026-08-13|2026-08-14|2026-08-17|2026-08-18|2026-08-19|2026-08-20|2026-08-21|2026-08-24|2026-08-25|2026-08-26|2026-08-27|2026-08-28|2026-08-31|2026-09-01|2026-09-02|2026-09-03|2026-09-04|2026-09-08|2026-09-09|2026-09-10|2026-09-11|2026-09-14|2026-09-15,2026-09-15 18:26:37,0.0
Leggett & Platt,,2026-07-17|2026-08-10|2026-08-24|2026-08-25|2026-08-26|2026-08-27,2026-09-15 18:26:37,0.0
Weis Markets,,2026-08-04|2026-08-05|2026-08-06|2026-08-07|2026-08-10|2026-08-11|2026-08-12|2026-08-13|2026-08-14|2026-08-17|2026-08-18|2026-08-19|2026-08-20|2026-08-21|2026-08-24|2026-08-25|2026-08-26|2026-08-27|2026-08-28|2026-08-31|2026-09-01|2026-09-02|2026-09-03|2026-09-04|2026-09-08|2026-09-09|2026-09-10|2026-09-11|2026-09-14|2026-09-15,2026-09-15 18:26:37,0.0
Pinnacle West Capital,,2026-08-04|2026-08-05|2026-08-06|2026-08-07|2026-08-10|2026-08-11|2026-08-12|2026-08-13|2026-08-14|2026-08-17|2026-08-18|2026-08-19|2026-08-20|2026-08-21|2026-08-24|2026-08-25|2026-08-26|2026-08-27|2026-08-28|2026-08-31|2026-09-01|2026-09-02|2026-09-03|2026-09-04|2026-09-08|2026-09-09|2026-09-10|2026-09-11|2026-09-14|2026-09-15,2026-09-15 18:26:37,0.0
EPAM Systems,,2026-08-04|2026-08-05|2026-08-06|2026-08-07|2026-08-10|2026-08-11|2026-08-12|2026-08-13|2026-08-14|2026-08-17|2026-08-18|2026-08-19|2026-08-20|2026-08-21|2026-08-24|2026-08-25|2026-08-26|2026-08-27|2026-08-28|2026-08-31|2026-09-01|2026-09-02|2026-09-03|2026-09-04|2026-09-08|2026-09-09|2026-09-10|2026-09-11|2026-09-14|2026-09-15,2026-09-15 18:26:37,0.0
Antero Resources,,2026-08-04|2026-08-05|2026-08-06|2026-08-07|2026-08-10|2026-08-11|2026-08-12|2026-08-13|2026-08-14|2026-08-17|2026-08-18|2026-08-19|2026-08-20|2026-08-21|2026-08-24|2026-08-25|2026-08-26|2026-08-27|2026-08-28|2026-08-31|2026-09-01|2026-09-02|2026-09-03|2026-09-04|2026-09-08|2026-09-09|2026-09-10|2026-09-11|2026-09-14|2026-09-15,2026-09-15 18:26:37,0.0
Bloomin Brands,,2026-08-04|2026-08-05|2026-08-06|2026-08-07|2026-08-10|2026-08-11|2026-08-12|2026-08-13|2026-08-14|2026-08-17|2026-08-18|2026-08-19|2026-08-20|2026-08-21|2026-08-24|2026-08-25|2026-08-26|2026-08-27|2026-08-28|2026-08-31|2026-09-01|2026-09-02|2026-09-03|2026-09-04|2026-09-08|2026-09-09|2026-09-10|2026-09-11|2026-09-14|2026-09-15,2026-09-15 18:26:37,0.0
MDU Resources Group,,2026-08-04|2026-08-05|2026-08-06|2026-08-07|2026-08-10|2026-08-11|2026-08-12|2026-08-13|2026-08-14|2026-08-17|2026-08-18|2026-08-19|2026-08-20|2026-08-21|2026-08-24|2026-08-25|2026-08-26|2026-08-27|2026-08-28|2026-08-31|2026-09-01|2026-09-02|2026-09-03|2026-09-04|2026-09-08|2026-09-09|2026-09-10|2026-09-11|2026-09-14|2026-09-15,2026-09-15 18:26:37,0.0
Texas Roadhouse,,2026-08-04|2026-08-05|2026-08-06|2026-08-07|2026-08-10|2026-08-11|2026-08-12|2026-08-13|2026-08-14|2026-08-17|2026-08-18|2026-08-19|2026-08-20|2026-08-21|2026-08-24|2026-08-25|2026-08-26|2026-08-27|2026-08-28|2026-08-31|2026-09-01|2026-09-02|2026-09-03|2026-09-04|2026-09-08|2026-09-09|2026-09-10|2026-09-11|2026-09-14|2026-09-15,2026-09-15 18:26:37,0.0
Mercury General,,2026-08-04|2026-08-05|2026-08-06|2026-08-07|2026-08-10|2026-08-11|2026-08-12|2026-08-13|2026-08-14|2026-08-17|2026-08-18|2026-08-19|2026-08-20|2026-08-21|2026-08-24|2026-08-25|2026-08-26|2026-08-27|2026-08-28|2026-08-31|2026-09-01|2026-09-02|2026-09-03|2026-09-04|2026-09-08|2026-09-09|2026-09-10|2026-09-11|2026-09-14|2026-09-15,2026-09-15 18:26:37,0.0
Fortune Brands Innovations,,2026-08-04|2026-08-05|2026-08-06|2026-08-07|2026-08-10|2026-08-11|2026-08-12|2026-08-13|2026-08-14|2026-08-17|2026-08-18|2026-08-19|2026-08-20|2026-08-21|2026-08-24|2026-08-25|2026-08-26|2026-08-27|2026-08-28|2026-08-31|2026-09-01|2026-09-02|2026-09-03|2026-09-04|2026-09-08|2026-09-09|2026-09-10|2026-09-11|2026-09-14|2026-09-15,2026-09-15 18:26:37,0.0
Zions Bancorp,,2026-08-04|2026-08-05|2026-08-06|2026-08-07|2026-08-10|2026-08-11|2026-08-12|2026-08-13|2026-08-14|2026-08-17|2026-08-18|2026-08-19|2026-08-20|2026-08-21|2026-08-24|2026-08-25|2026-08-26|2026-08-27|2026-08-28|2026-08-31|2026-09-01|2026-09-02|2026-09-03|2026-09-04|2026-09-08|2026-09-09|2026-09-10|2026-09-11|2026-09-14|2026-09-15,2026-09-15 18:26:37,0.0
JELD-WEN Holding,,2026-08-04|2026-08-05|2026-08-06|2026-08-07|2026-08-10|2026-08-11|2026-08-12|2026-08-13|2026-08-14|2026-08-17|2026-08-18|2026-08-19|2026-08-20|2026-08-21|2026-08-24|2026-08-25|2026-08-26|2026-08-27|2026-08-28|2026-08-31|2026-09-01|2026-09-02|2026-09-03|2026-09-04|2026-09-08|2026-09-09|2026-09-10|2026-09-11|2026-09-14|2026-09-15,2026-09-15 18:26:37,0.0
Snap Inc,,2026-08-04|2026-08-05|2026-08-06|2026-08-07|2026-08-10|2026-08-11|2026-08-12|2026-08-13|2026-08-14|2026-08-17|2026-08-18|2026-08-19|2026-08-20|2026-08-21|2026-08-24|2026-08-25|2026-08-26|2026-08-27|2026-08-28|2026-08-31|2026-09-01|2026-09-02|2026-09-03|2026-09-04|2026-09-08|2026-09-09|2026-09-10|2026-09-11|2026-09-14|2026-09-15,2026-09-15 18:26:37,0.0
Zebra Technologies,,2026-08-04|2026-08-05|2026-08-06|2026-08-07|2026-08-10|2026-08-11|2026-08-12|2026-08-13|2026-08-14|2026-08-17|2026-08-18|2026-08-19|2026-08-20|2026-08-21|2026-08-24|2026-08-25|2026-08-26|2026-08-27|2026-08-28|2026-08-31|2026-09-01|2026-09-02|2026-09-03|2026-09-04|2026-09-08|2026-09-09|2026-09-10|2026-09-11|2026-09-14|2026-09-15,2026-09-15 18:26:37,0.0
Agilon Health,,2026-08-04|2026-08-05|2026-08-06|2026-08-07|2026-08-10|2026-08-11|2026-08-12|2026-08-13|2026-08-14|2026-08-17|2026-08-18|2026-08-19|2026-08-20|2026-08-21|2026-08-24|2026-08-25|2026-08-26|2026-08-27|2026-08-28|2026-08-31|2026-09-01|2026-09-02|2026-09-03|2026-09-04|2026-09-08|2026-09-09|2026-09-10|2026-09-11|2026-09-14|2026-09-15,2026-09-15 18:26:37,0.0
Toro Company,,2026-08-04|2026-08-05|2026-08-06|2026-08-07|2026-08-10|2026-08-11|2026-08-12|2026-08-13|2026-08-14|2026-08-17|2026-08-18|2026-08-19|2026-08-20|2026-08-21|2026-08-24|2026-08-25|2026-08-26|2026-08-27|2026-08-28|2026-08-31|2026-09-01|2026-09-02|2026-09-03|2026-09-04|2026-09-08|2026-09-09|2026-09-10|2026-09-11|2026-09-14|2026-09-15,2026-09-15 18:26:37,0.0
Zoom Video Communications,,2026-08-04|2026-08-05|2026-08-06|2026-08-07|2026-08-10|2026-08-11|2026-08-12|2026-08-13|2026-08-14|2026-08-17|2026-08-18|2026-08-19|2026-08-20|2026-08-21|2026-08-24|2026-08-25|2026-08-26|2026-08-27|2026-08-28|2026-08-31|2026-09-01|2026-09-02|2026-09-03|2026-09-04|2026-09-08|2026-09-09|2026-09-10|2026-09-11|2026-09-14|2026-09-15,2026-09-15 18:26:37,0.0
