company,trends_history,date_history,last_updated,avg_interest
Citizens Financial Group,0|0|0|0|0|0|0|0|0|0|0|0|0|82|0|0|0|0|0|100|37|36|31|42|36|31|30|30|48|39,2026-08-11|2026-08-12|2026-08-13|2026-08-14|2026-08-17|2026-08-18|2026-08-19|2026-08-20|2026-08-21|2026-08-24|2026-08-25|2026-08-26|2026-08-27|2026-08-28|2026-08-31|2026-09-01|2026-09-02|2026-09-03|2026-09-04|2026-09-08|2026-09-09|2026-09-10|2026-09-11|2026-09-14|2026-09-15|2026-09-16|2026-09-17|2026-09-18|2026-09-21|2026-09-23,2026-09-23 18:31:03,18.1
MasTec,91|82|80|59|55|100|70|85|86|74|76|61|75|64|67|75|69|79|77|46|69|65|57|65|76|74|84|61|65|59,2026-08-11|2026-08-12|2026-08-13|2026-08-14|2026-08-17|2026-08-18|2026-08-19|2026-08-20|2026-08-21|2026-08-24|2026-08-25|2026-08-26|2026-08-27|2026-08-28|2026-08-31|2026-09-01|2026-09-02|2026-09-03|2026-09-04|2026-09-08|2026-09-09|2026-09-10|2026-09-11|2026-09-14|2026-09-15|2026-09-16|2026-09-17|2026-09-18|2026-09-21|2026-09-23,2026-09-23 18:31:07,71.5
AES,100|68|53|53|52|47|48|55|47|48|49|47|47|43|46|48|52|52|60|45|47|50|44|44|47|44|52|44|65|39,2026-08-11|2026-08-12|2026-08-13|2026-08-14|2026-08-17|2026-08-18|2026-08-19|2026-08-20|2026-08-21|2026-08-24|2026-08-25|2026-08-26|2026-08-27|2026-08-28|2026-08-31|2026-09-01|2026-09-02|2026-09-03|2026-09-04|2026-09-08|2026-09-09|2026-09-10|2026-09-11|2026-09-14|2026-09-15|2026-09-16|2026-09-17|2026-09-18|2026-09-21|2026-09-23,2026-09-23 18:31:10,51.2
Norfolk Southern,93|73|84|78|72|75|100|77|74|68|60|84|81|67|60|71|66|67|71|57|74|68|63|61|82|78|72|69|73|60,2026-08-11|2026-08-12|2026-08-13|2026-08-14|2026-08-17|2026-08-18|2026-08-19|2026-08-20|2026-08-21|2026-08-24|2026-08-25|2026-08-26|2026-08-27|2026-08-28|2026-08-31|2026-09-01|2026-09-02|2026-09-03|2026-09-04|2026-09-08|2026-09-09|2026-09-10|2026-09-11|2026-09-14|2026-09-15|2026-09-16|2026-09-17|2026-09-18|2026-09-21|2026-09-23,2026-09-23 18:31:14,72.6
Air Products & Chemicals,,2026-08-11|2026-08-12|2026-08-13|2026-08-14|2026-08-17|2026-08-18|2026-08-19|2026-08-20|2026-08-21|2026-08-24|2026-08-25|2026-08-26|2026-08-27|2026-08-28|2026-08-31|2026-09-01|2026-09-02|2026-09-03|2026-09-04|2026-09-08|2026-09-09|2026-09-10|2026-09-11|2026-09-14|2026-09-15|2026-09-16|2026-09-17|2026-09-18|2026-09-21|2026-09-23,2026-09-23 18:31:17,0.0
JB Hunt Transport Services,,2026-08-11|2026-08-12|2026-08-13|2026-08-14|2026-08-17|2026-08-18|2026-08-19|2026-08-20|2026-08-21|2026-08-24|2026-08-25|2026-08-26|2026-08-27|2026-08-28|2026-08-31|2026-09-01|2026-09-02|2026-09-03|2026-09-04|2026-09-08|2026-09-09|2026-09-10|2026-09-11|2026-09-14|2026-09-15|2026-09-16|2026-09-17|2026-09-18|2026-09-21|2026-09-23,2026-09-23 18:31:17,0.0
Ball Corporation,0|0|69|77|0|0|0|0|91|100|0|0|75|0|0|0|0|0|0|0|47|46|35|33|52|47|46|43|42|38,2026-08-11|2026-08-12|2026-08-13|2026-08-14|2026-08-17|2026-08-18|2026-08-19|2026-08-20|2026-08-21|2026-08-24|2026-08-25|2026-08-26|2026-08-27|2026-08-28|2026-08-31|2026-09-01|2026-09-02|2026-09-03|2026-09-04|2026-09-08|2026-09-09|2026-09-10|2026-09-11|2026-09-14|2026-09-15|2026-09-16|2026-09-17|2026-09-18|2026-09-21|2026-09-23,2026-09-23 18:31:18,28.0
Conagra Brands,0|0|86|91|0|0|0|0|0|0|0|0|87|0|0|0|100|0|0|0|56|55|52|56|58|65|67|49|57|56,2026-08-11|2026-08-12|2026-08-13|2026-08-14|2026-08-17|2026-08-18|2026-08-19|2026-08-20|2026-08-21|2026-08-24|2026-08-25|2026-08-26|2026-08-27|2026-08-28|2026-08-31|2026-09-01|2026-09-02|2026-09-03|2026-09-04|2026-09-08|2026-09-09|2026-09-10|2026-09-11|2026-09-14|2026-09-15|2026-09-16|2026-09-17|2026-09-18|2026-09-21|2026-09-23,2026-09-23 18:31:21,31.2
Huntington Bancshares,0|0|0|0|0|0|0|0|0|0|0|0|0|0|0|0|0|0|0|0|100|31|0|23|20|32|49|0|74|57,2026-08-11|2026-08-12|2026-08-13|2026-08-14|2026-08-17|2026-08-18|2026-08-19|2026-08-20|2026-08-21|2026-08-24|2026-08-25|2026-08-26|2026-08-27|2026-08-28|2026-08-31|2026-09-01|2026-09-02|2026-09-03|2026-09-04|2026-09-08|2026-09-09|2026-09-10|2026-09-11|2026-09-14|2026-09-15|2026-09-16|2026-09-17|2026-09-18|2026-09-21|2026-09-23,2026-09-23 18:31:25,12.9
Hormel Foods,0|0|0|0|0|0|0|0|0|0|0|39|100|38|53|0|0|0|0|0|31|30|23|25|30|33|29|21|31|30,2026-08-11|2026-08-12|2026-08-13|2026-08-14|2026-08-17|2026-08-18|2026-08-19|2026-08-20|2026-08-21|2026-08-24|2026-08-25|2026-08-26|2026-08-27|2026-08-28|2026-08-31|2026-09-01|2026-09-02|2026-09-03|2026-09-04|2026-09-08|2026-09-09|2026-09-10|2026-09-11|2026-09-14|2026-09-15|2026-09-16|2026-09-17|2026-09-18|2026-09-21|2026-09-23,2026-09-23 18:31:29,17.1
Eversource Energy,0|0|0|0|0|0|0|0|0|0|0|0|0|0|0|0|100|0|0|0|63|62|40|55|51|54|54|52|66|45,2026-08-11|2026-08-12|2026-08-13|2026-08-14|2026-08-17|2026-08-18|2026-08-19|2026-08-20|2026-08-21|2026-08-24|2026-08-25|2026-08-26|2026-08-27|2026-08-28|2026-08-31|2026-09-01|2026-09-02|2026-09-03|2026-09-04|2026-09-08|2026-09-09|2026-09-10|2026-09-11|2026-09-14|2026-09-15|2026-09-16|2026-09-17|2026-09-18|2026-09-21|2026-09-23,2026-09-23 18:31:33,21.4
Alcoa Corporation,0|0|0|0|0|0|0|0|0|0|0|0|0|0|0|0|0|0|0|0|0|0|100|0|0|0|0|70|0|0,2026-08-11|2026-08-12|2026-08-13|2026-08-14|2026-08-17|2026-08-18|2026-08-19|2026-08-20|2026-08-21|2026-08-24|2026-08-25|2026-08-26|2026-08-27|2026-08-28|2026-08-31|2026-09-01|2026-09-02|2026-09-03|2026-09-04|2026-09-08|2026-09-09|2026-09-10|2026-09-11|2026-09-14|2026-09-15|2026-09-16|2026-09-17|2026-09-18|2026-09-21|2026-09-23,2026-09-23 18:31:37,5.7
Entergy,35|38|40|34|51|42|37|33|45|42|36|40|51|33|31|59|100|64|42|35|34|37|35|29|33|30|31|29|26|31,2026-08-11|2026-08-12|2026-08-13|2026-08-14|2026-08-17|2026-08-18|2026-08-19|2026-08-20|2026-08-21|2026-08-24|2026-08-25|2026-08-26|2026-08-27|2026-08-28|2026-08-31|2026-09-01|2026-09-02|2026-09-03|2026-09-04|2026-09-08|2026-09-09|2026-09-10|2026-09-11|2026-09-14|2026-09-15|2026-09-16|2026-09-17|2026-09-18|2026-09-21|2026-09-23,2026-09-23 18:31:41,40.1
Assurant,100|82|95|92|85|100|100|88|97|90|97|84|85|78|87|90|76|85|69|84|81|71|73|75|78|72|69|65|68|58,2026-08-11|2026-08-12|2026-08-13|2026-08-14|2026-08-17|2026-08-18|2026-08-19|2026-08-20|2026-08-21|2026-08-24|2026-08-25|2026-08-26|2026-08-27|2026-08-28|2026-08-31|2026-09-01|2026-09-02|2026-09-03|2026-09-04|2026-09-08|2026-09-09|2026-09-10|2026-09-11|2026-09-14|2026-09-15|2026-09-16|2026-09-17|2026-09-18|2026-09-21|2026-09-23,2026-09-23 18:31:46,82.5
Chewy,46|45|45|44|45|48|51|54|51|44|59|64|60|53|54|57|54|61|55|58|54|51|42|49|47|44|46|48|59|40,2026-08-11|2026-08-12|2026-08-13|2026-08-14|2026-08-17|2026-08-18|2026-08-19|2026-08-20|2026-08-21|2026-08-24|2026-08-25|2026-08-26|2026-08-27|2026-08-28|2026-08-31|2026-09-01|2026-09-02|2026-09-03|2026-09-04|2026-09-08|2026-09-09|2026-09-10|2026-09-11|2026-09-14|2026-09-15|2026-09-16|2026-09-17|2026-09-18|2026-09-21|2026-09-23,2026-09-23 18:31:49,50.9
Wayfair,70|62|65|65|69|64|66|65|66|73|66|65|65|66|81|67|68|69|72|72|67|60|59|66|63|64|62|59|60|56,2026-08-11|2026-08-12|2026-08-13|2026-08-14|2026-08-17|2026-08-18|2026-08-19|2026-08-20|2026-08-21|2026-08-24|2026-08-25|2026-08-26|2026-08-27|2026-08-28|2026-08-31|2026-09-01|2026-09-02|2026-09-03|2026-09-04|2026-09-08|2026-09-09|2026-09-10|2026-09-11|2026-09-14|2026-09-15|2026-09-16|2026-09-17|2026-09-18|2026-09-21|2026-09-23,2026-09-23 18:31:52,65.7
Avis Budget,90|96|85|90|89|100|77|79|68|63|85|59|67|72|83|68|70|76|78|69|62|67|63|65|70|64|70|64|54|51,2026-08-11|2026-08-12|2026-08-13|2026-08-14|2026-08-17|2026-08-18|2026-08-19|2026-08-20|2026-08-21|2026-08-24|2026-08-25|2026-08-26|2026-08-27|2026-08-28|2026-08-31|2026-09-01|2026-09-02|2026-09-03|2026-09-04|2026-09-08|2026-09-09|2026-09-10|2026-09-11|2026-09-14|2026-09-15|2026-09-16|2026-09-17|2026-09-18|2026-09-21|2026-09-23,2026-09-23 18:31:56,73.1
Intercontinental Exchange,0|0|74|65|0|67|100|0|0|0|86|0|0|0|0|0|0|62|0|0|33|35|29|33|29|37|40|28|48|41,2026-08-11|2026-08-12|2026-08-13|2026-08-14|2026-08-17|2026-08-18|2026-08-19|2026-08-20|2026-08-21|2026-08-24|2026-08-25|2026-08-26|2026-08-27|2026-08-28|2026-08-31|2026-09-01|2026-09-02|2026-09-03|2026-09-04|2026-09-08|2026-09-09|2026-09-10|2026-09-11|2026-09-14|2026-09-15|2026-09-16|2026-09-17|2026-09-18|2026-09-21|2026-09-23,2026-09-23 18:31:58,26.9
Alaska Air,96|85|82|92|85|91|86|79|78|62|57|66|68|60|63|59|61|59|56|57|56|56|56|56|62|55|60|54|52|48,2026-08-11|2026-08-12|2026-08-13|2026-08-14|2026-08-17|2026-08-18|2026-08-19|2026-08-20|2026-08-21|2026-08-24|2026-08-25|2026-08-26|2026-08-27|2026-08-28|2026-08-31|2026-09-01|2026-09-02|2026-09-03|2026-09-04|2026-09-08|2026-09-09|2026-09-10|2026-09-11|2026-09-14|2026-09-15|2026-09-16|2026-09-17|2026-09-18|2026-09-21|2026-09-23,2026-09-23 18:32:02,66.6
GXO Logistics,70|0|73|62|100|44|0|60|0|49|60|0|0|54|0|0|66|0|0|52|40|43|38|38|40|44|37|35|31|40,2026-08-11|2026-08-12|2026-08-13|2026-08-14|2026-08-17|2026-08-18|2026-08-19|2026-08-20|2026-08-21|2026-08-24|2026-08-25|2026-08-26|2026-08-27|2026-08-28|2026-08-31|2026-09-01|2026-09-02|2026-09-03|2026-09-04|2026-09-08|2026-09-09|2026-09-10|2026-09-11|2026-09-14|2026-09-15|2026-09-16|2026-09-17|2026-09-18|2026-09-21|2026-09-23,2026-09-23 18:32:06,35.9
AGCO,53|41|37|39|45|39|31|40|29|31|30|41|31|36|36|33|38|30|31|35|34|35|26|30|32|29|32|37|43|25,2026-08-11|2026-08-12|2026-08-13|2026-08-14|2026-08-17|2026-08-18|2026-08-19|2026-08-20|2026-08-21|2026-08-24|2026-08-25|2026-08-26|2026-08-27|2026-08-28|2026-08-31|2026-09-01|2026-09-02|2026-09-03|2026-09-04|2026-09-08|2026-09-09|2026-09-10|2026-09-11|2026-09-14|2026-09-15|2026-09-16|2026-09-17|2026-09-18|2026-09-21|2026-09-23,2026-09-23 18:32:10,35.0
Molson Coors Beverage,0|0|0|0|0|0|0|0|0|0|0|0|0|0|0|0|0|0|0|0|11|10|6|9|6|12|10|0|0|0,2026-08-11|2026-08-12|2026-08-13|2026-08-14|2026-08-17|2026-08-18|2026-08-19|2026-08-20|2026-08-21|2026-08-24|2026-08-25|2026-08-26|2026-08-27|2026-08-28|2026-08-31|2026-09-01|2026-09-02|2026-09-03|2026-09-04|2026-09-08|2026-09-09|2026-09-10|2026-09-11|2026-09-14|2026-09-15|2026-09-16|2026-09-17|2026-09-18|2026-09-21|2026-09-23,2026-09-23 18:32:14,2.1
Arthur J Gallagher,0|0|0|0|0|0|0|0|0|0|93|0|0|0|0|0|0|100|0|0|45|34|31|45|39|37|32|33|68|35,2026-08-11|2026-08-12|2026-08-13|2026-08-14|2026-08-17|2026-08-18|2026-08-19|2026-08-20|2026-08-21|2026-08-24|2026-08-25|2026-08-26|2026-08-27|2026-08-28|2026-08-31|2026-09-01|2026-09-02|2026-09-03|2026-09-04|2026-09-08|2026-09-09|2026-09-10|2026-09-11|2026-09-14|2026-09-15|2026-09-16|2026-09-17|2026-09-18|2026-09-21|2026-09-23,2026-09-23 18:32:17,19.7
Huntington Ingalls Industries,0|0|0|0|0|0|0|0|0|0|0|0|0|0|0|0|0|0|0|0|16|11|10|10|16|12|12|10|14|13,2026-08-11|2026-08-12|2026-08-13|2026-08-14|2026-08-17|2026-08-18|2026-08-19|2026-08-20|2026-08-21|2026-08-24|2026-08-25|2026-08-26|2026-08-27|2026-08-28|2026-08-31|2026-09-01|2026-09-02|2026-09-03|2026-09-04|2026-09-08|2026-09-09|2026-09-10|2026-09-11|2026-09-14|2026-09-15|2026-09-16|2026-09-17|2026-09-18|2026-09-21|2026-09-23,2026-09-23 18:32:20,4.1
International Flavors & Fragrances,0|0|0|0|0|0|0|0|0|0|0|0|0|0|0|0|0|0|0|0|0|0|0|0|0|100|0|0|0|0,2026-08-11|2026-08-12|2026-08-13|2026-08-14|2026-08-17|2026-08-18|2026-08-19|2026-08-20|2026-08-21|2026-08-24|2026-08-25|2026-08-26|2026-08-27|2026-08-28|2026-08-31|2026-09-01|2026-09-02|2026-09-03|2026-09-04|2026-09-08|2026-09-09|2026-09-10|2026-09-11|2026-09-14|2026-09-15|2026-09-16|2026-09-17|2026-09-18|2026-09-21|2026-09-23,2026-09-23 18:32:24,3.3
Darden Restaurants,70|54|71|100|67|52|77|54|77|67|74|92|72|80|68|82|48|89|69|89|52|56|58|54|58|52|53|52|61|51,2026-08-11|2026-08-12|2026-08-13|2026-08-14|2026-08-17|2026-08-18|2026-08-19|2026-08-20|2026-08-21|2026-08-24|2026-08-25|2026-08-26|2026-08-27|2026-08-28|2026-08-31|2026-09-01|2026-09-02|2026-09-03|2026-09-04|2026-09-08|2026-09-09|2026-09-10|2026-09-11|2026-09-14|2026-09-15|2026-09-16|2026-09-17|2026-09-18|2026-09-21|2026-09-23,2026-09-23 18:32:27,66.6
CIncinnati Financial,100|0|72|79|80|74|80|84|0|66|63|47|0|58|56|60|45|64|0|40|38|36|33|28|34|37|36|32|58|37,2026-08-11|2026-08-12|2026-08-13|2026-08-14|2026-08-17|2026-08-18|2026-08-19|2026-08-20|2026-08-21|2026-08-24|2026-08-25|2026-08-26|2026-08-27|2026-08-28|2026-08-31|2026-09-01|2026-09-02|2026-09-03|2026-09-04|2026-09-08|2026-09-09|2026-09-10|2026-09-11|2026-09-14|2026-09-15|2026-09-16|2026-09-17|2026-09-18|2026-09-21|2026-09-23,2026-09-23 18:32:31,47.9
Chipotle Mexican Grill,31|43|29|34|36|34|51|37|100|22|25|44|36|25|27|32|43|25|21|16|34|21|17|18|18|34|75|16|45|29,2026-08-11|2026-08-12|2026-08-13|2026-08-14|2026-08-17|2026-08-18|2026-08-19|2026-08-20|2026-08-21|2026-08-24|2026-08-25|2026-08-26|2026-08-27|2026-08-28|2026-08-31|2026-09-01|2026-09-02|2026-09-03|2026-09-04|2026-09-08|2026-09-09|2026-09-10|2026-09-11|2026-09-14|2026-09-15|2026-09-16|2026-09-17|2026-09-18|2026-09-21|2026-09-23,2026-09-23 18:32:34,33.9
Yum China,0|0|0|0|0|0|0|0|0|0|0|0|0|0|0|0|0|0|0|0|52|36|42|42|52|35|58|55|79|63,2026-08-11|2026-08-12|2026-08-13|2026-08-14|2026-08-17|2026-08-18|2026-08-19|2026-08-20|2026-08-21|2026-08-24|2026-08-25|2026-08-26|2026-08-27|2026-08-28|2026-08-31|2026-09-01|2026-09-02|2026-09-03|2026-09-04|2026-09-08|2026-09-09|2026-09-10|2026-09-11|2026-09-14|2026-09-15|2026-09-16|2026-09-17|2026-09-18|2026-09-21|2026-09-23,2026-09-23 18:32:37,17.1
Las Vegas Sands,0|0|0|81|92|0|0|0|100|0|0|0|0|0|0|0|0|0|0|0|42|34|34|36|35|34|41|34|62|34,2026-08-11|2026-08-12|2026-08-13|2026-08-14|2026-08-17|2026-08-18|2026-08-19|2026-08-20|2026-08-21|2026-08-24|2026-08-25|2026-08-26|2026-08-27|2026-08-28|2026-08-31|2026-09-01|2026-09-02|2026-09-03|2026-09-04|2026-09-08|2026-09-09|2026-09-10|2026-09-11|2026-09-14|2026-09-15|2026-09-16|2026-09-17|2026-09-18|2026-09-21|2026-09-23,2026-09-23 18:32:40,22.0
Ulta Beauty,44|52|46|46|44|54|57|55|57|52|50|52|56|81|65|59|58|59|64|51|51|51|58|49|48|48|54|64|38|39,2026-08-11|2026-08-12|2026-08-13|2026-08-14|2026-08-17|2026-08-18|2026-08-19|2026-08-20|2026-08-21|2026-08-24|2026-08-25|2026-08-26|2026-08-27|2026-08-28|2026-08-31|2026-09-01|2026-09-02|2026-09-03|2026-09-04|2026-09-08|2026-09-09|2026-09-10|2026-09-11|2026-09-14|2026-09-15|2026-09-16|2026-09-17|2026-09-18|2026-09-21|2026-09-23,2026-09-23 18:32:44,53.4
Caesars Entertainment,57|98|100|67|0|57|51|0|0|0|0|0|0|0|0|0|65|0|0|0|36|32|28|29|32|30|46|38|51|46,2026-08-11|2026-08-12|2026-08-13|2026-08-14|2026-08-17|2026-08-18|2026-08-19|2026-08-20|2026-08-21|2026-08-24|2026-08-25|2026-08-26|2026-08-27|2026-08-28|2026-08-31|2026-09-01|2026-09-02|2026-09-03|2026-09-04|2026-09-08|2026-09-09|2026-09-10|2026-09-11|2026-09-14|2026-09-15|2026-09-16|2026-09-17|2026-09-18|2026-09-21|2026-09-23,2026-09-23 18:32:47,28.8
The Andersons Inc,0|0|0|0|0|0|0|0|0|0|0|0|0|0|0|0|0|0|0|0|0|0|0|0|100|0|0|0|0|0,2026-08-11|2026-08-12|2026-08-13|2026-08-14|2026-08-17|2026-08-18|2026-08-19|2026-08-20|2026-08-21|2026-08-24|2026-08-25|2026-08-26|2026-08-27|2026-08-28|2026-08-31|2026-09-01|2026-09-02|2026-09-03|2026-09-04|2026-09-08|2026-09-09|2026-09-10|2026-09-11|2026-09-14|2026-09-15|2026-09-16|2026-09-17|2026-09-18|2026-09-21|2026-09-23,2026-09-23 18:32:51,3.3
Hershey,72|74|73|95|70|64|69|72|75|64|59|59|60|63|58|60|58|56|63|78|70|56|58|60|66|63|60|62|51|50,2026-08-11|2026-08-12|2026-08-13|2026-08-14|2026-08-17|2026-08-18|2026-08-19|2026-08-20|2026-08-21|2026-08-24|2026-08-25|2026-08-26|2026-08-27|2026-08-28|2026-08-31|2026-09-01|2026-09-02|2026-09-03|2026-09-04|2026-09-08|2026-09-09|2026-09-10|2026-09-11|2026-09-14|2026-09-15|2026-09-16|2026-09-17|2026-09-18|2026-09-21|2026-09-23,2026-09-23 18:32:54,64.6
Hilton Worldwide,0|0|0|0|0|0|0|0|0|0|0|0|0|0|0|0|0|0|0|0|49|54|33|61|68|56|61|52|100|49,2026-08-11|2026-08-12|2026-08-13|2026-08-14|2026-08-17|2026-08-18|2026-08-19|2026-08-20|2026-08-21|2026-08-24|2026-08-25|2026-08-26|2026-08-27|2026-08-28|2026-08-31|2026-09-01|2026-09-02|2026-09-03|2026-09-04|2026-09-08|2026-09-09|2026-09-10|2026-09-11|2026-09-14|2026-09-15|2026-09-16|2026-09-17|2026-09-18|2026-09-21|2026-09-23,2026-09-23 18:32:58,19.4
The Mosaic Company,0|0|0|0|0|0|0|0|0|0|0|0|0|0|0|0|0|0|0|0|78|86|53|81|86|72|53|74|0|91,2026-08-11|2026-08-12|2026-08-13|2026-08-14|2026-08-17|2026-08-18|2026-08-19|2026-08-20|2026-08-21|2026-08-24|2026-08-25|2026-08-26|2026-08-27|2026-08-28|2026-08-31|2026-09-01|2026-09-02|2026-09-03|2026-09-04|2026-09-08|2026-09-09|2026-09-10|2026-09-11|2026-09-14|2026-09-15|2026-09-16|2026-09-17|2026-09-18|2026-09-21|2026-09-23,2026-09-23 18:33:01,22.5
Airbnb,97|100|96|93|96|92|94|92|85|99|88|86|80|76|93|88|88|85|81|86|84|83|76|87|82|79|74|73|67|78,2026-08-11|2026-08-12|2026-08-13|2026-08-14|2026-08-17|2026-08-18|2026-08-19|2026-08-20|2026-08-21|2026-08-24|2026-08-25|2026-08-26|2026-08-27|2026-08-28|2026-08-31|2026-09-01|2026-09-02|2026-09-03|2026-09-04|2026-09-08|2026-09-09|2026-09-10|2026-09-11|2026-09-14|2026-09-15|2026-09-16|2026-09-17|2026-09-18|2026-09-21|2026-09-23,2026-09-23 18:33:04,85.9
Diamondback Energy,0|0|0|0|100|0|0|0|0|0|0|0|0|0|0|0|0|0|0|0|55|62|43|56|64|97|79|56|68|61,2026-08-11|2026-08-12|2026-08-13|2026-08-14|2026-08-17|2026-08-18|2026-08-19|2026-08-20|2026-08-21|2026-08-24|2026-08-25|2026-08-26|2026-08-27|2026-08-28|2026-08-31|2026-09-01|2026-09-02|2026-09-03|2026-09-04|2026-09-08|2026-09-09|2026-09-10|2026-09-11|2026-09-14|2026-09-15|2026-09-16|2026-09-17|2026-09-18|2026-09-21|2026-09-23,2026-09-23 18:33:08,24.7
American Tower,45|37|48|43|46|45|46|52|36|41|30|51|40|41|28|41|41|58|35|35|46|48|100|51|41|38|40|36|47|30,2026-08-11|2026-08-12|2026-08-13|2026-08-14|2026-08-17|2026-08-18|2026-08-19|2026-08-20|2026-08-21|2026-08-24|2026-08-25|2026-08-26|2026-08-27|2026-08-28|2026-08-31|2026-09-01|2026-09-02|2026-09-03|2026-09-04|2026-09-08|2026-09-09|2026-09-10|2026-09-11|2026-09-14|2026-09-15|2026-09-16|2026-09-17|2026-09-18|2026-09-21|2026-09-23,2026-09-23 18:33:12,43.9
Vertex Pharmaceuticals,61|0|74|68|71|97|69|65|88|100|77|53|0|83|62|89|90|65|56|77|47|56|42|52|56|51|60|47|52|64,2026-08-11|2026-08-12|2026-08-13|2026-08-14|2026-08-17|2026-08-18|2026-08-19|2026-08-20|2026-08-21|2026-08-24|2026-08-25|2026-08-26|2026-08-27|2026-08-28|2026-08-31|2026-09-01|2026-09-02|2026-09-03|2026-09-04|2026-09-08|2026-09-09|2026-09-10|2026-09-11|2026-09-14|2026-09-15|2026-09-16|2026-09-17|2026-09-18|2026-09-21|2026-09-23,2026-09-23 18:33:16,62.4
ServiceNow,72|67|73|65|67|70|92|67|55|58|57|67|74|50|64|66|65|62|51|60|61|64|49|56|65|59|61|51|100|52,2026-08-11|2026-08-12|2026-08-13|2026-08-14|2026-08-17|2026-08-18|2026-08-19|2026-08-20|2026-08-21|2026-08-24|2026-08-25|2026-08-26|2026-08-27|2026-08-28|2026-08-31|2026-09-01|2026-09-02|2026-09-03|2026-09-04|2026-09-08|2026-09-09|2026-09-10|2026-09-11|2026-09-14|2026-09-15|2026-09-16|2026-09-17|2026-09-18|2026-09-21|2026-09-23,2026-09-23 18:33:20,64.0
Owens Corning,89|78|100|84|82|80|86|95|71|68|87|90|82|66|82|93|78|74|80|77|79|84|70|74|79|73|73|70|88|68,2026-08-11|2026-08-12|2026-08-13|2026-08-14|2026-08-17|2026-08-18|2026-08-19|2026-08-20|2026-08-21|2026-08-24|2026-08-25|2026-08-26|2026-08-27|2026-08-28|2026-08-31|2026-09-01|2026-09-02|2026-09-03|2026-09-04|2026-09-08|2026-09-09|2026-09-10|2026-09-11|2026-09-14|2026-09-15|2026-09-16|2026-09-17|2026-09-18|2026-09-21|2026-09-23,2026-09-23 18:33:23,80.0
Advance Auto Parts,64|70|98|74|71|61|69|99|71|70|67|67|94|68|67|59|60|92|70|61|65|100|71|60|61|62|62|67|58|50,2026-08-11|2026-08-12|2026-08-13|2026-08-14|2026-08-17|2026-08-18|2026-08-19|2026-08-20|2026-08-21|2026-08-24|2026-08-25|2026-08-26|2026-08-27|2026-08-28|2026-08-31|2026-09-01|2026-09-02|2026-09-03|2026-09-04|2026-09-08|2026-09-09|2026-09-10|2026-09-11|2026-09-14|2026-09-15|2026-09-16|2026-09-17|2026-09-18|2026-09-21|2026-09-23,2026-09-23 18:33:27,70.3
Toll Brothers,83|71|76|56|87|77|100|71|75|77|73|56|72|50|70|55|66|54|53|66|61|58|58|61|61|57|57|55|63|49,2026-08-11|2026-08-12|2026-08-13|2026-08-14|2026-08-17|2026-08-18|2026-08-19|2026-08-20|2026-08-21|2026-08-24|2026-08-25|2026-08-26|2026-08-27|2026-08-28|2026-08-31|2026-09-01|2026-09-02|2026-09-03|2026-09-04|2026-09-08|2026-09-09|2026-09-10|2026-09-11|2026-09-14|2026-09-15|2026-09-16|2026-09-17|2026-09-18|2026-09-21|2026-09-23,2026-09-23 18:33:30,65.6
Mohawk Industries,0|100|78|0|0|0|0|0|0|0|0|0|0|0|0|0|0|0|0|0|35|31|31|40|36|34|28|28|42|28,2026-08-11|2026-08-12|2026-08-13|2026-08-14|2026-08-17|2026-08-18|2026-08-19|2026-08-20|2026-08-21|2026-08-24|2026-08-25|2026-08-26|2026-08-27|2026-08-28|2026-08-31|2026-09-01|2026-09-02|2026-09-03|2026-09-04|2026-09-08|2026-09-09|2026-09-10|2026-09-11|2026-09-14|2026-09-15|2026-09-16|2026-09-17|2026-09-18|2026-09-21|2026-09-23,2026-09-23 18:33:33,17.0
Motorola Solutions,100|81|61|55|90|93|81|0|79|0|44|87|61|61|96|66|84|0|58|90|53|58|50|49|60|56|54|48|53|55,2026-08-11|2026-08-12|2026-08-13|2026-08-14|2026-08-17|2026-08-18|2026-08-19|2026-08-20|2026-08-21|2026-08-24|2026-08-25|2026-08-26|2026-08-27|2026-08-28|2026-08-31|2026-09-01|2026-09-02|2026-09-03|2026-09-04|2026-09-08|2026-09-09|2026-09-10|2026-09-11|2026-09-14|2026-09-15|2026-09-16|2026-09-17|2026-09-18|2026-09-21|2026-09-23,2026-09-23 18:33:38,60.8
Oshkosh Corporation,0|0|0|0|0|0|0|0|0|0|0|0|0|0|0|0|0|0|0|0|68|59|56|67|85|67|73|49|0|81,2026-08-11|2026-08-12|2026-08-13|2026-08-14|2026-08-17|2026-08-18|2026-08-19|2026-08-20|2026-08-21|2026-08-24|2026-08-25|2026-08-26|2026-08-27|2026-08-28|2026-08-31|2026-09-01|2026-09-02|2026-09-03|2026-09-04|2026-09-08|2026-09-09|2026-09-10|2026-09-11|2026-09-14|2026-09-15|2026-09-16|2026-09-17|2026-09-18|2026-09-21|2026-09-23,2026-09-23 18:33:42,20.2
DoorDash,80|89|81|89|80|78|90|80|86|73|76|86|81|95|77|80|84|84|86|69|88|79|86|74|73|84|95|89|80|94,2026-08-11|2026-08-12|2026-08-13|2026-08-14|2026-08-17|2026-08-18|2026-08-19|2026-08-20|2026-08-21|2026-08-24|2026-08-25|2026-08-26|2026-08-27|2026-08-28|2026-08-31|2026-09-01|2026-09-02|2026-09-03|2026-09-04|2026-09-08|2026-09-09|2026-09-10|2026-09-11|2026-09-14|2026-09-15|2026-09-16|2026-09-17|2026-09-18|2026-09-21|2026-09-23,2026-09-23 18:33:45,82.9
NVR Inc,0|0|0|0|0|0|0|0|0|0|0|0|0|0|0|0|0|0|0|0|55|55|57|47|58|56|61|42|100|59,2026-08-11|2026-08-12|2026-08-13|2026-08-14|2026-08-17|2026-08-18|2026-08-19|2026-08-20|2026-08-21|2026-08-24|2026-08-25|2026-08-26|2026-08-27|2026-08-28|2026-08-31|2026-09-01|2026-09-02|2026-09-03|2026-09-04|2026-09-08|2026-09-09|2026-09-10|2026-09-11|2026-09-14|2026-09-15|2026-09-16|2026-09-17|2026-09-18|2026-09-21|2026-09-23,2026-09-23 18:33:47,19.7
Booz Allen Hamilton,100|93|76|75|65|64|96|73|80|69|68|74|65|77|43|78|65|63|46|38|62|58|52|60|68|59|77|53|61|56,2026-08-11|2026-08-12|2026-08-13|2026-08-14|2026-08-17|2026-08-18|2026-08-19|2026-08-20|2026-08-21|2026-08-24|2026-08-25|2026-08-26|2026-08-27|2026-08-28|2026-08-31|2026-09-01|2026-09-02|2026-09-03|2026-09-04|2026-09-08|2026-09-09|2026-09-10|2026-09-11|2026-09-14|2026-09-15|2026-09-16|2026-09-17|2026-09-18|2026-09-21|2026-09-23,2026-09-23 18:33:51,67.1
Burlington Stores,53|62|63|87|97|76|67|81|84|73|49|50|96|78|60|58|37|96|100|52|47|49|48|43|44|44|48|56|37|44,2026-08-11|2026-08-12|2026-08-13|2026-08-14|2026-08-17|2026-08-18|2026-08-19|2026-08-20|2026-08-21|2026-08-24|2026-08-25|2026-08-26|2026-08-27|2026-08-28|2026-08-31|2026-09-01|2026-09-02|2026-09-03|2026-09-04|2026-09-08|2026-09-09|2026-09-10|2026-09-11|2026-09-14|2026-09-15|2026-09-16|2026-09-17|2026-09-18|2026-09-21|2026-09-23,2026-09-23 18:33:53,62.6
Expeditors International of Washington,,2026-08-11|2026-08-12|2026-08-13|2026-08-14|2026-08-17|2026-08-18|2026-08-19|2026-08-20|2026-08-21|2026-08-24|2026-08-25|2026-08-26|2026-08-27|2026-08-28|2026-08-31|2026-09-01|2026-09-02|2026-09-03|2026-09-04|2026-09-08|2026-09-09|2026-09-10|2026-09-11|2026-09-14|2026-09-15|2026-09-16|2026-09-17|2026-09-18|2026-09-21|2026-09-23,2026-09-23 18:33:57,0.0
Lululemon athletica,0|0|0|0|0|0|0|0|0|88|0|0|0|0|0|0|89|0|0|0|51|32|27|31|27|21|32|26|39|33,2026-08-11|2026-08-12|2026-08-13|2026-08-14|2026-08-17|2026-08-18|2026-08-19|2026-08-20|2026-08-21|2026-08-24|2026-08-25|2026-08-26|2026-08-27|2026-08-28|2026-08-31|2026-09-01|2026-09-02|2026-09-03|2026-09-04|2026-09-08|2026-09-09|2026-09-10|2026-09-11|2026-09-14|2026-09-15|2026-09-16|2026-09-17|2026-09-18|2026-09-21|2026-09-23,2026-09-23 18:33:57,16.5
Fidelity National Information Services,0|0|0|0|0|0|0|0|0|0|0|0|0|100|0|0|0|0|0|0|17|12|7|10|13|0|16|10|32|0,2026-08-11|2026-08-12|2026-08-13|2026-08-14|2026-08-17|2026-08-18|2026-08-19|2026-08-20|2026-08-21|2026-08-24|2026-08-25|2026-08-26|2026-08-27|2026-08-28|2026-08-31|2026-09-01|2026-09-02|2026-09-03|2026-09-04|2026-09-08|2026-09-09|2026-09-10|2026-09-11|2026-09-14|2026-09-15|2026-09-16|2026-09-17|2026-09-18|2026-09-21|2026-09-23,2026-09-23 18:34:01,7.2
Jefferies Financial,,2026-08-11|2026-08-12|2026-08-13|2026-08-14|2026-08-17|2026-08-18|2026-08-19|2026-08-20|2026-08-21|2026-08-24|2026-08-25|2026-08-26|2026-08-27|2026-08-28|2026-08-31|2026-09-01|2026-09-02|2026-09-03|2026-09-04|2026-09-08|2026-09-09|2026-09-10|2026-09-11|2026-09-14|2026-09-15|2026-09-16|2026-09-17|2026-09-18|2026-09-21|2026-09-23,2026-09-23 18:34:36,0.0
Williams Companies,,2026-08-11|2026-08-12|2026-08-13|2026-08-14|2026-08-17|2026-08-18|2026-08-19|2026-08-20|2026-08-21|2026-08-24|2026-08-25|2026-08-26|2026-08-27|2026-08-28|2026-08-31|2026-09-01|2026-09-02|2026-09-03|2026-09-04|2026-09-08|2026-09-09|2026-09-10|2026-09-11|2026-09-14|2026-09-15|2026-09-16|2026-09-17|2026-09-18|2026-09-21|2026-09-23,2026-09-23 18:35:18,0.0
VF Corporation,,2026-08-11|2026-08-12|2026-08-13|2026-08-14|2026-08-17|2026-08-18|2026-08-19|2026-08-20|2026-08-21|2026-08-24|2026-08-25|2026-08-26|2026-08-27|2026-08-28|2026-08-31|2026-09-01|2026-09-02|2026-09-03|2026-09-04|2026-09-08|2026-09-09|2026-09-10|2026-09-11|2026-09-14|2026-09-15|2026-09-16|2026-09-17|2026-09-18|2026-09-21|2026-09-23,2026-09-23 18:35:28,0.0
Autoliv,,2026-08-11|2026-08-12|2026-08-13|2026-08-14|2026-08-17|2026-08-18|2026-08-19|2026-08-20|2026-08-21|2026-08-24|2026-08-25|2026-08-26|2026-08-27|2026-08-28|2026-08-31|2026-09-01|2026-09-02|2026-09-03|2026-09-04|2026-09-08|2026-09-09|2026-09-10|2026-09-11|2026-09-14|2026-09-15|2026-09-16|2026-09-17|2026-09-18|2026-09-21|2026-09-23,2026-09-23 18:35:28,0.0
Westinghouse Air Brake Technologies,,2026-08-11|2026-08-12|2026-08-13|2026-08-14|2026-08-17|2026-08-18|2026-08-19|2026-08-20|2026-08-21|2026-08-24|2026-08-25|2026-08-26|2026-08-27|2026-08-28|2026-08-31|2026-09-01|2026-09-02|2026-09-03|2026-09-04|2026-09-08|2026-09-09|2026-09-10|2026-09-11|2026-09-14|2026-09-15|2026-09-16|2026-09-17|2026-09-18|2026-09-21|2026-09-23,2026-09-23 18:35:28,0.0
Public Service Enterprise Group,,2026-08-11|2026-08-12|2026-08-13|2026-08-14|2026-08-17|2026-08-18|2026-08-19|2026-08-20|2026-08-21|2026-08-24|2026-08-25|2026-08-26|2026-08-27|2026-08-28|2026-08-31|2026-09-01|2026-09-02|2026-09-03|2026-09-04|2026-09-08|2026-09-09|2026-09-10|2026-09-11|2026-09-14|2026-09-15|2026-09-16|2026-09-17|2026-09-18|2026-09-21|2026-09-23,2026-09-23 18:35:28,0.0
Ebay,,2026-08-11|2026-08-12|2026-08-13|2026-08-14|2026-08-17|2026-08-18|2026-08-19|2026-08-20|2026-08-21|2026-08-24|2026-08-25|2026-08-26|2026-08-27|2026-08-28|2026-08-31|2026-09-01|2026-09-02|2026-09-03|2026-09-04|2026-09-08|2026-09-09|2026-09-10|2026-09-11|2026-09-14|2026-09-15|2026-09-16|2026-09-17|2026-09-18|2026-09-21|2026-09-23,2026-09-23 18:35:28,0.0
Celanese,,2026-08-11|2026-08-12|2026-08-13|2026-08-14|2026-08-17|2026-08-18|2026-08-19|2026-08-20|2026-08-21|2026-08-24|2026-08-25|2026-08-26|2026-08-27|2026-08-28|2026-08-31|2026-09-01|2026-09-02|2026-09-03|2026-09-04|2026-09-08|2026-09-09|2026-09-10|2026-09-11|2026-09-14|2026-09-15|2026-09-16|2026-09-17|2026-09-18|2026-09-21|2026-09-23,2026-09-23 18:35:28,0.0
Global Payments,,2026-08-11|2026-08-12|2026-08-13|2026-08-14|2026-08-17|2026-08-18|2026-08-19|2026-08-20|2026-08-21|2026-08-24|2026-08-25|2026-08-26|2026-08-27|2026-08-28|2026-08-31|2026-09-01|2026-09-02|2026-09-03|2026-09-04|2026-09-08|2026-09-09|2026-09-10|2026-09-11|2026-09-14|2026-09-15|2026-09-16|2026-09-17|2026-09-18|2026-09-21|2026-09-23,2026-09-23 18:35:28,0.0
News Corp,,2026-08-11|2026-08-12|2026-08-13|2026-08-14|2026-08-17|2026-08-18|2026-08-19|2026-08-20|2026-08-21|2026-08-24|2026-08-25|2026-08-26|2026-08-27|2026-08-28|2026-08-31|2026-09-01|2026-09-02|2026-09-03|2026-09-04|2026-09-08|2026-09-09|2026-09-10|2026-09-11|2026-09-14|2026-09-15|2026-09-16|2026-09-17|2026-09-18|2026-09-21|2026-09-23,2026-09-23 18:35:28,0.0
THOR Industries,,2026-08-11|2026-08-12|2026-08-13|2026-08-14|2026-08-17|2026-08-18|2026-08-19|2026-08-20|2026-08-21|2026-08-24|2026-08-25|2026-08-26|2026-08-27|2026-08-28|2026-08-31|2026-09-01|2026-09-02|2026-09-03|2026-09-04|2026-09-08|2026-09-09|2026-09-10|2026-09-11|2026-09-14|2026-09-15|2026-09-16|2026-09-17|2026-09-18|2026-09-21|2026-09-23,2026-09-23 18:35:28,0.0
Icahn Enterprises,,2026-08-11|2026-08-12|2026-08-13|2026-08-14|2026-08-17|2026-08-18|2026-08-19|2026-08-20|2026-08-21|2026-08-24|2026-08-25|2026-08-26|2026-08-27|2026-08-28|2026-08-31|2026-09-01|2026-09-02|2026-09-03|2026-09-04|2026-09-08|2026-09-09|2026-09-10|2026-09-11|2026-09-14|2026-09-15|2026-09-16|2026-09-17|2026-09-18|2026-09-21|2026-09-23,2026-09-23 18:35:28,0.0
Constellation Brands,,2026-08-11|2026-08-12|2026-08-13|2026-08-14|2026-08-17|2026-08-18|2026-08-19|2026-08-20|2026-08-21|2026-08-24|2026-08-25|2026-08-26|2026-08-27|2026-08-28|2026-08-31|2026-09-01|2026-09-02|2026-09-03|2026-09-04|2026-09-08|2026-09-09|2026-09-10|2026-09-11|2026-09-14|2026-09-15|2026-09-16|2026-09-17|2026-09-18|2026-09-21|2026-09-23,2026-09-23 18:35:28,0.0
Quest Diagnostics,,2026-08-11|2026-08-12|2026-08-13|2026-08-14|2026-08-17|2026-08-18|2026-08-19|2026-08-20|2026-08-21|2026-08-24|2026-08-25|2026-08-26|2026-08-27|2026-08-28|2026-08-31|2026-09-01|2026-09-02|2026-09-03|2026-09-04|2026-09-08|2026-09-09|2026-09-10|2026-09-11|2026-09-14|2026-09-15|2026-09-16|2026-09-17|2026-09-18|2026-09-21|2026-09-23,2026-09-23 18:35:28,0.0
KLA,,2026-08-11|2026-08-12|2026-08-13|2026-08-14|2026-08-17|2026-08-18|2026-08-19|2026-08-20|2026-08-21|2026-08-24|2026-08-25|2026-08-26|2026-08-27|2026-08-28|2026-08-31|2026-09-01|2026-09-02|2026-09-03|2026-09-04|2026-09-08|2026-09-09|2026-09-10|2026-09-11|2026-09-14|2026-09-15|2026-09-16|2026-09-17|2026-09-18|2026-09-21|2026-09-23,2026-09-23 18:35:28,0.0
QXO Building Products,,2026-08-11|2026-08-12|2026-08-13|2026-08-14|2026-08-17|2026-08-18|2026-08-19|2026-08-20|2026-08-21|2026-08-24|2026-08-25|2026-08-26|2026-08-27|2026-08-28|2026-08-31|2026-09-01|2026-09-02|2026-09-03|2026-09-04|2026-09-08|2026-09-09|2026-09-10|2026-09-11|2026-09-14|2026-09-15|2026-09-16|2026-09-17|2026-09-18|2026-09-21|2026-09-23,2026-09-23 18:35:28,0.0
APA,,2026-08-11|2026-08-12|2026-08-13|2026-08-14|2026-08-17|2026-08-18|2026-08-19|2026-08-20|2026-08-21|2026-08-24|2026-08-25|2026-08-26|2026-08-27|2026-08-28|2026-08-31|2026-09-01|2026-09-02|2026-09-03|2026-09-04|2026-09-08|2026-09-09|2026-09-10|2026-09-11|2026-09-14|2026-09-15|2026-09-16|2026-09-17|2026-09-18|2026-09-21|2026-09-23,2026-09-23 18:35:28,0.0
Biogen,,2026-08-11|2026-08-12|2026-08-13|2026-08-14|2026-08-17|2026-08-18|2026-08-19|2026-08-20|2026-08-21|2026-08-24|2026-08-25|2026-08-26|2026-08-27|2026-08-28|2026-08-31|2026-09-01|2026-09-02|2026-09-03|2026-09-04|2026-09-08|2026-09-09|2026-09-10|2026-09-11|2026-09-14|2026-09-15|2026-09-16|2026-09-17|2026-09-18|2026-09-21|2026-09-23,2026-09-23 18:35:28,0.0
Campbell Soup,,2026-08-11|2026-08-12|2026-08-13|2026-08-14|2026-08-17|2026-08-18|2026-08-19|2026-08-20|2026-08-21|2026-08-24|2026-08-25|2026-08-26|2026-08-27|2026-08-28|2026-08-31|2026-09-01|2026-09-02|2026-09-03|2026-09-04|2026-09-08|2026-09-09|2026-09-10|2026-09-11|2026-09-14|2026-09-15|2026-09-16|2026-09-17|2026-09-18|2026-09-21|2026-09-23,2026-09-23 18:35:28,0.0
Concentrix,,2026-08-11|2026-08-12|2026-08-13|2026-08-14|2026-08-17|2026-08-18|2026-08-19|2026-08-20|2026-08-21|2026-08-24|2026-08-25|2026-08-26|2026-08-27|2026-08-28|2026-08-31|2026-09-01|2026-09-02|2026-09-03|2026-09-04|2026-09-08|2026-09-09|2026-09-10|2026-09-11|2026-09-14|2026-09-15|2026-09-16|2026-09-17|2026-09-18|2026-09-21|2026-09-23,2026-09-23 18:35:28,0.0
Cintas,,2026-08-11|2026-08-12|2026-08-13|2026-08-14|2026-08-17|2026-08-18|2026-08-19|2026-08-20|2026-08-21|2026-08-24|2026-08-25|2026-08-26|2026-08-27|2026-08-28|2026-08-31|2026-09-01|2026-09-02|2026-09-03|2026-09-04|2026-09-08|2026-09-09|2026-09-10|2026-09-11|2026-09-14|2026-09-15|2026-09-16|2026-09-17|2026-09-18|2026-09-21|2026-09-23,2026-09-23 18:35:28,0.0
Analog Devices,,2026-08-11|2026-08-12|2026-08-13|2026-08-14|2026-08-17|2026-08-18|2026-08-19|2026-08-20|2026-08-21|2026-08-24|2026-08-25|2026-08-26|2026-08-27|2026-08-28|2026-08-31|2026-09-01|2026-09-02|2026-09-03|2026-09-04|2026-09-08|2026-09-09|2026-09-10|2026-09-11|2026-09-14|2026-09-15|2026-09-16|2026-09-17|2026-09-18|2026-09-21|2026-09-23,2026-09-23 18:35:28,0.0
Eastman Chemical,,2026-08-11|2026-08-12|2026-08-13|2026-08-14|2026-08-17|2026-08-18|2026-08-19|2026-08-20|2026-08-21|2026-08-24|2026-08-25|2026-08-26|2026-08-27|2026-08-28|2026-08-31|2026-09-01|2026-09-02|2026-09-03|2026-09-04|2026-09-08|2026-09-09|2026-09-10|2026-09-11|2026-09-14|2026-09-15|2026-09-16|2026-09-17|2026-09-18|2026-09-21|2026-09-23,2026-09-23 18:35:28,0.0
Interactive Brokers,,2026-08-11|2026-08-12|2026-08-13|2026-08-14|2026-08-17|2026-08-18|2026-08-19|2026-08-20|2026-08-21|2026-08-24|2026-08-25|2026-08-26|2026-08-27|2026-08-28|2026-08-31|2026-09-01|2026-09-02|2026-09-03|2026-09-04|2026-09-08|2026-09-09|2026-09-10|2026-09-11|2026-09-14|2026-09-15|2026-09-16|2026-09-17|2026-09-18|2026-09-21|2026-09-23,2026-09-23 18:35:28,0.0
Regions Financial,,2026-08-11|2026-08-12|2026-08-13|2026-08-14|2026-08-17|2026-08-18|2026-08-19|2026-08-20|2026-08-21|2026-08-24|2026-08-25|2026-08-26|2026-08-27|2026-08-28|2026-08-31|2026-09-01|2026-09-02|2026-09-03|2026-09-04|2026-09-08|2026-09-09|2026-09-10|2026-09-11|2026-09-14|2026-09-15|2026-09-16|2026-09-17|2026-09-18|2026-09-21|2026-09-23,2026-09-23 18:35:28,0.0
JetBlue Airways,,2026-08-11|2026-08-12|2026-08-13|2026-08-14|2026-08-17|2026-08-18|2026-08-19|2026-08-20|2026-08-21|2026-08-24|2026-08-25|2026-08-26|2026-08-27|2026-08-28|2026-08-31|2026-09-01|2026-09-02|2026-09-03|2026-09-04|2026-09-08|2026-09-09|2026-09-10|2026-09-11|2026-09-14|2026-09-15|2026-09-16|2026-09-17|2026-09-18|2026-09-21|2026-09-23,2026-09-23 18:35:28,0.0
Zoetis,,2026-08-11|2026-08-12|2026-08-13|2026-08-14|2026-08-17|2026-08-18|2026-08-19|2026-08-20|2026-08-21|2026-08-24|2026-08-25|2026-08-26|2026-08-27|2026-08-28|2026-08-31|2026-09-01|2026-09-02|2026-09-03|2026-09-04|2026-09-08|2026-09-09|2026-09-10|2026-09-11|2026-09-14|2026-09-15|2026-09-16|2026-09-17|2026-09-18|2026-09-21|2026-09-23,2026-09-23 18:35:28,0.0
KeyCorp,,2026-08-11|2026-08-12|2026-08-13|2026-08-14|2026-08-17|2026-08-18|2026-08-19|2026-08-20|2026-08-21|2026-08-24|2026-08-25|2026-08-26|2026-08-27|2026-08-28|2026-08-31|2026-09-01|2026-09-02|2026-09-03|2026-09-04|2026-09-08|2026-09-09|2026-09-10|2026-09-11|2026-09-14|2026-09-15|2026-09-16|2026-09-17|2026-09-18|2026-09-21|2026-09-23,2026-09-23 18:35:28,0.0
Oscar Health,,2026-08-11|2026-08-12|2026-08-13|2026-08-14|2026-08-17|2026-08-18|2026-08-19|2026-08-20|2026-08-21|2026-08-24|2026-08-25|2026-08-26|2026-08-27|2026-08-28|2026-08-31|2026-09-01|2026-09-02|2026-09-03|2026-09-04|2026-09-08|2026-09-09|2026-09-10|2026-09-11|2026-09-14|2026-09-15|2026-09-16|2026-09-17|2026-09-18|2026-09-21|2026-09-23,2026-09-23 18:35:28,0.0
Ovintiv,,2026-08-11|2026-08-12|2026-08-13|2026-08-14|2026-08-17|2026-08-18|2026-08-19|2026-08-20|2026-08-21|2026-08-24|2026-08-25|2026-08-26|2026-08-27|2026-08-28|2026-08-31|2026-09-01|2026-09-02|2026-09-03|2026-09-04|2026-09-08|2026-09-09|2026-09-10|2026-09-11|2026-09-14|2026-09-15|2026-09-16|2026-09-17|2026-09-18|2026-09-21|2026-09-23,2026-09-23 18:35:28,0.0
Seaboard,,2026-08-11|2026-08-12|2026-08-13|2026-08-14|2026-08-17|2026-08-18|2026-08-19|2026-08-20|2026-08-21|2026-08-24|2026-08-25|2026-08-26|2026-08-27|2026-08-28|2026-08-31|2026-09-01|2026-09-02|2026-09-03|2026-09-04|2026-09-08|2026-09-09|2026-09-10|2026-09-11|2026-09-14|2026-09-15|2026-09-16|2026-09-17|2026-09-18|2026-09-21|2026-09-23,2026-09-23 18:35:28,0.0
Hertz,,2026-08-11|2026-08-12|2026-08-13|2026-08-14|2026-08-17|2026-08-18|2026-08-19|2026-08-20|2026-08-21|2026-08-24|2026-08-25|2026-08-26|2026-08-27|2026-08-28|2026-08-31|2026-09-01|2026-09-02|2026-09-03|2026-09-04|2026-09-08|2026-09-09|2026-09-10|2026-09-11|2026-09-14|2026-09-15|2026-09-16|2026-09-17|2026-09-18|2026-09-21|2026-09-23,2026-09-23 18:35:28,0.0
NOV,,2026-08-11|2026-08-12|2026-08-13|2026-08-14|2026-08-17|2026-08-18|2026-08-19|2026-08-20|2026-08-21|2026-08-24|2026-08-25|2026-08-26|2026-08-27|2026-08-28|2026-08-31|2026-09-01|2026-09-02|2026-09-03|2026-09-04|2026-09-08|2026-09-09|2026-09-10|2026-09-11|2026-09-14|2026-09-15|2026-09-16|2026-09-17|2026-09-18|2026-09-21|2026-09-23,2026-09-23 18:35:28,0.0
Graphic Packaging,,2026-08-11|2026-08-12|2026-08-13|2026-08-14|2026-08-17|2026-08-18|2026-08-19|2026-08-20|2026-08-21|2026-08-24|2026-08-25|2026-08-26|2026-08-27|2026-08-28|2026-08-31|2026-09-01|2026-09-02|2026-09-03|2026-09-04|2026-09-08|2026-09-09|2026-09-10|2026-09-11|2026-09-14|2026-09-15|2026-09-16|2026-09-17|2026-09-18|2026-09-21|2026-09-23,2026-09-23 18:35:28,0.0
Avery Dennison,,2026-08-11|2026-08-12|2026-08-13|2026-08-14|2026-08-17|2026-08-18|2026-08-19|2026-08-20|2026-08-21|2026-08-24|2026-08-25|2026-08-26|2026-08-27|2026-08-28|2026-08-31|2026-09-01|2026-09-02|2026-09-03|2026-09-04|2026-09-08|2026-09-09|2026-09-10|2026-09-11|2026-09-14|2026-09-15|2026-09-16|2026-09-17|2026-09-18|2026-09-21|2026-09-23,2026-09-23 18:35:28,0.0
Equinix,,2026-08-11|2026-08-12|2026-08-13|2026-08-14|2026-08-17|2026-08-18|2026-08-19|2026-08-20|2026-08-21|2026-08-24|2026-08-25|2026-08-26|2026-08-27|2026-08-28|2026-08-31|2026-09-01|2026-09-02|2026-09-03|2026-09-04|2026-09-08|2026-09-09|2026-09-10|2026-09-11|2026-09-14|2026-09-15|2026-09-16|2026-09-17|2026-09-18|2026-09-21|2026-09-23,2026-09-23 18:35:28,0.0
Insight Enterprises,,2026-08-11|2026-08-12|2026-08-13|2026-08-14|2026-08-17|2026-08-18|2026-08-19|2026-08-20|2026-08-21|2026-08-24|2026-08-25|2026-08-26|2026-08-27|2026-08-28|2026-08-31|2026-09-01|2026-09-02|2026-09-03|2026-09-04|2026-09-08|2026-09-09|2026-09-10|2026-09-11|2026-09-14|2026-09-15|2026-09-16|2026-09-17|2026-09-18|2026-09-21|2026-09-23,2026-09-23 18:35:28,0.0
Sirius XM,,2026-08-11|2026-08-12|2026-08-13|2026-08-14|2026-08-17|2026-08-18|2026-08-19|2026-08-20|2026-08-21|2026-08-24|2026-08-25|2026-08-26|2026-08-27|2026-08-28|2026-08-31|2026-09-01|2026-09-02|2026-09-03|2026-09-04|2026-09-08|2026-09-09|2026-09-10|2026-09-11|2026-09-14|2026-09-15|2026-09-16|2026-09-17|2026-09-18|2026-09-21|2026-09-23,2026-09-23 18:35:28,0.0
PVH,,2026-08-11|2026-08-12|2026-08-13|2026-08-14|2026-08-17|2026-08-18|2026-08-19|2026-08-20|2026-08-21|2026-08-24|2026-08-25|2026-08-26|2026-08-27|2026-08-28|2026-08-31|2026-09-01|2026-09-02|2026-09-03|2026-09-04|2026-09-08|2026-09-09|2026-09-10|2026-09-11|2026-09-14|2026-09-15|2026-09-16|2026-09-17|2026-09-18|2026-09-21|2026-09-23,2026-09-23 18:35:28,0.0
CenterPoint Energy,,2026-08-11|2026-08-12|2026-08-13|2026-08-14|2026-08-17|2026-08-18|2026-08-19|2026-08-20|2026-08-21|2026-08-24|2026-08-25|2026-08-26|2026-08-27|2026-08-28|2026-08-31|2026-09-01|2026-09-02|2026-09-03|2026-09-04|2026-09-08|2026-09-09|2026-09-10|2026-09-11|2026-09-14|2026-09-15|2026-09-16|2026-09-17|2026-09-18|2026-09-21|2026-09-23,2026-09-23 18:35:28,0.0
WEC Energy,,2026-08-11|2026-08-12|2026-08-13|2026-08-14|2026-08-17|2026-08-18|2026-08-19|2026-08-20|2026-08-21|2026-08-24|2026-08-25|2026-08-26|2026-08-27|2026-08-28|2026-08-31|2026-09-01|2026-09-02|2026-09-03|2026-09-04|2026-09-08|2026-09-09|2026-09-10|2026-09-11|2026-09-14|2026-09-15|2026-09-16|2026-09-17|2026-09-18|2026-09-21|2026-09-23,2026-09-23 18:35:28,0.0
Xylem Inc,,2026-08-11|2026-08-12|2026-08-13|2026-08-14|2026-08-17|2026-08-18|2026-08-19|2026-08-20|2026-08-21|2026-08-24|2026-08-25|2026-08-26|2026-08-27|2026-08-28|2026-08-31|2026-09-01|2026-09-02|2026-09-03|2026-09-04|2026-09-08|2026-09-09|2026-09-10|2026-09-11|2026-09-14|2026-09-15|2026-09-16|2026-09-17|2026-09-18|2026-09-21|2026-09-23,2026-09-23 18:35:28,0.0
Franklin Resources,,2026-08-11|2026-08-12|2026-08-13|2026-08-14|2026-08-17|2026-08-18|2026-08-19|2026-08-20|2026-08-21|2026-08-24|2026-08-25|2026-08-26|2026-08-27|2026-08-28|2026-08-31|2026-09-01|2026-09-02|2026-09-03|2026-09-04|2026-09-08|2026-09-09|2026-09-10|2026-09-11|2026-09-14|2026-09-15|2026-09-16|2026-09-17|2026-09-18|2026-09-21|2026-09-23,2026-09-23 18:35:28,0.0
PPL Corporation,,2026-08-11|2026-08-12|2026-08-13|2026-08-14|2026-08-17|2026-08-18|2026-08-19|2026-08-20|2026-08-21|2026-08-24|2026-08-25|2026-08-26|2026-08-27|2026-08-28|2026-08-31|2026-09-01|2026-09-02|2026-09-03|2026-09-04|2026-09-08|2026-09-09|2026-09-10|2026-09-11|2026-09-14|2026-09-15|2026-09-16|2026-09-17|2026-09-18|2026-09-21|2026-09-23,2026-09-23 18:35:28,0.0
Workday,,2026-08-11|2026-08-12|2026-08-13|2026-08-14|2026-08-17|2026-08-18|2026-08-19|2026-08-20|2026-08-21|2026-08-24|2026-08-25|2026-08-26|2026-08-27|2026-08-28|2026-08-31|2026-09-01|2026-09-02|2026-09-03|2026-09-04|2026-09-08|2026-09-09|2026-09-10|2026-09-11|2026-09-14|2026-09-15|2026-09-16|2026-09-17|2026-09-18|2026-09-21|2026-09-23,2026-09-23 18:35:28,0.0
Dover Corporation,,2026-08-11|2026-08-12|2026-08-13|2026-08-14|2026-08-17|2026-08-18|2026-08-19|2026-08-20|2026-08-21|2026-08-24|2026-08-25|2026-08-26|2026-08-27|2026-08-28|2026-08-31|2026-09-01|2026-09-02|2026-09-03|2026-09-04|2026-09-08|2026-09-09|2026-09-10|2026-09-11|2026-09-14|2026-09-15|2026-09-16|2026-09-17|2026-09-18|2026-09-21|2026-09-23,2026-09-23 18:35:28,0.0
Packaging Corp of America,,2026-08-11|2026-08-12|2026-08-13|2026-08-14|2026-08-17|2026-08-18|2026-08-19|2026-08-20|2026-08-21|2026-08-24|2026-08-25|2026-08-26|2026-08-27|2026-08-28|2026-08-31|2026-09-01|2026-09-02|2026-09-03|2026-09-04|2026-09-08|2026-09-09|2026-09-10|2026-09-11|2026-09-14|2026-09-15|2026-09-16|2026-09-17|2026-09-18|2026-09-21|2026-09-23,2026-09-23 18:35:28,0.0
ABM Industries,,2026-08-11|2026-08-12|2026-08-13|2026-08-14|2026-08-17|2026-08-18|2026-08-19|2026-08-20|2026-08-21|2026-08-24|2026-08-25|2026-08-26|2026-08-27|2026-08-28|2026-08-31|2026-09-01|2026-09-02|2026-09-03|2026-09-04|2026-09-08|2026-09-09|2026-09-10|2026-09-11|2026-09-14|2026-09-15|2026-09-16|2026-09-17|2026-09-18|2026-09-21|2026-09-23,2026-09-23 18:35:28,0.0
Intuitive Surgical,,2026-08-11|2026-08-12|2026-08-13|2026-08-14|2026-08-17|2026-08-18|2026-08-19|2026-08-20|2026-08-21|2026-08-24|2026-08-25|2026-08-26|2026-08-27|2026-08-28|2026-08-31|2026-09-01|2026-09-02|2026-09-03|2026-09-04|2026-09-08|2026-09-09|2026-09-10|2026-09-11|2026-09-14|2026-09-15|2026-09-16|2026-09-17|2026-09-18|2026-09-21|2026-09-23,2026-09-23 18:35:28,0.0
American Financial Group,,2026-08-11|2026-08-12|2026-08-13|2026-08-14|2026-08-17|2026-08-18|2026-08-19|2026-08-20|2026-08-21|2026-08-24|2026-08-25|2026-08-26|2026-08-27|2026-08-28|2026-08-31|2026-09-01|2026-09-02|2026-09-03|2026-09-04|2026-09-08|2026-09-09|2026-09-10|2026-09-11|2026-09-14|2026-09-15|2026-09-16|2026-09-17|2026-09-18|2026-09-21|2026-09-23,2026-09-23 18:35:28,0.0
Rockwell Automation,,2026-08-11|2026-08-12|2026-08-13|2026-08-14|2026-08-17|2026-08-18|2026-08-19|2026-08-20|2026-08-21|2026-08-24|2026-08-25|2026-08-26|2026-08-27|2026-08-28|2026-08-31|2026-09-01|2026-09-02|2026-09-03|2026-09-04|2026-09-08|2026-09-09|2026-09-10|2026-09-11|2026-09-14|2026-09-15|2026-09-16|2026-09-17|2026-09-18|2026-09-21|2026-09-23,2026-09-23 18:35:28,0.0
Solventum,,2026-08-11|2026-08-12|2026-08-13|2026-08-14|2026-08-17|2026-08-18|2026-08-19|2026-08-20|2026-08-21|2026-08-24|2026-08-25|2026-08-26|2026-08-27|2026-08-28|2026-08-31|2026-09-01|2026-09-02|2026-09-03|2026-09-04|2026-09-08|2026-09-09|2026-09-10|2026-09-11|2026-09-14|2026-09-15|2026-09-16|2026-09-17|2026-09-18|2026-09-21|2026-09-23,2026-09-23 18:35:28,0.0
Old Republic International,,2026-08-11|2026-08-12|2026-08-13|2026-08-14|2026-08-17|2026-08-18|2026-08-19|2026-08-20|2026-08-21|2026-08-24|2026-08-25|2026-08-26|2026-08-27|2026-08-28|2026-08-31|2026-09-01|2026-09-02|2026-09-03|2026-09-04|2026-09-08|2026-09-09|2026-09-10|2026-09-11|2026-09-14|2026-09-15|2026-09-16|2026-09-17|2026-09-18|2026-09-21|2026-09-23,2026-09-23 18:35:28,0.0
Prologis,,2026-08-11|2026-08-12|2026-08-13|2026-08-14|2026-08-17|2026-08-18|2026-08-19|2026-08-20|2026-08-21|2026-08-24|2026-08-25|2026-08-26|2026-08-27|2026-08-28|2026-08-31|2026-09-01|2026-09-02|2026-09-03|2026-09-04|2026-09-08|2026-09-09|2026-09-10|2026-09-11|2026-09-14|2026-09-15|2026-09-16|2026-09-17|2026-09-18|2026-09-21|2026-09-23,2026-09-23 18:35:28,0.0
JM Smucker,,2026-08-11|2026-08-12|2026-08-13|2026-08-14|2026-08-17|2026-08-18|2026-08-19|2026-08-20|2026-08-21|2026-08-24|2026-08-25|2026-08-26|2026-08-27|2026-08-28|2026-08-31|2026-09-01|2026-09-02|2026-09-03|2026-09-04|2026-09-08|2026-09-09|2026-09-10|2026-09-11|2026-09-14|2026-09-15|2026-09-16|2026-09-17|2026-09-18|2026-09-21|2026-09-23,2026-09-23 18:35:28,0.0
Taylor Morrison Home,,2026-07-23,2026-09-23 18:35:28,0.0
XPO,,2026-08-11|2026-08-12|2026-08-13|2026-08-14|2026-08-17|2026-08-18|2026-08-19|2026-08-20|2026-08-21|2026-08-24|2026-08-25|2026-08-26|2026-08-27|2026-08-28|2026-08-31|2026-09-01|2026-09-02|2026-09-03|2026-09-04|2026-09-08|2026-09-09|2026-09-10|2026-09-11|2026-09-14|2026-09-15|2026-09-16|2026-09-17|2026-09-18|2026-09-21|2026-09-23,2026-09-23 18:35:28,0.0
Voya Financial,,2026-08-11|2026-08-12|2026-08-13|2026-08-14|2026-08-17|2026-08-18|2026-08-19|2026-08-20|2026-08-21|2026-08-24|2026-08-25|2026-08-26|2026-08-27|2026-08-28|2026-08-31|2026-09-01|2026-09-02|2026-09-03|2026-09-04|2026-09-08|2026-09-09|2026-09-10|2026-09-11|2026-09-14|2026-09-15|2026-09-16|2026-09-17|2026-09-18|2026-09-21|2026-09-23,2026-09-23 18:35:28,0.0
Palo Alto Networks,,2026-08-11|2026-08-12|2026-08-13|2026-08-14|2026-08-17|2026-08-18|2026-08-19|2026-08-20|2026-08-21|2026-08-24|2026-08-25|2026-08-26|2026-08-27|2026-08-28|2026-08-31|2026-09-01|2026-09-02|2026-09-03|2026-09-04|2026-09-08|2026-09-09|2026-09-10|2026-09-11|2026-09-14|2026-09-15|2026-09-16|2026-09-17|2026-09-18|2026-09-21|2026-09-23,2026-09-23 18:35:28,0.0
Vertiv,,2026-08-11|2026-08-12|2026-08-13|2026-08-14|2026-08-17|2026-08-18|2026-08-19|2026-08-20|2026-08-21|2026-08-24|2026-08-25|2026-08-26|2026-08-27|2026-08-28|2026-08-31|2026-09-01|2026-09-02|2026-09-03|2026-09-04|2026-09-08|2026-09-09|2026-09-10|2026-09-11|2026-09-14|2026-09-15|2026-09-16|2026-09-17|2026-09-18|2026-09-21|2026-09-23,2026-09-23 18:35:28,0.0
Welltower,,2026-08-11|2026-08-12|2026-08-13|2026-08-14|2026-08-17|2026-08-18|2026-08-19|2026-08-20|2026-08-21|2026-08-24|2026-08-25|2026-08-26|2026-08-27|2026-08-28|2026-08-31|2026-09-01|2026-09-02|2026-09-03|2026-09-04|2026-09-08|2026-09-09|2026-09-10|2026-09-11|2026-09-14|2026-09-15|2026-09-16|2026-09-17|2026-09-18|2026-09-21|2026-09-23,2026-09-23 18:35:28,0.0
Par Pacific,,2026-08-11|2026-08-12|2026-08-13|2026-08-14|2026-08-17|2026-08-18|2026-08-19|2026-08-20|2026-08-21|2026-08-24|2026-08-25|2026-08-26|2026-08-27|2026-08-28|2026-08-31|2026-09-01|2026-09-02|2026-09-03|2026-09-04|2026-09-08|2026-09-09|2026-09-10|2026-09-11|2026-09-14|2026-09-15|2026-09-16|2026-09-17|2026-09-18|2026-09-21|2026-09-23,2026-09-23 18:35:28,0.0
TransDigm,,2026-08-11|2026-08-12|2026-08-13|2026-08-14|2026-08-17|2026-08-18|2026-08-19|2026-08-20|2026-08-21|2026-08-24|2026-08-25|2026-08-26|2026-08-27|2026-08-28|2026-08-31|2026-09-01|2026-09-02|2026-09-03|2026-09-04|2026-09-08|2026-09-09|2026-09-10|2026-09-11|2026-09-14|2026-09-15|2026-09-16|2026-09-17|2026-09-18|2026-09-21|2026-09-23,2026-09-23 18:35:28,0.0
Commercial Metals,,2026-08-11|2026-08-12|2026-08-13|2026-08-14|2026-08-17|2026-08-18|2026-08-19|2026-08-20|2026-08-21|2026-08-24|2026-08-25|2026-08-26|2026-08-27|2026-08-28|2026-08-31|2026-09-01|2026-09-02|2026-09-03|2026-09-04|2026-09-08|2026-09-09|2026-09-10|2026-09-11|2026-09-14|2026-09-15|2026-09-16|2026-09-17|2026-09-18|2026-09-21|2026-09-23,2026-09-23 18:35:28,0.0
Post Holdings,,2026-08-11|2026-08-12|2026-08-13|2026-08-14|2026-08-17|2026-08-18|2026-08-19|2026-08-20|2026-08-21|2026-08-24|2026-08-25|2026-08-26|2026-08-27|2026-08-28|2026-08-31|2026-09-01|2026-09-02|2026-09-03|2026-09-04|2026-09-08|2026-09-09|2026-09-10|2026-09-11|2026-09-14|2026-09-15|2026-09-16|2026-09-17|2026-09-18|2026-09-21|2026-09-23,2026-09-23 18:35:28,0.0
Masco,,2026-08-11|2026-08-12|2026-08-13|2026-08-14|2026-08-17|2026-08-18|2026-08-19|2026-08-20|2026-08-21|2026-08-24|2026-08-25|2026-08-26|2026-08-27|2026-08-28|2026-08-31|2026-09-01|2026-09-02|2026-09-03|2026-09-04|2026-09-08|2026-09-09|2026-09-10|2026-09-11|2026-09-14|2026-09-15|2026-09-16|2026-09-17|2026-09-18|2026-09-21|2026-09-23,2026-09-23 18:35:28,0.0
Rush Enterprises,,2026-08-11|2026-08-12|2026-08-13|2026-08-14|2026-08-17|2026-08-18|2026-08-19|2026-08-20|2026-08-21|2026-08-24|2026-08-25|2026-08-26|2026-08-27|2026-08-28|2026-08-31|2026-09-01|2026-09-02|2026-09-03|2026-09-04|2026-09-08|2026-09-09|2026-09-10|2026-09-11|2026-09-14|2026-09-15|2026-09-16|2026-09-17|2026-09-18|2026-09-21|2026-09-23,2026-09-23 18:35:28,0.0
KBR,,2026-08-11|2026-08-12|2026-08-13|2026-08-14|2026-08-17|2026-08-18|2026-08-19|2026-08-20|2026-08-21|2026-08-24|2026-08-25|2026-08-26|2026-08-27|2026-08-28|2026-08-31|2026-09-01|2026-09-02|2026-09-03|2026-09-04|2026-09-08|2026-09-09|2026-09-10|2026-09-11|2026-09-14|2026-09-15|2026-09-16|2026-09-17|2026-09-18|2026-09-21|2026-09-23,2026-09-23 18:35:28,0.0
Sprouts Farmers Market,,2026-08-11|2026-08-12|2026-08-13|2026-08-14|2026-08-17|2026-08-18|2026-08-19|2026-08-20|2026-08-21|2026-08-24|2026-08-25|2026-08-26|2026-08-27|2026-08-28|2026-08-31|2026-09-01|2026-09-02|2026-09-03|2026-09-04|2026-09-08|2026-09-09|2026-09-10|2026-09-11|2026-09-14|2026-09-15|2026-09-16|2026-09-17|2026-09-18|2026-09-21|2026-09-23,2026-09-23 18:35:28,0.0
Williams-Sonoma,,2026-08-11|2026-08-12|2026-08-13|2026-08-14|2026-08-17|2026-08-18|2026-08-19|2026-08-20|2026-08-21|2026-08-24|2026-08-25|2026-08-26|2026-08-27|2026-08-28|2026-08-31|2026-09-01|2026-09-02|2026-09-03|2026-09-04|2026-09-08|2026-09-09|2026-09-10|2026-09-11|2026-09-14|2026-09-15|2026-09-16|2026-09-17|2026-09-18|2026-09-21|2026-09-23,2026-09-23 18:35:28,0.0
Zimmer Biomet,,2026-08-11|2026-08-12|2026-08-13|2026-08-14|2026-08-17|2026-08-18|2026-08-19|2026-08-20|2026-08-21|2026-08-24|2026-08-25|2026-08-26|2026-08-27|2026-08-28|2026-08-31|2026-09-01|2026-09-02|2026-09-03|2026-09-04|2026-09-08|2026-09-09|2026-09-10|2026-09-11|2026-09-14|2026-09-15|2026-09-16|2026-09-17|2026-09-18|2026-09-21|2026-09-23,2026-09-23 18:35:28,0.0
CACI International,,2026-08-11|2026-08-12|2026-08-13|2026-08-14|2026-08-17|2026-08-18|2026-08-19|2026-08-20|2026-08-21|2026-08-24|2026-08-25|2026-08-26|2026-08-27|2026-08-28|2026-08-31|2026-09-01|2026-09-02|2026-09-03|2026-09-04|2026-09-08|2026-09-09|2026-09-10|2026-09-11|2026-09-14|2026-09-15|2026-09-16|2026-09-17|2026-09-18|2026-09-21|2026-09-23,2026-09-23 18:35:28,0.0
Microchip Technology,,2026-08-11|2026-08-12|2026-08-13|2026-08-14|2026-08-17|2026-08-18|2026-08-19|2026-08-20|2026-08-21|2026-08-24|2026-08-25|2026-08-26|2026-08-27|2026-08-28|2026-08-31|2026-09-01|2026-09-02|2026-09-03|2026-09-04|2026-09-08|2026-09-09|2026-09-10|2026-09-11|2026-09-14|2026-09-15|2026-09-16|2026-09-17|2026-09-18|2026-09-21|2026-09-23,2026-09-23 18:35:28,0.0
Watsco,,2026-08-11|2026-08-12|2026-08-13|2026-08-14|2026-08-17|2026-08-18|2026-08-19|2026-08-20|2026-08-21|2026-08-24|2026-08-25|2026-08-26|2026-08-27|2026-08-28|2026-08-31|2026-09-01|2026-09-02|2026-09-03|2026-09-04|2026-09-08|2026-09-09|2026-09-10|2026-09-11|2026-09-14|2026-09-15|2026-09-16|2026-09-17|2026-09-18|2026-09-21|2026-09-23,2026-09-23 18:35:28,0.0
Newell Brands,,2026-08-11|2026-08-12|2026-08-13|2026-08-14|2026-08-17|2026-08-18|2026-08-19|2026-08-20|2026-08-21|2026-08-24|2026-08-25|2026-08-26|2026-08-27|2026-08-28|2026-08-31|2026-09-01|2026-09-02|2026-09-03|2026-09-04|2026-09-08|2026-09-09|2026-09-10|2026-09-11|2026-09-14|2026-09-15|2026-09-16|2026-09-17|2026-09-18|2026-09-21|2026-09-23,2026-09-23 18:35:28,0.0
ARKO,,2026-08-11|2026-08-12|2026-08-13|2026-08-14|2026-08-17|2026-08-18|2026-08-19|2026-08-20|2026-08-21|2026-08-24|2026-08-25|2026-08-26|2026-08-27|2026-08-28|2026-08-31|2026-09-01|2026-09-02|2026-09-03|2026-09-04|2026-09-08|2026-09-09|2026-09-10|2026-09-11|2026-09-14|2026-09-15|2026-09-16|2026-09-17|2026-09-18|2026-09-21|2026-09-23,2026-09-23 18:35:28,0.0
Sanmina,,2026-08-11|2026-08-12|2026-08-13|2026-08-14|2026-08-17|2026-08-18|2026-08-19|2026-08-20|2026-08-21|2026-08-24|2026-08-25|2026-08-26|2026-08-27|2026-08-28|2026-08-31|2026-09-01|2026-09-02|2026-09-03|2026-09-04|2026-09-08|2026-09-09|2026-09-10|2026-09-11|2026-09-14|2026-09-15|2026-09-16|2026-09-17|2026-09-18|2026-09-21|2026-09-23,2026-09-23 18:35:28,0.0
Electronic Arts,,2026-08-04,2026-09-23 18:35:28,0.0
Yum Brands,,2026-08-11|2026-08-12|2026-08-13|2026-08-14|2026-08-17|2026-08-18|2026-08-19|2026-08-20|2026-08-21|2026-08-24|2026-08-25|2026-08-26|2026-08-27|2026-08-28|2026-08-31|2026-09-01|2026-09-02|2026-09-03|2026-09-04|2026-09-08|2026-09-09|2026-09-10|2026-09-11|2026-09-14|2026-09-15|2026-09-16|2026-09-17|2026-09-18|2026-09-21|2026-09-23,2026-09-23 18:35:28,0.0
Fastenal,,2026-08-11|2026-08-12|2026-08-13|2026-08-14|2026-08-17|2026-08-18|2026-08-19|2026-08-20|2026-08-21|2026-08-24|2026-08-25|2026-08-26|2026-08-27|2026-08-28|2026-08-31|2026-09-01|2026-09-02|2026-09-03|2026-09-04|2026-09-08|2026-09-09|2026-09-10|2026-09-11|2026-09-14|2026-09-15|2026-09-16|2026-09-17|2026-09-18|2026-09-21|2026-09-23,2026-09-23 18:35:28,0.0
CMS Energy,,2026-08-11|2026-08-12|2026-08-13|2026-08-14|2026-08-17|2026-08-18|2026-08-19|2026-08-20|2026-08-21|2026-08-24|2026-08-25|2026-08-26|2026-08-27|2026-08-28|2026-08-31|2026-09-01|2026-09-02|2026-09-03|2026-09-04|2026-09-08|2026-09-09|2026-09-10|2026-09-11|2026-09-14|2026-09-15|2026-09-16|2026-09-17|2026-09-18|2026-09-21|2026-09-23,2026-09-23 18:35:28,0.0
Monster Beverage,,2026-08-11|2026-08-12|2026-08-13|2026-08-14|2026-08-17|2026-08-18|2026-08-19|2026-08-20|2026-08-21|2026-08-24|2026-08-25|2026-08-26|2026-08-27|2026-08-28|2026-08-31|2026-09-01|2026-09-02|2026-09-03|2026-09-04|2026-09-08|2026-09-09|2026-09-10|2026-09-11|2026-09-14|2026-09-15|2026-09-16|2026-09-17|2026-09-18|2026-09-21|2026-09-23,2026-09-23 18:35:28,0.0
Science Applications International,,2026-08-11|2026-08-12|2026-08-13|2026-08-14|2026-08-17|2026-08-18|2026-08-19|2026-08-20|2026-08-21|2026-08-24|2026-08-25|2026-08-26|2026-08-27|2026-08-28|2026-08-31|2026-09-01|2026-09-02|2026-09-03|2026-09-04|2026-09-08|2026-09-09|2026-09-10|2026-09-11|2026-09-14|2026-09-15|2026-09-16|2026-09-17|2026-09-18|2026-09-21|2026-09-23,2026-09-23 18:35:28,0.0
Core & Main,,2026-08-11|2026-08-12|2026-08-13|2026-08-14|2026-08-17|2026-08-18|2026-08-19|2026-08-20|2026-08-21|2026-08-24|2026-08-25|2026-08-26|2026-08-27|2026-08-28|2026-08-31|2026-09-01|2026-09-02|2026-09-03|2026-09-04|2026-09-08|2026-09-09|2026-09-10|2026-09-11|2026-09-14|2026-09-15|2026-09-16|2026-09-17|2026-09-18|2026-09-21|2026-09-23,2026-09-23 18:35:28,0.0
Howmet Aerospace,,2026-08-11|2026-08-12|2026-08-13|2026-08-14|2026-08-17|2026-08-18|2026-08-19|2026-08-20|2026-08-21|2026-08-24|2026-08-25|2026-08-26|2026-08-27|2026-08-28|2026-08-31|2026-09-01|2026-09-02|2026-09-03|2026-09-04|2026-09-08|2026-09-09|2026-09-10|2026-09-11|2026-09-14|2026-09-15|2026-09-16|2026-09-17|2026-09-18|2026-09-21|2026-09-23,2026-09-23 18:35:28,0.0
Ingredion,,2026-08-11|2026-08-12|2026-08-13|2026-08-14|2026-08-17|2026-08-18|2026-08-19|2026-08-20|2026-08-21|2026-08-24|2026-08-25|2026-08-26|2026-08-27|2026-08-28|2026-08-31|2026-09-01|2026-09-02|2026-09-03|2026-09-04|2026-09-08|2026-09-09|2026-09-10|2026-09-11|2026-09-14|2026-09-15|2026-09-16|2026-09-17|2026-09-18|2026-09-21|2026-09-23,2026-09-23 18:35:28,0.0
Vulcan Materials,,2026-08-11|2026-08-12|2026-08-13|2026-08-14|2026-08-17|2026-08-18|2026-08-19|2026-08-20|2026-08-21|2026-08-24|2026-08-25|2026-08-26|2026-08-27|2026-08-28|2026-08-31|2026-09-01|2026-09-02|2026-09-03|2026-09-04|2026-09-08|2026-09-09|2026-09-10|2026-09-11|2026-09-14|2026-09-15|2026-09-16|2026-09-17|2026-09-18|2026-09-21|2026-09-23,2026-09-23 18:35:28,0.0
Smurfit Westrock,,2026-08-11|2026-08-12|2026-08-13|2026-08-14|2026-08-17|2026-08-18|2026-08-19|2026-08-20|2026-08-21|2026-08-24|2026-08-25|2026-08-26|2026-08-27|2026-08-28|2026-08-31|2026-09-01|2026-09-02|2026-09-03|2026-09-04|2026-09-08|2026-09-09|2026-09-10|2026-09-11|2026-09-14|2026-09-15|2026-09-16|2026-09-17|2026-09-18|2026-09-21|2026-09-23,2026-09-23 18:35:28,0.0
Crown Holdings,,2026-08-11|2026-08-12|2026-08-13|2026-08-14|2026-08-17|2026-08-18|2026-08-19|2026-08-20|2026-08-21|2026-08-24|2026-08-25|2026-08-26|2026-08-27|2026-08-28|2026-08-31|2026-09-01|2026-09-02|2026-09-03|2026-09-04|2026-09-08|2026-09-09|2026-09-10|2026-09-11|2026-09-14|2026-09-15|2026-09-16|2026-09-17|2026-09-18|2026-09-21|2026-09-23,2026-09-23 18:35:28,0.0
Dana Incorporated,,2026-08-11|2026-08-12|2026-08-13|2026-08-14|2026-08-17|2026-08-18|2026-08-19|2026-08-20|2026-08-21|2026-08-24|2026-08-25|2026-08-26|2026-08-27|2026-08-28|2026-08-31|2026-09-01|2026-09-02|2026-09-03|2026-09-04|2026-09-08|2026-09-09|2026-09-10|2026-09-11|2026-09-14|2026-09-15|2026-09-16|2026-09-17|2026-09-18|2026-09-21|2026-09-23,2026-09-23 18:35:28,0.0
Albemarle Corporation,,2026-08-11|2026-08-12|2026-08-13|2026-08-14|2026-08-17|2026-08-18|2026-08-19|2026-08-20|2026-08-21|2026-08-24|2026-08-25|2026-08-26|2026-08-27|2026-08-28|2026-08-31|2026-09-01|2026-09-02|2026-09-03|2026-09-04|2026-09-08|2026-09-09|2026-09-10|2026-09-11|2026-09-14|2026-09-15|2026-09-16|2026-09-17|2026-09-18|2026-09-21|2026-09-23,2026-09-23 18:35:28,0.0
Polaris Inc,,2026-08-11|2026-08-12|2026-08-13|2026-08-14|2026-08-17|2026-08-18|2026-08-19|2026-08-20|2026-08-21|2026-08-24|2026-08-25|2026-08-26|2026-08-27|2026-08-28|2026-08-31|2026-09-01|2026-09-02|2026-09-03|2026-09-04|2026-09-08|2026-09-09|2026-09-10|2026-09-11|2026-09-14|2026-09-15|2026-09-16|2026-09-17|2026-09-18|2026-09-21|2026-09-23,2026-09-23 18:35:28,0.0
UGI Utilities Inc,,2026-08-11|2026-08-12|2026-08-13|2026-08-14|2026-08-17|2026-08-18|2026-08-19|2026-08-20|2026-08-21|2026-08-24|2026-08-25|2026-08-26|2026-08-27|2026-08-28|2026-08-31|2026-09-01|2026-09-02|2026-09-03|2026-09-04|2026-09-08|2026-09-09|2026-09-10|2026-09-11|2026-09-14|2026-09-15|2026-09-16|2026-09-17|2026-09-18|2026-09-21|2026-09-23,2026-09-23 18:35:28,0.0
Expand Energy Corporation,,2026-08-11|2026-08-12|2026-08-13|2026-08-14|2026-08-17|2026-08-18|2026-08-19|2026-08-20|2026-08-21|2026-08-24|2026-08-25|2026-08-26|2026-08-27|2026-08-28|2026-08-31|2026-09-01|2026-09-02|2026-09-03|2026-09-04|2026-09-08|2026-09-09|2026-09-10|2026-09-11|2026-09-14|2026-09-15|2026-09-16|2026-09-17|2026-09-18|2026-09-21|2026-09-23,2026-09-23 18:35:28,0.0
NGL Energy Partners,,2026-08-11|2026-08-12|2026-08-13|2026-08-14|2026-08-17|2026-08-18|2026-08-19|2026-08-20|2026-08-21|2026-08-24|2026-08-25|2026-08-26|2026-08-27|2026-08-28|2026-08-31|2026-09-01|2026-09-02|2026-09-03|2026-09-04|2026-09-08|2026-09-09|2026-09-10|2026-09-11|2026-09-14|2026-09-15|2026-09-16|2026-09-17|2026-09-18|2026-09-21|2026-09-23,2026-09-23 18:35:28,0.0
ON Semiconductor,,2026-08-11|2026-08-12|2026-08-13|2026-08-14|2026-08-17|2026-08-18|2026-08-19|2026-08-20|2026-08-21|2026-08-24|2026-08-25|2026-08-26|2026-08-27|2026-08-28|2026-08-31|2026-09-01|2026-09-02|2026-09-03|2026-09-04|2026-09-08|2026-09-09|2026-09-10|2026-09-11|2026-09-14|2026-09-15|2026-09-16|2026-09-17|2026-09-18|2026-09-21|2026-09-23,2026-09-23 18:35:28,0.0
Flagstar Financial,,2026-08-11|2026-08-12|2026-08-13|2026-08-14|2026-08-17|2026-08-18|2026-08-19|2026-08-20|2026-08-21|2026-08-24|2026-08-25|2026-08-26|2026-08-27|2026-08-28|2026-08-31|2026-09-01|2026-09-02|2026-09-03|2026-09-04|2026-09-08|2026-09-09|2026-09-10|2026-09-11|2026-09-14|2026-09-15|2026-09-16|2026-09-17|2026-09-18|2026-09-21|2026-09-23,2026-09-23 18:35:28,0.0
Weyerhaeuser,,2026-08-11|2026-08-12|2026-08-13|2026-08-14|2026-08-17|2026-08-18|2026-08-19|2026-08-20|2026-08-21|2026-08-24|2026-08-25|2026-08-26|2026-08-27|2026-08-28|2026-08-31|2026-09-01|2026-09-02|2026-09-03|2026-09-04|2026-09-08|2026-09-09|2026-09-10|2026-09-11|2026-09-14|2026-09-15|2026-09-16|2026-09-17|2026-09-18|2026-09-21|2026-09-23,2026-09-23 18:35:28,0.0
Genworth Financial,,2026-08-11|2026-08-12|2026-08-13|2026-08-14|2026-08-17|2026-08-18|2026-08-19|2026-08-20|2026-08-21|2026-08-24|2026-08-25|2026-08-26|2026-08-27|2026-08-28|2026-08-31|2026-09-01|2026-09-02|2026-09-03|2026-09-04|2026-09-08|2026-09-09|2026-09-10|2026-09-11|2026-09-14|2026-09-15|2026-09-16|2026-09-17|2026-09-18|2026-09-21|2026-09-23,2026-09-23 18:35:28,0.0
Bath & Body Works,,2026-08-11|2026-08-12|2026-08-13|2026-08-14|2026-08-17|2026-08-18|2026-08-19|2026-08-20|2026-08-21|2026-08-24|2026-08-25|2026-08-26|2026-08-27|2026-08-28|2026-08-31|2026-09-01|2026-09-02|2026-09-03|2026-09-04|2026-09-08|2026-09-09|2026-09-10|2026-09-11|2026-09-14|2026-09-15|2026-09-16|2026-09-17|2026-09-18|2026-09-21|2026-09-23,2026-09-23 18:35:28,0.0
Clorox,,2026-08-11|2026-08-12|2026-08-13|2026-08-14|2026-08-17|2026-08-18|2026-08-19|2026-08-20|2026-08-21|2026-08-24|2026-08-25|2026-08-26|2026-08-27|2026-08-28|2026-08-31|2026-09-01|2026-09-02|2026-09-03|2026-09-04|2026-09-08|2026-09-09|2026-09-10|2026-09-11|2026-09-14|2026-09-15|2026-09-16|2026-09-17|2026-09-18|2026-09-21|2026-09-23,2026-09-23 18:35:28,0.0
RPM International,,2026-08-11|2026-08-12|2026-08-13|2026-08-14|2026-08-17|2026-08-18|2026-08-19|2026-08-20|2026-08-21|2026-08-24|2026-08-25|2026-08-26|2026-08-27|2026-08-28|2026-08-31|2026-09-01|2026-09-02|2026-09-03|2026-09-04|2026-09-08|2026-09-09|2026-09-10|2026-09-11|2026-09-14|2026-09-15|2026-09-16|2026-09-17|2026-09-18|2026-09-21|2026-09-23,2026-09-23 18:35:28,0.0
UFP Industries,,2026-08-11|2026-08-12|2026-08-13|2026-08-14|2026-08-17|2026-08-18|2026-08-19|2026-08-20|2026-08-21|2026-08-24|2026-08-25|2026-08-26|2026-08-27|2026-08-28|2026-08-31|2026-09-01|2026-09-02|2026-09-03|2026-09-04|2026-09-08|2026-09-09|2026-09-10|2026-09-11|2026-09-14|2026-09-15|2026-09-16|2026-09-17|2026-09-18|2026-09-21|2026-09-23,2026-09-23 18:35:28,0.0
Ameren,,2026-08-11|2026-08-12|2026-08-13|2026-08-14|2026-08-17|2026-08-18|2026-08-19|2026-08-20|2026-08-21|2026-08-24|2026-08-25|2026-08-26|2026-08-27|2026-08-28|2026-08-31|2026-09-01|2026-09-02|2026-09-03|2026-09-04|2026-09-08|2026-09-09|2026-09-10|2026-09-11|2026-09-14|2026-09-15|2026-09-16|2026-09-17|2026-09-18|2026-09-21|2026-09-23,2026-09-23 18:35:28,0.0
Knight Swift Transportation,,2026-08-11|2026-08-12|2026-08-13|2026-08-14|2026-08-17|2026-08-18|2026-08-19|2026-08-20|2026-08-21|2026-08-24|2026-08-25|2026-08-26|2026-08-27|2026-08-28|2026-08-31|2026-09-01|2026-09-02|2026-09-03|2026-09-04|2026-09-08|2026-09-09|2026-09-10|2026-09-11|2026-09-14|2026-09-15|2026-09-16|2026-09-17|2026-09-18|2026-09-21|2026-09-23,2026-09-23 18:35:28,0.0
Super Micro Computer,,2026-08-11|2026-08-12|2026-08-13|2026-08-14|2026-08-17|2026-08-18|2026-08-19|2026-08-20|2026-08-21|2026-08-24|2026-08-25|2026-08-26|2026-08-27|2026-08-28|2026-08-31|2026-09-01|2026-09-02|2026-09-03|2026-09-04|2026-09-08|2026-09-09|2026-09-10|2026-09-11|2026-09-14|2026-09-15|2026-09-16|2026-09-17|2026-09-18|2026-09-21|2026-09-23,2026-09-23 18:35:28,0.0
O-I Glass,,2026-08-11|2026-08-12|2026-08-13|2026-08-14|2026-08-17|2026-08-18|2026-08-19|2026-08-20|2026-08-21|2026-08-24|2026-08-25|2026-08-26|2026-08-27|2026-08-28|2026-08-31|2026-09-01|2026-09-02|2026-09-03|2026-09-04|2026-09-08|2026-09-09|2026-09-10|2026-09-11|2026-09-14|2026-09-15|2026-09-16|2026-09-17|2026-09-18|2026-09-21|2026-09-23,2026-09-23 18:35:28,0.0
Crown Castle,,2026-08-11|2026-08-12|2026-08-13|2026-08-14|2026-08-17|2026-08-18|2026-08-19|2026-08-20|2026-08-21|2026-08-24|2026-08-25|2026-08-26|2026-08-27|2026-08-28|2026-08-31|2026-09-01|2026-09-02|2026-09-03|2026-09-04|2026-09-08|2026-09-09|2026-09-10|2026-09-11|2026-09-14|2026-09-15|2026-09-16|2026-09-17|2026-09-18|2026-09-21|2026-09-23,2026-09-23 18:35:28,0.0
Avantor,,2026-08-11|2026-08-12|2026-08-13|2026-08-14|2026-08-17|2026-08-18|2026-08-19|2026-08-20|2026-08-21|2026-08-24|2026-08-25|2026-08-26|2026-08-27|2026-08-28|2026-08-31|2026-09-01|2026-09-02|2026-09-03|2026-09-04|2026-09-08|2026-09-09|2026-09-10|2026-09-11|2026-09-14|2026-09-15|2026-09-16|2026-09-17|2026-09-18|2026-09-21|2026-09-23,2026-09-23 18:35:28,0.0
Opendoor Technologies,,2026-08-11|2026-08-12|2026-08-13|2026-08-14|2026-08-17|2026-08-18|2026-08-19|2026-08-20|2026-08-21|2026-08-24|2026-08-25|2026-08-26|2026-08-27|2026-08-28|2026-08-31|2026-09-01|2026-09-02|2026-09-03|2026-09-04|2026-09-08|2026-09-09|2026-09-10|2026-09-11|2026-09-14|2026-09-15|2026-09-16|2026-09-17|2026-09-18|2026-09-21|2026-09-23,2026-09-23 18:35:28,0.0
APi Group,,2026-08-11|2026-08-12|2026-08-13|2026-08-14|2026-08-17|2026-08-18|2026-08-19|2026-08-20|2026-08-21|2026-08-24|2026-08-25|2026-08-26|2026-08-27|2026-08-28|2026-08-31|2026-09-01|2026-09-02|2026-09-03|2026-09-04|2026-09-08|2026-09-09|2026-09-10|2026-09-11|2026-09-14|2026-09-15|2026-09-16|2026-09-17|2026-09-18|2026-09-21|2026-09-23,2026-09-23 18:35:28,0.0
EQT,,2026-08-11|2026-08-12|2026-08-13|2026-08-14|2026-08-17|2026-08-18|2026-08-19|2026-08-20|2026-08-21|2026-08-24|2026-08-25|2026-08-26|2026-08-27|2026-08-28|2026-08-31|2026-09-01|2026-09-02|2026-09-03|2026-09-04|2026-09-08|2026-09-09|2026-09-10|2026-09-11|2026-09-14|2026-09-15|2026-09-16|2026-09-17|2026-09-18|2026-09-21|2026-09-23,2026-09-23 18:35:28,0.0
Xerox,,2026-08-11|2026-08-12|2026-08-13|2026-08-14|2026-08-17|2026-08-18|2026-08-19|2026-08-20|2026-08-21|2026-08-24|2026-08-25|2026-08-26|2026-08-27|2026-08-28|2026-08-31|2026-09-01|2026-09-02|2026-09-03|2026-09-04|2026-09-08|2026-09-09|2026-09-10|2026-09-11|2026-09-14|2026-09-15|2026-09-16|2026-09-17|2026-09-18|2026-09-21|2026-09-23,2026-09-23 18:35:28,0.0
Ingersoll Rand,,2026-08-11|2026-08-12|2026-08-13|2026-08-14|2026-08-17|2026-08-18|2026-08-19|2026-08-20|2026-08-21|2026-08-24|2026-08-25|2026-08-26|2026-08-27|2026-08-28|2026-08-31|2026-09-01|2026-09-02|2026-09-03|2026-09-04|2026-09-08|2026-09-09|2026-09-10|2026-09-11|2026-09-14|2026-09-15|2026-09-16|2026-09-17|2026-09-18|2026-09-21|2026-09-23,2026-09-23 18:35:28,0.0
Dillards,,2026-08-11|2026-08-12|2026-08-13|2026-08-14|2026-08-17|2026-08-18|2026-08-19|2026-08-20|2026-08-21|2026-08-24|2026-08-25|2026-08-26|2026-08-27|2026-08-28|2026-08-31|2026-09-01|2026-09-02|2026-09-03|2026-09-04|2026-09-08|2026-09-09|2026-09-10|2026-09-11|2026-09-14|2026-09-15|2026-09-16|2026-09-17|2026-09-18|2026-09-21|2026-09-23,2026-09-23 18:35:28,0.0
Martin Marietta Materials,,2026-08-11|2026-08-12|2026-08-13|2026-08-14|2026-08-17|2026-08-18|2026-08-19|2026-08-20|2026-08-21|2026-08-24|2026-08-25|2026-08-26|2026-08-27|2026-08-28|2026-08-31|2026-09-01|2026-09-02|2026-09-03|2026-09-04|2026-09-08|2026-09-09|2026-09-10|2026-09-11|2026-09-14|2026-09-15|2026-09-16|2026-09-17|2026-09-18|2026-09-21|2026-09-23,2026-09-23 18:35:28,0.0
Moderna,,2026-08-11|2026-08-12|2026-08-13|2026-08-14|2026-08-17|2026-08-18|2026-08-19|2026-08-20|2026-08-21|2026-08-24|2026-08-25|2026-08-26|2026-08-27|2026-08-28|2026-08-31|2026-09-01|2026-09-02|2026-09-03|2026-09-04|2026-09-08|2026-09-09|2026-09-10|2026-09-11|2026-09-14|2026-09-15|2026-09-16|2026-09-17|2026-09-18|2026-09-21|2026-09-23,2026-09-23 18:35:28,0.0
Boise Cascade,,2026-08-11|2026-08-12|2026-08-13|2026-08-14|2026-08-17|2026-08-18|2026-08-19|2026-08-20|2026-08-21|2026-08-24|2026-08-25|2026-08-26|2026-08-27|2026-08-28|2026-08-31|2026-09-01|2026-09-02|2026-09-03|2026-09-04|2026-09-08|2026-09-09|2026-09-10|2026-09-11|2026-09-14|2026-09-15|2026-09-16|2026-09-17|2026-09-18|2026-09-21|2026-09-23,2026-09-23 18:35:28,0.0
Agilent Technologies,,2026-08-11|2026-08-12|2026-08-13|2026-08-14|2026-08-17|2026-08-18|2026-08-19|2026-08-20|2026-08-21|2026-08-24|2026-08-25|2026-08-26|2026-08-27|2026-08-28|2026-08-31|2026-09-01|2026-09-02|2026-09-03|2026-09-04|2026-09-08|2026-09-09|2026-09-10|2026-09-11|2026-09-14|2026-09-15|2026-09-16|2026-09-17|2026-09-18|2026-09-21|2026-09-23,2026-09-23 18:35:28,0.0
Olin Corporation,,2026-08-11|2026-08-12|2026-08-13|2026-08-14|2026-08-17|2026-08-18|2026-08-19|2026-08-20|2026-08-21|2026-08-24|2026-08-25|2026-08-26|2026-08-27|2026-08-28|2026-08-31|2026-09-01|2026-09-02|2026-09-03|2026-09-04|2026-09-08|2026-09-09|2026-09-10|2026-09-11|2026-09-14|2026-09-15|2026-09-16|2026-09-17|2026-09-18|2026-09-21|2026-09-23,2026-09-23 18:35:28,0.0
Darling Ingredients,,2026-08-11|2026-08-12|2026-08-13|2026-08-14|2026-08-17|2026-08-18|2026-08-19|2026-08-20|2026-08-21|2026-08-24|2026-08-25|2026-08-26|2026-08-27|2026-08-28|2026-08-31|2026-09-01|2026-09-02|2026-09-03|2026-09-04|2026-09-08|2026-09-09|2026-09-10|2026-09-11|2026-09-14|2026-09-15|2026-09-16|2026-09-17|2026-09-18|2026-09-21|2026-09-23,2026-09-23 18:35:28,0.0
Sonoco Products,,2026-08-11|2026-08-12|2026-08-13|2026-08-14|2026-08-17|2026-08-18|2026-08-19|2026-08-20|2026-08-21|2026-08-24|2026-08-25|2026-08-26|2026-08-27|2026-08-28|2026-08-31|2026-09-01|2026-09-02|2026-09-03|2026-09-04|2026-09-08|2026-09-09|2026-09-10|2026-09-11|2026-09-14|2026-09-15|2026-09-16|2026-09-17|2026-09-18|2026-09-21|2026-09-23,2026-09-23 18:35:28,0.0
Hyatt Hotels,,2026-08-11|2026-08-12|2026-08-13|2026-08-14|2026-08-17|2026-08-18|2026-08-19|2026-08-20|2026-08-21|2026-08-24|2026-08-25|2026-08-26|2026-08-27|2026-08-28|2026-08-31|2026-09-01|2026-09-02|2026-09-03|2026-09-04|2026-09-08|2026-09-09|2026-09-10|2026-09-11|2026-09-14|2026-09-15|2026-09-16|2026-09-17|2026-09-18|2026-09-21|2026-09-23,2026-09-23 18:35:28,0.0
McCormick & Company,,2026-08-11|2026-08-12|2026-08-13|2026-08-14|2026-08-17|2026-08-18|2026-08-19|2026-08-20|2026-08-21|2026-08-24|2026-08-25|2026-08-26|2026-08-27|2026-08-28|2026-08-31|2026-09-01|2026-09-02|2026-09-03|2026-09-04|2026-09-08|2026-09-09|2026-09-10|2026-09-11|2026-09-14|2026-09-15|2026-09-16|2026-09-17|2026-09-18|2026-09-21|2026-09-23,2026-09-23 18:35:28,0.0
Tapestry,,2026-08-11|2026-08-12|2026-08-13|2026-08-14|2026-08-17|2026-08-18|2026-08-19|2026-08-20|2026-08-21|2026-08-24|2026-08-25|2026-08-26|2026-08-27|2026-08-28|2026-08-31|2026-09-01|2026-09-02|2026-09-03|2026-09-04|2026-09-08|2026-09-09|2026-09-10|2026-09-11|2026-09-14|2026-09-15|2026-09-16|2026-09-17|2026-09-18|2026-09-21|2026-09-23,2026-09-23 18:35:28,0.0
CF Industries,,2026-08-11|2026-08-12|2026-08-13|2026-08-14|2026-08-17|2026-08-18|2026-08-19|2026-08-20|2026-08-21|2026-08-24|2026-08-25|2026-08-26|2026-08-27|2026-08-28|2026-08-31|2026-09-01|2026-09-02|2026-09-03|2026-09-04|2026-09-08|2026-09-09|2026-09-10|2026-09-11|2026-09-14|2026-09-15|2026-09-16|2026-09-17|2026-09-18|2026-09-21|2026-09-23,2026-09-23 18:35:28,0.0
Ametek,,2026-08-11|2026-08-12|2026-08-13|2026-08-14|2026-08-17|2026-08-18|2026-08-19|2026-08-20|2026-08-21|2026-08-24|2026-08-25|2026-08-26|2026-08-27|2026-08-28|2026-08-31|2026-09-01|2026-09-02|2026-09-03|2026-09-04|2026-09-08|2026-09-09|2026-09-10|2026-09-11|2026-09-14|2026-09-15|2026-09-16|2026-09-17|2026-09-18|2026-09-21|2026-09-23,2026-09-23 18:35:28,0.0
Wynn Resorts,,2026-08-11|2026-08-12|2026-08-13|2026-08-14|2026-08-17|2026-08-18|2026-08-19|2026-08-20|2026-08-21|2026-08-24|2026-08-25|2026-08-26|2026-08-27|2026-08-28|2026-08-31|2026-09-01|2026-09-02|2026-09-03|2026-09-04|2026-09-08|2026-09-09|2026-09-10|2026-09-11|2026-09-14|2026-09-15|2026-09-16|2026-09-17|2026-09-18|2026-09-21|2026-09-23,2026-09-23 18:35:28,0.0
Amkor Technology,,2026-08-11|2026-08-12|2026-08-13|2026-08-14|2026-08-17|2026-08-18|2026-08-19|2026-08-20|2026-08-21|2026-08-24|2026-08-25|2026-08-26|2026-08-27|2026-08-28|2026-08-31|2026-09-01|2026-09-02|2026-09-03|2026-09-04|2026-09-08|2026-09-09|2026-09-10|2026-09-11|2026-09-14|2026-09-15|2026-09-16|2026-09-17|2026-09-18|2026-09-21|2026-09-23,2026-09-23 18:35:28,0.0
Insperity,,2026-08-11|2026-08-12|2026-08-13|2026-08-14|2026-08-17|2026-08-18|2026-08-19|2026-08-20|2026-08-21|2026-08-24|2026-08-25|2026-08-26|2026-08-27|2026-08-28|2026-08-31|2026-09-01|2026-09-02|2026-09-03|2026-09-04|2026-09-08|2026-09-09|2026-09-10|2026-09-11|2026-09-14|2026-09-15|2026-09-16|2026-09-17|2026-09-18|2026-09-21|2026-09-23,2026-09-23 18:35:28,0.0
T Rowe Price,,2026-08-11|2026-08-12|2026-08-13|2026-08-14|2026-08-17|2026-08-18|2026-08-19|2026-08-20|2026-08-21|2026-08-24|2026-08-25|2026-08-26|2026-08-27|2026-08-28|2026-08-31|2026-09-01|2026-09-02|2026-09-03|2026-09-04|2026-09-08|2026-09-09|2026-09-10|2026-09-11|2026-09-14|2026-09-15|2026-09-16|2026-09-17|2026-09-18|2026-09-21|2026-09-23,2026-09-23 18:35:28,0.0
Ralph Lauren,,2026-08-11|2026-08-12|2026-08-13|2026-08-14|2026-08-17|2026-08-18|2026-08-19|2026-08-20|2026-08-21|2026-08-24|2026-08-25|2026-08-26|2026-08-27|2026-08-28|2026-08-31|2026-09-01|2026-09-02|2026-09-03|2026-09-04|2026-09-08|2026-09-09|2026-09-10|2026-09-11|2026-09-14|2026-09-15|2026-09-16|2026-09-17|2026-09-18|2026-09-21|2026-09-23,2026-09-23 18:35:28,0.0
KB Home,,2026-08-11|2026-08-12|2026-08-13|2026-08-14|2026-08-17|2026-08-18|2026-08-19|2026-08-20|2026-08-21|2026-08-24|2026-08-25|2026-08-26|2026-08-27|2026-08-28|2026-08-31|2026-09-01|2026-09-02|2026-09-03|2026-09-04|2026-09-08|2026-09-09|2026-09-10|2026-09-11|2026-09-14|2026-09-15|2026-09-16|2026-09-17|2026-09-18|2026-09-21|2026-09-23,2026-09-23 18:35:28,0.0
Brunswick Corporation,,2026-08-11|2026-08-12|2026-08-13|2026-08-14|2026-08-17|2026-08-18|2026-08-19|2026-08-20|2026-08-21|2026-08-24|2026-08-25|2026-08-26|2026-08-27|2026-08-28|2026-08-31|2026-09-01|2026-09-02|2026-09-03|2026-09-04|2026-09-08|2026-09-09|2026-09-10|2026-09-11|2026-09-14|2026-09-15|2026-09-16|2026-09-17|2026-09-18|2026-09-21|2026-09-23,2026-09-23 18:35:28,0.0
Robert Half,,2026-08-11|2026-08-12|2026-08-13|2026-08-14|2026-08-17|2026-08-18|2026-08-19|2026-08-20|2026-08-21|2026-08-24|2026-08-25|2026-08-26|2026-08-27|2026-08-28|2026-08-31|2026-09-01|2026-09-02|2026-09-03|2026-09-04|2026-09-08|2026-09-09|2026-09-10|2026-09-11|2026-09-14|2026-09-15|2026-09-16|2026-09-17|2026-09-18|2026-09-21|2026-09-23,2026-09-23 18:35:28,0.0
PENN Entertainment,,2026-08-11|2026-08-12|2026-08-13|2026-08-14|2026-08-17|2026-08-18|2026-08-19|2026-08-20|2026-08-21|2026-08-24|2026-08-25|2026-08-26|2026-08-27|2026-08-28|2026-08-31|2026-09-01|2026-09-02|2026-09-03|2026-09-04|2026-09-08|2026-09-09|2026-09-10|2026-09-11|2026-09-14|2026-09-15|2026-09-16|2026-09-17|2026-09-18|2026-09-21|2026-09-23,2026-09-23 18:35:28,0.0
NetApp,,2026-08-11|2026-08-12|2026-08-13|2026-08-14|2026-08-17|2026-08-18|2026-08-19|2026-08-20|2026-08-21|2026-08-24|2026-08-25|2026-08-26|2026-08-27|2026-08-28|2026-08-31|2026-09-01|2026-09-02|2026-09-03|2026-09-04|2026-09-08|2026-09-09|2026-09-10|2026-09-11|2026-09-14|2026-09-15|2026-09-16|2026-09-17|2026-09-18|2026-09-21|2026-09-23,2026-09-23 18:35:28,0.0
Organon,,2026-08-11|2026-08-12|2026-08-13|2026-08-14|2026-08-17|2026-08-18|2026-08-19|2026-08-20|2026-08-21|2026-08-24|2026-08-25|2026-08-26|2026-08-27|2026-08-28|2026-08-31|2026-09-01|2026-09-02|2026-09-03|2026-09-04|2026-09-08|2026-09-09|2026-09-10|2026-09-11|2026-09-14|2026-09-15|2026-09-16|2026-09-17|2026-09-18|2026-09-21|2026-09-23,2026-09-23 18:35:28,0.0
Petco Health and Wellness,,2026-08-11|2026-08-12|2026-08-13|2026-08-14|2026-08-17|2026-08-18|2026-08-19|2026-08-20|2026-08-21|2026-08-24|2026-08-25|2026-08-26|2026-08-27|2026-08-28|2026-08-31|2026-09-01|2026-09-02|2026-09-03|2026-09-04|2026-09-08|2026-09-09|2026-09-10|2026-09-11|2026-09-14|2026-09-15|2026-09-16|2026-09-17|2026-09-18|2026-09-21|2026-09-23,2026-09-23 18:35:28,0.0
Regal Rexnord,,2026-08-11|2026-08-12|2026-08-13|2026-08-14|2026-08-17|2026-08-18|2026-08-19|2026-08-20|2026-08-21|2026-08-24|2026-08-25|2026-08-26|2026-08-27|2026-08-28|2026-08-31|2026-09-01|2026-09-02|2026-09-03|2026-09-04|2026-09-08|2026-09-09|2026-09-10|2026-09-11|2026-09-14|2026-09-15|2026-09-16|2026-09-17|2026-09-18|2026-09-21|2026-09-23,2026-09-23 18:35:28,0.0
Resideo Technologies,,2026-08-11|2026-08-12|2026-08-13|2026-08-14|2026-08-17|2026-08-18|2026-08-19|2026-08-20|2026-08-21|2026-08-24|2026-08-25|2026-08-26|2026-08-27|2026-08-28|2026-08-31|2026-09-01|2026-09-02|2026-09-03|2026-09-04|2026-09-08|2026-09-09|2026-09-10|2026-09-11|2026-09-14|2026-09-15|2026-09-16|2026-09-17|2026-09-18|2026-09-21|2026-09-23,2026-09-23 18:35:28,0.0
Camping World,,2026-08-11|2026-08-12|2026-08-13|2026-08-14|2026-08-17|2026-08-18|2026-08-19|2026-08-20|2026-08-21|2026-08-24|2026-08-25|2026-08-26|2026-08-27|2026-08-28|2026-08-31|2026-09-01|2026-09-02|2026-09-03|2026-09-04|2026-09-08|2026-09-09|2026-09-10|2026-09-11|2026-09-14|2026-09-15|2026-09-16|2026-09-17|2026-09-18|2026-09-21|2026-09-23,2026-09-23 18:35:28,0.0
Huntsman Corporation,,2026-08-11|2026-08-12|2026-08-13|2026-08-14|2026-08-17|2026-08-18|2026-08-19|2026-08-20|2026-08-21|2026-08-24|2026-08-25|2026-08-26|2026-08-27|2026-08-28|2026-08-31|2026-09-01|2026-09-02|2026-09-03|2026-09-04|2026-09-08|2026-09-09|2026-09-10|2026-09-11|2026-09-14|2026-09-15|2026-09-16|2026-09-17|2026-09-18|2026-09-21|2026-09-23,2026-09-23 18:35:28,0.0
Levi Strauss,,2026-08-11|2026-08-12|2026-08-13|2026-08-14|2026-08-17|2026-08-18|2026-08-19|2026-08-20|2026-08-21|2026-08-24|2026-08-25|2026-08-26|2026-08-27|2026-08-28|2026-08-31|2026-09-01|2026-09-02|2026-09-03|2026-09-04|2026-09-08|2026-09-09|2026-09-10|2026-09-11|2026-09-14|2026-09-15|2026-09-16|2026-09-17|2026-09-18|2026-09-21|2026-09-23,2026-09-23 18:35:28,0.0
Roper Technologies,,2026-08-11|2026-08-12|2026-08-13|2026-08-14|2026-08-17|2026-08-18|2026-08-19|2026-08-20|2026-08-21|2026-08-24|2026-08-25|2026-08-26|2026-08-27|2026-08-28|2026-08-31|2026-09-01|2026-09-02|2026-09-03|2026-09-04|2026-09-08|2026-09-09|2026-09-10|2026-09-11|2026-09-14|2026-09-15|2026-09-16|2026-09-17|2026-09-18|2026-09-21|2026-09-23,2026-09-23 18:35:28,0.0
Academy Sports and Outdoors,,2026-08-11|2026-08-12|2026-08-13|2026-08-14|2026-08-17|2026-08-18|2026-08-19|2026-08-20|2026-08-21|2026-08-24|2026-08-25|2026-08-26|2026-08-27|2026-08-28|2026-08-31|2026-09-01|2026-09-02|2026-09-03|2026-09-04|2026-09-08|2026-09-09|2026-09-10|2026-09-11|2026-09-14|2026-09-15|2026-09-16|2026-09-17|2026-09-18|2026-09-21|2026-09-23,2026-09-23 18:35:28,0.0
Meritage Homes,,2026-08-11|2026-08-12|2026-08-13|2026-08-14|2026-08-17|2026-08-18|2026-08-19|2026-08-20|2026-08-21|2026-08-24|2026-08-25|2026-08-26|2026-08-27|2026-08-28|2026-08-31|2026-09-01|2026-09-02|2026-09-03|2026-09-04|2026-09-08|2026-09-09|2026-09-10|2026-09-11|2026-09-14|2026-09-15|2026-09-16|2026-09-17|2026-09-18|2026-09-21|2026-09-23,2026-09-23 18:35:28,0.0
Fortive,,2026-08-11|2026-08-12|2026-08-13|2026-08-14|2026-08-17|2026-08-18|2026-08-19|2026-08-20|2026-08-21|2026-08-24|2026-08-25|2026-08-26|2026-08-27|2026-08-28|2026-08-31|2026-09-01|2026-09-02|2026-09-03|2026-09-04|2026-09-08|2026-09-09|2026-09-10|2026-09-11|2026-09-14|2026-09-15|2026-09-16|2026-09-17|2026-09-18|2026-09-21|2026-09-23,2026-09-23 18:35:28,0.0
Nasdaq Inc,,2026-08-11|2026-08-12|2026-08-13|2026-08-14|2026-08-17|2026-08-18|2026-08-19|2026-08-20|2026-08-21|2026-08-24|2026-08-25|2026-08-26|2026-08-27|2026-08-28|2026-08-31|2026-09-01|2026-09-02|2026-09-03|2026-09-04|2026-09-08|2026-09-09|2026-09-10|2026-09-11|2026-09-14|2026-09-15|2026-09-16|2026-09-17|2026-09-18|2026-09-21|2026-09-23,2026-09-23 18:35:28,0.0
Broadridge Financial Solutions,,2026-08-11|2026-08-12|2026-08-13|2026-08-14|2026-08-17|2026-08-18|2026-08-19|2026-08-20|2026-08-21|2026-08-24|2026-08-25|2026-08-26|2026-08-27|2026-08-28|2026-08-31|2026-09-01|2026-09-02|2026-09-03|2026-09-04|2026-09-08|2026-09-09|2026-09-10|2026-09-11|2026-09-14|2026-09-15|2026-09-16|2026-09-17|2026-09-18|2026-09-21|2026-09-23,2026-09-23 18:35:28,0.0
Warner Music Group,,2026-08-11|2026-08-12|2026-08-13|2026-08-14|2026-08-17|2026-08-18|2026-08-19|2026-08-20|2026-08-21|2026-08-24|2026-08-25|2026-08-26|2026-08-27|2026-08-28|2026-08-31|2026-09-01|2026-09-02|2026-09-03|2026-09-04|2026-09-08|2026-09-09|2026-09-10|2026-09-11|2026-09-14|2026-09-15|2026-09-16|2026-09-17|2026-09-18|2026-09-21|2026-09-23,2026-09-23 18:35:28,0.0
Chemours,,2026-08-11|2026-08-12|2026-08-13|2026-08-14|2026-08-17|2026-08-18|2026-08-19|2026-08-20|2026-08-21|2026-08-24|2026-08-25|2026-08-26|2026-08-27|2026-08-28|2026-08-31|2026-09-01|2026-09-02|2026-09-03|2026-09-04|2026-09-08|2026-09-09|2026-09-10|2026-09-11|2026-09-14|2026-09-15|2026-09-16|2026-09-17|2026-09-18|2026-09-21|2026-09-23,2026-09-23 18:35:28,0.0
ADT,,2026-08-11|2026-08-12|2026-08-13|2026-08-14|2026-08-17|2026-08-18|2026-08-19|2026-08-20|2026-08-21|2026-08-24|2026-08-25|2026-08-26|2026-08-27|2026-08-28|2026-08-31|2026-09-01|2026-09-02|2026-09-03|2026-09-04|2026-09-08|2026-09-09|2026-09-10|2026-09-11|2026-09-14|2026-09-15|2026-09-16|2026-09-17|2026-09-18|2026-09-21|2026-09-23,2026-09-23 18:35:28,0.0
Edwards Lifesciences,,2026-08-11|2026-08-12|2026-08-13|2026-08-14|2026-08-17|2026-08-18|2026-08-19|2026-08-20|2026-08-21|2026-08-24|2026-08-25|2026-08-26|2026-08-27|2026-08-28|2026-08-31|2026-09-01|2026-09-02|2026-09-03|2026-09-04|2026-09-08|2026-09-09|2026-09-10|2026-09-11|2026-09-14|2026-09-15|2026-09-16|2026-09-17|2026-09-18|2026-09-21|2026-09-23,2026-09-23 18:35:28,0.0
First American Financial,,2026-08-11|2026-08-12|2026-08-13|2026-08-14|2026-08-17|2026-08-18|2026-08-19|2026-08-20|2026-08-21|2026-08-24|2026-08-25|2026-08-26|2026-08-27|2026-08-28|2026-08-31|2026-09-01|2026-09-02|2026-09-03|2026-09-04|2026-09-08|2026-09-09|2026-09-10|2026-09-11|2026-09-14|2026-09-15|2026-09-16|2026-09-17|2026-09-18|2026-09-21|2026-09-23,2026-09-23 18:35:28,0.0
Hanover Insurance Group,,2026-08-11|2026-08-12|2026-08-13|2026-08-14|2026-08-17|2026-08-18|2026-08-19|2026-08-20|2026-08-21|2026-08-24|2026-08-25|2026-08-26|2026-08-27|2026-08-28|2026-08-31|2026-09-01|2026-09-02|2026-09-03|2026-09-04|2026-09-08|2026-09-09|2026-09-10|2026-09-11|2026-09-14|2026-09-15|2026-09-16|2026-09-17|2026-09-18|2026-09-21|2026-09-23,2026-09-23 18:35:28,0.0
Silgan,,2026-08-11|2026-08-12|2026-08-13|2026-08-14|2026-08-17|2026-08-18|2026-08-19|2026-08-20|2026-08-21|2026-08-24|2026-08-25|2026-08-26|2026-08-27|2026-08-28|2026-08-31|2026-09-01|2026-09-02|2026-09-03|2026-09-04|2026-09-08|2026-09-09|2026-09-10|2026-09-11|2026-09-14|2026-09-15|2026-09-16|2026-09-17|2026-09-18|2026-09-21|2026-09-23,2026-09-23 18:35:28,0.0
Moodys Corporation,,2026-08-11|2026-08-12|2026-08-13|2026-08-14|2026-08-17|2026-08-18|2026-08-19|2026-08-20|2026-08-21|2026-08-24|2026-08-25|2026-08-26|2026-08-27|2026-08-28|2026-08-31|2026-09-01|2026-09-02|2026-09-03|2026-09-04|2026-09-08|2026-09-09|2026-09-10|2026-09-11|2026-09-14|2026-09-15|2026-09-16|2026-09-17|2026-09-18|2026-09-21|2026-09-23,2026-09-23 18:35:28,0.0
Gartner,,2026-08-11|2026-08-12|2026-08-13|2026-08-14|2026-08-17|2026-08-18|2026-08-19|2026-08-20|2026-08-21|2026-08-24|2026-08-25|2026-08-26|2026-08-27|2026-08-28|2026-08-31|2026-09-01|2026-09-02|2026-09-03|2026-09-04|2026-09-08|2026-09-09|2026-09-10|2026-09-11|2026-09-14|2026-09-15|2026-09-16|2026-09-17|2026-09-18|2026-09-21|2026-09-23,2026-09-23 18:35:28,0.0
Under Armour,,2026-08-11|2026-08-12|2026-08-13|2026-08-14|2026-08-17|2026-08-18|2026-08-19|2026-08-20|2026-08-21|2026-08-24|2026-08-25|2026-08-26|2026-08-27|2026-08-28|2026-08-31|2026-09-01|2026-09-02|2026-09-03|2026-09-04|2026-09-08|2026-09-09|2026-09-10|2026-09-11|2026-09-14|2026-09-15|2026-09-16|2026-09-17|2026-09-18|2026-09-21|2026-09-23,2026-09-23 18:35:28,0.0
Ingles Markets,,2026-08-11|2026-08-12|2026-08-13|2026-08-14|2026-08-17|2026-08-18|2026-08-19|2026-08-20|2026-08-21|2026-08-24|2026-08-25|2026-08-26|2026-08-27|2026-08-28|2026-08-31|2026-09-01|2026-09-02|2026-09-03|2026-09-04|2026-09-08|2026-09-09|2026-09-10|2026-09-11|2026-09-14|2026-09-15|2026-09-16|2026-09-17|2026-09-18|2026-09-21|2026-09-23,2026-09-23 18:35:28,0.0
Church & Dwight,,2026-08-11|2026-08-12|2026-08-13|2026-08-14|2026-08-17|2026-08-18|2026-08-19|2026-08-20|2026-08-21|2026-08-24|2026-08-25|2026-08-26|2026-08-27|2026-08-28|2026-08-31|2026-09-01|2026-09-02|2026-09-03|2026-09-04|2026-09-08|2026-09-09|2026-09-10|2026-09-11|2026-09-14|2026-09-15|2026-09-16|2026-09-17|2026-09-18|2026-09-21|2026-09-23,2026-09-23 18:35:28,0.0
Old Dominion Freight Line,,2026-08-11|2026-08-12|2026-08-13|2026-08-14|2026-08-17|2026-08-18|2026-08-19|2026-08-20|2026-08-21|2026-08-24|2026-08-25|2026-08-26|2026-08-27|2026-08-28|2026-08-31|2026-09-01|2026-09-02|2026-09-03|2026-09-04|2026-09-08|2026-09-09|2026-09-10|2026-09-11|2026-09-14|2026-09-15|2026-09-16|2026-09-17|2026-09-18|2026-09-21|2026-09-23,2026-09-23 18:35:28,0.0
U-Haul,,2026-08-11|2026-08-12|2026-08-13|2026-08-14|2026-08-17|2026-08-18|2026-08-19|2026-08-20|2026-08-21|2026-08-24|2026-08-25|2026-08-26|2026-08-27|2026-08-28|2026-08-31|2026-09-01|2026-09-02|2026-09-03|2026-09-04|2026-09-08|2026-09-09|2026-09-10|2026-09-11|2026-09-14|2026-09-15|2026-09-16|2026-09-17|2026-09-18|2026-09-21|2026-09-23,2026-09-23 18:35:28,0.0
Arista Networks,,2026-08-11|2026-08-12|2026-08-13|2026-08-14|2026-08-17|2026-08-18|2026-08-19|2026-08-20|2026-08-21|2026-08-24|2026-08-25|2026-08-26|2026-08-27|2026-08-28|2026-08-31|2026-09-01|2026-09-02|2026-09-03|2026-09-04|2026-09-08|2026-09-09|2026-09-10|2026-09-11|2026-09-14|2026-09-15|2026-09-16|2026-09-17|2026-09-18|2026-09-21|2026-09-23,2026-09-23 18:35:28,0.0
Synopsys,,2026-08-11|2026-08-12|2026-08-13|2026-08-14|2026-08-17|2026-08-18|2026-08-19|2026-08-20|2026-08-21|2026-08-24|2026-08-25|2026-08-26|2026-08-27|2026-08-28|2026-08-31|2026-09-01|2026-09-02|2026-09-03|2026-09-04|2026-09-08|2026-09-09|2026-09-10|2026-09-11|2026-09-14|2026-09-15|2026-09-16|2026-09-17|2026-09-18|2026-09-21|2026-09-23,2026-09-23 18:35:28,0.0
Harley-Davidson,,2026-08-11|2026-08-12|2026-08-13|2026-08-14|2026-08-17|2026-08-18|2026-08-19|2026-08-20|2026-08-21|2026-08-24|2026-08-25|2026-08-26|2026-08-27|2026-08-28|2026-08-31|2026-09-01|2026-09-02|2026-09-03|2026-09-04|2026-09-08|2026-09-09|2026-09-10|2026-09-11|2026-09-14|2026-09-15|2026-09-16|2026-09-17|2026-09-18|2026-09-21|2026-09-23,2026-09-23 18:35:28,0.0
Primoris Services,,2026-08-11|2026-08-12|2026-08-13|2026-08-14|2026-08-17|2026-08-18|2026-08-19|2026-08-20|2026-08-21|2026-08-24|2026-08-25|2026-08-26|2026-08-27|2026-08-28|2026-08-31|2026-09-01|2026-09-02|2026-09-03|2026-09-04|2026-09-08|2026-09-09|2026-09-10|2026-09-11|2026-09-14|2026-09-15|2026-09-16|2026-09-17|2026-09-18|2026-09-21|2026-09-23,2026-09-23 18:35:28,0.0
Carlisle Companies,,2026-08-11|2026-08-12|2026-08-13|2026-08-14|2026-08-17|2026-08-18|2026-08-19|2026-08-20|2026-08-21|2026-08-24|2026-08-25|2026-08-26|2026-08-27|2026-08-28|2026-08-31|2026-09-01|2026-09-02|2026-09-03|2026-09-04|2026-09-08|2026-09-09|2026-09-10|2026-09-11|2026-09-14|2026-09-15|2026-09-16|2026-09-17|2026-09-18|2026-09-21|2026-09-23,2026-09-23 18:35:28,0.0
Simon Property Group,,2026-08-11|2026-08-12|2026-08-13|2026-08-14|2026-08-17|2026-08-18|2026-08-19|2026-08-20|2026-08-21|2026-08-24|2026-08-25|2026-08-26|2026-08-27|2026-08-28|2026-08-31|2026-09-01|2026-09-02|2026-09-03|2026-09-04|2026-09-08|2026-09-09|2026-09-10|2026-09-11|2026-09-14|2026-09-15|2026-09-16|2026-09-17|2026-09-18|2026-09-21|2026-09-23,2026-09-23 18:35:28,0.0
Teledyne Technologies,,2026-08-11|2026-08-12|2026-08-13|2026-08-14|2026-08-17|2026-08-18|2026-08-19|2026-08-20|2026-08-21|2026-08-24|2026-08-25|2026-08-26|2026-08-27|2026-08-28|2026-08-31|2026-09-01|2026-09-02|2026-09-03|2026-09-04|2026-09-08|2026-09-09|2026-09-10|2026-09-11|2026-09-14|2026-09-15|2026-09-16|2026-09-17|2026-09-18|2026-09-21|2026-09-23,2026-09-23 18:35:28,0.0
CME Group,,2026-08-11|2026-08-12|2026-08-13|2026-08-14|2026-08-17|2026-08-18|2026-08-19|2026-08-20|2026-08-21|2026-08-24|2026-08-25|2026-08-26|2026-08-27|2026-08-28|2026-08-31|2026-09-01|2026-09-02|2026-09-03|2026-09-04|2026-09-08|2026-09-09|2026-09-10|2026-09-11|2026-09-14|2026-09-15|2026-09-16|2026-09-17|2026-09-18|2026-09-21|2026-09-23,2026-09-23 18:35:28,0.0
Coty,,2026-08-11|2026-08-12|2026-08-13|2026-08-14|2026-08-17|2026-08-18|2026-08-19|2026-08-20|2026-08-21|2026-08-24|2026-08-25|2026-08-26|2026-08-27|2026-08-28|2026-08-31|2026-09-01|2026-09-02|2026-09-03|2026-09-04|2026-09-08|2026-09-09|2026-09-10|2026-09-11|2026-09-14|2026-09-15|2026-09-16|2026-09-17|2026-09-18|2026-09-21|2026-09-23,2026-09-23 18:35:28,0.0
Pool Corporation,,2026-08-11|2026-08-12|2026-08-13|2026-08-14|2026-08-17|2026-08-18|2026-08-19|2026-08-20|2026-08-21|2026-08-24|2026-08-25|2026-08-26|2026-08-27|2026-08-28|2026-08-31|2026-09-01|2026-09-02|2026-09-03|2026-09-04|2026-09-08|2026-09-09|2026-09-10|2026-09-11|2026-09-14|2026-09-15|2026-09-16|2026-09-17|2026-09-18|2026-09-21|2026-09-23,2026-09-23 18:35:28,0.0
Evergy,,2026-08-11|2026-08-12|2026-08-13|2026-08-14|2026-08-17|2026-08-18|2026-08-19|2026-08-20|2026-08-21|2026-08-24|2026-08-25|2026-08-26|2026-08-27|2026-08-28|2026-08-31|2026-09-01|2026-09-02|2026-09-03|2026-09-04|2026-09-08|2026-09-09|2026-09-10|2026-09-11|2026-09-14|2026-09-15|2026-09-16|2026-09-17|2026-09-18|2026-09-21|2026-09-23,2026-09-23 18:35:28,0.0
Marvell Technology,,2026-08-11|2026-08-12|2026-08-13|2026-08-14|2026-08-17|2026-08-18|2026-08-19|2026-08-20|2026-08-21|2026-08-24|2026-08-25|2026-08-26|2026-08-27|2026-08-28|2026-08-31|2026-09-01|2026-09-02|2026-09-03|2026-09-04|2026-09-08|2026-09-09|2026-09-10|2026-09-11|2026-09-14|2026-09-15|2026-09-16|2026-09-17|2026-09-18|2026-09-21|2026-09-23,2026-09-23 18:35:28,0.0
NiSource,,2026-08-11|2026-08-12|2026-08-13|2026-08-14|2026-08-17|2026-08-18|2026-08-19|2026-08-20|2026-08-21|2026-08-24|2026-08-25|2026-08-26|2026-08-27|2026-08-28|2026-08-31|2026-09-01|2026-09-02|2026-09-03|2026-09-04|2026-09-08|2026-09-09|2026-09-10|2026-09-11|2026-09-14|2026-09-15|2026-09-16|2026-09-17|2026-09-18|2026-09-21|2026-09-23,2026-09-23 18:35:28,0.0
SS&C Technologies,,2026-08-11|2026-08-12|2026-08-13|2026-08-14|2026-08-17|2026-08-18|2026-08-19|2026-08-20|2026-08-21|2026-08-24|2026-08-25|2026-08-26|2026-08-27|2026-08-28|2026-08-31|2026-09-01|2026-09-02|2026-09-03|2026-09-04|2026-09-08|2026-09-09|2026-09-10|2026-09-11|2026-09-14|2026-09-15|2026-09-16|2026-09-17|2026-09-18|2026-09-21|2026-09-23,2026-09-23 18:35:28,0.0
Schneider National,,2026-08-11|2026-08-12|2026-08-13|2026-08-14|2026-08-17|2026-08-18|2026-08-19|2026-08-20|2026-08-21|2026-08-24|2026-08-25|2026-08-26|2026-08-27|2026-08-28|2026-08-31|2026-09-01|2026-09-02|2026-09-03|2026-09-04|2026-09-08|2026-09-09|2026-09-10|2026-09-11|2026-09-14|2026-09-15|2026-09-16|2026-09-17|2026-09-18|2026-09-21|2026-09-23,2026-09-23 18:35:28,0.0
Autodesk,,2026-08-11|2026-08-12|2026-08-13|2026-08-14|2026-08-17|2026-08-18|2026-08-19|2026-08-20|2026-08-21|2026-08-24|2026-08-25|2026-08-26|2026-08-27|2026-08-28|2026-08-31|2026-09-01|2026-09-02|2026-09-03|2026-09-04|2026-09-08|2026-09-09|2026-09-10|2026-09-11|2026-09-14|2026-09-15|2026-09-16|2026-09-17|2026-09-18|2026-09-21|2026-09-23,2026-09-23 18:35:28,0.0
Iron Mountain,,2026-08-11|2026-08-12|2026-08-13|2026-08-14|2026-08-17|2026-08-18|2026-08-19|2026-08-20|2026-08-21|2026-08-24|2026-08-25|2026-08-26|2026-08-27|2026-08-28|2026-08-31|2026-09-01|2026-09-02|2026-09-03|2026-09-04|2026-09-08|2026-09-09|2026-09-10|2026-09-11|2026-09-14|2026-09-15|2026-09-16|2026-09-17|2026-09-18|2026-09-21|2026-09-23,2026-09-23 18:35:28,0.0
Digital Realty Trust,,2026-08-11|2026-08-12|2026-08-13|2026-08-14|2026-08-17|2026-08-18|2026-08-19|2026-08-20|2026-08-21|2026-08-24|2026-08-25|2026-08-26|2026-08-27|2026-08-28|2026-08-31|2026-09-01|2026-09-02|2026-09-03|2026-09-04|2026-09-08|2026-09-09|2026-09-10|2026-09-11|2026-09-14|2026-09-15|2026-09-16|2026-09-17|2026-09-18|2026-09-21|2026-09-23,2026-09-23 18:35:28,0.0
Keysight Technologies,,2026-08-11|2026-08-12|2026-08-13|2026-08-14|2026-08-17|2026-08-18|2026-08-19|2026-08-20|2026-08-21|2026-08-24|2026-08-25|2026-08-26|2026-08-27|2026-08-28|2026-08-31|2026-09-01|2026-09-02|2026-09-03|2026-09-04|2026-09-08|2026-09-09|2026-09-10|2026-09-11|2026-09-14|2026-09-15|2026-09-16|2026-09-17|2026-09-18|2026-09-21|2026-09-23,2026-09-23 18:35:28,0.0
Globe Life,,2026-08-11|2026-08-12|2026-08-13|2026-08-14|2026-08-17|2026-08-18|2026-08-19|2026-08-20|2026-08-21|2026-08-24|2026-08-25|2026-08-26|2026-08-27|2026-08-28|2026-08-31|2026-09-01|2026-09-02|2026-09-03|2026-09-04|2026-09-08|2026-09-09|2026-09-10|2026-09-11|2026-09-14|2026-09-15|2026-09-16|2026-09-17|2026-09-18|2026-09-21|2026-09-23,2026-09-23 18:35:28,0.0
Parsons Corporation,,2026-08-11|2026-08-12|2026-08-13|2026-08-14|2026-08-17|2026-08-18|2026-08-19|2026-08-20|2026-08-21|2026-08-24|2026-08-25|2026-08-26|2026-08-27|2026-08-28|2026-08-31|2026-09-01|2026-09-02|2026-09-03|2026-09-04|2026-09-08|2026-09-09|2026-09-10|2026-09-11|2026-09-14|2026-09-15|2026-09-16|2026-09-17|2026-09-18|2026-09-21|2026-09-23,2026-09-23 18:35:28,0.0
Mattel,,2026-08-11|2026-08-12|2026-08-13|2026-08-14|2026-08-17|2026-08-18|2026-08-19|2026-08-20|2026-08-21|2026-08-24|2026-08-25|2026-08-26|2026-08-27|2026-08-28|2026-08-31|2026-09-01|2026-09-02|2026-09-03|2026-09-04|2026-09-08|2026-09-09|2026-09-10|2026-09-11|2026-09-14|2026-09-15|2026-09-16|2026-09-17|2026-09-18|2026-09-21|2026-09-23,2026-09-23 18:35:28,0.0
Southwest Gas Holdings,,2026-08-11|2026-08-12|2026-08-13|2026-08-14|2026-08-17|2026-08-18|2026-08-19|2026-08-20|2026-08-21|2026-08-24|2026-08-25|2026-08-26|2026-08-27|2026-08-28|2026-08-31|2026-09-01|2026-09-02|2026-09-03|2026-09-04|2026-09-08|2026-09-09|2026-09-10|2026-09-11|2026-09-14|2026-09-15|2026-09-16|2026-09-17|2026-09-18|2026-09-21|2026-09-23,2026-09-23 18:35:28,0.0
Clean Harbors,,2026-08-11|2026-08-12|2026-08-13|2026-08-14|2026-08-17|2026-08-18|2026-08-19|2026-08-20|2026-08-21|2026-08-24|2026-08-25|2026-08-26|2026-08-27|2026-08-28|2026-08-31|2026-09-01|2026-09-02|2026-09-03|2026-09-04|2026-09-08|2026-09-09|2026-09-10|2026-09-11|2026-09-14|2026-09-15|2026-09-16|2026-09-17|2026-09-18|2026-09-21|2026-09-23,2026-09-23 18:35:28,0.0
Hubbell,,2026-08-12|2026-08-13|2026-08-14|2026-08-17|2026-08-18|2026-08-19|2026-08-20|2026-08-21|2026-08-24|2026-08-25|2026-08-26|2026-08-27|2026-08-28|2026-08-31|2026-09-01|2026-09-02|2026-09-03|2026-09-04|2026-09-08|2026-09-09|2026-09-10|2026-09-11|2026-09-14|2026-09-15|2026-09-16|2026-09-17|2026-09-18|2026-09-21|2026-09-22|2026-09-23,2026-09-23 18:35:28,0.0
Lamb Weston,,2026-08-11|2026-08-12|2026-08-13|2026-08-14|2026-08-17|2026-08-18|2026-08-19|2026-08-20|2026-08-21|2026-08-24|2026-08-25|2026-08-26|2026-08-27|2026-08-28|2026-08-31|2026-09-01|2026-09-02|2026-09-03|2026-09-04|2026-09-08|2026-09-09|2026-09-10|2026-09-11|2026-09-14|2026-09-15|2026-09-16|2026-09-17|2026-09-18|2026-09-21|2026-09-23,2026-09-23 18:35:28,0.0
Take-Two Interactive Software,,2026-08-11|2026-08-12|2026-08-13|2026-08-14|2026-08-17|2026-08-18|2026-08-19|2026-08-20|2026-08-21|2026-08-24|2026-08-25|2026-08-26|2026-08-27|2026-08-28|2026-08-31|2026-09-01|2026-09-02|2026-09-03|2026-09-04|2026-09-08|2026-09-09|2026-09-10|2026-09-11|2026-09-14|2026-09-15|2026-09-16|2026-09-17|2026-09-18|2026-09-21|2026-09-23,2026-09-23 18:35:28,0.0
Landstar System,,2026-08-11|2026-08-12|2026-08-13|2026-08-14|2026-08-17|2026-08-18|2026-08-19|2026-08-20|2026-08-21|2026-08-24|2026-08-25|2026-08-26|2026-08-27|2026-08-28|2026-08-31|2026-09-01|2026-09-02|2026-09-03|2026-09-04|2026-09-08|2026-09-09|2026-09-10|2026-09-11|2026-09-14|2026-09-15|2026-09-16|2026-09-17|2026-09-18|2026-09-21|2026-09-23,2026-09-23 18:35:28,0.0
Host Hotels & Resorts,,2026-08-11|2026-08-12|2026-08-13|2026-08-14|2026-08-17|2026-08-18|2026-08-19|2026-08-20|2026-08-21|2026-08-24|2026-08-25|2026-08-26|2026-08-27|2026-08-28|2026-08-31|2026-09-01|2026-09-02|2026-09-03|2026-09-04|2026-09-08|2026-09-09|2026-09-10|2026-09-11|2026-09-14|2026-09-15|2026-09-16|2026-09-17|2026-09-18|2026-09-21|2026-09-23,2026-09-23 18:35:28,0.0
Fortinet,,2026-08-11|2026-08-12|2026-08-13|2026-08-14|2026-08-17|2026-08-18|2026-08-19|2026-08-20|2026-08-21|2026-08-24|2026-08-25|2026-08-26|2026-08-27|2026-08-28|2026-08-31|2026-09-01|2026-09-02|2026-09-03|2026-09-04|2026-09-08|2026-09-09|2026-09-10|2026-09-11|2026-09-14|2026-09-15|2026-09-16|2026-09-17|2026-09-18|2026-09-21|2026-09-23,2026-09-23 18:35:28,0.0
OneMain,,2026-08-11|2026-08-12|2026-08-13|2026-08-14|2026-08-17|2026-08-18|2026-08-19|2026-08-20|2026-08-21|2026-08-24|2026-08-25|2026-08-26|2026-08-27|2026-08-28|2026-08-31|2026-09-01|2026-09-02|2026-09-03|2026-09-04|2026-09-08|2026-09-09|2026-09-10|2026-09-11|2026-09-14|2026-09-15|2026-09-16|2026-09-17|2026-09-18|2026-09-21|2026-09-23,2026-09-23 18:35:28,0.0
GameStop,,2026-08-11|2026-08-12|2026-08-13|2026-08-14|2026-08-17|2026-08-18|2026-08-19|2026-08-20|2026-08-21|2026-08-24|2026-08-25|2026-08-26|2026-08-27|2026-08-28|2026-08-31|2026-09-01|2026-09-02|2026-09-03|2026-09-04|2026-09-08|2026-09-09|2026-09-10|2026-09-11|2026-09-14|2026-09-15|2026-09-16|2026-09-17|2026-09-18|2026-09-21|2026-09-23,2026-09-23 18:35:28,0.0
Equifax,,2026-08-11|2026-08-12|2026-08-13|2026-08-14|2026-08-17|2026-08-18|2026-08-19|2026-08-20|2026-08-21|2026-08-24|2026-08-25|2026-08-26|2026-08-27|2026-08-28|2026-08-31|2026-09-01|2026-09-02|2026-09-03|2026-09-04|2026-09-08|2026-09-09|2026-09-10|2026-09-11|2026-09-14|2026-09-15|2026-09-16|2026-09-17|2026-09-18|2026-09-21|2026-09-23,2026-09-23 18:35:28,0.0
American Eagle Outfitters,,2026-08-11|2026-08-12|2026-08-13|2026-08-14|2026-08-17|2026-08-18|2026-08-19|2026-08-20|2026-08-21|2026-08-24|2026-08-25|2026-08-26|2026-08-27|2026-08-28|2026-08-31|2026-09-01|2026-09-02|2026-09-03|2026-09-04|2026-09-08|2026-09-09|2026-09-10|2026-09-11|2026-09-14|2026-09-15|2026-09-16|2026-09-17|2026-09-18|2026-09-21|2026-09-23,2026-09-23 18:35:28,0.0
Greif,,2026-08-11|2026-08-12|2026-08-13|2026-08-14|2026-08-17|2026-08-18|2026-08-19|2026-08-20|2026-08-21|2026-08-24|2026-08-25|2026-08-26|2026-08-27|2026-08-28|2026-08-31|2026-09-01|2026-09-02|2026-09-03|2026-09-04|2026-09-08|2026-09-09|2026-09-10|2026-09-11|2026-09-14|2026-09-15|2026-09-16|2026-09-17|2026-09-18|2026-09-21|2026-09-23,2026-09-23 18:35:28,0.0
Comfort Systems USA,,2026-08-11|2026-08-12|2026-08-13|2026-08-14|2026-08-17|2026-08-18|2026-08-19|2026-08-20|2026-08-21|2026-08-24|2026-08-25|2026-08-26|2026-08-27|2026-08-28|2026-08-31|2026-09-01|2026-09-02|2026-09-03|2026-09-04|2026-09-08|2026-09-09|2026-09-10|2026-09-11|2026-09-14|2026-09-15|2026-09-16|2026-09-17|2026-09-18|2026-09-21|2026-09-23,2026-09-23 18:35:28,0.0
Bread Financial,,2026-08-11|2026-08-12|2026-08-13|2026-08-14|2026-08-17|2026-08-18|2026-08-19|2026-08-20|2026-08-21|2026-08-24|2026-08-25|2026-08-26|2026-08-27|2026-08-28|2026-08-31|2026-09-01|2026-09-02|2026-09-03|2026-09-04|2026-09-08|2026-09-09|2026-09-10|2026-09-11|2026-09-14|2026-09-15|2026-09-16|2026-09-17|2026-09-18|2026-09-21|2026-09-23,2026-09-23 18:35:28,0.0
Coherent,,2026-08-11|2026-08-12|2026-08-13|2026-08-14|2026-08-17|2026-08-18|2026-08-19|2026-08-20|2026-08-21|2026-08-24|2026-08-25|2026-08-26|2026-08-27|2026-08-28|2026-08-31|2026-09-01|2026-09-02|2026-09-03|2026-09-04|2026-09-08|2026-09-09|2026-09-10|2026-09-11|2026-09-14|2026-09-15|2026-09-16|2026-09-17|2026-09-18|2026-09-21|2026-09-23,2026-09-23 18:35:28,0.0
Telephone & Data Systems,,2026-08-11|2026-08-12|2026-08-13|2026-08-14|2026-08-17|2026-08-18|2026-08-19|2026-08-20|2026-08-21|2026-08-24|2026-08-25|2026-08-26|2026-08-27|2026-08-28|2026-08-31|2026-09-01|2026-09-02|2026-09-03|2026-09-04|2026-09-08|2026-09-09|2026-09-10|2026-09-11|2026-09-14|2026-09-15|2026-09-16|2026-09-17|2026-09-18|2026-09-21|2026-09-23,2026-09-23 18:35:28,0.0
Stifel Financial,,2026-08-11|2026-08-12|2026-08-13|2026-08-14|2026-08-17|2026-08-18|2026-08-19|2026-08-20|2026-08-21|2026-08-24|2026-08-25|2026-08-26|2026-08-27|2026-08-28|2026-08-31|2026-09-01|2026-09-02|2026-09-03|2026-09-04|2026-09-08|2026-09-09|2026-09-10|2026-09-11|2026-09-14|2026-09-15|2026-09-16|2026-09-17|2026-09-18|2026-09-21|2026-09-23,2026-09-23 18:35:28,0.0
Urban Outfitters,,2026-08-11|2026-08-12|2026-08-13|2026-08-14|2026-08-17|2026-08-18|2026-08-19|2026-08-20|2026-08-21|2026-08-24|2026-08-25|2026-08-26|2026-08-27|2026-08-28|2026-08-31|2026-09-01|2026-09-02|2026-09-03|2026-09-04|2026-09-08|2026-09-09|2026-09-10|2026-09-11|2026-09-14|2026-09-15|2026-09-16|2026-09-17|2026-09-18|2026-09-21|2026-09-23,2026-09-23 18:35:28,0.0
Terex,,2026-08-11|2026-08-12|2026-08-13|2026-08-14|2026-08-17|2026-08-18|2026-08-19|2026-08-20|2026-08-21|2026-08-24|2026-08-25|2026-08-26|2026-08-27|2026-08-28|2026-08-31|2026-09-01|2026-09-02|2026-09-03|2026-09-04|2026-09-08|2026-09-09|2026-09-10|2026-09-11|2026-09-14|2026-09-15|2026-09-16|2026-09-17|2026-09-18|2026-09-21|2026-09-23,2026-09-23 18:35:28,0.0
Snap-on,,2026-08-11|2026-08-12|2026-08-13|2026-08-14|2026-08-17|2026-08-18|2026-08-19|2026-08-20|2026-08-21|2026-08-24|2026-08-25|2026-08-26|2026-08-27|2026-08-28|2026-08-31|2026-09-01|2026-09-02|2026-09-03|2026-09-04|2026-09-08|2026-09-09|2026-09-10|2026-09-11|2026-09-14|2026-09-15|2026-09-16|2026-09-17|2026-09-18|2026-09-21|2026-09-23,2026-09-23 18:35:28,0.0
Flowers Foods,,2026-08-11|2026-08-12|2026-08-13|2026-08-14|2026-08-17|2026-08-18|2026-08-19|2026-08-20|2026-08-21|2026-08-24|2026-08-25|2026-08-26|2026-08-27|2026-08-28|2026-08-31|2026-09-01|2026-09-02|2026-09-03|2026-09-04|2026-09-08|2026-09-09|2026-09-10|2026-09-11|2026-09-14|2026-09-15|2026-09-16|2026-09-17|2026-09-18|2026-09-21|2026-09-23,2026-09-23 18:35:28,0.0
First Horizon,,2026-08-11|2026-08-12|2026-08-13|2026-08-14|2026-08-17|2026-08-18|2026-08-19|2026-08-20|2026-08-21|2026-08-24|2026-08-25|2026-08-26|2026-08-27|2026-08-28|2026-08-31|2026-09-01|2026-09-02|2026-09-03|2026-09-04|2026-09-08|2026-09-09|2026-09-10|2026-09-11|2026-09-14|2026-09-15|2026-09-16|2026-09-17|2026-09-18|2026-09-21|2026-09-23,2026-09-23 18:35:28,0.0
Paychex,,2026-08-11|2026-08-12|2026-08-13|2026-08-14|2026-08-17|2026-08-18|2026-08-19|2026-08-20|2026-08-21|2026-08-24|2026-08-25|2026-08-26|2026-08-27|2026-08-28|2026-08-31|2026-09-01|2026-09-02|2026-09-03|2026-09-04|2026-09-08|2026-09-09|2026-09-10|2026-09-11|2026-09-14|2026-09-15|2026-09-16|2026-09-17|2026-09-18|2026-09-21|2026-09-23,2026-09-23 18:35:28,0.0
Hasbro,,2026-08-11|2026-08-12|2026-08-13|2026-08-14|2026-08-17|2026-08-18|2026-08-19|2026-08-20|2026-08-21|2026-08-24|2026-08-25|2026-08-26|2026-08-27|2026-08-28|2026-08-31|2026-09-01|2026-09-02|2026-09-03|2026-09-04|2026-09-08|2026-09-09|2026-09-10|2026-09-11|2026-09-14|2026-09-15|2026-09-16|2026-09-17|2026-09-18|2026-09-21|2026-09-23,2026-09-23 18:35:28,0.0
Ares Management,,2026-08-11|2026-08-12|2026-08-13|2026-08-14|2026-08-17|2026-08-18|2026-08-19|2026-08-20|2026-08-21|2026-08-24|2026-08-25|2026-08-26|2026-08-27|2026-08-28|2026-08-31|2026-09-01|2026-09-02|2026-09-03|2026-09-04|2026-09-08|2026-09-09|2026-09-10|2026-09-11|2026-09-14|2026-09-15|2026-09-16|2026-09-17|2026-09-18|2026-09-21|2026-09-23,2026-09-23 18:35:28,0.0
Lennox International,,2026-08-11|2026-08-12|2026-08-13|2026-08-14|2026-08-17|2026-08-18|2026-08-19|2026-08-20|2026-08-21|2026-08-24|2026-08-25|2026-08-26|2026-08-27|2026-08-28|2026-08-31|2026-09-01|2026-09-02|2026-09-03|2026-09-04|2026-09-08|2026-09-09|2026-09-10|2026-09-11|2026-09-14|2026-09-15|2026-09-16|2026-09-17|2026-09-18|2026-09-21|2026-09-23,2026-09-23 18:35:28,0.0
Peabody Energy,,2026-08-11|2026-08-12|2026-08-13|2026-08-14|2026-08-17|2026-08-18|2026-08-19|2026-08-20|2026-08-21|2026-08-24|2026-08-25|2026-08-26|2026-08-27|2026-08-28|2026-08-31|2026-09-01|2026-09-02|2026-09-03|2026-09-04|2026-09-08|2026-09-09|2026-09-10|2026-09-11|2026-09-14|2026-09-15|2026-09-16|2026-09-17|2026-09-18|2026-09-21|2026-09-23,2026-09-23 18:35:28,0.0
Kemper Corporation,,2026-08-11|2026-08-12|2026-08-13|2026-08-14|2026-08-17|2026-08-18|2026-08-19|2026-08-20|2026-08-21|2026-08-24|2026-08-25|2026-08-26|2026-08-27|2026-08-28|2026-08-31|2026-09-01|2026-09-02|2026-09-03|2026-09-04|2026-09-08|2026-09-09|2026-09-10|2026-09-11|2026-09-14|2026-09-15|2026-09-16|2026-09-17|2026-09-18|2026-09-21|2026-09-23,2026-09-23 18:35:28,0.0
Nexstar Media Group,,2026-08-11|2026-08-12|2026-08-13|2026-08-14|2026-08-17|2026-08-18|2026-08-19|2026-08-20|2026-08-21|2026-08-24|2026-08-25|2026-08-26|2026-08-27|2026-08-28|2026-08-31|2026-09-01|2026-09-02|2026-09-03|2026-09-04|2026-09-08|2026-09-09|2026-09-10|2026-09-11|2026-09-14|2026-09-15|2026-09-16|2026-09-17|2026-09-18|2026-09-21|2026-09-23,2026-09-23 18:35:28,0.0
TriNet Group,,2026-08-11|2026-08-12|2026-08-13|2026-08-14|2026-08-17|2026-08-18|2026-08-19|2026-08-20|2026-08-21|2026-08-24|2026-08-25|2026-08-26|2026-08-27|2026-08-28|2026-08-31|2026-09-01|2026-09-02|2026-09-03|2026-09-04|2026-09-08|2026-09-09|2026-09-10|2026-09-11|2026-09-14|2026-09-15|2026-09-16|2026-09-17|2026-09-18|2026-09-21|2026-09-23,2026-09-23 18:35:28,0.0
Worthington Enterprises,,2026-08-11|2026-08-12|2026-08-13|2026-08-14|2026-08-17|2026-08-18|2026-08-19|2026-08-20|2026-08-21|2026-08-24|2026-08-25|2026-08-26|2026-08-27|2026-08-28|2026-08-31|2026-09-01|2026-09-02|2026-09-03|2026-09-04|2026-09-08|2026-09-09|2026-09-10|2026-09-11|2026-09-14|2026-09-15|2026-09-16|2026-09-17|2026-09-18|2026-09-21|2026-09-23,2026-09-23 18:35:28,0.0
Maximus,,2026-08-11|2026-08-12|2026-08-13|2026-08-14|2026-08-17|2026-08-18|2026-08-19|2026-08-20|2026-08-21|2026-08-24|2026-08-25|2026-08-26|2026-08-27|2026-08-28|2026-08-31|2026-09-01|2026-09-02|2026-09-03|2026-09-04|2026-09-08|2026-09-09|2026-09-10|2026-09-11|2026-09-14|2026-09-15|2026-09-16|2026-09-17|2026-09-18|2026-09-21|2026-09-23,2026-09-23 18:35:28,0.0
Compass Group,,2026-08-11|2026-08-12|2026-08-13|2026-08-14|2026-08-17|2026-08-18|2026-08-19|2026-08-20|2026-08-21|2026-08-24|2026-08-25|2026-08-26|2026-08-27|2026-08-28|2026-08-31|2026-09-01|2026-09-02|2026-09-03|2026-09-04|2026-09-08|2026-09-09|2026-09-10|2026-09-11|2026-09-14|2026-09-15|2026-09-16|2026-09-17|2026-09-18|2026-09-21|2026-09-23,2026-09-23 18:35:28,0.0
Brinks Company,,2026-08-11|2026-08-12|2026-08-13|2026-08-14|2026-08-17|2026-08-18|2026-08-19|2026-08-20|2026-08-21|2026-08-24|2026-08-25|2026-08-26|2026-08-27|2026-08-28|2026-08-31|2026-09-01|2026-09-02|2026-09-03|2026-09-04|2026-09-08|2026-09-09|2026-09-10|2026-09-11|2026-09-14|2026-09-15|2026-09-16|2026-09-17|2026-09-18|2026-09-21|2026-09-23,2026-09-23 18:35:28,0.0
Kelly Services Inc,,2026-08-11|2026-08-12|2026-08-13|2026-08-14|2026-08-17|2026-08-18|2026-08-19|2026-08-20|2026-08-21|2026-08-24|2026-08-25|2026-08-26|2026-08-27|2026-08-28|2026-08-31|2026-09-01|2026-09-02|2026-09-03|2026-09-04|2026-09-08|2026-09-09|2026-09-10|2026-09-11|2026-09-14|2026-09-15|2026-09-16|2026-09-17|2026-09-18|2026-09-21|2026-09-23,2026-09-23 18:35:28,0.0
Navient,,2026-08-11|2026-08-12|2026-08-13|2026-08-14|2026-08-17|2026-08-18|2026-08-19|2026-08-20|2026-08-21|2026-08-24|2026-08-25|2026-08-26|2026-08-27|2026-08-28|2026-08-31|2026-09-01|2026-09-02|2026-09-03|2026-09-04|2026-09-08|2026-09-09|2026-09-10|2026-09-11|2026-09-14|2026-09-15|2026-09-16|2026-09-17|2026-09-18|2026-09-21|2026-09-23,2026-09-23 18:35:28,0.0
AMC Entertainment,,2026-08-11|2026-08-12|2026-08-13|2026-08-14|2026-08-17|2026-08-18|2026-08-19|2026-08-20|2026-08-21|2026-08-24|2026-08-25|2026-08-26|2026-08-27|2026-08-28|2026-08-31|2026-09-01|2026-09-02|2026-09-03|2026-09-04|2026-09-08|2026-09-09|2026-09-10|2026-09-11|2026-09-14|2026-09-15|2026-09-16|2026-09-17|2026-09-18|2026-09-21|2026-09-23,2026-09-23 18:35:28,0.0
Encompass Health,,2026-08-11|2026-08-12|2026-08-13|2026-08-14|2026-08-17|2026-08-18|2026-08-19|2026-08-20|2026-08-21|2026-08-24|2026-08-25|2026-08-26|2026-08-27|2026-08-28|2026-08-31|2026-09-01|2026-09-02|2026-09-03|2026-09-04|2026-09-08|2026-09-09|2026-09-10|2026-09-11|2026-09-14|2026-09-15|2026-09-16|2026-09-17|2026-09-18|2026-09-21|2026-09-23,2026-09-23 18:35:28,0.0
Skyworks Solutions,,2026-08-11|2026-08-12|2026-08-13|2026-08-14|2026-08-17|2026-08-18|2026-08-19|2026-08-20|2026-08-21|2026-08-24|2026-08-25|2026-08-26|2026-08-27|2026-08-28|2026-08-31|2026-09-01|2026-09-02|2026-09-03|2026-09-04|2026-09-08|2026-09-09|2026-09-10|2026-09-11|2026-09-14|2026-09-15|2026-09-16|2026-09-17|2026-09-18|2026-09-21|2026-09-23,2026-09-23 18:35:28,0.0
Timken,,2026-08-11|2026-08-12|2026-08-13|2026-08-14|2026-08-17|2026-08-18|2026-08-19|2026-08-20|2026-08-21|2026-08-24|2026-08-25|2026-08-26|2026-08-27|2026-08-28|2026-08-31|2026-09-01|2026-09-02|2026-09-03|2026-09-04|2026-09-08|2026-09-09|2026-09-10|2026-09-11|2026-09-14|2026-09-15|2026-09-16|2026-09-17|2026-09-18|2026-09-21|2026-09-23,2026-09-23 18:35:28,0.0
Liberty Energy,,2026-08-11|2026-08-12|2026-08-13|2026-08-14|2026-08-17|2026-08-18|2026-08-19|2026-08-20|2026-08-21|2026-08-24|2026-08-25|2026-08-26|2026-08-27|2026-08-28|2026-08-31|2026-09-01|2026-09-02|2026-09-03|2026-09-04|2026-09-08|2026-09-09|2026-09-10|2026-09-11|2026-09-14|2026-09-15|2026-09-16|2026-09-17|2026-09-18|2026-09-21|2026-09-23,2026-09-23 18:35:28,0.0
Marriott Vacations Worldwide,,2026-08-11|2026-08-12|2026-08-13|2026-08-14|2026-08-17|2026-08-18|2026-08-19|2026-08-20|2026-08-21|2026-08-24|2026-08-25|2026-08-26|2026-08-27|2026-08-28|2026-08-31|2026-09-01|2026-09-02|2026-09-03|2026-09-04|2026-09-08|2026-09-09|2026-09-10|2026-09-11|2026-09-14|2026-09-15|2026-09-16|2026-09-17|2026-09-18|2026-09-21|2026-09-23,2026-09-23 18:35:28,0.0
Leggett & Platt,,2026-07-17|2026-08-10|2026-08-24|2026-08-25|2026-08-26|2026-08-27,2026-09-23 18:35:28,0.0
Weis Markets,,2026-08-11|2026-08-12|2026-08-13|2026-08-14|2026-08-17|2026-08-18|2026-08-19|2026-08-20|2026-08-21|2026-08-24|2026-08-25|2026-08-26|2026-08-27|2026-08-28|2026-08-31|2026-09-01|2026-09-02|2026-09-03|2026-09-04|2026-09-08|2026-09-09|2026-09-10|2026-09-11|2026-09-14|2026-09-15|2026-09-16|2026-09-17|2026-09-18|2026-09-21|2026-09-23,2026-09-23 18:35:28,0.0
Pinnacle West Capital,,2026-08-11|2026-08-12|2026-08-13|2026-08-14|2026-08-17|2026-08-18|2026-08-19|2026-08-20|2026-08-21|2026-08-24|2026-08-25|2026-08-26|2026-08-27|2026-08-28|2026-08-31|2026-09-01|2026-09-02|2026-09-03|2026-09-04|2026-09-08|2026-09-09|2026-09-10|2026-09-11|2026-09-14|2026-09-15|2026-09-16|2026-09-17|2026-09-18|2026-09-21|2026-09-23,2026-09-23 18:35:28,0.0
EPAM Systems,,2026-08-11|2026-08-12|2026-08-13|2026-08-14|2026-08-17|2026-08-18|2026-08-19|2026-08-20|2026-08-21|2026-08-24|2026-08-25|2026-08-26|2026-08-27|2026-08-28|2026-08-31|2026-09-01|2026-09-02|2026-09-03|2026-09-04|2026-09-08|2026-09-09|2026-09-10|2026-09-11|2026-09-14|2026-09-15|2026-09-16|2026-09-17|2026-09-18|2026-09-21|2026-09-23,2026-09-23 18:35:28,0.0
Antero Resources,,2026-08-11|2026-08-12|2026-08-13|2026-08-14|2026-08-17|2026-08-18|2026-08-19|2026-08-20|2026-08-21|2026-08-24|2026-08-25|2026-08-26|2026-08-27|2026-08-28|2026-08-31|2026-09-01|2026-09-02|2026-09-03|2026-09-04|2026-09-08|2026-09-09|2026-09-10|2026-09-11|2026-09-14|2026-09-15|2026-09-16|2026-09-17|2026-09-18|2026-09-21|2026-09-23,2026-09-23 18:35:28,0.0
Bloomin Brands,,2026-08-11|2026-08-12|2026-08-13|2026-08-14|2026-08-17|2026-08-18|2026-08-19|2026-08-20|2026-08-21|2026-08-24|2026-08-25|2026-08-26|2026-08-27|2026-08-28|2026-08-31|2026-09-01|2026-09-02|2026-09-03|2026-09-04|2026-09-08|2026-09-09|2026-09-10|2026-09-11|2026-09-14|2026-09-15|2026-09-16|2026-09-17|2026-09-18|2026-09-21|2026-09-23,2026-09-23 18:35:28,0.0
MDU Resources Group,,2026-08-11|2026-08-12|2026-08-13|2026-08-14|2026-08-17|2026-08-18|2026-08-19|2026-08-20|2026-08-21|2026-08-24|2026-08-25|2026-08-26|2026-08-27|2026-08-28|2026-08-31|2026-09-01|2026-09-02|2026-09-03|2026-09-04|2026-09-08|2026-09-09|2026-09-10|2026-09-11|2026-09-14|2026-09-15|2026-09-16|2026-09-17|2026-09-18|2026-09-21|2026-09-23,2026-09-23 18:35:28,0.0
Texas Roadhouse,,2026-08-11|2026-08-12|2026-08-13|2026-08-14|2026-08-17|2026-08-18|2026-08-19|2026-08-20|2026-08-21|2026-08-24|2026-08-25|2026-08-26|2026-08-27|2026-08-28|2026-08-31|2026-09-01|2026-09-02|2026-09-03|2026-09-04|2026-09-08|2026-09-09|2026-09-10|2026-09-11|2026-09-14|2026-09-15|2026-09-16|2026-09-17|2026-09-18|2026-09-21|2026-09-23,2026-09-23 18:35:28,0.0
Mercury General,,2026-08-11|2026-08-12|2026-08-13|2026-08-14|2026-08-17|2026-08-18|2026-08-19|2026-08-20|2026-08-21|2026-08-24|2026-08-25|2026-08-26|2026-08-27|2026-08-28|2026-08-31|2026-09-01|2026-09-02|2026-09-03|2026-09-04|2026-09-08|2026-09-09|2026-09-10|2026-09-11|2026-09-14|2026-09-15|2026-09-16|2026-09-17|2026-09-18|2026-09-21|2026-09-23,2026-09-23 18:35:28,0.0
Fortune Brands Innovations,,2026-08-11|2026-08-12|2026-08-13|2026-08-14|2026-08-17|2026-08-18|2026-08-19|2026-08-20|2026-08-21|2026-08-24|2026-08-25|2026-08-26|2026-08-27|2026-08-28|2026-08-31|2026-09-01|2026-09-02|2026-09-03|2026-09-04|2026-09-08|2026-09-09|2026-09-10|2026-09-11|2026-09-14|2026-09-15|2026-09-16|2026-09-17|2026-09-18|2026-09-21|2026-09-23,2026-09-23 18:35:28,0.0
Zions Bancorp,,2026-08-11|2026-08-12|2026-08-13|2026-08-14|2026-08-17|2026-08-18|2026-08-19|2026-08-20|2026-08-21|2026-08-24|2026-08-25|2026-08-26|2026-08-27|2026-08-28|2026-08-31|2026-09-01|2026-09-02|2026-09-03|2026-09-04|2026-09-08|2026-09-09|2026-09-10|2026-09-11|2026-09-14|2026-09-15|2026-09-16|2026-09-17|2026-09-18|2026-09-21|2026-09-23,2026-09-23 18:35:28,0.0
JELD-WEN Holding,,2026-08-11|2026-08-12|2026-08-13|2026-08-14|2026-08-17|2026-08-18|2026-08-19|2026-08-20|2026-08-21|2026-08-24|2026-08-25|2026-08-26|2026-08-27|2026-08-28|2026-08-31|2026-09-01|2026-09-02|2026-09-03|2026-09-04|2026-09-08|2026-09-09|2026-09-10|2026-09-11|2026-09-14|2026-09-15|2026-09-16|2026-09-17|2026-09-18|2026-09-21|2026-09-23,2026-09-23 18:35:28,0.0
Snap Inc,,2026-08-11|2026-08-12|2026-08-13|2026-08-14|2026-08-17|2026-08-18|2026-08-19|2026-08-20|2026-08-21|2026-08-24|2026-08-25|2026-08-26|2026-08-27|2026-08-28|2026-08-31|2026-09-01|2026-09-02|2026-09-03|2026-09-04|2026-09-08|2026-09-09|2026-09-10|2026-09-11|2026-09-14|2026-09-15|2026-09-16|2026-09-17|2026-09-18|2026-09-21|2026-09-23,2026-09-23 18:35:28,0.0
Zebra Technologies,,2026-08-11|2026-08-12|2026-08-13|2026-08-14|2026-08-17|2026-08-18|2026-08-19|2026-08-20|2026-08-21|2026-08-24|2026-08-25|2026-08-26|2026-08-27|2026-08-28|2026-08-31|2026-09-01|2026-09-02|2026-09-03|2026-09-04|2026-09-08|2026-09-09|2026-09-10|2026-09-11|2026-09-14|2026-09-15|2026-09-16|2026-09-17|2026-09-18|2026-09-21|2026-09-23,2026-09-23 18:35:28,0.0
Agilon Health,,2026-08-11|2026-08-12|2026-08-13|2026-08-14|2026-08-17|2026-08-18|2026-08-19|2026-08-20|2026-08-21|2026-08-24|2026-08-25|2026-08-26|2026-08-27|2026-08-28|2026-08-31|2026-09-01|2026-09-02|2026-09-03|2026-09-04|2026-09-08|2026-09-09|2026-09-10|2026-09-11|2026-09-14|2026-09-15|2026-09-16|2026-09-17|2026-09-18|2026-09-21|2026-09-23,2026-09-23 18:35:28,0.0
Toro Company,,2026-08-11|2026-08-12|2026-08-13|2026-08-14|2026-08-17|2026-08-18|2026-08-19|2026-08-20|2026-08-21|2026-08-24|2026-08-25|2026-08-26|2026-08-27|2026-08-28|2026-08-31|2026-09-01|2026-09-02|2026-09-03|2026-09-04|2026-09-08|2026-09-09|2026-09-10|2026-09-11|2026-09-14|2026-09-15|2026-09-16|2026-09-17|2026-09-18|2026-09-21|2026-09-23,2026-09-23 18:35:28,0.0
Zoom Video Communications,,2026-08-11|2026-08-12|2026-08-13|2026-08-14|2026-08-17|2026-08-18|2026-08-19|2026-08-20|2026-08-21|2026-08-24|2026-08-25|2026-08-26|2026-08-27|2026-08-28|2026-08-31|2026-09-01|2026-09-02|2026-09-03|2026-09-04|2026-09-08|2026-09-09|2026-09-10|2026-09-11|2026-09-14|2026-09-15|2026-09-16|2026-09-17|2026-09-18|2026-09-21|2026-09-23,2026-09-23 18:35:28,0.0
