company,trends_history,date_history,last_updated,avg_interest
DuPont de Nemours,0|0|0|0|0|0|0|0|0|0|0|0|0|0|0|0|0|0|100|14|12|10|11|10|11|14|11|12|10|14,2026-02-03|2026-02-04|2026-02-05|2026-02-06|2026-02-09|2026-02-10|2026-02-11|2026-02-12|2026-02-13|2026-02-17|2026-02-18|2026-02-19|2026-02-20|2026-02-23|2026-02-24|2026-02-25|2026-02-26|2026-02-27|2026-03-02|2026-03-03|2026-03-04|2026-03-05|2026-03-06|2026-03-09|2026-03-10|2026-03-11|2026-03-12|2026-03-13|2026-03-16|2026-03-17,2026-03-17 18:43:35,7.6
LPL Financial,85|78|75|65|72|80|100|99|70|75|77|69|71|73|69|92|76|81|77|73|77|66|60|67|70|79|61|57|62|59,2026-02-03|2026-02-04|2026-02-05|2026-02-06|2026-02-09|2026-02-10|2026-02-11|2026-02-12|2026-02-13|2026-02-17|2026-02-18|2026-02-19|2026-02-20|2026-02-23|2026-02-24|2026-02-25|2026-02-26|2026-02-27|2026-03-02|2026-03-03|2026-03-04|2026-03-05|2026-03-06|2026-03-09|2026-03-10|2026-03-11|2026-03-12|2026-03-13|2026-03-16|2026-03-17,2026-03-17 18:43:39,73.8
Citizens Financial Group,30|0|0|0|0|29|0|0|32|100|35|36|24|35|26|0|24|30|41|13|12|11|13|17|15|11|11|10|10|11,2026-02-03|2026-02-04|2026-02-05|2026-02-06|2026-02-09|2026-02-10|2026-02-11|2026-02-12|2026-02-13|2026-02-17|2026-02-18|2026-02-19|2026-02-20|2026-02-23|2026-02-24|2026-02-25|2026-02-26|2026-02-27|2026-03-02|2026-03-03|2026-03-04|2026-03-05|2026-03-06|2026-03-09|2026-03-10|2026-03-11|2026-03-12|2026-03-13|2026-03-16|2026-03-17,2026-03-17 18:43:42,19.2
MasTec,73|62|80|91|68|90|94|73|69|74|99|98|100|62|82|75|87|96|76|73|71|69|63|70|73|71|66|57|63|70,2026-02-03|2026-02-04|2026-02-05|2026-02-06|2026-02-09|2026-02-10|2026-02-11|2026-02-12|2026-02-13|2026-02-17|2026-02-18|2026-02-19|2026-02-20|2026-02-23|2026-02-24|2026-02-25|2026-02-26|2026-02-27|2026-03-02|2026-03-03|2026-03-04|2026-03-05|2026-03-06|2026-03-09|2026-03-10|2026-03-11|2026-03-12|2026-03-13|2026-03-16|2026-03-17,2026-03-17 18:43:47,76.5
AES,62|60|55|59|53|55|73|65|86|74|70|55|56|96|94|76|84|84|100|76|67|58|55|53|52|57|52|90|58|50,2026-02-03|2026-02-04|2026-02-05|2026-02-06|2026-02-09|2026-02-10|2026-02-11|2026-02-12|2026-02-13|2026-02-17|2026-02-18|2026-02-19|2026-02-20|2026-02-23|2026-02-24|2026-02-25|2026-02-26|2026-02-27|2026-03-02|2026-03-03|2026-03-04|2026-03-05|2026-03-06|2026-03-09|2026-03-10|2026-03-11|2026-03-12|2026-03-13|2026-03-16|2026-03-17,2026-03-17 18:43:50,67.5
Norfolk Southern,82|100|88|93|73|87|90|84|66|91|89|76|71|80|81|75|97|70|70|67|62|67|65|74|77|66|74|64|68|65,2026-02-03|2026-02-04|2026-02-05|2026-02-06|2026-02-09|2026-02-10|2026-02-11|2026-02-12|2026-02-13|2026-02-17|2026-02-18|2026-02-19|2026-02-20|2026-02-23|2026-02-24|2026-02-25|2026-02-26|2026-02-27|2026-03-02|2026-03-03|2026-03-04|2026-03-05|2026-03-06|2026-03-09|2026-03-10|2026-03-11|2026-03-12|2026-03-13|2026-03-16|2026-03-17,2026-03-17 18:43:55,77.1
Air Products & Chemicals,0|0|0|0|0|0|0|0|0|0|0|0|0|100|0|100|0|0|0|0|0|0|0|6|0|0|0|6|0|7,2026-02-03|2026-02-04|2026-02-05|2026-02-06|2026-02-09|2026-02-10|2026-02-11|2026-02-12|2026-02-13|2026-02-17|2026-02-18|2026-02-19|2026-02-20|2026-02-23|2026-02-24|2026-02-25|2026-02-26|2026-02-27|2026-03-02|2026-03-03|2026-03-04|2026-03-05|2026-03-06|2026-03-09|2026-03-10|2026-03-11|2026-03-12|2026-03-13|2026-03-16|2026-03-17,2026-03-17 18:44:10,7.3
JB Hunt Transport Services,,2026-02-03|2026-02-04|2026-02-05|2026-02-06|2026-02-09|2026-02-10|2026-02-11|2026-02-12|2026-02-13|2026-02-17|2026-02-18|2026-02-19|2026-02-20|2026-02-23|2026-02-24|2026-02-25|2026-02-26|2026-02-27|2026-03-02|2026-03-03|2026-03-04|2026-03-05|2026-03-06|2026-03-09|2026-03-10|2026-03-11|2026-03-12|2026-03-13|2026-03-16|2026-03-17,2026-03-17 18:44:13,0.0
Ball Corporation,15|14|11|11|9|14|33|28|67|33|12|20|19|91|71|52|36|36|11|5|5|4|5|4|5|5|5|4|5|5,2026-02-03|2026-02-04|2026-02-05|2026-02-06|2026-02-09|2026-02-10|2026-02-11|2026-02-12|2026-02-13|2026-02-17|2026-02-18|2026-02-19|2026-02-20|2026-02-23|2026-02-24|2026-02-25|2026-02-26|2026-02-27|2026-03-02|2026-03-03|2026-03-04|2026-03-05|2026-03-06|2026-03-09|2026-03-10|2026-03-11|2026-03-12|2026-03-13|2026-03-16|2026-03-17,2026-03-17 18:44:14,21.2
Conagra Brands,0|25|58|17|63|33|24|25|50|34|31|21|25|50|50|31|78|89|22|12|13|13|14|13|11|14|15|12|14|13,2026-02-03|2026-02-04|2026-02-05|2026-02-06|2026-02-09|2026-02-10|2026-02-11|2026-02-12|2026-02-13|2026-02-17|2026-02-18|2026-02-19|2026-02-20|2026-02-23|2026-02-24|2026-02-25|2026-02-26|2026-02-27|2026-03-02|2026-03-03|2026-03-04|2026-03-05|2026-03-06|2026-03-09|2026-03-10|2026-03-11|2026-03-12|2026-03-13|2026-03-16|2026-03-17,2026-03-17 18:44:18,29.0
Huntington Bancshares,0|0|0|0|0|0|0|0|0|100|34|0|0|0|0|0|0|0|0|2|3|2|2|3|3|2|2|2|2|2,2026-02-03|2026-02-04|2026-02-05|2026-02-06|2026-02-09|2026-02-10|2026-02-11|2026-02-12|2026-02-13|2026-02-17|2026-02-18|2026-02-19|2026-02-20|2026-02-23|2026-02-24|2026-02-25|2026-02-26|2026-02-27|2026-03-02|2026-03-03|2026-03-04|2026-03-05|2026-03-06|2026-03-09|2026-03-10|2026-03-11|2026-03-12|2026-03-13|2026-03-16|2026-03-17,2026-03-17 18:44:22,5.3
Hormel Foods,36|33|52|0|36|37|37|45|27|79|44|42|36|42|28|51|46|52|42|19|22|18|18|23|21|21|20|18|19|20,2026-02-03|2026-02-04|2026-02-05|2026-02-06|2026-02-09|2026-02-10|2026-02-11|2026-02-12|2026-02-13|2026-02-17|2026-02-18|2026-02-19|2026-02-20|2026-02-23|2026-02-24|2026-02-25|2026-02-26|2026-02-27|2026-03-02|2026-03-03|2026-03-04|2026-03-05|2026-03-06|2026-03-09|2026-03-10|2026-03-11|2026-03-12|2026-03-13|2026-03-16|2026-03-17,2026-03-17 18:44:26,32.8
Eversource Energy,0|0|0|0|0|56|100|37|0|0|0|46|36|69|48|35|0|35|42|27|26|26|23|26|24|22|19|19|27|28,2026-02-03|2026-02-04|2026-02-05|2026-02-06|2026-02-09|2026-02-10|2026-02-11|2026-02-12|2026-02-13|2026-02-17|2026-02-18|2026-02-19|2026-02-20|2026-02-23|2026-02-24|2026-02-25|2026-02-26|2026-02-27|2026-03-02|2026-03-03|2026-03-04|2026-03-05|2026-03-06|2026-03-09|2026-03-10|2026-03-11|2026-03-12|2026-03-13|2026-03-16|2026-03-17,2026-03-17 18:44:40,25.7
Alcoa Corporation,0|0|0|0|0|0|0|0|0|0|0|0|0|0|0|0|0|0|0|0|11|0|0|9|12|11|9|0|7|14,2026-02-03|2026-02-04|2026-02-05|2026-02-06|2026-02-09|2026-02-10|2026-02-11|2026-02-12|2026-02-13|2026-02-17|2026-02-18|2026-02-19|2026-02-20|2026-02-23|2026-02-24|2026-02-25|2026-02-26|2026-02-27|2026-03-02|2026-03-03|2026-03-04|2026-03-05|2026-03-06|2026-03-09|2026-03-10|2026-03-11|2026-03-12|2026-03-13|2026-03-16|2026-03-17,2026-03-17 18:44:43,2.4
Entergy,10|11|12|8|7|8|23|33|63|34|13|16|10|100|80|61|54|49|10|9|9|8|8|9|8|9|16|9|16|7,2026-02-03|2026-02-04|2026-02-05|2026-02-06|2026-02-09|2026-02-10|2026-02-11|2026-02-12|2026-02-13|2026-02-17|2026-02-18|2026-02-19|2026-02-20|2026-02-23|2026-02-24|2026-02-25|2026-02-26|2026-02-27|2026-03-02|2026-03-03|2026-03-04|2026-03-05|2026-03-06|2026-03-09|2026-03-10|2026-03-11|2026-03-12|2026-03-13|2026-03-16|2026-03-17,2026-03-17 18:44:46,23.7
Assurant,86|84|92|82|72|87|93|83|79|94|76|84|93|71|72|92|86|78|100|93|91|84|83|86|88|85|82|82|85|74,2026-02-03|2026-02-04|2026-02-05|2026-02-06|2026-02-09|2026-02-10|2026-02-11|2026-02-12|2026-02-13|2026-02-17|2026-02-18|2026-02-19|2026-02-20|2026-02-23|2026-02-24|2026-02-25|2026-02-26|2026-02-27|2026-03-02|2026-03-03|2026-03-04|2026-03-05|2026-03-06|2026-03-09|2026-03-10|2026-03-11|2026-03-12|2026-03-13|2026-03-16|2026-03-17,2026-03-17 18:44:49,84.6
Chewy,82|80|79|79|67|78|78|76|81|81|80|84|81|85|87|85|89|85|88|91|91|91|92|96|91|84|87|88|88|85,2026-02-03|2026-02-04|2026-02-05|2026-02-06|2026-02-09|2026-02-10|2026-02-11|2026-02-12|2026-02-13|2026-02-17|2026-02-18|2026-02-19|2026-02-20|2026-02-23|2026-02-24|2026-02-25|2026-02-26|2026-02-27|2026-03-02|2026-03-03|2026-03-04|2026-03-05|2026-03-06|2026-03-09|2026-03-10|2026-03-11|2026-03-12|2026-03-13|2026-03-16|2026-03-17,2026-03-17 18:44:53,84.3
Wayfair,63|81|72|76|63|68|75|66|68|84|70|73|70|74|75|72|74|71|77|78|72|77|77|85|80|79|76|77|84|77,2026-02-03|2026-02-04|2026-02-05|2026-02-06|2026-02-09|2026-02-10|2026-02-11|2026-02-12|2026-02-13|2026-02-17|2026-02-18|2026-02-19|2026-02-20|2026-02-23|2026-02-24|2026-02-25|2026-02-26|2026-02-27|2026-03-02|2026-03-03|2026-03-04|2026-03-05|2026-03-06|2026-03-09|2026-03-10|2026-03-11|2026-03-12|2026-03-13|2026-03-16|2026-03-17,2026-03-17 18:44:58,74.5
Avis Budget,34|42|45|35|36|46|51|53|53|42|47|37|42|49|50|53|50|40|46|38|38|38|41|100|61|44|43|44|50|44,2026-02-03|2026-02-04|2026-02-05|2026-02-06|2026-02-09|2026-02-10|2026-02-11|2026-02-12|2026-02-13|2026-02-17|2026-02-18|2026-02-19|2026-02-20|2026-02-23|2026-02-24|2026-02-25|2026-02-26|2026-02-27|2026-03-02|2026-03-03|2026-03-04|2026-03-05|2026-03-06|2026-03-09|2026-03-10|2026-03-11|2026-03-12|2026-03-13|2026-03-16|2026-03-17,2026-03-17 18:45:02,46.4
Intercontinental Exchange,56|34|56|35|19|19|39|30|33|54|26|23|24|0|40|49|30|36|21|18|17|19|16|19|15|15|15|11|12|20,2026-02-03|2026-02-04|2026-02-05|2026-02-06|2026-02-09|2026-02-10|2026-02-11|2026-02-12|2026-02-13|2026-02-17|2026-02-18|2026-02-19|2026-02-20|2026-02-23|2026-02-24|2026-02-25|2026-02-26|2026-02-27|2026-03-02|2026-03-03|2026-03-04|2026-03-05|2026-03-06|2026-03-09|2026-03-10|2026-03-11|2026-03-12|2026-03-13|2026-03-16|2026-03-17,2026-03-17 18:45:06,26.7
Alaska Air,73|74|72|73|65|75|66|75|84|79|78|85|74|96|91|88|82|80|86|72|70|61|63|68|67|63|66|73|73|68,2026-02-03|2026-02-04|2026-02-05|2026-02-06|2026-02-09|2026-02-10|2026-02-11|2026-02-12|2026-02-13|2026-02-17|2026-02-18|2026-02-19|2026-02-20|2026-02-23|2026-02-24|2026-02-25|2026-02-26|2026-02-27|2026-03-02|2026-03-03|2026-03-04|2026-03-05|2026-03-06|2026-03-09|2026-03-10|2026-03-11|2026-03-12|2026-03-13|2026-03-16|2026-03-17,2026-03-17 18:45:10,74.7
GXO Logistics,28|41|38|0|100|25|30|37|22|40|29|26|25|0|27|0|35|42|38|18|22|23|21|26|25|20|19|21|22|17,2026-02-03|2026-02-04|2026-02-05|2026-02-06|2026-02-09|2026-02-10|2026-02-11|2026-02-12|2026-02-13|2026-02-17|2026-02-18|2026-02-19|2026-02-20|2026-02-23|2026-02-24|2026-02-25|2026-02-26|2026-02-27|2026-03-02|2026-03-03|2026-03-04|2026-03-05|2026-03-06|2026-03-09|2026-03-10|2026-03-11|2026-03-12|2026-03-13|2026-03-16|2026-03-17,2026-03-17 18:45:13,27.2
AGCO,27|99|100|58|22|30|17|15|51|69|53|37|41|47|29|33|52|38|25|15|10|12|10|11|12|11|10|10|12|15,2026-02-03|2026-02-04|2026-02-05|2026-02-06|2026-02-09|2026-02-10|2026-02-11|2026-02-12|2026-02-13|2026-02-17|2026-02-18|2026-02-19|2026-02-20|2026-02-23|2026-02-24|2026-02-25|2026-02-26|2026-02-27|2026-03-02|2026-03-03|2026-03-04|2026-03-05|2026-03-06|2026-03-09|2026-03-10|2026-03-11|2026-03-12|2026-03-13|2026-03-16|2026-03-17,2026-03-17 18:45:16,32.4
Molson Coors Beverage,0|0|0|0|0|0|0|0|0|0|0|0|100|0|0|0|0|0|0|0|0|8|9|10|8|7|8|7|5|6,2026-02-03|2026-02-04|2026-02-05|2026-02-06|2026-02-09|2026-02-10|2026-02-11|2026-02-12|2026-02-13|2026-02-17|2026-02-18|2026-02-19|2026-02-20|2026-02-23|2026-02-24|2026-02-25|2026-02-26|2026-02-27|2026-03-02|2026-03-03|2026-03-04|2026-03-05|2026-03-06|2026-03-09|2026-03-10|2026-03-11|2026-03-12|2026-03-13|2026-03-16|2026-03-17,2026-03-17 18:45:21,5.6
Arthur J Gallagher,0|57|0|0|51|42|49|100|0|100|0|0|0|0|0|0|0|0|0|24|28|26|23|28|28|30|29|23|22|26,2026-02-03|2026-02-04|2026-02-05|2026-02-06|2026-02-09|2026-02-10|2026-02-11|2026-02-12|2026-02-13|2026-02-17|2026-02-18|2026-02-19|2026-02-20|2026-02-23|2026-02-24|2026-02-25|2026-02-26|2026-02-27|2026-03-02|2026-03-03|2026-03-04|2026-03-05|2026-03-06|2026-03-09|2026-03-10|2026-03-11|2026-03-12|2026-03-13|2026-03-16|2026-03-17,2026-03-17 18:45:25,22.9
Huntington Ingalls Industries,0|0|16|0|0|0|13|27|56|34|9|0|0|85|41|74|36|26|0|3|3|3|3|3|3|2|2|2|3|3,2026-02-03|2026-02-04|2026-02-05|2026-02-06|2026-02-09|2026-02-10|2026-02-11|2026-02-12|2026-02-13|2026-02-17|2026-02-18|2026-02-19|2026-02-20|2026-02-23|2026-02-24|2026-02-25|2026-02-26|2026-02-27|2026-03-02|2026-03-03|2026-03-04|2026-03-05|2026-03-06|2026-03-09|2026-03-10|2026-03-11|2026-03-12|2026-03-13|2026-03-16|2026-03-17,2026-03-17 18:45:28,14.9
International Flavors & Fragrances,0|0|0|0|0|0|0|0|0|0|0|0|0|43|0|0|0|0|0|5|4|5|3|7|0|0|3|4|4|0,2026-02-03|2026-02-04|2026-02-05|2026-02-06|2026-02-09|2026-02-10|2026-02-11|2026-02-12|2026-02-13|2026-02-17|2026-02-18|2026-02-19|2026-02-20|2026-02-23|2026-02-24|2026-02-25|2026-02-26|2026-02-27|2026-03-02|2026-03-03|2026-03-04|2026-03-05|2026-03-06|2026-03-09|2026-03-10|2026-03-11|2026-03-12|2026-03-13|2026-03-16|2026-03-17,2026-03-17 18:45:32,2.6
Darden Restaurants,18|100|28|18|11|14|7|9|12|10|11|9|11|9|15|10|8|10|10|7|7|7|8|7|7|7|8|8|8|6,2026-02-03|2026-02-04|2026-02-05|2026-02-06|2026-02-09|2026-02-10|2026-02-11|2026-02-12|2026-02-13|2026-02-17|2026-02-18|2026-02-19|2026-02-20|2026-02-23|2026-02-24|2026-02-25|2026-02-26|2026-02-27|2026-03-02|2026-03-03|2026-03-04|2026-03-05|2026-03-06|2026-03-09|2026-03-10|2026-03-11|2026-03-12|2026-03-13|2026-03-16|2026-03-17,2026-03-17 18:45:35,13.3
CIncinnati Financial,60|83|67|63|33|48|41|40|23|75|66|71|59|58|45|27|77|50|44|27|21|28|27|27|27|24|22|26|24|27,2026-02-03|2026-02-04|2026-02-05|2026-02-06|2026-02-09|2026-02-10|2026-02-11|2026-02-12|2026-02-13|2026-02-17|2026-02-18|2026-02-19|2026-02-20|2026-02-23|2026-02-24|2026-02-25|2026-02-26|2026-02-27|2026-03-02|2026-03-03|2026-03-04|2026-03-05|2026-03-06|2026-03-09|2026-03-10|2026-03-11|2026-03-12|2026-03-13|2026-03-16|2026-03-17,2026-03-17 18:45:38,43.7
Chipotle Mexican Grill,73|49|42|40|46|46|62|41|42|73|94|72|60|92|73|100|88|66|70|61|67|48|45|47|51|54|46|56|48|48,2026-02-03|2026-02-04|2026-02-05|2026-02-06|2026-02-09|2026-02-10|2026-02-11|2026-02-12|2026-02-13|2026-02-17|2026-02-18|2026-02-19|2026-02-20|2026-02-23|2026-02-24|2026-02-25|2026-02-26|2026-02-27|2026-03-02|2026-03-03|2026-03-04|2026-03-05|2026-03-06|2026-03-09|2026-03-10|2026-03-11|2026-03-12|2026-03-13|2026-03-16|2026-03-17,2026-03-17 18:45:42,60.0
Yum China,0|86|100|96|0|88|0|0|73|0|0|0|0|0|0|0|0|0|0|25|25|14|21|25|40|21|17|20|22|18,2026-02-03|2026-02-04|2026-02-05|2026-02-06|2026-02-09|2026-02-10|2026-02-11|2026-02-12|2026-02-13|2026-02-17|2026-02-18|2026-02-19|2026-02-20|2026-02-23|2026-02-24|2026-02-25|2026-02-26|2026-02-27|2026-03-02|2026-03-03|2026-03-04|2026-03-05|2026-03-06|2026-03-09|2026-03-10|2026-03-11|2026-03-12|2026-03-13|2026-03-16|2026-03-17,2026-03-17 18:45:46,23.0
Las Vegas Sands,43|0|57|0|0|56|0|39|58|56|60|56|44|100|41|48|63|51|39|26|28|27|25|33|26|26|30|26|22|24,2026-02-03|2026-02-04|2026-02-05|2026-02-06|2026-02-09|2026-02-10|2026-02-11|2026-02-12|2026-02-13|2026-02-17|2026-02-18|2026-02-19|2026-02-20|2026-02-23|2026-02-24|2026-02-25|2026-02-26|2026-02-27|2026-03-02|2026-03-03|2026-03-04|2026-03-05|2026-03-06|2026-03-09|2026-03-10|2026-03-11|2026-03-12|2026-03-13|2026-03-16|2026-03-17,2026-03-17 18:45:50,36.8
Ulta Beauty,54|49|57|56|42|48|55|60|68|47|46|52|57|53|59|56|60|65|65|61|57|66|78|66|65|61|68|73|64|61,2026-02-03|2026-02-04|2026-02-05|2026-02-06|2026-02-09|2026-02-10|2026-02-11|2026-02-12|2026-02-13|2026-02-17|2026-02-18|2026-02-19|2026-02-20|2026-02-23|2026-02-24|2026-02-25|2026-02-26|2026-02-27|2026-03-02|2026-03-03|2026-03-04|2026-03-05|2026-03-06|2026-03-09|2026-03-10|2026-03-11|2026-03-12|2026-03-13|2026-03-16|2026-03-17,2026-03-17 18:45:54,59.0
Caesars Entertainment,40|35|39|0|34|40|45|0|69|71|49|46|30|32|40|54|100|81|53|46|37|32|37|35|33|57|62|48|48|40,2026-02-03|2026-02-04|2026-02-05|2026-02-06|2026-02-09|2026-02-10|2026-02-11|2026-02-12|2026-02-13|2026-02-17|2026-02-18|2026-02-19|2026-02-20|2026-02-23|2026-02-24|2026-02-25|2026-02-26|2026-02-27|2026-03-02|2026-03-03|2026-03-04|2026-03-05|2026-03-06|2026-03-09|2026-03-10|2026-03-11|2026-03-12|2026-03-13|2026-03-16|2026-03-17,2026-03-17 18:45:58,44.4
The Andersons Inc,,2026-02-03|2026-02-04|2026-02-05|2026-02-06|2026-02-09|2026-02-10|2026-02-11|2026-02-12|2026-02-13|2026-02-17|2026-02-18|2026-02-19|2026-02-20|2026-02-23|2026-02-24|2026-02-25|2026-02-26|2026-02-27|2026-03-02|2026-03-03|2026-03-04|2026-03-05|2026-03-06|2026-03-09|2026-03-10|2026-03-11|2026-03-12|2026-03-13|2026-03-16|2026-03-17,2026-03-17 18:46:34,0.0
Hershey,,2026-02-03|2026-02-04|2026-02-05|2026-02-06|2026-02-09|2026-02-10|2026-02-11|2026-02-12|2026-02-13|2026-02-17|2026-02-18|2026-02-19|2026-02-20|2026-02-23|2026-02-24|2026-02-25|2026-02-26|2026-02-27|2026-03-02|2026-03-03|2026-03-04|2026-03-05|2026-03-06|2026-03-09|2026-03-10|2026-03-11|2026-03-12|2026-03-13|2026-03-16|2026-03-17,2026-03-17 18:47:16,0.0
Hilton Worldwide,,2026-02-03|2026-02-04|2026-02-05|2026-02-06|2026-02-09|2026-02-10|2026-02-11|2026-02-12|2026-02-13|2026-02-17|2026-02-18|2026-02-19|2026-02-20|2026-02-23|2026-02-24|2026-02-25|2026-02-26|2026-02-27|2026-03-02|2026-03-03|2026-03-04|2026-03-05|2026-03-06|2026-03-09|2026-03-10|2026-03-11|2026-03-12|2026-03-13|2026-03-16|2026-03-17,2026-03-17 18:47:26,0.0
The Mosaic Company,,2026-02-03|2026-02-04|2026-02-05|2026-02-06|2026-02-09|2026-02-10|2026-02-11|2026-02-12|2026-02-13|2026-02-17|2026-02-18|2026-02-19|2026-02-20|2026-02-23|2026-02-24|2026-02-25|2026-02-26|2026-02-27|2026-03-02|2026-03-03|2026-03-04|2026-03-05|2026-03-06|2026-03-09|2026-03-10|2026-03-11|2026-03-12|2026-03-13|2026-03-16|2026-03-17,2026-03-17 18:47:26,0.0
Airbnb,,2026-02-03|2026-02-04|2026-02-05|2026-02-06|2026-02-09|2026-02-10|2026-02-11|2026-02-12|2026-02-13|2026-02-17|2026-02-18|2026-02-19|2026-02-20|2026-02-23|2026-02-24|2026-02-25|2026-02-26|2026-02-27|2026-03-02|2026-03-03|2026-03-04|2026-03-05|2026-03-06|2026-03-09|2026-03-10|2026-03-11|2026-03-12|2026-03-13|2026-03-16|2026-03-17,2026-03-17 18:47:26,0.0
Diamondback Energy,,2026-02-03|2026-02-04|2026-02-05|2026-02-06|2026-02-09|2026-02-10|2026-02-11|2026-02-12|2026-02-13|2026-02-17|2026-02-18|2026-02-19|2026-02-20|2026-02-23|2026-02-24|2026-02-25|2026-02-26|2026-02-27|2026-03-02|2026-03-03|2026-03-04|2026-03-05|2026-03-06|2026-03-09|2026-03-10|2026-03-11|2026-03-12|2026-03-13|2026-03-16|2026-03-17,2026-03-17 18:47:26,0.0
American Tower,,2026-02-03|2026-02-04|2026-02-05|2026-02-06|2026-02-09|2026-02-10|2026-02-11|2026-02-12|2026-02-13|2026-02-17|2026-02-18|2026-02-19|2026-02-20|2026-02-23|2026-02-24|2026-02-25|2026-02-26|2026-02-27|2026-03-02|2026-03-03|2026-03-04|2026-03-05|2026-03-06|2026-03-09|2026-03-10|2026-03-11|2026-03-12|2026-03-13|2026-03-16|2026-03-17,2026-03-17 18:47:26,0.0
Vertex Pharmaceuticals,,2026-02-03|2026-02-04|2026-02-05|2026-02-06|2026-02-09|2026-02-10|2026-02-11|2026-02-12|2026-02-13|2026-02-17|2026-02-18|2026-02-19|2026-02-20|2026-02-23|2026-02-24|2026-02-25|2026-02-26|2026-02-27|2026-03-02|2026-03-03|2026-03-04|2026-03-05|2026-03-06|2026-03-09|2026-03-10|2026-03-11|2026-03-12|2026-03-13|2026-03-16|2026-03-17,2026-03-17 18:47:26,0.0
ServiceNow,,2026-02-03|2026-02-04|2026-02-05|2026-02-06|2026-02-09|2026-02-10|2026-02-11|2026-02-12|2026-02-13|2026-02-17|2026-02-18|2026-02-19|2026-02-20|2026-02-23|2026-02-24|2026-02-25|2026-02-26|2026-02-27|2026-03-02|2026-03-03|2026-03-04|2026-03-05|2026-03-06|2026-03-09|2026-03-10|2026-03-11|2026-03-12|2026-03-13|2026-03-16|2026-03-17,2026-03-17 18:47:26,0.0
Owens Corning,,2026-02-03|2026-02-04|2026-02-05|2026-02-06|2026-02-09|2026-02-10|2026-02-11|2026-02-12|2026-02-13|2026-02-17|2026-02-18|2026-02-19|2026-02-20|2026-02-23|2026-02-24|2026-02-25|2026-02-26|2026-02-27|2026-03-02|2026-03-03|2026-03-04|2026-03-05|2026-03-06|2026-03-09|2026-03-10|2026-03-11|2026-03-12|2026-03-13|2026-03-16|2026-03-17,2026-03-17 18:47:26,0.0
Advance Auto Parts,,2026-02-03|2026-02-04|2026-02-05|2026-02-06|2026-02-09|2026-02-10|2026-02-11|2026-02-12|2026-02-13|2026-02-17|2026-02-18|2026-02-19|2026-02-20|2026-02-23|2026-02-24|2026-02-25|2026-02-26|2026-02-27|2026-03-02|2026-03-03|2026-03-04|2026-03-05|2026-03-06|2026-03-09|2026-03-10|2026-03-11|2026-03-12|2026-03-13|2026-03-16|2026-03-17,2026-03-17 18:47:26,0.0
Toll Brothers,,2026-02-03|2026-02-04|2026-02-05|2026-02-06|2026-02-09|2026-02-10|2026-02-11|2026-02-12|2026-02-13|2026-02-17|2026-02-18|2026-02-19|2026-02-20|2026-02-23|2026-02-24|2026-02-25|2026-02-26|2026-02-27|2026-03-02|2026-03-03|2026-03-04|2026-03-05|2026-03-06|2026-03-09|2026-03-10|2026-03-11|2026-03-12|2026-03-13|2026-03-16|2026-03-17,2026-03-17 18:47:26,0.0
Mohawk Industries,,2026-02-03|2026-02-04|2026-02-05|2026-02-06|2026-02-09|2026-02-10|2026-02-11|2026-02-12|2026-02-13|2026-02-17|2026-02-18|2026-02-19|2026-02-20|2026-02-23|2026-02-24|2026-02-25|2026-02-26|2026-02-27|2026-03-02|2026-03-03|2026-03-04|2026-03-05|2026-03-06|2026-03-09|2026-03-10|2026-03-11|2026-03-12|2026-03-13|2026-03-16|2026-03-17,2026-03-17 18:47:26,0.0
Motorola Solutions,,2026-02-03|2026-02-04|2026-02-05|2026-02-06|2026-02-09|2026-02-10|2026-02-11|2026-02-12|2026-02-13|2026-02-17|2026-02-18|2026-02-19|2026-02-20|2026-02-23|2026-02-24|2026-02-25|2026-02-26|2026-02-27|2026-03-02|2026-03-03|2026-03-04|2026-03-05|2026-03-06|2026-03-09|2026-03-10|2026-03-11|2026-03-12|2026-03-13|2026-03-16|2026-03-17,2026-03-17 18:47:26,0.0
Oshkosh Corporation,,2026-02-03|2026-02-04|2026-02-05|2026-02-06|2026-02-09|2026-02-10|2026-02-11|2026-02-12|2026-02-13|2026-02-17|2026-02-18|2026-02-19|2026-02-20|2026-02-23|2026-02-24|2026-02-25|2026-02-26|2026-02-27|2026-03-02|2026-03-03|2026-03-04|2026-03-05|2026-03-06|2026-03-09|2026-03-10|2026-03-11|2026-03-12|2026-03-13|2026-03-16|2026-03-17,2026-03-17 18:47:26,0.0
DoorDash,,2026-02-03|2026-02-04|2026-02-05|2026-02-06|2026-02-09|2026-02-10|2026-02-11|2026-02-12|2026-02-13|2026-02-17|2026-02-18|2026-02-19|2026-02-20|2026-02-23|2026-02-24|2026-02-25|2026-02-26|2026-02-27|2026-03-02|2026-03-03|2026-03-04|2026-03-05|2026-03-06|2026-03-09|2026-03-10|2026-03-11|2026-03-12|2026-03-13|2026-03-16|2026-03-17,2026-03-17 18:47:26,0.0
NVR Inc,,2026-02-03|2026-02-04|2026-02-05|2026-02-06|2026-02-09|2026-02-10|2026-02-11|2026-02-12|2026-02-13|2026-02-17|2026-02-18|2026-02-19|2026-02-20|2026-02-23|2026-02-24|2026-02-25|2026-02-26|2026-02-27|2026-03-02|2026-03-03|2026-03-04|2026-03-05|2026-03-06|2026-03-09|2026-03-10|2026-03-11|2026-03-12|2026-03-13|2026-03-16|2026-03-17,2026-03-17 18:47:26,0.0
Booz Allen Hamilton,,2026-02-03|2026-02-04|2026-02-05|2026-02-06|2026-02-09|2026-02-10|2026-02-11|2026-02-12|2026-02-13|2026-02-17|2026-02-18|2026-02-19|2026-02-20|2026-02-23|2026-02-24|2026-02-25|2026-02-26|2026-02-27|2026-03-02|2026-03-03|2026-03-04|2026-03-05|2026-03-06|2026-03-09|2026-03-10|2026-03-11|2026-03-12|2026-03-13|2026-03-16|2026-03-17,2026-03-17 18:47:26,0.0
Burlington Stores,,2026-02-03|2026-02-04|2026-02-05|2026-02-06|2026-02-09|2026-02-10|2026-02-11|2026-02-12|2026-02-13|2026-02-17|2026-02-18|2026-02-19|2026-02-20|2026-02-23|2026-02-24|2026-02-25|2026-02-26|2026-02-27|2026-03-02|2026-03-03|2026-03-04|2026-03-05|2026-03-06|2026-03-09|2026-03-10|2026-03-11|2026-03-12|2026-03-13|2026-03-16|2026-03-17,2026-03-17 18:47:26,0.0
Expeditors International of Washington,,2026-02-03|2026-02-04|2026-02-05|2026-02-06|2026-02-09|2026-02-10|2026-02-11|2026-02-12|2026-02-13|2026-02-17|2026-02-18|2026-02-19|2026-02-20|2026-02-23|2026-02-24|2026-02-25|2026-02-26|2026-02-27|2026-03-02|2026-03-03|2026-03-04|2026-03-05|2026-03-06|2026-03-09|2026-03-10|2026-03-11|2026-03-12|2026-03-13|2026-03-16|2026-03-17,2026-03-17 18:47:26,0.0
Lululemon athletica,,2026-02-03|2026-02-04|2026-02-05|2026-02-06|2026-02-09|2026-02-10|2026-02-11|2026-02-12|2026-02-13|2026-02-17|2026-02-18|2026-02-19|2026-02-20|2026-02-23|2026-02-24|2026-02-25|2026-02-26|2026-02-27|2026-03-02|2026-03-03|2026-03-04|2026-03-05|2026-03-06|2026-03-09|2026-03-10|2026-03-11|2026-03-12|2026-03-13|2026-03-16|2026-03-17,2026-03-17 18:47:26,0.0
Fidelity National Information Services,,2026-02-03|2026-02-04|2026-02-05|2026-02-06|2026-02-09|2026-02-10|2026-02-11|2026-02-12|2026-02-13|2026-02-17|2026-02-18|2026-02-19|2026-02-20|2026-02-23|2026-02-24|2026-02-25|2026-02-26|2026-02-27|2026-03-02|2026-03-03|2026-03-04|2026-03-05|2026-03-06|2026-03-09|2026-03-10|2026-03-11|2026-03-12|2026-03-13|2026-03-16|2026-03-17,2026-03-17 18:47:26,0.0
Jefferies Financial,,2026-02-03|2026-02-04|2026-02-05|2026-02-06|2026-02-09|2026-02-10|2026-02-11|2026-02-12|2026-02-13|2026-02-17|2026-02-18|2026-02-19|2026-02-20|2026-02-23|2026-02-24|2026-02-25|2026-02-26|2026-02-27|2026-03-02|2026-03-03|2026-03-04|2026-03-05|2026-03-06|2026-03-09|2026-03-10|2026-03-11|2026-03-12|2026-03-13|2026-03-16|2026-03-17,2026-03-17 18:47:26,0.0
Williams Companies,,2026-02-03|2026-02-04|2026-02-05|2026-02-06|2026-02-09|2026-02-10|2026-02-11|2026-02-12|2026-02-13|2026-02-17|2026-02-18|2026-02-19|2026-02-20|2026-02-23|2026-02-24|2026-02-25|2026-02-26|2026-02-27|2026-03-02|2026-03-03|2026-03-04|2026-03-05|2026-03-06|2026-03-09|2026-03-10|2026-03-11|2026-03-12|2026-03-13|2026-03-16|2026-03-17,2026-03-17 18:47:26,0.0
VF Corporation,,2026-02-03|2026-02-04|2026-02-05|2026-02-06|2026-02-09|2026-02-10|2026-02-11|2026-02-12|2026-02-13|2026-02-17|2026-02-18|2026-02-19|2026-02-20|2026-02-23|2026-02-24|2026-02-25|2026-02-26|2026-02-27|2026-03-02|2026-03-03|2026-03-04|2026-03-05|2026-03-06|2026-03-09|2026-03-10|2026-03-11|2026-03-12|2026-03-13|2026-03-16|2026-03-17,2026-03-17 18:47:26,0.0
Autoliv,,2026-02-03|2026-02-04|2026-02-05|2026-02-06|2026-02-09|2026-02-10|2026-02-11|2026-02-12|2026-02-13|2026-02-17|2026-02-18|2026-02-19|2026-02-20|2026-02-23|2026-02-24|2026-02-25|2026-02-26|2026-02-27|2026-03-02|2026-03-03|2026-03-04|2026-03-05|2026-03-06|2026-03-09|2026-03-10|2026-03-11|2026-03-12|2026-03-13|2026-03-16|2026-03-17,2026-03-17 18:47:26,0.0
Westinghouse Air Brake Technologies,,2026-02-03|2026-02-04|2026-02-05|2026-02-06|2026-02-09|2026-02-10|2026-02-11|2026-02-12|2026-02-13|2026-02-17|2026-02-18|2026-02-19|2026-02-20|2026-02-23|2026-02-24|2026-02-25|2026-02-26|2026-02-27|2026-03-02|2026-03-03|2026-03-04|2026-03-05|2026-03-06|2026-03-09|2026-03-10|2026-03-11|2026-03-12|2026-03-13|2026-03-16|2026-03-17,2026-03-17 18:47:26,0.0
Public Service Enterprise Group,,2026-02-03|2026-02-04|2026-02-05|2026-02-06|2026-02-09|2026-02-10|2026-02-11|2026-02-12|2026-02-13|2026-02-17|2026-02-18|2026-02-19|2026-02-20|2026-02-23|2026-02-24|2026-02-25|2026-02-26|2026-02-27|2026-03-02|2026-03-03|2026-03-04|2026-03-05|2026-03-06|2026-03-09|2026-03-10|2026-03-11|2026-03-12|2026-03-13|2026-03-16|2026-03-17,2026-03-17 18:47:26,0.0
Ebay,,2026-02-03|2026-02-04|2026-02-05|2026-02-06|2026-02-09|2026-02-10|2026-02-11|2026-02-12|2026-02-13|2026-02-17|2026-02-18|2026-02-19|2026-02-20|2026-02-23|2026-02-24|2026-02-25|2026-02-26|2026-02-27|2026-03-02|2026-03-03|2026-03-04|2026-03-05|2026-03-06|2026-03-09|2026-03-10|2026-03-11|2026-03-12|2026-03-13|2026-03-16|2026-03-17,2026-03-17 18:47:26,0.0
Celanese,,2026-02-03|2026-02-04|2026-02-05|2026-02-06|2026-02-09|2026-02-10|2026-02-11|2026-02-12|2026-02-13|2026-02-17|2026-02-18|2026-02-19|2026-02-20|2026-02-23|2026-02-24|2026-02-25|2026-02-26|2026-02-27|2026-03-02|2026-03-03|2026-03-04|2026-03-05|2026-03-06|2026-03-09|2026-03-10|2026-03-11|2026-03-12|2026-03-13|2026-03-16|2026-03-17,2026-03-17 18:47:26,0.0
Global Payments,,2026-02-03|2026-02-04|2026-02-05|2026-02-06|2026-02-09|2026-02-10|2026-02-11|2026-02-12|2026-02-13|2026-02-17|2026-02-18|2026-02-19|2026-02-20|2026-02-23|2026-02-24|2026-02-25|2026-02-26|2026-02-27|2026-03-02|2026-03-03|2026-03-04|2026-03-05|2026-03-06|2026-03-09|2026-03-10|2026-03-11|2026-03-12|2026-03-13|2026-03-16|2026-03-17,2026-03-17 18:47:26,0.0
News Corp,,2026-02-03|2026-02-04|2026-02-05|2026-02-06|2026-02-09|2026-02-10|2026-02-11|2026-02-12|2026-02-13|2026-02-17|2026-02-18|2026-02-19|2026-02-20|2026-02-23|2026-02-24|2026-02-25|2026-02-26|2026-02-27|2026-03-02|2026-03-03|2026-03-04|2026-03-05|2026-03-06|2026-03-09|2026-03-10|2026-03-11|2026-03-12|2026-03-13|2026-03-16|2026-03-17,2026-03-17 18:47:26,0.0
THOR Industries,,2026-02-03|2026-02-04|2026-02-05|2026-02-06|2026-02-09|2026-02-10|2026-02-11|2026-02-12|2026-02-13|2026-02-17|2026-02-18|2026-02-19|2026-02-20|2026-02-23|2026-02-24|2026-02-25|2026-02-26|2026-02-27|2026-03-02|2026-03-03|2026-03-04|2026-03-05|2026-03-06|2026-03-09|2026-03-10|2026-03-11|2026-03-12|2026-03-13|2026-03-16|2026-03-17,2026-03-17 18:47:26,0.0
Icahn Enterprises,,2026-02-03|2026-02-04|2026-02-05|2026-02-06|2026-02-09|2026-02-10|2026-02-11|2026-02-12|2026-02-13|2026-02-17|2026-02-18|2026-02-19|2026-02-20|2026-02-23|2026-02-24|2026-02-25|2026-02-26|2026-02-27|2026-03-02|2026-03-03|2026-03-04|2026-03-05|2026-03-06|2026-03-09|2026-03-10|2026-03-11|2026-03-12|2026-03-13|2026-03-16|2026-03-17,2026-03-17 18:47:26,0.0
Constellation Brands,,2026-02-03|2026-02-04|2026-02-05|2026-02-06|2026-02-09|2026-02-10|2026-02-11|2026-02-12|2026-02-13|2026-02-17|2026-02-18|2026-02-19|2026-02-20|2026-02-23|2026-02-24|2026-02-25|2026-02-26|2026-02-27|2026-03-02|2026-03-03|2026-03-04|2026-03-05|2026-03-06|2026-03-09|2026-03-10|2026-03-11|2026-03-12|2026-03-13|2026-03-16|2026-03-17,2026-03-17 18:47:26,0.0
Quest Diagnostics,,2026-02-03|2026-02-04|2026-02-05|2026-02-06|2026-02-09|2026-02-10|2026-02-11|2026-02-12|2026-02-13|2026-02-17|2026-02-18|2026-02-19|2026-02-20|2026-02-23|2026-02-24|2026-02-25|2026-02-26|2026-02-27|2026-03-02|2026-03-03|2026-03-04|2026-03-05|2026-03-06|2026-03-09|2026-03-10|2026-03-11|2026-03-12|2026-03-13|2026-03-16|2026-03-17,2026-03-17 18:47:26,0.0
KLA,,2026-02-03|2026-02-04|2026-02-05|2026-02-06|2026-02-09|2026-02-10|2026-02-11|2026-02-12|2026-02-13|2026-02-17|2026-02-18|2026-02-19|2026-02-20|2026-02-23|2026-02-24|2026-02-25|2026-02-26|2026-02-27|2026-03-02|2026-03-03|2026-03-04|2026-03-05|2026-03-06|2026-03-09|2026-03-10|2026-03-11|2026-03-12|2026-03-13|2026-03-16|2026-03-17,2026-03-17 18:47:26,0.0
QXO Building Products,,2026-02-03|2026-02-04|2026-02-05|2026-02-06|2026-02-09|2026-02-10|2026-02-11|2026-02-12|2026-02-13|2026-02-17|2026-02-18|2026-02-19|2026-02-20|2026-02-23|2026-02-24|2026-02-25|2026-02-26|2026-02-27|2026-03-02|2026-03-03|2026-03-04|2026-03-05|2026-03-06|2026-03-09|2026-03-10|2026-03-11|2026-03-12|2026-03-13|2026-03-16|2026-03-17,2026-03-17 18:47:26,0.0
APA,,2026-02-03|2026-02-04|2026-02-05|2026-02-06|2026-02-09|2026-02-10|2026-02-11|2026-02-12|2026-02-13|2026-02-17|2026-02-18|2026-02-19|2026-02-20|2026-02-23|2026-02-24|2026-02-25|2026-02-26|2026-02-27|2026-03-02|2026-03-03|2026-03-04|2026-03-05|2026-03-06|2026-03-09|2026-03-10|2026-03-11|2026-03-12|2026-03-13|2026-03-16|2026-03-17,2026-03-17 18:47:26,0.0
Biogen,,2026-02-03|2026-02-04|2026-02-05|2026-02-06|2026-02-09|2026-02-10|2026-02-11|2026-02-12|2026-02-13|2026-02-17|2026-02-18|2026-02-19|2026-02-20|2026-02-23|2026-02-24|2026-02-25|2026-02-26|2026-02-27|2026-03-02|2026-03-03|2026-03-04|2026-03-05|2026-03-06|2026-03-09|2026-03-10|2026-03-11|2026-03-12|2026-03-13|2026-03-16|2026-03-17,2026-03-17 18:47:26,0.0
Campbell Soup,,2026-02-03|2026-02-04|2026-02-05|2026-02-06|2026-02-09|2026-02-10|2026-02-11|2026-02-12|2026-02-13|2026-02-17|2026-02-18|2026-02-19|2026-02-20|2026-02-23|2026-02-24|2026-02-25|2026-02-26|2026-02-27|2026-03-02|2026-03-03|2026-03-04|2026-03-05|2026-03-06|2026-03-09|2026-03-10|2026-03-11|2026-03-12|2026-03-13|2026-03-16|2026-03-17,2026-03-17 18:47:26,0.0
Concentrix,,2026-02-03|2026-02-04|2026-02-05|2026-02-06|2026-02-09|2026-02-10|2026-02-11|2026-02-12|2026-02-13|2026-02-17|2026-02-18|2026-02-19|2026-02-20|2026-02-23|2026-02-24|2026-02-25|2026-02-26|2026-02-27|2026-03-02|2026-03-03|2026-03-04|2026-03-05|2026-03-06|2026-03-09|2026-03-10|2026-03-11|2026-03-12|2026-03-13|2026-03-16|2026-03-17,2026-03-17 18:47:26,0.0
Cintas,,2026-02-03|2026-02-04|2026-02-05|2026-02-06|2026-02-09|2026-02-10|2026-02-11|2026-02-12|2026-02-13|2026-02-17|2026-02-18|2026-02-19|2026-02-20|2026-02-23|2026-02-24|2026-02-25|2026-02-26|2026-02-27|2026-03-02|2026-03-03|2026-03-04|2026-03-05|2026-03-06|2026-03-09|2026-03-10|2026-03-11|2026-03-12|2026-03-13|2026-03-16|2026-03-17,2026-03-17 18:47:26,0.0
Analog Devices,,2026-02-03|2026-02-04|2026-02-05|2026-02-06|2026-02-09|2026-02-10|2026-02-11|2026-02-12|2026-02-13|2026-02-17|2026-02-18|2026-02-19|2026-02-20|2026-02-23|2026-02-24|2026-02-25|2026-02-26|2026-02-27|2026-03-02|2026-03-03|2026-03-04|2026-03-05|2026-03-06|2026-03-09|2026-03-10|2026-03-11|2026-03-12|2026-03-13|2026-03-16|2026-03-17,2026-03-17 18:47:26,0.0
Eastman Chemical,,2026-02-03|2026-02-04|2026-02-05|2026-02-06|2026-02-09|2026-02-10|2026-02-11|2026-02-12|2026-02-13|2026-02-17|2026-02-18|2026-02-19|2026-02-20|2026-02-23|2026-02-24|2026-02-25|2026-02-26|2026-02-27|2026-03-02|2026-03-03|2026-03-04|2026-03-05|2026-03-06|2026-03-09|2026-03-10|2026-03-11|2026-03-12|2026-03-13|2026-03-16|2026-03-17,2026-03-17 18:47:26,0.0
Interactive Brokers,,2026-02-03|2026-02-04|2026-02-05|2026-02-06|2026-02-09|2026-02-10|2026-02-11|2026-02-12|2026-02-13|2026-02-17|2026-02-18|2026-02-19|2026-02-20|2026-02-23|2026-02-24|2026-02-25|2026-02-26|2026-02-27|2026-03-02|2026-03-03|2026-03-04|2026-03-05|2026-03-06|2026-03-09|2026-03-10|2026-03-11|2026-03-12|2026-03-13|2026-03-16|2026-03-17,2026-03-17 18:47:26,0.0
Regions Financial,,2026-02-03|2026-02-04|2026-02-05|2026-02-06|2026-02-09|2026-02-10|2026-02-11|2026-02-12|2026-02-13|2026-02-17|2026-02-18|2026-02-19|2026-02-20|2026-02-23|2026-02-24|2026-02-25|2026-02-26|2026-02-27|2026-03-02|2026-03-03|2026-03-04|2026-03-05|2026-03-06|2026-03-09|2026-03-10|2026-03-11|2026-03-12|2026-03-13|2026-03-16|2026-03-17,2026-03-17 18:47:26,0.0
JetBlue Airways,,2026-02-03|2026-02-04|2026-02-05|2026-02-06|2026-02-09|2026-02-10|2026-02-11|2026-02-12|2026-02-13|2026-02-17|2026-02-18|2026-02-19|2026-02-20|2026-02-23|2026-02-24|2026-02-25|2026-02-26|2026-02-27|2026-03-02|2026-03-03|2026-03-04|2026-03-05|2026-03-06|2026-03-09|2026-03-10|2026-03-11|2026-03-12|2026-03-13|2026-03-16|2026-03-17,2026-03-17 18:47:26,0.0
Zoetis,,2026-02-03|2026-02-04|2026-02-05|2026-02-06|2026-02-09|2026-02-10|2026-02-11|2026-02-12|2026-02-13|2026-02-17|2026-02-18|2026-02-19|2026-02-20|2026-02-23|2026-02-24|2026-02-25|2026-02-26|2026-02-27|2026-03-02|2026-03-03|2026-03-04|2026-03-05|2026-03-06|2026-03-09|2026-03-10|2026-03-11|2026-03-12|2026-03-13|2026-03-16|2026-03-17,2026-03-17 18:47:26,0.0
KeyCorp,,2026-02-03|2026-02-04|2026-02-05|2026-02-06|2026-02-09|2026-02-10|2026-02-11|2026-02-12|2026-02-13|2026-02-17|2026-02-18|2026-02-19|2026-02-20|2026-02-23|2026-02-24|2026-02-25|2026-02-26|2026-02-27|2026-03-02|2026-03-03|2026-03-04|2026-03-05|2026-03-06|2026-03-09|2026-03-10|2026-03-11|2026-03-12|2026-03-13|2026-03-16|2026-03-17,2026-03-17 18:47:26,0.0
Oscar Health,,2026-02-03|2026-02-04|2026-02-05|2026-02-06|2026-02-09|2026-02-10|2026-02-11|2026-02-12|2026-02-13|2026-02-17|2026-02-18|2026-02-19|2026-02-20|2026-02-23|2026-02-24|2026-02-25|2026-02-26|2026-02-27|2026-03-02|2026-03-03|2026-03-04|2026-03-05|2026-03-06|2026-03-09|2026-03-10|2026-03-11|2026-03-12|2026-03-13|2026-03-16|2026-03-17,2026-03-17 18:47:26,0.0
Ovintiv,,2026-02-03|2026-02-04|2026-02-05|2026-02-06|2026-02-09|2026-02-10|2026-02-11|2026-02-12|2026-02-13|2026-02-17|2026-02-18|2026-02-19|2026-02-20|2026-02-23|2026-02-24|2026-02-25|2026-02-26|2026-02-27|2026-03-02|2026-03-03|2026-03-04|2026-03-05|2026-03-06|2026-03-09|2026-03-10|2026-03-11|2026-03-12|2026-03-13|2026-03-16|2026-03-17,2026-03-17 18:47:26,0.0
Seaboard,,2026-02-03|2026-02-04|2026-02-05|2026-02-06|2026-02-09|2026-02-10|2026-02-11|2026-02-12|2026-02-13|2026-02-17|2026-02-18|2026-02-19|2026-02-20|2026-02-23|2026-02-24|2026-02-25|2026-02-26|2026-02-27|2026-03-02|2026-03-03|2026-03-04|2026-03-05|2026-03-06|2026-03-09|2026-03-10|2026-03-11|2026-03-12|2026-03-13|2026-03-16|2026-03-17,2026-03-17 18:47:26,0.0
Hertz,,2026-02-03|2026-02-04|2026-02-05|2026-02-06|2026-02-09|2026-02-10|2026-02-11|2026-02-12|2026-02-13|2026-02-17|2026-02-18|2026-02-19|2026-02-20|2026-02-23|2026-02-24|2026-02-25|2026-02-26|2026-02-27|2026-03-02|2026-03-03|2026-03-04|2026-03-05|2026-03-06|2026-03-09|2026-03-10|2026-03-11|2026-03-12|2026-03-13|2026-03-16|2026-03-17,2026-03-17 18:47:26,0.0
NOV,,2026-02-03|2026-02-04|2026-02-05|2026-02-06|2026-02-09|2026-02-10|2026-02-11|2026-02-12|2026-02-13|2026-02-17|2026-02-18|2026-02-19|2026-02-20|2026-02-23|2026-02-24|2026-02-25|2026-02-26|2026-02-27|2026-03-02|2026-03-03|2026-03-04|2026-03-05|2026-03-06|2026-03-09|2026-03-10|2026-03-11|2026-03-12|2026-03-13|2026-03-16|2026-03-17,2026-03-17 18:47:26,0.0
Graphic Packaging,,2026-02-03|2026-02-04|2026-02-05|2026-02-06|2026-02-09|2026-02-10|2026-02-11|2026-02-12|2026-02-13|2026-02-17|2026-02-18|2026-02-19|2026-02-20|2026-02-23|2026-02-24|2026-02-25|2026-02-26|2026-02-27|2026-03-02|2026-03-03|2026-03-04|2026-03-05|2026-03-06|2026-03-09|2026-03-10|2026-03-11|2026-03-12|2026-03-13|2026-03-16|2026-03-17,2026-03-17 18:47:26,0.0
Avery Dennison,,2026-02-03|2026-02-04|2026-02-05|2026-02-06|2026-02-09|2026-02-10|2026-02-11|2026-02-12|2026-02-13|2026-02-17|2026-02-18|2026-02-19|2026-02-20|2026-02-23|2026-02-24|2026-02-25|2026-02-26|2026-02-27|2026-03-02|2026-03-03|2026-03-04|2026-03-05|2026-03-06|2026-03-09|2026-03-10|2026-03-11|2026-03-12|2026-03-13|2026-03-16|2026-03-17,2026-03-17 18:47:26,0.0
Equinix,,2026-02-03|2026-02-04|2026-02-05|2026-02-06|2026-02-09|2026-02-10|2026-02-11|2026-02-12|2026-02-13|2026-02-17|2026-02-18|2026-02-19|2026-02-20|2026-02-23|2026-02-24|2026-02-25|2026-02-26|2026-02-27|2026-03-02|2026-03-03|2026-03-04|2026-03-05|2026-03-06|2026-03-09|2026-03-10|2026-03-11|2026-03-12|2026-03-13|2026-03-16|2026-03-17,2026-03-17 18:47:26,0.0
Insight Enterprises,,2026-02-03|2026-02-04|2026-02-05|2026-02-06|2026-02-09|2026-02-10|2026-02-11|2026-02-12|2026-02-13|2026-02-17|2026-02-18|2026-02-19|2026-02-20|2026-02-23|2026-02-24|2026-02-25|2026-02-26|2026-02-27|2026-03-02|2026-03-03|2026-03-04|2026-03-05|2026-03-06|2026-03-09|2026-03-10|2026-03-11|2026-03-12|2026-03-13|2026-03-16|2026-03-17,2026-03-17 18:47:26,0.0
Sirius XM,,2026-02-03|2026-02-04|2026-02-05|2026-02-06|2026-02-09|2026-02-10|2026-02-11|2026-02-12|2026-02-13|2026-02-17|2026-02-18|2026-02-19|2026-02-20|2026-02-23|2026-02-24|2026-02-25|2026-02-26|2026-02-27|2026-03-02|2026-03-03|2026-03-04|2026-03-05|2026-03-06|2026-03-09|2026-03-10|2026-03-11|2026-03-12|2026-03-13|2026-03-16|2026-03-17,2026-03-17 18:47:26,0.0
PVH,,2026-02-03|2026-02-04|2026-02-05|2026-02-06|2026-02-09|2026-02-10|2026-02-11|2026-02-12|2026-02-13|2026-02-17|2026-02-18|2026-02-19|2026-02-20|2026-02-23|2026-02-24|2026-02-25|2026-02-26|2026-02-27|2026-03-02|2026-03-03|2026-03-04|2026-03-05|2026-03-06|2026-03-09|2026-03-10|2026-03-11|2026-03-12|2026-03-13|2026-03-16|2026-03-17,2026-03-17 18:47:26,0.0
CenterPoint Energy,,2026-02-03|2026-02-04|2026-02-05|2026-02-06|2026-02-09|2026-02-10|2026-02-11|2026-02-12|2026-02-13|2026-02-17|2026-02-18|2026-02-19|2026-02-20|2026-02-23|2026-02-24|2026-02-25|2026-02-26|2026-02-27|2026-03-02|2026-03-03|2026-03-04|2026-03-05|2026-03-06|2026-03-09|2026-03-10|2026-03-11|2026-03-12|2026-03-13|2026-03-16|2026-03-17,2026-03-17 18:47:26,0.0
WEC Energy,,2026-02-03|2026-02-04|2026-02-05|2026-02-06|2026-02-09|2026-02-10|2026-02-11|2026-02-12|2026-02-13|2026-02-17|2026-02-18|2026-02-19|2026-02-20|2026-02-23|2026-02-24|2026-02-25|2026-02-26|2026-02-27|2026-03-02|2026-03-03|2026-03-04|2026-03-05|2026-03-06|2026-03-09|2026-03-10|2026-03-11|2026-03-12|2026-03-13|2026-03-16|2026-03-17,2026-03-17 18:47:26,0.0
Xylem Inc,,2026-02-03|2026-02-04|2026-02-05|2026-02-06|2026-02-09|2026-02-10|2026-02-11|2026-02-12|2026-02-13|2026-02-17|2026-02-18|2026-02-19|2026-02-20|2026-02-23|2026-02-24|2026-02-25|2026-02-26|2026-02-27|2026-03-02|2026-03-03|2026-03-04|2026-03-05|2026-03-06|2026-03-09|2026-03-10|2026-03-11|2026-03-12|2026-03-13|2026-03-16|2026-03-17,2026-03-17 18:47:26,0.0
Franklin Resources,,2026-02-03|2026-02-04|2026-02-05|2026-02-06|2026-02-09|2026-02-10|2026-02-11|2026-02-12|2026-02-13|2026-02-17|2026-02-18|2026-02-19|2026-02-20|2026-02-23|2026-02-24|2026-02-25|2026-02-26|2026-02-27|2026-03-02|2026-03-03|2026-03-04|2026-03-05|2026-03-06|2026-03-09|2026-03-10|2026-03-11|2026-03-12|2026-03-13|2026-03-16|2026-03-17,2026-03-17 18:47:26,0.0
PPL Corporation,,2026-02-03|2026-02-04|2026-02-05|2026-02-06|2026-02-09|2026-02-10|2026-02-11|2026-02-12|2026-02-13|2026-02-17|2026-02-18|2026-02-19|2026-02-20|2026-02-23|2026-02-24|2026-02-25|2026-02-26|2026-02-27|2026-03-02|2026-03-03|2026-03-04|2026-03-05|2026-03-06|2026-03-09|2026-03-10|2026-03-11|2026-03-12|2026-03-13|2026-03-16|2026-03-17,2026-03-17 18:47:26,0.0
Workday,,2026-02-03|2026-02-04|2026-02-05|2026-02-06|2026-02-09|2026-02-10|2026-02-11|2026-02-12|2026-02-13|2026-02-17|2026-02-18|2026-02-19|2026-02-20|2026-02-23|2026-02-24|2026-02-25|2026-02-26|2026-02-27|2026-03-02|2026-03-03|2026-03-04|2026-03-05|2026-03-06|2026-03-09|2026-03-10|2026-03-11|2026-03-12|2026-03-13|2026-03-16|2026-03-17,2026-03-17 18:47:26,0.0
Dover Corporation,,2026-02-03|2026-02-04|2026-02-05|2026-02-06|2026-02-09|2026-02-10|2026-02-11|2026-02-12|2026-02-13|2026-02-17|2026-02-18|2026-02-19|2026-02-20|2026-02-23|2026-02-24|2026-02-25|2026-02-26|2026-02-27|2026-03-02|2026-03-03|2026-03-04|2026-03-05|2026-03-06|2026-03-09|2026-03-10|2026-03-11|2026-03-12|2026-03-13|2026-03-16|2026-03-17,2026-03-17 18:47:26,0.0
Packaging Corp of America,,2026-02-03|2026-02-04|2026-02-05|2026-02-06|2026-02-09|2026-02-10|2026-02-11|2026-02-12|2026-02-13|2026-02-17|2026-02-18|2026-02-19|2026-02-20|2026-02-23|2026-02-24|2026-02-25|2026-02-26|2026-02-27|2026-03-02|2026-03-03|2026-03-04|2026-03-05|2026-03-06|2026-03-09|2026-03-10|2026-03-11|2026-03-12|2026-03-13|2026-03-16|2026-03-17,2026-03-17 18:47:26,0.0
ABM Industries,,2026-02-03|2026-02-04|2026-02-05|2026-02-06|2026-02-09|2026-02-10|2026-02-11|2026-02-12|2026-02-13|2026-02-17|2026-02-18|2026-02-19|2026-02-20|2026-02-23|2026-02-24|2026-02-25|2026-02-26|2026-02-27|2026-03-02|2026-03-03|2026-03-04|2026-03-05|2026-03-06|2026-03-09|2026-03-10|2026-03-11|2026-03-12|2026-03-13|2026-03-16|2026-03-17,2026-03-17 18:47:26,0.0
Intuitive Surgical,,2026-02-03|2026-02-04|2026-02-05|2026-02-06|2026-02-09|2026-02-10|2026-02-11|2026-02-12|2026-02-13|2026-02-17|2026-02-18|2026-02-19|2026-02-20|2026-02-23|2026-02-24|2026-02-25|2026-02-26|2026-02-27|2026-03-02|2026-03-03|2026-03-04|2026-03-05|2026-03-06|2026-03-09|2026-03-10|2026-03-11|2026-03-12|2026-03-13|2026-03-16|2026-03-17,2026-03-17 18:47:26,0.0
American Financial Group,,2026-02-03|2026-02-04|2026-02-05|2026-02-06|2026-02-09|2026-02-10|2026-02-11|2026-02-12|2026-02-13|2026-02-17|2026-02-18|2026-02-19|2026-02-20|2026-02-23|2026-02-24|2026-02-25|2026-02-26|2026-02-27|2026-03-02|2026-03-03|2026-03-04|2026-03-05|2026-03-06|2026-03-09|2026-03-10|2026-03-11|2026-03-12|2026-03-13|2026-03-16|2026-03-17,2026-03-17 18:47:26,0.0
Rockwell Automation,,2026-02-03|2026-02-04|2026-02-05|2026-02-06|2026-02-09|2026-02-10|2026-02-11|2026-02-12|2026-02-13|2026-02-17|2026-02-18|2026-02-19|2026-02-20|2026-02-23|2026-02-24|2026-02-25|2026-02-26|2026-02-27|2026-03-02|2026-03-03|2026-03-04|2026-03-05|2026-03-06|2026-03-09|2026-03-10|2026-03-11|2026-03-12|2026-03-13|2026-03-16|2026-03-17,2026-03-17 18:47:26,0.0
Solventum,,2026-02-03|2026-02-04|2026-02-05|2026-02-06|2026-02-09|2026-02-10|2026-02-11|2026-02-12|2026-02-13|2026-02-17|2026-02-18|2026-02-19|2026-02-20|2026-02-23|2026-02-24|2026-02-25|2026-02-26|2026-02-27|2026-03-02|2026-03-03|2026-03-04|2026-03-05|2026-03-06|2026-03-09|2026-03-10|2026-03-11|2026-03-12|2026-03-13|2026-03-16|2026-03-17,2026-03-17 18:47:26,0.0
Old Republic International,,2026-02-03|2026-02-04|2026-02-05|2026-02-06|2026-02-09|2026-02-10|2026-02-11|2026-02-12|2026-02-13|2026-02-17|2026-02-18|2026-02-19|2026-02-20|2026-02-23|2026-02-24|2026-02-25|2026-02-26|2026-02-27|2026-03-02|2026-03-03|2026-03-04|2026-03-05|2026-03-06|2026-03-09|2026-03-10|2026-03-11|2026-03-12|2026-03-13|2026-03-16|2026-03-17,2026-03-17 18:47:26,0.0
Prologis,,2026-02-03|2026-02-04|2026-02-05|2026-02-06|2026-02-09|2026-02-10|2026-02-11|2026-02-12|2026-02-13|2026-02-17|2026-02-18|2026-02-19|2026-02-20|2026-02-23|2026-02-24|2026-02-25|2026-02-26|2026-02-27|2026-03-02|2026-03-03|2026-03-04|2026-03-05|2026-03-06|2026-03-09|2026-03-10|2026-03-11|2026-03-12|2026-03-13|2026-03-16|2026-03-17,2026-03-17 18:47:26,0.0
JM Smucker,,2026-02-03|2026-02-04|2026-02-05|2026-02-06|2026-02-09|2026-02-10|2026-02-11|2026-02-12|2026-02-13|2026-02-17|2026-02-18|2026-02-19|2026-02-20|2026-02-23|2026-02-24|2026-02-25|2026-02-26|2026-02-27|2026-03-02|2026-03-03|2026-03-04|2026-03-05|2026-03-06|2026-03-09|2026-03-10|2026-03-11|2026-03-12|2026-03-13|2026-03-16|2026-03-17,2026-03-17 18:47:26,0.0
Taylor Morrison Home,,2026-02-03|2026-02-04|2026-02-05|2026-02-06|2026-02-09|2026-02-10|2026-02-11|2026-02-12|2026-02-13|2026-02-17|2026-02-18|2026-02-19|2026-02-20|2026-02-23|2026-02-24|2026-02-25|2026-02-26|2026-02-27|2026-03-02|2026-03-03|2026-03-04|2026-03-05|2026-03-06|2026-03-09|2026-03-10|2026-03-11|2026-03-12|2026-03-13|2026-03-16|2026-03-17,2026-03-17 18:47:26,0.0
XPO,,2026-02-03|2026-02-04|2026-02-05|2026-02-06|2026-02-09|2026-02-10|2026-02-11|2026-02-12|2026-02-13|2026-02-17|2026-02-18|2026-02-19|2026-02-20|2026-02-23|2026-02-24|2026-02-25|2026-02-26|2026-02-27|2026-03-02|2026-03-03|2026-03-04|2026-03-05|2026-03-06|2026-03-09|2026-03-10|2026-03-11|2026-03-12|2026-03-13|2026-03-16|2026-03-17,2026-03-17 18:47:26,0.0
Voya Financial,,2026-02-03|2026-02-04|2026-02-05|2026-02-06|2026-02-09|2026-02-10|2026-02-11|2026-02-12|2026-02-13|2026-02-17|2026-02-18|2026-02-19|2026-02-20|2026-02-23|2026-02-24|2026-02-25|2026-02-26|2026-02-27|2026-03-02|2026-03-03|2026-03-04|2026-03-05|2026-03-06|2026-03-09|2026-03-10|2026-03-11|2026-03-12|2026-03-13|2026-03-16|2026-03-17,2026-03-17 18:47:26,0.0
Palo Alto Networks,,2026-02-03|2026-02-04|2026-02-05|2026-02-06|2026-02-09|2026-02-10|2026-02-11|2026-02-12|2026-02-13|2026-02-17|2026-02-18|2026-02-19|2026-02-20|2026-02-23|2026-02-24|2026-02-25|2026-02-26|2026-02-27|2026-03-02|2026-03-03|2026-03-04|2026-03-05|2026-03-06|2026-03-09|2026-03-10|2026-03-11|2026-03-12|2026-03-13|2026-03-16|2026-03-17,2026-03-17 18:47:26,0.0
Vertiv,,2026-02-03|2026-02-04|2026-02-05|2026-02-06|2026-02-09|2026-02-10|2026-02-11|2026-02-12|2026-02-13|2026-02-17|2026-02-18|2026-02-19|2026-02-20|2026-02-23|2026-02-24|2026-02-25|2026-02-26|2026-02-27|2026-03-02|2026-03-03|2026-03-04|2026-03-05|2026-03-06|2026-03-09|2026-03-10|2026-03-11|2026-03-12|2026-03-13|2026-03-16|2026-03-17,2026-03-17 18:47:26,0.0
Welltower,,2026-02-03|2026-02-04|2026-02-05|2026-02-06|2026-02-09|2026-02-10|2026-02-11|2026-02-12|2026-02-13|2026-02-17|2026-02-18|2026-02-19|2026-02-20|2026-02-23|2026-02-24|2026-02-25|2026-02-26|2026-02-27|2026-03-02|2026-03-03|2026-03-04|2026-03-05|2026-03-06|2026-03-09|2026-03-10|2026-03-11|2026-03-12|2026-03-13|2026-03-16|2026-03-17,2026-03-17 18:47:26,0.0
Par Pacific,,2026-02-03|2026-02-04|2026-02-05|2026-02-06|2026-02-09|2026-02-10|2026-02-11|2026-02-12|2026-02-13|2026-02-17|2026-02-18|2026-02-19|2026-02-20|2026-02-23|2026-02-24|2026-02-25|2026-02-26|2026-02-27|2026-03-02|2026-03-03|2026-03-04|2026-03-05|2026-03-06|2026-03-09|2026-03-10|2026-03-11|2026-03-12|2026-03-13|2026-03-16|2026-03-17,2026-03-17 18:47:26,0.0
TransDigm,,2026-02-03|2026-02-04|2026-02-05|2026-02-06|2026-02-09|2026-02-10|2026-02-11|2026-02-12|2026-02-13|2026-02-17|2026-02-18|2026-02-19|2026-02-20|2026-02-23|2026-02-24|2026-02-25|2026-02-26|2026-02-27|2026-03-02|2026-03-03|2026-03-04|2026-03-05|2026-03-06|2026-03-09|2026-03-10|2026-03-11|2026-03-12|2026-03-13|2026-03-16|2026-03-17,2026-03-17 18:47:26,0.0
Commercial Metals,,2026-02-03|2026-02-04|2026-02-05|2026-02-06|2026-02-09|2026-02-10|2026-02-11|2026-02-12|2026-02-13|2026-02-17|2026-02-18|2026-02-19|2026-02-20|2026-02-23|2026-02-24|2026-02-25|2026-02-26|2026-02-27|2026-03-02|2026-03-03|2026-03-04|2026-03-05|2026-03-06|2026-03-09|2026-03-10|2026-03-11|2026-03-12|2026-03-13|2026-03-16|2026-03-17,2026-03-17 18:47:26,0.0
Post Holdings,,2026-02-03|2026-02-04|2026-02-05|2026-02-06|2026-02-09|2026-02-10|2026-02-11|2026-02-12|2026-02-13|2026-02-17|2026-02-18|2026-02-19|2026-02-20|2026-02-23|2026-02-24|2026-02-25|2026-02-26|2026-02-27|2026-03-02|2026-03-03|2026-03-04|2026-03-05|2026-03-06|2026-03-09|2026-03-10|2026-03-11|2026-03-12|2026-03-13|2026-03-16|2026-03-17,2026-03-17 18:47:26,0.0
Masco,,2026-02-03|2026-02-04|2026-02-05|2026-02-06|2026-02-09|2026-02-10|2026-02-11|2026-02-12|2026-02-13|2026-02-17|2026-02-18|2026-02-19|2026-02-20|2026-02-23|2026-02-24|2026-02-25|2026-02-26|2026-02-27|2026-03-02|2026-03-03|2026-03-04|2026-03-05|2026-03-06|2026-03-09|2026-03-10|2026-03-11|2026-03-12|2026-03-13|2026-03-16|2026-03-17,2026-03-17 18:47:26,0.0
Rush Enterprises,,2026-02-03|2026-02-04|2026-02-05|2026-02-06|2026-02-09|2026-02-10|2026-02-11|2026-02-12|2026-02-13|2026-02-17|2026-02-18|2026-02-19|2026-02-20|2026-02-23|2026-02-24|2026-02-25|2026-02-26|2026-02-27|2026-03-02|2026-03-03|2026-03-04|2026-03-05|2026-03-06|2026-03-09|2026-03-10|2026-03-11|2026-03-12|2026-03-13|2026-03-16|2026-03-17,2026-03-17 18:47:26,0.0
KBR,,2026-02-03|2026-02-04|2026-02-05|2026-02-06|2026-02-09|2026-02-10|2026-02-11|2026-02-12|2026-02-13|2026-02-17|2026-02-18|2026-02-19|2026-02-20|2026-02-23|2026-02-24|2026-02-25|2026-02-26|2026-02-27|2026-03-02|2026-03-03|2026-03-04|2026-03-05|2026-03-06|2026-03-09|2026-03-10|2026-03-11|2026-03-12|2026-03-13|2026-03-16|2026-03-17,2026-03-17 18:47:26,0.0
Sprouts Farmers Market,,2026-02-03|2026-02-04|2026-02-05|2026-02-06|2026-02-09|2026-02-10|2026-02-11|2026-02-12|2026-02-13|2026-02-17|2026-02-18|2026-02-19|2026-02-20|2026-02-23|2026-02-24|2026-02-25|2026-02-26|2026-02-27|2026-03-02|2026-03-03|2026-03-04|2026-03-05|2026-03-06|2026-03-09|2026-03-10|2026-03-11|2026-03-12|2026-03-13|2026-03-16|2026-03-17,2026-03-17 18:47:26,0.0
Williams-Sonoma,,2026-02-03|2026-02-04|2026-02-05|2026-02-06|2026-02-09|2026-02-10|2026-02-11|2026-02-12|2026-02-13|2026-02-17|2026-02-18|2026-02-19|2026-02-20|2026-02-23|2026-02-24|2026-02-25|2026-02-26|2026-02-27|2026-03-02|2026-03-03|2026-03-04|2026-03-05|2026-03-06|2026-03-09|2026-03-10|2026-03-11|2026-03-12|2026-03-13|2026-03-16|2026-03-17,2026-03-17 18:47:26,0.0
Zimmer Biomet,,2026-02-03|2026-02-04|2026-02-05|2026-02-06|2026-02-09|2026-02-10|2026-02-11|2026-02-12|2026-02-13|2026-02-17|2026-02-18|2026-02-19|2026-02-20|2026-02-23|2026-02-24|2026-02-25|2026-02-26|2026-02-27|2026-03-02|2026-03-03|2026-03-04|2026-03-05|2026-03-06|2026-03-09|2026-03-10|2026-03-11|2026-03-12|2026-03-13|2026-03-16|2026-03-17,2026-03-17 18:47:26,0.0
CACI International,,2026-02-03|2026-02-04|2026-02-05|2026-02-06|2026-02-09|2026-02-10|2026-02-11|2026-02-12|2026-02-13|2026-02-17|2026-02-18|2026-02-19|2026-02-20|2026-02-23|2026-02-24|2026-02-25|2026-02-26|2026-02-27|2026-03-02|2026-03-03|2026-03-04|2026-03-05|2026-03-06|2026-03-09|2026-03-10|2026-03-11|2026-03-12|2026-03-13|2026-03-16|2026-03-17,2026-03-17 18:47:26,0.0
Microchip Technology,,2026-02-03|2026-02-04|2026-02-05|2026-02-06|2026-02-09|2026-02-10|2026-02-11|2026-02-12|2026-02-13|2026-02-17|2026-02-18|2026-02-19|2026-02-20|2026-02-23|2026-02-24|2026-02-25|2026-02-26|2026-02-27|2026-03-02|2026-03-03|2026-03-04|2026-03-05|2026-03-06|2026-03-09|2026-03-10|2026-03-11|2026-03-12|2026-03-13|2026-03-16|2026-03-17,2026-03-17 18:47:26,0.0
Watsco,,2026-02-03|2026-02-04|2026-02-05|2026-02-06|2026-02-09|2026-02-10|2026-02-11|2026-02-12|2026-02-13|2026-02-17|2026-02-18|2026-02-19|2026-02-20|2026-02-23|2026-02-24|2026-02-25|2026-02-26|2026-02-27|2026-03-02|2026-03-03|2026-03-04|2026-03-05|2026-03-06|2026-03-09|2026-03-10|2026-03-11|2026-03-12|2026-03-13|2026-03-16|2026-03-17,2026-03-17 18:47:26,0.0
Newell Brands,,2026-02-03|2026-02-04|2026-02-05|2026-02-06|2026-02-09|2026-02-10|2026-02-11|2026-02-12|2026-02-13|2026-02-17|2026-02-18|2026-02-19|2026-02-20|2026-02-23|2026-02-24|2026-02-25|2026-02-26|2026-02-27|2026-03-02|2026-03-03|2026-03-04|2026-03-05|2026-03-06|2026-03-09|2026-03-10|2026-03-11|2026-03-12|2026-03-13|2026-03-16|2026-03-17,2026-03-17 18:47:26,0.0
ARKO,,2026-02-03|2026-02-04|2026-02-05|2026-02-06|2026-02-09|2026-02-10|2026-02-11|2026-02-12|2026-02-13|2026-02-17|2026-02-18|2026-02-19|2026-02-20|2026-02-23|2026-02-24|2026-02-25|2026-02-26|2026-02-27|2026-03-02|2026-03-03|2026-03-04|2026-03-05|2026-03-06|2026-03-09|2026-03-10|2026-03-11|2026-03-12|2026-03-13|2026-03-16|2026-03-17,2026-03-17 18:47:26,0.0
Sanmina,,2026-02-03|2026-02-04|2026-02-05|2026-02-06|2026-02-09|2026-02-10|2026-02-11|2026-02-12|2026-02-13|2026-02-17|2026-02-18|2026-02-19|2026-02-20|2026-02-23|2026-02-24|2026-02-25|2026-02-26|2026-02-27|2026-03-02|2026-03-03|2026-03-04|2026-03-05|2026-03-06|2026-03-09|2026-03-10|2026-03-11|2026-03-12|2026-03-13|2026-03-16|2026-03-17,2026-03-17 18:47:26,0.0
Electronic Arts,,2026-02-03|2026-02-04|2026-02-05|2026-02-06|2026-02-09|2026-02-10|2026-02-11|2026-02-12|2026-02-13|2026-02-17|2026-02-18|2026-02-19|2026-02-20|2026-02-23|2026-02-24|2026-02-25|2026-02-26|2026-02-27|2026-03-02|2026-03-03|2026-03-04|2026-03-05|2026-03-06|2026-03-09|2026-03-10|2026-03-11|2026-03-12|2026-03-13|2026-03-16|2026-03-17,2026-03-17 18:47:26,0.0
Yum Brands,,2026-02-03|2026-02-04|2026-02-05|2026-02-06|2026-02-09|2026-02-10|2026-02-11|2026-02-12|2026-02-13|2026-02-17|2026-02-18|2026-02-19|2026-02-20|2026-02-23|2026-02-24|2026-02-25|2026-02-26|2026-02-27|2026-03-02|2026-03-03|2026-03-04|2026-03-05|2026-03-06|2026-03-09|2026-03-10|2026-03-11|2026-03-12|2026-03-13|2026-03-16|2026-03-17,2026-03-17 18:47:26,0.0
Fastenal,,2026-02-03|2026-02-04|2026-02-05|2026-02-06|2026-02-09|2026-02-10|2026-02-11|2026-02-12|2026-02-13|2026-02-17|2026-02-18|2026-02-19|2026-02-20|2026-02-23|2026-02-24|2026-02-25|2026-02-26|2026-02-27|2026-03-02|2026-03-03|2026-03-04|2026-03-05|2026-03-06|2026-03-09|2026-03-10|2026-03-11|2026-03-12|2026-03-13|2026-03-16|2026-03-17,2026-03-17 18:47:26,0.0
CMS Energy,,2026-02-03|2026-02-04|2026-02-05|2026-02-06|2026-02-09|2026-02-10|2026-02-11|2026-02-12|2026-02-13|2026-02-17|2026-02-18|2026-02-19|2026-02-20|2026-02-23|2026-02-24|2026-02-25|2026-02-26|2026-02-27|2026-03-02|2026-03-03|2026-03-04|2026-03-05|2026-03-06|2026-03-09|2026-03-10|2026-03-11|2026-03-12|2026-03-13|2026-03-16|2026-03-17,2026-03-17 18:47:26,0.0
Monster Beverage,,2026-02-03|2026-02-04|2026-02-05|2026-02-06|2026-02-09|2026-02-10|2026-02-11|2026-02-12|2026-02-13|2026-02-17|2026-02-18|2026-02-19|2026-02-20|2026-02-23|2026-02-24|2026-02-25|2026-02-26|2026-02-27|2026-03-02|2026-03-03|2026-03-04|2026-03-05|2026-03-06|2026-03-09|2026-03-10|2026-03-11|2026-03-12|2026-03-13|2026-03-16|2026-03-17,2026-03-17 18:47:26,0.0
Science Applications International,,2026-02-03|2026-02-04|2026-02-05|2026-02-06|2026-02-09|2026-02-10|2026-02-11|2026-02-12|2026-02-13|2026-02-17|2026-02-18|2026-02-19|2026-02-20|2026-02-23|2026-02-24|2026-02-25|2026-02-26|2026-02-27|2026-03-02|2026-03-03|2026-03-04|2026-03-05|2026-03-06|2026-03-09|2026-03-10|2026-03-11|2026-03-12|2026-03-13|2026-03-16|2026-03-17,2026-03-17 18:47:26,0.0
Core & Main,,2026-02-03|2026-02-04|2026-02-05|2026-02-06|2026-02-09|2026-02-10|2026-02-11|2026-02-12|2026-02-13|2026-02-17|2026-02-18|2026-02-19|2026-02-20|2026-02-23|2026-02-24|2026-02-25|2026-02-26|2026-02-27|2026-03-02|2026-03-03|2026-03-04|2026-03-05|2026-03-06|2026-03-09|2026-03-10|2026-03-11|2026-03-12|2026-03-13|2026-03-16|2026-03-17,2026-03-17 18:47:26,0.0
Howmet Aerospace,,2026-02-03|2026-02-04|2026-02-05|2026-02-06|2026-02-09|2026-02-10|2026-02-11|2026-02-12|2026-02-13|2026-02-17|2026-02-18|2026-02-19|2026-02-20|2026-02-23|2026-02-24|2026-02-25|2026-02-26|2026-02-27|2026-03-02|2026-03-03|2026-03-04|2026-03-05|2026-03-06|2026-03-09|2026-03-10|2026-03-11|2026-03-12|2026-03-13|2026-03-16|2026-03-17,2026-03-17 18:47:26,0.0
Ingredion,,2026-02-03|2026-02-04|2026-02-05|2026-02-06|2026-02-09|2026-02-10|2026-02-11|2026-02-12|2026-02-13|2026-02-17|2026-02-18|2026-02-19|2026-02-20|2026-02-23|2026-02-24|2026-02-25|2026-02-26|2026-02-27|2026-03-02|2026-03-03|2026-03-04|2026-03-05|2026-03-06|2026-03-09|2026-03-10|2026-03-11|2026-03-12|2026-03-13|2026-03-16|2026-03-17,2026-03-17 18:47:26,0.0
Vulcan Materials,,2026-02-03|2026-02-04|2026-02-05|2026-02-06|2026-02-09|2026-02-10|2026-02-11|2026-02-12|2026-02-13|2026-02-17|2026-02-18|2026-02-19|2026-02-20|2026-02-23|2026-02-24|2026-02-25|2026-02-26|2026-02-27|2026-03-02|2026-03-03|2026-03-04|2026-03-05|2026-03-06|2026-03-09|2026-03-10|2026-03-11|2026-03-12|2026-03-13|2026-03-16|2026-03-17,2026-03-17 18:47:26,0.0
Smurfit Westrock,,2026-02-03|2026-02-04|2026-02-05|2026-02-06|2026-02-09|2026-02-10|2026-02-11|2026-02-12|2026-02-13|2026-02-17|2026-02-18|2026-02-19|2026-02-20|2026-02-23|2026-02-24|2026-02-25|2026-02-26|2026-02-27|2026-03-02|2026-03-03|2026-03-04|2026-03-05|2026-03-06|2026-03-09|2026-03-10|2026-03-11|2026-03-12|2026-03-13|2026-03-16|2026-03-17,2026-03-17 18:47:26,0.0
Crown Holdings,,2026-02-03|2026-02-04|2026-02-05|2026-02-06|2026-02-09|2026-02-10|2026-02-11|2026-02-12|2026-02-13|2026-02-17|2026-02-18|2026-02-19|2026-02-20|2026-02-23|2026-02-24|2026-02-25|2026-02-26|2026-02-27|2026-03-02|2026-03-03|2026-03-04|2026-03-05|2026-03-06|2026-03-09|2026-03-10|2026-03-11|2026-03-12|2026-03-13|2026-03-16|2026-03-17,2026-03-17 18:47:26,0.0
Dana Incorporated,,2026-02-03|2026-02-04|2026-02-05|2026-02-06|2026-02-09|2026-02-10|2026-02-11|2026-02-12|2026-02-13|2026-02-17|2026-02-18|2026-02-19|2026-02-20|2026-02-23|2026-02-24|2026-02-25|2026-02-26|2026-02-27|2026-03-02|2026-03-03|2026-03-04|2026-03-05|2026-03-06|2026-03-09|2026-03-10|2026-03-11|2026-03-12|2026-03-13|2026-03-16|2026-03-17,2026-03-17 18:47:26,0.0
Albemarle Corporation,,2026-02-03|2026-02-04|2026-02-05|2026-02-06|2026-02-09|2026-02-10|2026-02-11|2026-02-12|2026-02-13|2026-02-17|2026-02-18|2026-02-19|2026-02-20|2026-02-23|2026-02-24|2026-02-25|2026-02-26|2026-02-27|2026-03-02|2026-03-03|2026-03-04|2026-03-05|2026-03-06|2026-03-09|2026-03-10|2026-03-11|2026-03-12|2026-03-13|2026-03-16|2026-03-17,2026-03-17 18:47:26,0.0
Polaris Inc,,2026-02-03|2026-02-04|2026-02-05|2026-02-06|2026-02-09|2026-02-10|2026-02-11|2026-02-12|2026-02-13|2026-02-17|2026-02-18|2026-02-19|2026-02-20|2026-02-23|2026-02-24|2026-02-25|2026-02-26|2026-02-27|2026-03-02|2026-03-03|2026-03-04|2026-03-05|2026-03-06|2026-03-09|2026-03-10|2026-03-11|2026-03-12|2026-03-13|2026-03-16|2026-03-17,2026-03-17 18:47:26,0.0
UGI Utilities Inc,,2026-02-03|2026-02-04|2026-02-05|2026-02-06|2026-02-09|2026-02-10|2026-02-11|2026-02-12|2026-02-13|2026-02-17|2026-02-18|2026-02-19|2026-02-20|2026-02-23|2026-02-24|2026-02-25|2026-02-26|2026-02-27|2026-03-02|2026-03-03|2026-03-04|2026-03-05|2026-03-06|2026-03-09|2026-03-10|2026-03-11|2026-03-12|2026-03-13|2026-03-16|2026-03-17,2026-03-17 18:47:26,0.0
Expand Energy Corporation,,2026-02-03|2026-02-04|2026-02-05|2026-02-06|2026-02-09|2026-02-10|2026-02-11|2026-02-12|2026-02-13|2026-02-17|2026-02-18|2026-02-19|2026-02-20|2026-02-23|2026-02-24|2026-02-25|2026-02-26|2026-02-27|2026-03-02|2026-03-03|2026-03-04|2026-03-05|2026-03-06|2026-03-09|2026-03-10|2026-03-11|2026-03-12|2026-03-13|2026-03-16|2026-03-17,2026-03-17 18:47:26,0.0
NGL Energy Partners,,2026-02-03|2026-02-04|2026-02-05|2026-02-06|2026-02-09|2026-02-10|2026-02-11|2026-02-12|2026-02-13|2026-02-17|2026-02-18|2026-02-19|2026-02-20|2026-02-23|2026-02-24|2026-02-25|2026-02-26|2026-02-27|2026-03-02|2026-03-03|2026-03-04|2026-03-05|2026-03-06|2026-03-09|2026-03-10|2026-03-11|2026-03-12|2026-03-13|2026-03-16|2026-03-17,2026-03-17 18:47:26,0.0
ON Semiconductor,,2026-02-03|2026-02-04|2026-02-05|2026-02-06|2026-02-09|2026-02-10|2026-02-11|2026-02-12|2026-02-13|2026-02-17|2026-02-18|2026-02-19|2026-02-20|2026-02-23|2026-02-24|2026-02-25|2026-02-26|2026-02-27|2026-03-02|2026-03-03|2026-03-04|2026-03-05|2026-03-06|2026-03-09|2026-03-10|2026-03-11|2026-03-12|2026-03-13|2026-03-16|2026-03-17,2026-03-17 18:47:26,0.0
Flagstar Financial,,2026-02-03|2026-02-04|2026-02-05|2026-02-06|2026-02-09|2026-02-10|2026-02-11|2026-02-12|2026-02-13|2026-02-17|2026-02-18|2026-02-19|2026-02-20|2026-02-23|2026-02-24|2026-02-25|2026-02-26|2026-02-27|2026-03-02|2026-03-03|2026-03-04|2026-03-05|2026-03-06|2026-03-09|2026-03-10|2026-03-11|2026-03-12|2026-03-13|2026-03-16|2026-03-17,2026-03-17 18:47:26,0.0
Weyerhaeuser,,2026-02-03|2026-02-04|2026-02-05|2026-02-06|2026-02-09|2026-02-10|2026-02-11|2026-02-12|2026-02-13|2026-02-17|2026-02-18|2026-02-19|2026-02-20|2026-02-23|2026-02-24|2026-02-25|2026-02-26|2026-02-27|2026-03-02|2026-03-03|2026-03-04|2026-03-05|2026-03-06|2026-03-09|2026-03-10|2026-03-11|2026-03-12|2026-03-13|2026-03-16|2026-03-17,2026-03-17 18:47:26,0.0
Genworth Financial,,2026-02-03|2026-02-04|2026-02-05|2026-02-06|2026-02-09|2026-02-10|2026-02-11|2026-02-12|2026-02-13|2026-02-17|2026-02-18|2026-02-19|2026-02-20|2026-02-23|2026-02-24|2026-02-25|2026-02-26|2026-02-27|2026-03-02|2026-03-03|2026-03-04|2026-03-05|2026-03-06|2026-03-09|2026-03-10|2026-03-11|2026-03-12|2026-03-13|2026-03-16|2026-03-17,2026-03-17 18:47:26,0.0
Bath & Body Works,,2026-02-03|2026-02-04|2026-02-05|2026-02-06|2026-02-09|2026-02-10|2026-02-11|2026-02-12|2026-02-13|2026-02-17|2026-02-18|2026-02-19|2026-02-20|2026-02-23|2026-02-24|2026-02-25|2026-02-26|2026-02-27|2026-03-02|2026-03-03|2026-03-04|2026-03-05|2026-03-06|2026-03-09|2026-03-10|2026-03-11|2026-03-12|2026-03-13|2026-03-16|2026-03-17,2026-03-17 18:47:26,0.0
Clorox,,2026-02-03|2026-02-04|2026-02-05|2026-02-06|2026-02-09|2026-02-10|2026-02-11|2026-02-12|2026-02-13|2026-02-17|2026-02-18|2026-02-19|2026-02-20|2026-02-23|2026-02-24|2026-02-25|2026-02-26|2026-02-27|2026-03-02|2026-03-03|2026-03-04|2026-03-05|2026-03-06|2026-03-09|2026-03-10|2026-03-11|2026-03-12|2026-03-13|2026-03-16|2026-03-17,2026-03-17 18:47:26,0.0
RPM International,,2026-02-03|2026-02-04|2026-02-05|2026-02-06|2026-02-09|2026-02-10|2026-02-11|2026-02-12|2026-02-13|2026-02-17|2026-02-18|2026-02-19|2026-02-20|2026-02-23|2026-02-24|2026-02-25|2026-02-26|2026-02-27|2026-03-02|2026-03-03|2026-03-04|2026-03-05|2026-03-06|2026-03-09|2026-03-10|2026-03-11|2026-03-12|2026-03-13|2026-03-16|2026-03-17,2026-03-17 18:47:26,0.0
UFP Industries,,2026-02-03|2026-02-04|2026-02-05|2026-02-06|2026-02-09|2026-02-10|2026-02-11|2026-02-12|2026-02-13|2026-02-17|2026-02-18|2026-02-19|2026-02-20|2026-02-23|2026-02-24|2026-02-25|2026-02-26|2026-02-27|2026-03-02|2026-03-03|2026-03-04|2026-03-05|2026-03-06|2026-03-09|2026-03-10|2026-03-11|2026-03-12|2026-03-13|2026-03-16|2026-03-17,2026-03-17 18:47:26,0.0
Ameren,,2026-02-03|2026-02-04|2026-02-05|2026-02-06|2026-02-09|2026-02-10|2026-02-11|2026-02-12|2026-02-13|2026-02-17|2026-02-18|2026-02-19|2026-02-20|2026-02-23|2026-02-24|2026-02-25|2026-02-26|2026-02-27|2026-03-02|2026-03-03|2026-03-04|2026-03-05|2026-03-06|2026-03-09|2026-03-10|2026-03-11|2026-03-12|2026-03-13|2026-03-16|2026-03-17,2026-03-17 18:47:26,0.0
Knight Swift Transportation,,2026-02-03|2026-02-04|2026-02-05|2026-02-06|2026-02-09|2026-02-10|2026-02-11|2026-02-12|2026-02-13|2026-02-17|2026-02-18|2026-02-19|2026-02-20|2026-02-23|2026-02-24|2026-02-25|2026-02-26|2026-02-27|2026-03-02|2026-03-03|2026-03-04|2026-03-05|2026-03-06|2026-03-09|2026-03-10|2026-03-11|2026-03-12|2026-03-13|2026-03-16|2026-03-17,2026-03-17 18:47:26,0.0
Super Micro Computer,,2026-02-03|2026-02-04|2026-02-05|2026-02-06|2026-02-09|2026-02-10|2026-02-11|2026-02-12|2026-02-13|2026-02-17|2026-02-18|2026-02-19|2026-02-20|2026-02-23|2026-02-24|2026-02-25|2026-02-26|2026-02-27|2026-03-02|2026-03-03|2026-03-04|2026-03-05|2026-03-06|2026-03-09|2026-03-10|2026-03-11|2026-03-12|2026-03-13|2026-03-16|2026-03-17,2026-03-17 18:47:26,0.0
O-I Glass,,2026-02-03|2026-02-04|2026-02-05|2026-02-06|2026-02-09|2026-02-10|2026-02-11|2026-02-12|2026-02-13|2026-02-17|2026-02-18|2026-02-19|2026-02-20|2026-02-23|2026-02-24|2026-02-25|2026-02-26|2026-02-27|2026-03-02|2026-03-03|2026-03-04|2026-03-05|2026-03-06|2026-03-09|2026-03-10|2026-03-11|2026-03-12|2026-03-13|2026-03-16|2026-03-17,2026-03-17 18:47:26,0.0
CommScope,,2026-02-02|2026-02-03|2026-02-04|2026-02-05|2026-02-06|2026-02-09|2026-02-10|2026-02-11|2026-02-12|2026-02-13|2026-02-17|2026-02-18|2026-02-19|2026-02-20|2026-02-23|2026-02-24|2026-02-25|2026-02-26|2026-02-27|2026-03-02|2026-03-03|2026-03-04|2026-03-05|2026-03-06|2026-03-09|2026-03-10|2026-03-11|2026-03-12|2026-03-13|2026-03-16,2026-03-17 18:47:26,0.0
Crown Castle,,2026-02-03|2026-02-04|2026-02-05|2026-02-06|2026-02-09|2026-02-10|2026-02-11|2026-02-12|2026-02-13|2026-02-17|2026-02-18|2026-02-19|2026-02-20|2026-02-23|2026-02-24|2026-02-25|2026-02-26|2026-02-27|2026-03-02|2026-03-03|2026-03-04|2026-03-05|2026-03-06|2026-03-09|2026-03-10|2026-03-11|2026-03-12|2026-03-13|2026-03-16|2026-03-17,2026-03-17 18:47:26,0.0
Avantor,,2026-02-03|2026-02-04|2026-02-05|2026-02-06|2026-02-09|2026-02-10|2026-02-11|2026-02-12|2026-02-13|2026-02-17|2026-02-18|2026-02-19|2026-02-20|2026-02-23|2026-02-24|2026-02-25|2026-02-26|2026-02-27|2026-03-02|2026-03-03|2026-03-04|2026-03-05|2026-03-06|2026-03-09|2026-03-10|2026-03-11|2026-03-12|2026-03-13|2026-03-16|2026-03-17,2026-03-17 18:47:26,0.0
Opendoor Technologies,,2026-02-03|2026-02-04|2026-02-05|2026-02-06|2026-02-09|2026-02-10|2026-02-11|2026-02-12|2026-02-13|2026-02-17|2026-02-18|2026-02-19|2026-02-20|2026-02-23|2026-02-24|2026-02-25|2026-02-26|2026-02-27|2026-03-02|2026-03-03|2026-03-04|2026-03-05|2026-03-06|2026-03-09|2026-03-10|2026-03-11|2026-03-12|2026-03-13|2026-03-16|2026-03-17,2026-03-17 18:47:26,0.0
APi Group,,2026-02-03|2026-02-04|2026-02-05|2026-02-06|2026-02-09|2026-02-10|2026-02-11|2026-02-12|2026-02-13|2026-02-17|2026-02-18|2026-02-19|2026-02-20|2026-02-23|2026-02-24|2026-02-25|2026-02-26|2026-02-27|2026-03-02|2026-03-03|2026-03-04|2026-03-05|2026-03-06|2026-03-09|2026-03-10|2026-03-11|2026-03-12|2026-03-13|2026-03-16|2026-03-17,2026-03-17 18:47:26,0.0
EQT,,2026-02-03|2026-02-04|2026-02-05|2026-02-06|2026-02-09|2026-02-10|2026-02-11|2026-02-12|2026-02-13|2026-02-17|2026-02-18|2026-02-19|2026-02-20|2026-02-23|2026-02-24|2026-02-25|2026-02-26|2026-02-27|2026-03-02|2026-03-03|2026-03-04|2026-03-05|2026-03-06|2026-03-09|2026-03-10|2026-03-11|2026-03-12|2026-03-13|2026-03-16|2026-03-17,2026-03-17 18:47:26,0.0
Xerox,,2026-02-03|2026-02-04|2026-02-05|2026-02-06|2026-02-09|2026-02-10|2026-02-11|2026-02-12|2026-02-13|2026-02-17|2026-02-18|2026-02-19|2026-02-20|2026-02-23|2026-02-24|2026-02-25|2026-02-26|2026-02-27|2026-03-02|2026-03-03|2026-03-04|2026-03-05|2026-03-06|2026-03-09|2026-03-10|2026-03-11|2026-03-12|2026-03-13|2026-03-16|2026-03-17,2026-03-17 18:47:26,0.0
Ingersoll Rand,,2026-02-03|2026-02-04|2026-02-05|2026-02-06|2026-02-09|2026-02-10|2026-02-11|2026-02-12|2026-02-13|2026-02-17|2026-02-18|2026-02-19|2026-02-20|2026-02-23|2026-02-24|2026-02-25|2026-02-26|2026-02-27|2026-03-02|2026-03-03|2026-03-04|2026-03-05|2026-03-06|2026-03-09|2026-03-10|2026-03-11|2026-03-12|2026-03-13|2026-03-16|2026-03-17,2026-03-17 18:47:26,0.0
Dillards,,2026-02-03|2026-02-04|2026-02-05|2026-02-06|2026-02-09|2026-02-10|2026-02-11|2026-02-12|2026-02-13|2026-02-17|2026-02-18|2026-02-19|2026-02-20|2026-02-23|2026-02-24|2026-02-25|2026-02-26|2026-02-27|2026-03-02|2026-03-03|2026-03-04|2026-03-05|2026-03-06|2026-03-09|2026-03-10|2026-03-11|2026-03-12|2026-03-13|2026-03-16|2026-03-17,2026-03-17 18:47:26,0.0
Martin Marietta Materials,,2026-02-03|2026-02-04|2026-02-05|2026-02-06|2026-02-09|2026-02-10|2026-02-11|2026-02-12|2026-02-13|2026-02-17|2026-02-18|2026-02-19|2026-02-20|2026-02-23|2026-02-24|2026-02-25|2026-02-26|2026-02-27|2026-03-02|2026-03-03|2026-03-04|2026-03-05|2026-03-06|2026-03-09|2026-03-10|2026-03-11|2026-03-12|2026-03-13|2026-03-16|2026-03-17,2026-03-17 18:47:26,0.0
Moderna,,2026-02-03|2026-02-04|2026-02-05|2026-02-06|2026-02-09|2026-02-10|2026-02-11|2026-02-12|2026-02-13|2026-02-17|2026-02-18|2026-02-19|2026-02-20|2026-02-23|2026-02-24|2026-02-25|2026-02-26|2026-02-27|2026-03-02|2026-03-03|2026-03-04|2026-03-05|2026-03-06|2026-03-09|2026-03-10|2026-03-11|2026-03-12|2026-03-13|2026-03-16|2026-03-17,2026-03-17 18:47:26,0.0
Boise Cascade,,2026-02-03|2026-02-04|2026-02-05|2026-02-06|2026-02-09|2026-02-10|2026-02-11|2026-02-12|2026-02-13|2026-02-17|2026-02-18|2026-02-19|2026-02-20|2026-02-23|2026-02-24|2026-02-25|2026-02-26|2026-02-27|2026-03-02|2026-03-03|2026-03-04|2026-03-05|2026-03-06|2026-03-09|2026-03-10|2026-03-11|2026-03-12|2026-03-13|2026-03-16|2026-03-17,2026-03-17 18:47:26,0.0
Agilent Technologies,,2026-02-03|2026-02-04|2026-02-05|2026-02-06|2026-02-09|2026-02-10|2026-02-11|2026-02-12|2026-02-13|2026-02-17|2026-02-18|2026-02-19|2026-02-20|2026-02-23|2026-02-24|2026-02-25|2026-02-26|2026-02-27|2026-03-02|2026-03-03|2026-03-04|2026-03-05|2026-03-06|2026-03-09|2026-03-10|2026-03-11|2026-03-12|2026-03-13|2026-03-16|2026-03-17,2026-03-17 18:47:26,0.0
Olin Corporation,,2026-02-03|2026-02-04|2026-02-05|2026-02-06|2026-02-09|2026-02-10|2026-02-11|2026-02-12|2026-02-13|2026-02-17|2026-02-18|2026-02-19|2026-02-20|2026-02-23|2026-02-24|2026-02-25|2026-02-26|2026-02-27|2026-03-02|2026-03-03|2026-03-04|2026-03-05|2026-03-06|2026-03-09|2026-03-10|2026-03-11|2026-03-12|2026-03-13|2026-03-16|2026-03-17,2026-03-17 18:47:26,0.0
Darling Ingredients,,2026-02-03|2026-02-04|2026-02-05|2026-02-06|2026-02-09|2026-02-10|2026-02-11|2026-02-12|2026-02-13|2026-02-17|2026-02-18|2026-02-19|2026-02-20|2026-02-23|2026-02-24|2026-02-25|2026-02-26|2026-02-27|2026-03-02|2026-03-03|2026-03-04|2026-03-05|2026-03-06|2026-03-09|2026-03-10|2026-03-11|2026-03-12|2026-03-13|2026-03-16|2026-03-17,2026-03-17 18:47:26,0.0
Sonoco Products,,2026-02-03|2026-02-04|2026-02-05|2026-02-06|2026-02-09|2026-02-10|2026-02-11|2026-02-12|2026-02-13|2026-02-17|2026-02-18|2026-02-19|2026-02-20|2026-02-23|2026-02-24|2026-02-25|2026-02-26|2026-02-27|2026-03-02|2026-03-03|2026-03-04|2026-03-05|2026-03-06|2026-03-09|2026-03-10|2026-03-11|2026-03-12|2026-03-13|2026-03-16|2026-03-17,2026-03-17 18:47:26,0.0
Hyatt Hotels,,2026-02-03|2026-02-04|2026-02-05|2026-02-06|2026-02-09|2026-02-10|2026-02-11|2026-02-12|2026-02-13|2026-02-17|2026-02-18|2026-02-19|2026-02-20|2026-02-23|2026-02-24|2026-02-25|2026-02-26|2026-02-27|2026-03-02|2026-03-03|2026-03-04|2026-03-05|2026-03-06|2026-03-09|2026-03-10|2026-03-11|2026-03-12|2026-03-13|2026-03-16|2026-03-17,2026-03-17 18:47:26,0.0
Select Medical Holdings,,2026-02-03|2026-02-04|2026-02-05|2026-02-06|2026-02-09|2026-02-10|2026-02-11|2026-02-12|2026-02-13|2026-02-17|2026-02-18|2026-02-19|2026-02-20|2026-02-23|2026-02-24|2026-02-25|2026-02-26|2026-02-27|2026-03-02|2026-03-03|2026-03-04|2026-03-05|2026-03-06|2026-03-09|2026-03-10|2026-03-11|2026-03-12|2026-03-13|2026-03-16|2026-03-17,2026-03-17 18:47:26,0.0
McCormick & Company,,2026-02-03|2026-02-04|2026-02-05|2026-02-06|2026-02-09|2026-02-10|2026-02-11|2026-02-12|2026-02-13|2026-02-17|2026-02-18|2026-02-19|2026-02-20|2026-02-23|2026-02-24|2026-02-25|2026-02-26|2026-02-27|2026-03-02|2026-03-03|2026-03-04|2026-03-05|2026-03-06|2026-03-09|2026-03-10|2026-03-11|2026-03-12|2026-03-13|2026-03-16|2026-03-17,2026-03-17 18:47:26,0.0
Tapestry,,2026-02-03|2026-02-04|2026-02-05|2026-02-06|2026-02-09|2026-02-10|2026-02-11|2026-02-12|2026-02-13|2026-02-17|2026-02-18|2026-02-19|2026-02-20|2026-02-23|2026-02-24|2026-02-25|2026-02-26|2026-02-27|2026-03-02|2026-03-03|2026-03-04|2026-03-05|2026-03-06|2026-03-09|2026-03-10|2026-03-11|2026-03-12|2026-03-13|2026-03-16|2026-03-17,2026-03-17 18:47:26,0.0
CF Industries,,2026-02-03|2026-02-04|2026-02-05|2026-02-06|2026-02-09|2026-02-10|2026-02-11|2026-02-12|2026-02-13|2026-02-17|2026-02-18|2026-02-19|2026-02-20|2026-02-23|2026-02-24|2026-02-25|2026-02-26|2026-02-27|2026-03-02|2026-03-03|2026-03-04|2026-03-05|2026-03-06|2026-03-09|2026-03-10|2026-03-11|2026-03-12|2026-03-13|2026-03-16|2026-03-17,2026-03-17 18:47:26,0.0
Ametek,,2026-02-03|2026-02-04|2026-02-05|2026-02-06|2026-02-09|2026-02-10|2026-02-11|2026-02-12|2026-02-13|2026-02-17|2026-02-18|2026-02-19|2026-02-20|2026-02-23|2026-02-24|2026-02-25|2026-02-26|2026-02-27|2026-03-02|2026-03-03|2026-03-04|2026-03-05|2026-03-06|2026-03-09|2026-03-10|2026-03-11|2026-03-12|2026-03-13|2026-03-16|2026-03-17,2026-03-17 18:47:26,0.0
Wynn Resorts,,2026-02-03|2026-02-04|2026-02-05|2026-02-06|2026-02-09|2026-02-10|2026-02-11|2026-02-12|2026-02-13|2026-02-17|2026-02-18|2026-02-19|2026-02-20|2026-02-23|2026-02-24|2026-02-25|2026-02-26|2026-02-27|2026-03-02|2026-03-03|2026-03-04|2026-03-05|2026-03-06|2026-03-09|2026-03-10|2026-03-11|2026-03-12|2026-03-13|2026-03-16|2026-03-17,2026-03-17 18:47:26,0.0
Amkor Technology,,2026-02-03|2026-02-04|2026-02-05|2026-02-06|2026-02-09|2026-02-10|2026-02-11|2026-02-12|2026-02-13|2026-02-17|2026-02-18|2026-02-19|2026-02-20|2026-02-23|2026-02-24|2026-02-25|2026-02-26|2026-02-27|2026-03-02|2026-03-03|2026-03-04|2026-03-05|2026-03-06|2026-03-09|2026-03-10|2026-03-11|2026-03-12|2026-03-13|2026-03-16|2026-03-17,2026-03-17 18:47:26,0.0
Insperity,,2026-02-03|2026-02-04|2026-02-05|2026-02-06|2026-02-09|2026-02-10|2026-02-11|2026-02-12|2026-02-13|2026-02-17|2026-02-18|2026-02-19|2026-02-20|2026-02-23|2026-02-24|2026-02-25|2026-02-26|2026-02-27|2026-03-02|2026-03-03|2026-03-04|2026-03-05|2026-03-06|2026-03-09|2026-03-10|2026-03-11|2026-03-12|2026-03-13|2026-03-16|2026-03-17,2026-03-17 18:47:26,0.0
T Rowe Price,,2026-02-03|2026-02-04|2026-02-05|2026-02-06|2026-02-09|2026-02-10|2026-02-11|2026-02-12|2026-02-13|2026-02-17|2026-02-18|2026-02-19|2026-02-20|2026-02-23|2026-02-24|2026-02-25|2026-02-26|2026-02-27|2026-03-02|2026-03-03|2026-03-04|2026-03-05|2026-03-06|2026-03-09|2026-03-10|2026-03-11|2026-03-12|2026-03-13|2026-03-16|2026-03-17,2026-03-17 18:47:26,0.0
Ralph Lauren,,2026-02-03|2026-02-04|2026-02-05|2026-02-06|2026-02-09|2026-02-10|2026-02-11|2026-02-12|2026-02-13|2026-02-17|2026-02-18|2026-02-19|2026-02-20|2026-02-23|2026-02-24|2026-02-25|2026-02-26|2026-02-27|2026-03-02|2026-03-03|2026-03-04|2026-03-05|2026-03-06|2026-03-09|2026-03-10|2026-03-11|2026-03-12|2026-03-13|2026-03-16|2026-03-17,2026-03-17 18:47:26,0.0
KB Home,,2026-02-03|2026-02-04|2026-02-05|2026-02-06|2026-02-09|2026-02-10|2026-02-11|2026-02-12|2026-02-13|2026-02-17|2026-02-18|2026-02-19|2026-02-20|2026-02-23|2026-02-24|2026-02-25|2026-02-26|2026-02-27|2026-03-02|2026-03-03|2026-03-04|2026-03-05|2026-03-06|2026-03-09|2026-03-10|2026-03-11|2026-03-12|2026-03-13|2026-03-16|2026-03-17,2026-03-17 18:47:26,0.0
Brunswick Corporation,,2026-02-03|2026-02-04|2026-02-05|2026-02-06|2026-02-09|2026-02-10|2026-02-11|2026-02-12|2026-02-13|2026-02-17|2026-02-18|2026-02-19|2026-02-20|2026-02-23|2026-02-24|2026-02-25|2026-02-26|2026-02-27|2026-03-02|2026-03-03|2026-03-04|2026-03-05|2026-03-06|2026-03-09|2026-03-10|2026-03-11|2026-03-12|2026-03-13|2026-03-16|2026-03-17,2026-03-17 18:47:26,0.0
Robert Half,,2026-02-03|2026-02-04|2026-02-05|2026-02-06|2026-02-09|2026-02-10|2026-02-11|2026-02-12|2026-02-13|2026-02-17|2026-02-18|2026-02-19|2026-02-20|2026-02-23|2026-02-24|2026-02-25|2026-02-26|2026-02-27|2026-03-02|2026-03-03|2026-03-04|2026-03-05|2026-03-06|2026-03-09|2026-03-10|2026-03-11|2026-03-12|2026-03-13|2026-03-16|2026-03-17,2026-03-17 18:47:26,0.0
PENN Entertainment,,2026-02-03|2026-02-04|2026-02-05|2026-02-06|2026-02-09|2026-02-10|2026-02-11|2026-02-12|2026-02-13|2026-02-17|2026-02-18|2026-02-19|2026-02-20|2026-02-23|2026-02-24|2026-02-25|2026-02-26|2026-02-27|2026-03-02|2026-03-03|2026-03-04|2026-03-05|2026-03-06|2026-03-09|2026-03-10|2026-03-11|2026-03-12|2026-03-13|2026-03-16|2026-03-17,2026-03-17 18:47:26,0.0
NetApp,,2026-02-03|2026-02-04|2026-02-05|2026-02-06|2026-02-09|2026-02-10|2026-02-11|2026-02-12|2026-02-13|2026-02-17|2026-02-18|2026-02-19|2026-02-20|2026-02-23|2026-02-24|2026-02-25|2026-02-26|2026-02-27|2026-03-02|2026-03-03|2026-03-04|2026-03-05|2026-03-06|2026-03-09|2026-03-10|2026-03-11|2026-03-12|2026-03-13|2026-03-16|2026-03-17,2026-03-17 18:47:26,0.0
Organon,,2026-02-03|2026-02-04|2026-02-05|2026-02-06|2026-02-09|2026-02-10|2026-02-11|2026-02-12|2026-02-13|2026-02-17|2026-02-18|2026-02-19|2026-02-20|2026-02-23|2026-02-24|2026-02-25|2026-02-26|2026-02-27|2026-03-02|2026-03-03|2026-03-04|2026-03-05|2026-03-06|2026-03-09|2026-03-10|2026-03-11|2026-03-12|2026-03-13|2026-03-16|2026-03-17,2026-03-17 18:47:26,0.0
Petco Health and Wellness,,2026-02-03|2026-02-04|2026-02-05|2026-02-06|2026-02-09|2026-02-10|2026-02-11|2026-02-12|2026-02-13|2026-02-17|2026-02-18|2026-02-19|2026-02-20|2026-02-23|2026-02-24|2026-02-25|2026-02-26|2026-02-27|2026-03-02|2026-03-03|2026-03-04|2026-03-05|2026-03-06|2026-03-09|2026-03-10|2026-03-11|2026-03-12|2026-03-13|2026-03-16|2026-03-17,2026-03-17 18:47:26,0.0
Regal Rexnord,,2026-02-03|2026-02-04|2026-02-05|2026-02-06|2026-02-09|2026-02-10|2026-02-11|2026-02-12|2026-02-13|2026-02-17|2026-02-18|2026-02-19|2026-02-20|2026-02-23|2026-02-24|2026-02-25|2026-02-26|2026-02-27|2026-03-02|2026-03-03|2026-03-04|2026-03-05|2026-03-06|2026-03-09|2026-03-10|2026-03-11|2026-03-12|2026-03-13|2026-03-16|2026-03-17,2026-03-17 18:47:26,0.0
Resideo Technologies,,2026-02-03|2026-02-04|2026-02-05|2026-02-06|2026-02-09|2026-02-10|2026-02-11|2026-02-12|2026-02-13|2026-02-17|2026-02-18|2026-02-19|2026-02-20|2026-02-23|2026-02-24|2026-02-25|2026-02-26|2026-02-27|2026-03-02|2026-03-03|2026-03-04|2026-03-05|2026-03-06|2026-03-09|2026-03-10|2026-03-11|2026-03-12|2026-03-13|2026-03-16|2026-03-17,2026-03-17 18:47:26,0.0
Camping World,,2026-02-03|2026-02-04|2026-02-05|2026-02-06|2026-02-09|2026-02-10|2026-02-11|2026-02-12|2026-02-13|2026-02-17|2026-02-18|2026-02-19|2026-02-20|2026-02-23|2026-02-24|2026-02-25|2026-02-26|2026-02-27|2026-03-02|2026-03-03|2026-03-04|2026-03-05|2026-03-06|2026-03-09|2026-03-10|2026-03-11|2026-03-12|2026-03-13|2026-03-16|2026-03-17,2026-03-17 18:47:26,0.0
Huntsman Corporation,,2026-02-03|2026-02-04|2026-02-05|2026-02-06|2026-02-09|2026-02-10|2026-02-11|2026-02-12|2026-02-13|2026-02-17|2026-02-18|2026-02-19|2026-02-20|2026-02-23|2026-02-24|2026-02-25|2026-02-26|2026-02-27|2026-03-02|2026-03-03|2026-03-04|2026-03-05|2026-03-06|2026-03-09|2026-03-10|2026-03-11|2026-03-12|2026-03-13|2026-03-16|2026-03-17,2026-03-17 18:47:26,0.0
Victorias Secret,,2026-02-03|2026-02-04|2026-02-05|2026-02-06|2026-02-09|2026-02-10|2026-02-11|2026-02-12|2026-02-13|2026-02-17|2026-02-18|2026-02-19|2026-02-20|2026-02-23|2026-02-24|2026-02-25|2026-02-26|2026-02-27|2026-03-02|2026-03-03|2026-03-04|2026-03-05|2026-03-06|2026-03-09|2026-03-10|2026-03-11|2026-03-12|2026-03-13|2026-03-16|2026-03-17,2026-03-17 18:47:26,0.0
Levi Strauss,,2026-02-03|2026-02-04|2026-02-05|2026-02-06|2026-02-09|2026-02-10|2026-02-11|2026-02-12|2026-02-13|2026-02-17|2026-02-18|2026-02-19|2026-02-20|2026-02-23|2026-02-24|2026-02-25|2026-02-26|2026-02-27|2026-03-02|2026-03-03|2026-03-04|2026-03-05|2026-03-06|2026-03-09|2026-03-10|2026-03-11|2026-03-12|2026-03-13|2026-03-16|2026-03-17,2026-03-17 18:47:26,0.0
Roper Technologies,,2026-02-03|2026-02-04|2026-02-05|2026-02-06|2026-02-09|2026-02-10|2026-02-11|2026-02-12|2026-02-13|2026-02-17|2026-02-18|2026-02-19|2026-02-20|2026-02-23|2026-02-24|2026-02-25|2026-02-26|2026-02-27|2026-03-02|2026-03-03|2026-03-04|2026-03-05|2026-03-06|2026-03-09|2026-03-10|2026-03-11|2026-03-12|2026-03-13|2026-03-16|2026-03-17,2026-03-17 18:47:26,0.0
Academy Sports and Outdoors,,2026-02-03|2026-02-04|2026-02-05|2026-02-06|2026-02-09|2026-02-10|2026-02-11|2026-02-12|2026-02-13|2026-02-17|2026-02-18|2026-02-19|2026-02-20|2026-02-23|2026-02-24|2026-02-25|2026-02-26|2026-02-27|2026-03-02|2026-03-03|2026-03-04|2026-03-05|2026-03-06|2026-03-09|2026-03-10|2026-03-11|2026-03-12|2026-03-13|2026-03-16|2026-03-17,2026-03-17 18:47:26,0.0
Meritage Homes,,2026-02-03|2026-02-04|2026-02-05|2026-02-06|2026-02-09|2026-02-10|2026-02-11|2026-02-12|2026-02-13|2026-02-17|2026-02-18|2026-02-19|2026-02-20|2026-02-23|2026-02-24|2026-02-25|2026-02-26|2026-02-27|2026-03-02|2026-03-03|2026-03-04|2026-03-05|2026-03-06|2026-03-09|2026-03-10|2026-03-11|2026-03-12|2026-03-13|2026-03-16|2026-03-17,2026-03-17 18:47:26,0.0
American Axle & Manufacturing,,2026-02-02|2026-02-03|2026-02-04|2026-02-05|2026-02-06|2026-02-09|2026-02-10|2026-02-11|2026-02-12|2026-02-13|2026-02-17|2026-02-18|2026-02-19|2026-02-20|2026-02-23|2026-02-24|2026-02-25|2026-02-26|2026-02-27|2026-03-02|2026-03-03|2026-03-04|2026-03-05|2026-03-06|2026-03-09|2026-03-10|2026-03-11|2026-03-12|2026-03-13|2026-03-16,2026-03-17 18:47:26,0.0
Fortive,,2026-02-03|2026-02-04|2026-02-05|2026-02-06|2026-02-09|2026-02-10|2026-02-11|2026-02-12|2026-02-13|2026-02-17|2026-02-18|2026-02-19|2026-02-20|2026-02-23|2026-02-24|2026-02-25|2026-02-26|2026-02-27|2026-03-02|2026-03-03|2026-03-04|2026-03-05|2026-03-06|2026-03-09|2026-03-10|2026-03-11|2026-03-12|2026-03-13|2026-03-16|2026-03-17,2026-03-17 18:47:26,0.0
Nasdaq Inc,,2026-02-03|2026-02-04|2026-02-05|2026-02-06|2026-02-09|2026-02-10|2026-02-11|2026-02-12|2026-02-13|2026-02-17|2026-02-18|2026-02-19|2026-02-20|2026-02-23|2026-02-24|2026-02-25|2026-02-26|2026-02-27|2026-03-02|2026-03-03|2026-03-04|2026-03-05|2026-03-06|2026-03-09|2026-03-10|2026-03-11|2026-03-12|2026-03-13|2026-03-16|2026-03-17,2026-03-17 18:47:26,0.0
Broadridge Financial Solutions,,2026-02-03|2026-02-04|2026-02-05|2026-02-06|2026-02-09|2026-02-10|2026-02-11|2026-02-12|2026-02-13|2026-02-17|2026-02-18|2026-02-19|2026-02-20|2026-02-23|2026-02-24|2026-02-25|2026-02-26|2026-02-27|2026-03-02|2026-03-03|2026-03-04|2026-03-05|2026-03-06|2026-03-09|2026-03-10|2026-03-11|2026-03-12|2026-03-13|2026-03-16|2026-03-17,2026-03-17 18:47:26,0.0
Warner Music Group,,2026-02-03|2026-02-04|2026-02-05|2026-02-06|2026-02-09|2026-02-10|2026-02-11|2026-02-12|2026-02-13|2026-02-17|2026-02-18|2026-02-19|2026-02-20|2026-02-23|2026-02-24|2026-02-25|2026-02-26|2026-02-27|2026-03-02|2026-03-03|2026-03-04|2026-03-05|2026-03-06|2026-03-09|2026-03-10|2026-03-11|2026-03-12|2026-03-13|2026-03-16|2026-03-17,2026-03-17 18:47:26,0.0
Chemours,,2026-02-03|2026-02-04|2026-02-05|2026-02-06|2026-02-09|2026-02-10|2026-02-11|2026-02-12|2026-02-13|2026-02-17|2026-02-18|2026-02-19|2026-02-20|2026-02-23|2026-02-24|2026-02-25|2026-02-26|2026-02-27|2026-03-02|2026-03-03|2026-03-04|2026-03-05|2026-03-06|2026-03-09|2026-03-10|2026-03-11|2026-03-12|2026-03-13|2026-03-16|2026-03-17,2026-03-17 18:47:26,0.0
ADT,,2026-02-03|2026-02-04|2026-02-05|2026-02-06|2026-02-09|2026-02-10|2026-02-11|2026-02-12|2026-02-13|2026-02-17|2026-02-18|2026-02-19|2026-02-20|2026-02-23|2026-02-24|2026-02-25|2026-02-26|2026-02-27|2026-03-02|2026-03-03|2026-03-04|2026-03-05|2026-03-06|2026-03-09|2026-03-10|2026-03-11|2026-03-12|2026-03-13|2026-03-16|2026-03-17,2026-03-17 18:47:26,0.0
Edwards Lifesciences,,2026-02-03|2026-02-04|2026-02-05|2026-02-06|2026-02-09|2026-02-10|2026-02-11|2026-02-12|2026-02-13|2026-02-17|2026-02-18|2026-02-19|2026-02-20|2026-02-23|2026-02-24|2026-02-25|2026-02-26|2026-02-27|2026-03-02|2026-03-03|2026-03-04|2026-03-05|2026-03-06|2026-03-09|2026-03-10|2026-03-11|2026-03-12|2026-03-13|2026-03-16|2026-03-17,2026-03-17 18:47:26,0.0
First American Financial,,2026-02-03|2026-02-04|2026-02-05|2026-02-06|2026-02-09|2026-02-10|2026-02-11|2026-02-12|2026-02-13|2026-02-17|2026-02-18|2026-02-19|2026-02-20|2026-02-23|2026-02-24|2026-02-25|2026-02-26|2026-02-27|2026-03-02|2026-03-03|2026-03-04|2026-03-05|2026-03-06|2026-03-09|2026-03-10|2026-03-11|2026-03-12|2026-03-13|2026-03-16|2026-03-17,2026-03-17 18:47:26,0.0
Hanover Insurance Group,,2026-02-03|2026-02-04|2026-02-05|2026-02-06|2026-02-09|2026-02-10|2026-02-11|2026-02-12|2026-02-13|2026-02-17|2026-02-18|2026-02-19|2026-02-20|2026-02-23|2026-02-24|2026-02-25|2026-02-26|2026-02-27|2026-03-02|2026-03-03|2026-03-04|2026-03-05|2026-03-06|2026-03-09|2026-03-10|2026-03-11|2026-03-12|2026-03-13|2026-03-16|2026-03-17,2026-03-17 18:47:26,0.0
Silgan,,2026-02-03|2026-02-04|2026-02-05|2026-02-06|2026-02-09|2026-02-10|2026-02-11|2026-02-12|2026-02-13|2026-02-17|2026-02-18|2026-02-19|2026-02-20|2026-02-23|2026-02-24|2026-02-25|2026-02-26|2026-02-27|2026-03-02|2026-03-03|2026-03-04|2026-03-05|2026-03-06|2026-03-09|2026-03-10|2026-03-11|2026-03-12|2026-03-13|2026-03-16|2026-03-17,2026-03-17 18:47:26,0.0
Moodys Corporation,,2026-02-03|2026-02-04|2026-02-05|2026-02-06|2026-02-09|2026-02-10|2026-02-11|2026-02-12|2026-02-13|2026-02-17|2026-02-18|2026-02-19|2026-02-20|2026-02-23|2026-02-24|2026-02-25|2026-02-26|2026-02-27|2026-03-02|2026-03-03|2026-03-04|2026-03-05|2026-03-06|2026-03-09|2026-03-10|2026-03-11|2026-03-12|2026-03-13|2026-03-16|2026-03-17,2026-03-17 18:47:26,0.0
Coterra Energy,,2026-02-03|2026-02-04|2026-02-05|2026-02-06|2026-02-09|2026-02-10|2026-02-11|2026-02-12|2026-02-13|2026-02-17|2026-02-18|2026-02-19|2026-02-20|2026-02-23|2026-02-24|2026-02-25|2026-02-26|2026-02-27|2026-03-02|2026-03-03|2026-03-04|2026-03-05|2026-03-06|2026-03-09|2026-03-10|2026-03-11|2026-03-12|2026-03-13|2026-03-16|2026-03-17,2026-03-17 18:47:26,0.0
Gartner,,2026-02-03|2026-02-04|2026-02-05|2026-02-06|2026-02-09|2026-02-10|2026-02-11|2026-02-12|2026-02-13|2026-02-17|2026-02-18|2026-02-19|2026-02-20|2026-02-23|2026-02-24|2026-02-25|2026-02-26|2026-02-27|2026-03-02|2026-03-03|2026-03-04|2026-03-05|2026-03-06|2026-03-09|2026-03-10|2026-03-11|2026-03-12|2026-03-13|2026-03-16|2026-03-17,2026-03-17 18:47:26,0.0
Under Armour,,2026-02-03|2026-02-04|2026-02-05|2026-02-06|2026-02-09|2026-02-10|2026-02-11|2026-02-12|2026-02-13|2026-02-17|2026-02-18|2026-02-19|2026-02-20|2026-02-23|2026-02-24|2026-02-25|2026-02-26|2026-02-27|2026-03-02|2026-03-03|2026-03-04|2026-03-05|2026-03-06|2026-03-09|2026-03-10|2026-03-11|2026-03-12|2026-03-13|2026-03-16|2026-03-17,2026-03-17 18:47:26,0.0
Ingles Markets,,2026-02-03|2026-02-04|2026-02-05|2026-02-06|2026-02-09|2026-02-10|2026-02-11|2026-02-12|2026-02-13|2026-02-17|2026-02-18|2026-02-19|2026-02-20|2026-02-23|2026-02-24|2026-02-25|2026-02-26|2026-02-27|2026-03-02|2026-03-03|2026-03-04|2026-03-05|2026-03-06|2026-03-09|2026-03-10|2026-03-11|2026-03-12|2026-03-13|2026-03-16|2026-03-17,2026-03-17 18:47:26,0.0
Church & Dwight,,2026-02-03|2026-02-04|2026-02-05|2026-02-06|2026-02-09|2026-02-10|2026-02-11|2026-02-12|2026-02-13|2026-02-17|2026-02-18|2026-02-19|2026-02-20|2026-02-23|2026-02-24|2026-02-25|2026-02-26|2026-02-27|2026-03-02|2026-03-03|2026-03-04|2026-03-05|2026-03-06|2026-03-09|2026-03-10|2026-03-11|2026-03-12|2026-03-13|2026-03-16|2026-03-17,2026-03-17 18:47:26,0.0
Old Dominion Freight Line,,2026-02-03|2026-02-04|2026-02-05|2026-02-06|2026-02-09|2026-02-10|2026-02-11|2026-02-12|2026-02-13|2026-02-17|2026-02-18|2026-02-19|2026-02-20|2026-02-23|2026-02-24|2026-02-25|2026-02-26|2026-02-27|2026-03-02|2026-03-03|2026-03-04|2026-03-05|2026-03-06|2026-03-09|2026-03-10|2026-03-11|2026-03-12|2026-03-13|2026-03-16|2026-03-17,2026-03-17 18:47:26,0.0
U-Haul,,2026-02-03|2026-02-04|2026-02-05|2026-02-06|2026-02-09|2026-02-10|2026-02-11|2026-02-12|2026-02-13|2026-02-17|2026-02-18|2026-02-19|2026-02-20|2026-02-23|2026-02-24|2026-02-25|2026-02-26|2026-02-27|2026-03-02|2026-03-03|2026-03-04|2026-03-05|2026-03-06|2026-03-09|2026-03-10|2026-03-11|2026-03-12|2026-03-13|2026-03-16|2026-03-17,2026-03-17 18:47:26,0.0
Arista Networks,,2026-02-03|2026-02-04|2026-02-05|2026-02-06|2026-02-09|2026-02-10|2026-02-11|2026-02-12|2026-02-13|2026-02-17|2026-02-18|2026-02-19|2026-02-20|2026-02-23|2026-02-24|2026-02-25|2026-02-26|2026-02-27|2026-03-02|2026-03-03|2026-03-04|2026-03-05|2026-03-06|2026-03-09|2026-03-10|2026-03-11|2026-03-12|2026-03-13|2026-03-16|2026-03-17,2026-03-17 18:47:26,0.0
Synopsys,,2026-02-03|2026-02-04|2026-02-05|2026-02-06|2026-02-09|2026-02-10|2026-02-11|2026-02-12|2026-02-13|2026-02-17|2026-02-18|2026-02-19|2026-02-20|2026-02-23|2026-02-24|2026-02-25|2026-02-26|2026-02-27|2026-03-02|2026-03-03|2026-03-04|2026-03-05|2026-03-06|2026-03-09|2026-03-10|2026-03-11|2026-03-12|2026-03-13|2026-03-16|2026-03-17,2026-03-17 18:47:26,0.0
Harley-Davidson,,2026-02-03|2026-02-04|2026-02-05|2026-02-06|2026-02-09|2026-02-10|2026-02-11|2026-02-12|2026-02-13|2026-02-17|2026-02-18|2026-02-19|2026-02-20|2026-02-23|2026-02-24|2026-02-25|2026-02-26|2026-02-27|2026-03-02|2026-03-03|2026-03-04|2026-03-05|2026-03-06|2026-03-09|2026-03-10|2026-03-11|2026-03-12|2026-03-13|2026-03-16|2026-03-17,2026-03-17 18:47:26,0.0
Frontier Communications,,2025-12-08|2025-12-09|2025-12-10|2025-12-11|2025-12-12|2025-12-15|2025-12-16|2025-12-17|2025-12-18|2025-12-19|2025-12-22|2025-12-23|2025-12-24|2025-12-26|2025-12-29|2025-12-30|2025-12-31|2026-01-02|2026-01-05|2026-01-06|2026-01-07|2026-01-08|2026-01-09|2026-01-12|2026-01-13|2026-01-14|2026-01-15|2026-01-16|2026-01-20|2026-01-21,2026-03-17 18:47:26,0.0
Primoris Services,,2026-02-03|2026-02-04|2026-02-05|2026-02-06|2026-02-09|2026-02-10|2026-02-11|2026-02-12|2026-02-13|2026-02-17|2026-02-18|2026-02-19|2026-02-20|2026-02-23|2026-02-24|2026-02-25|2026-02-26|2026-02-27|2026-03-02|2026-03-03|2026-03-04|2026-03-05|2026-03-06|2026-03-09|2026-03-10|2026-03-11|2026-03-12|2026-03-13|2026-03-16|2026-03-17,2026-03-17 18:47:26,0.0
Carlisle Companies,,2026-02-03|2026-02-04|2026-02-05|2026-02-06|2026-02-09|2026-02-10|2026-02-11|2026-02-12|2026-02-13|2026-02-17|2026-02-18|2026-02-19|2026-02-20|2026-02-23|2026-02-24|2026-02-25|2026-02-26|2026-02-27|2026-03-02|2026-03-03|2026-03-04|2026-03-05|2026-03-06|2026-03-09|2026-03-10|2026-03-11|2026-03-12|2026-03-13|2026-03-16|2026-03-17,2026-03-17 18:47:26,0.0
Simon Property Group,,2026-02-03|2026-02-04|2026-02-05|2026-02-06|2026-02-09|2026-02-10|2026-02-11|2026-02-12|2026-02-13|2026-02-17|2026-02-18|2026-02-19|2026-02-20|2026-02-23|2026-02-24|2026-02-25|2026-02-26|2026-02-27|2026-03-02|2026-03-03|2026-03-04|2026-03-05|2026-03-06|2026-03-09|2026-03-10|2026-03-11|2026-03-12|2026-03-13|2026-03-16|2026-03-17,2026-03-17 18:47:26,0.0
Teledyne Technologies,,2026-02-03|2026-02-04|2026-02-05|2026-02-06|2026-02-09|2026-02-10|2026-02-11|2026-02-12|2026-02-13|2026-02-17|2026-02-18|2026-02-19|2026-02-20|2026-02-23|2026-02-24|2026-02-25|2026-02-26|2026-02-27|2026-03-02|2026-03-03|2026-03-04|2026-03-05|2026-03-06|2026-03-09|2026-03-10|2026-03-11|2026-03-12|2026-03-13|2026-03-16|2026-03-17,2026-03-17 18:47:26,0.0
CME Group,,2026-02-03|2026-02-04|2026-02-05|2026-02-06|2026-02-09|2026-02-10|2026-02-11|2026-02-12|2026-02-13|2026-02-17|2026-02-18|2026-02-19|2026-02-20|2026-02-23|2026-02-24|2026-02-25|2026-02-26|2026-02-27|2026-03-02|2026-03-03|2026-03-04|2026-03-05|2026-03-06|2026-03-09|2026-03-10|2026-03-11|2026-03-12|2026-03-13|2026-03-16|2026-03-17,2026-03-17 18:47:26,0.0
Coty,,2026-02-03|2026-02-04|2026-02-05|2026-02-06|2026-02-09|2026-02-10|2026-02-11|2026-02-12|2026-02-13|2026-02-17|2026-02-18|2026-02-19|2026-02-20|2026-02-23|2026-02-24|2026-02-25|2026-02-26|2026-02-27|2026-03-02|2026-03-03|2026-03-04|2026-03-05|2026-03-06|2026-03-09|2026-03-10|2026-03-11|2026-03-12|2026-03-13|2026-03-16|2026-03-17,2026-03-17 18:47:26,0.0
Pool Corporation,,2026-02-03|2026-02-04|2026-02-05|2026-02-06|2026-02-09|2026-02-10|2026-02-11|2026-02-12|2026-02-13|2026-02-17|2026-02-18|2026-02-19|2026-02-20|2026-02-23|2026-02-24|2026-02-25|2026-02-26|2026-02-27|2026-03-02|2026-03-03|2026-03-04|2026-03-05|2026-03-06|2026-03-09|2026-03-10|2026-03-11|2026-03-12|2026-03-13|2026-03-16|2026-03-17,2026-03-17 18:47:26,0.0
Evergy,,2026-02-03|2026-02-04|2026-02-05|2026-02-06|2026-02-09|2026-02-10|2026-02-11|2026-02-12|2026-02-13|2026-02-17|2026-02-18|2026-02-19|2026-02-20|2026-02-23|2026-02-24|2026-02-25|2026-02-26|2026-02-27|2026-03-02|2026-03-03|2026-03-04|2026-03-05|2026-03-06|2026-03-09|2026-03-10|2026-03-11|2026-03-12|2026-03-13|2026-03-16|2026-03-17,2026-03-17 18:47:26,0.0
Marvell Technology,,2026-02-03|2026-02-04|2026-02-05|2026-02-06|2026-02-09|2026-02-10|2026-02-11|2026-02-12|2026-02-13|2026-02-17|2026-02-18|2026-02-19|2026-02-20|2026-02-23|2026-02-24|2026-02-25|2026-02-26|2026-02-27|2026-03-02|2026-03-03|2026-03-04|2026-03-05|2026-03-06|2026-03-09|2026-03-10|2026-03-11|2026-03-12|2026-03-13|2026-03-16|2026-03-17,2026-03-17 18:47:26,0.0
NiSource,,2026-02-03|2026-02-04|2026-02-05|2026-02-06|2026-02-09|2026-02-10|2026-02-11|2026-02-12|2026-02-13|2026-02-17|2026-02-18|2026-02-19|2026-02-20|2026-02-23|2026-02-24|2026-02-25|2026-02-26|2026-02-27|2026-03-02|2026-03-03|2026-03-04|2026-03-05|2026-03-06|2026-03-09|2026-03-10|2026-03-11|2026-03-12|2026-03-13|2026-03-16|2026-03-17,2026-03-17 18:47:26,0.0
SS&C Technologies,,2026-02-03|2026-02-04|2026-02-05|2026-02-06|2026-02-09|2026-02-10|2026-02-11|2026-02-12|2026-02-13|2026-02-17|2026-02-18|2026-02-19|2026-02-20|2026-02-23|2026-02-24|2026-02-25|2026-02-26|2026-02-27|2026-03-02|2026-03-03|2026-03-04|2026-03-05|2026-03-06|2026-03-09|2026-03-10|2026-03-11|2026-03-12|2026-03-13|2026-03-16|2026-03-17,2026-03-17 18:47:26,0.0
Schneider National,,2026-02-03|2026-02-04|2026-02-05|2026-02-06|2026-02-09|2026-02-10|2026-02-11|2026-02-12|2026-02-13|2026-02-17|2026-02-18|2026-02-19|2026-02-20|2026-02-23|2026-02-24|2026-02-25|2026-02-26|2026-02-27|2026-03-02|2026-03-03|2026-03-04|2026-03-05|2026-03-06|2026-03-09|2026-03-10|2026-03-11|2026-03-12|2026-03-13|2026-03-16|2026-03-17,2026-03-17 18:47:26,0.0
Autodesk,,2026-02-03|2026-02-04|2026-02-05|2026-02-06|2026-02-09|2026-02-10|2026-02-11|2026-02-12|2026-02-13|2026-02-17|2026-02-18|2026-02-19|2026-02-20|2026-02-23|2026-02-24|2026-02-25|2026-02-26|2026-02-27|2026-03-02|2026-03-03|2026-03-04|2026-03-05|2026-03-06|2026-03-09|2026-03-10|2026-03-11|2026-03-12|2026-03-13|2026-03-16|2026-03-17,2026-03-17 18:47:26,0.0
Sealed Air Corporation,,2026-02-03|2026-02-04|2026-02-05|2026-02-06|2026-02-09|2026-02-10|2026-02-11|2026-02-12|2026-02-13|2026-02-17|2026-02-18|2026-02-19|2026-02-20|2026-02-23|2026-02-24|2026-02-25|2026-02-26|2026-02-27|2026-03-02|2026-03-03|2026-03-04|2026-03-05|2026-03-06|2026-03-09|2026-03-10|2026-03-11|2026-03-12|2026-03-13|2026-03-16|2026-03-17,2026-03-17 18:47:26,0.0
Iron Mountain,,2026-02-03|2026-02-04|2026-02-05|2026-02-06|2026-02-09|2026-02-10|2026-02-11|2026-02-12|2026-02-13|2026-02-17|2026-02-18|2026-02-19|2026-02-20|2026-02-23|2026-02-24|2026-02-25|2026-02-26|2026-02-27|2026-03-02|2026-03-03|2026-03-04|2026-03-05|2026-03-06|2026-03-09|2026-03-10|2026-03-11|2026-03-12|2026-03-13|2026-03-16|2026-03-17,2026-03-17 18:47:26,0.0
Digital Realty Trust,,2026-02-03|2026-02-04|2026-02-05|2026-02-06|2026-02-09|2026-02-10|2026-02-11|2026-02-12|2026-02-13|2026-02-17|2026-02-18|2026-02-19|2026-02-20|2026-02-23|2026-02-24|2026-02-25|2026-02-26|2026-02-27|2026-03-02|2026-03-03|2026-03-04|2026-03-05|2026-03-06|2026-03-09|2026-03-10|2026-03-11|2026-03-12|2026-03-13|2026-03-16|2026-03-17,2026-03-17 18:47:26,0.0
Keysight Technologies,,2026-02-03|2026-02-04|2026-02-05|2026-02-06|2026-02-09|2026-02-10|2026-02-11|2026-02-12|2026-02-13|2026-02-17|2026-02-18|2026-02-19|2026-02-20|2026-02-23|2026-02-24|2026-02-25|2026-02-26|2026-02-27|2026-03-02|2026-03-03|2026-03-04|2026-03-05|2026-03-06|2026-03-09|2026-03-10|2026-03-11|2026-03-12|2026-03-13|2026-03-16|2026-03-17,2026-03-17 18:47:26,0.0
Globe Life,,2026-02-03|2026-02-04|2026-02-05|2026-02-06|2026-02-09|2026-02-10|2026-02-11|2026-02-12|2026-02-13|2026-02-17|2026-02-18|2026-02-19|2026-02-20|2026-02-23|2026-02-24|2026-02-25|2026-02-26|2026-02-27|2026-03-02|2026-03-03|2026-03-04|2026-03-05|2026-03-06|2026-03-09|2026-03-10|2026-03-11|2026-03-12|2026-03-13|2026-03-16|2026-03-17,2026-03-17 18:47:26,0.0
Parsons Corporation,,2026-02-03|2026-02-04|2026-02-05|2026-02-06|2026-02-09|2026-02-10|2026-02-11|2026-02-12|2026-02-13|2026-02-17|2026-02-18|2026-02-19|2026-02-20|2026-02-23|2026-02-24|2026-02-25|2026-02-26|2026-02-27|2026-03-02|2026-03-03|2026-03-04|2026-03-05|2026-03-06|2026-03-09|2026-03-10|2026-03-11|2026-03-12|2026-03-13|2026-03-16|2026-03-17,2026-03-17 18:47:26,0.0
Mattel,,2026-02-03|2026-02-04|2026-02-05|2026-02-06|2026-02-09|2026-02-10|2026-02-11|2026-02-12|2026-02-13|2026-02-17|2026-02-18|2026-02-19|2026-02-20|2026-02-23|2026-02-24|2026-02-25|2026-02-26|2026-02-27|2026-03-02|2026-03-03|2026-03-04|2026-03-05|2026-03-06|2026-03-09|2026-03-10|2026-03-11|2026-03-12|2026-03-13|2026-03-16|2026-03-17,2026-03-17 18:47:26,0.0
Southwest Gas Holdings,,2026-02-03|2026-02-04|2026-02-05|2026-02-06|2026-02-09|2026-02-10|2026-02-11|2026-02-12|2026-02-13|2026-02-17|2026-02-18|2026-02-19|2026-02-20|2026-02-23|2026-02-24|2026-02-25|2026-02-26|2026-02-27|2026-03-02|2026-03-03|2026-03-04|2026-03-05|2026-03-06|2026-03-09|2026-03-10|2026-03-11|2026-03-12|2026-03-13|2026-03-16|2026-03-17,2026-03-17 18:47:26,0.0
Clean Harbors,,2026-02-03|2026-02-04|2026-02-05|2026-02-06|2026-02-09|2026-02-10|2026-02-11|2026-02-12|2026-02-13|2026-02-17|2026-02-18|2026-02-19|2026-02-20|2026-02-23|2026-02-24|2026-02-25|2026-02-26|2026-02-27|2026-03-02|2026-03-03|2026-03-04|2026-03-05|2026-03-06|2026-03-09|2026-03-10|2026-03-11|2026-03-12|2026-03-13|2026-03-16|2026-03-17,2026-03-17 18:47:26,0.0
Hubbell,,2026-02-03|2026-02-04|2026-02-05|2026-02-06|2026-02-09|2026-02-10|2026-02-11|2026-02-12|2026-02-13|2026-02-17|2026-02-18|2026-02-19|2026-02-20|2026-02-23|2026-02-24|2026-02-25|2026-02-26|2026-02-27|2026-03-02|2026-03-03|2026-03-04|2026-03-05|2026-03-06|2026-03-09|2026-03-10|2026-03-11|2026-03-12|2026-03-13|2026-03-16|2026-03-17,2026-03-17 18:47:26,0.0
Lamb Weston,,2026-02-03|2026-02-04|2026-02-05|2026-02-06|2026-02-09|2026-02-10|2026-02-11|2026-02-12|2026-02-13|2026-02-17|2026-02-18|2026-02-19|2026-02-20|2026-02-23|2026-02-24|2026-02-25|2026-02-26|2026-02-27|2026-03-02|2026-03-03|2026-03-04|2026-03-05|2026-03-06|2026-03-09|2026-03-10|2026-03-11|2026-03-12|2026-03-13|2026-03-16|2026-03-17,2026-03-17 18:47:26,0.0
Take-Two Interactive Software,,2026-02-03|2026-02-04|2026-02-05|2026-02-06|2026-02-09|2026-02-10|2026-02-11|2026-02-12|2026-02-13|2026-02-17|2026-02-18|2026-02-19|2026-02-20|2026-02-23|2026-02-24|2026-02-25|2026-02-26|2026-02-27|2026-03-02|2026-03-03|2026-03-04|2026-03-05|2026-03-06|2026-03-09|2026-03-10|2026-03-11|2026-03-12|2026-03-13|2026-03-16|2026-03-17,2026-03-17 18:47:26,0.0
Landstar System,,2026-02-03|2026-02-04|2026-02-05|2026-02-06|2026-02-09|2026-02-10|2026-02-11|2026-02-12|2026-02-13|2026-02-17|2026-02-18|2026-02-19|2026-02-20|2026-02-23|2026-02-24|2026-02-25|2026-02-26|2026-02-27|2026-03-02|2026-03-03|2026-03-04|2026-03-05|2026-03-06|2026-03-09|2026-03-10|2026-03-11|2026-03-12|2026-03-13|2026-03-16|2026-03-17,2026-03-17 18:47:26,0.0
Host Hotels & Resorts,,2026-02-03|2026-02-04|2026-02-05|2026-02-06|2026-02-09|2026-02-10|2026-02-11|2026-02-12|2026-02-13|2026-02-17|2026-02-18|2026-02-19|2026-02-20|2026-02-23|2026-02-24|2026-02-25|2026-02-26|2026-02-27|2026-03-02|2026-03-03|2026-03-04|2026-03-05|2026-03-06|2026-03-09|2026-03-10|2026-03-11|2026-03-12|2026-03-13|2026-03-16|2026-03-17,2026-03-17 18:47:26,0.0
Fortinet,,2026-02-03|2026-02-04|2026-02-05|2026-02-06|2026-02-09|2026-02-10|2026-02-11|2026-02-12|2026-02-13|2026-02-17|2026-02-18|2026-02-19|2026-02-20|2026-02-23|2026-02-24|2026-02-25|2026-02-26|2026-02-27|2026-03-02|2026-03-03|2026-03-04|2026-03-05|2026-03-06|2026-03-09|2026-03-10|2026-03-11|2026-03-12|2026-03-13|2026-03-16|2026-03-17,2026-03-17 18:47:26,0.0
OneMain,,2026-02-03|2026-02-04|2026-02-05|2026-02-06|2026-02-09|2026-02-10|2026-02-11|2026-02-12|2026-02-13|2026-02-17|2026-02-18|2026-02-19|2026-02-20|2026-02-23|2026-02-24|2026-02-25|2026-02-26|2026-02-27|2026-03-02|2026-03-03|2026-03-04|2026-03-05|2026-03-06|2026-03-09|2026-03-10|2026-03-11|2026-03-12|2026-03-13|2026-03-16|2026-03-17,2026-03-17 18:47:26,0.0
GameStop,,2026-02-03|2026-02-04|2026-02-05|2026-02-06|2026-02-09|2026-02-10|2026-02-11|2026-02-12|2026-02-13|2026-02-17|2026-02-18|2026-02-19|2026-02-20|2026-02-23|2026-02-24|2026-02-25|2026-02-26|2026-02-27|2026-03-02|2026-03-03|2026-03-04|2026-03-05|2026-03-06|2026-03-09|2026-03-10|2026-03-11|2026-03-12|2026-03-13|2026-03-16|2026-03-17,2026-03-17 18:47:26,0.0
Equifax,,2026-02-03|2026-02-04|2026-02-05|2026-02-06|2026-02-09|2026-02-10|2026-02-11|2026-02-12|2026-02-13|2026-02-17|2026-02-18|2026-02-19|2026-02-20|2026-02-23|2026-02-24|2026-02-25|2026-02-26|2026-02-27|2026-03-02|2026-03-03|2026-03-04|2026-03-05|2026-03-06|2026-03-09|2026-03-10|2026-03-11|2026-03-12|2026-03-13|2026-03-16|2026-03-17,2026-03-17 18:47:26,0.0
American Eagle Outfitters,,2026-02-03|2026-02-04|2026-02-05|2026-02-06|2026-02-09|2026-02-10|2026-02-11|2026-02-12|2026-02-13|2026-02-17|2026-02-18|2026-02-19|2026-02-20|2026-02-23|2026-02-24|2026-02-25|2026-02-26|2026-02-27|2026-03-02|2026-03-03|2026-03-04|2026-03-05|2026-03-06|2026-03-09|2026-03-10|2026-03-11|2026-03-12|2026-03-13|2026-03-16|2026-03-17,2026-03-17 18:47:26,0.0
Comerica,,2025-12-17|2025-12-18|2025-12-19|2025-12-22|2025-12-23|2025-12-24|2025-12-26|2025-12-29|2025-12-30|2025-12-31|2026-01-02|2026-01-05|2026-01-06|2026-01-07|2026-01-08|2026-01-09|2026-01-12|2026-01-13|2026-01-14|2026-01-15|2026-01-16|2026-01-20|2026-01-21|2026-01-22|2026-01-23|2026-01-26|2026-01-27|2026-01-28|2026-01-29|2026-01-30,2026-03-17 18:47:26,0.0
Greif,,2026-02-03|2026-02-04|2026-02-05|2026-02-06|2026-02-09|2026-02-10|2026-02-11|2026-02-12|2026-02-13|2026-02-17|2026-02-18|2026-02-19|2026-02-20|2026-02-23|2026-02-24|2026-02-25|2026-02-26|2026-02-27|2026-03-02|2026-03-03|2026-03-04|2026-03-05|2026-03-06|2026-03-09|2026-03-10|2026-03-11|2026-03-12|2026-03-13|2026-03-16|2026-03-17,2026-03-17 18:47:26,0.0
Comfort Systems USA,,2026-02-03|2026-02-04|2026-02-05|2026-02-06|2026-02-09|2026-02-10|2026-02-11|2026-02-12|2026-02-13|2026-02-17|2026-02-18|2026-02-19|2026-02-20|2026-02-23|2026-02-24|2026-02-25|2026-02-26|2026-02-27|2026-03-02|2026-03-03|2026-03-04|2026-03-05|2026-03-06|2026-03-09|2026-03-10|2026-03-11|2026-03-12|2026-03-13|2026-03-16|2026-03-17,2026-03-17 18:47:26,0.0
TopBuild,,2026-02-03|2026-02-04|2026-02-05|2026-02-06|2026-02-09|2026-02-10|2026-02-11|2026-02-12|2026-02-13|2026-02-17|2026-02-18|2026-02-19|2026-02-20|2026-02-23|2026-02-24|2026-02-25|2026-02-26|2026-02-27|2026-03-02|2026-03-03|2026-03-04|2026-03-05|2026-03-06|2026-03-09|2026-03-10|2026-03-11|2026-03-12|2026-03-13|2026-03-16|2026-03-17,2026-03-17 18:47:26,0.0
Bread Financial,,2026-02-03|2026-02-04|2026-02-05|2026-02-06|2026-02-09|2026-02-10|2026-02-11|2026-02-12|2026-02-13|2026-02-17|2026-02-18|2026-02-19|2026-02-20|2026-02-23|2026-02-24|2026-02-25|2026-02-26|2026-02-27|2026-03-02|2026-03-03|2026-03-04|2026-03-05|2026-03-06|2026-03-09|2026-03-10|2026-03-11|2026-03-12|2026-03-13|2026-03-16|2026-03-17,2026-03-17 18:47:26,0.0
Coherent,,2026-02-03|2026-02-04|2026-02-05|2026-02-06|2026-02-09|2026-02-10|2026-02-11|2026-02-12|2026-02-13|2026-02-17|2026-02-18|2026-02-19|2026-02-20|2026-02-23|2026-02-24|2026-02-25|2026-02-26|2026-02-27|2026-03-02|2026-03-03|2026-03-04|2026-03-05|2026-03-06|2026-03-09|2026-03-10|2026-03-11|2026-03-12|2026-03-13|2026-03-16|2026-03-17,2026-03-17 18:47:26,0.0
Telephone & Data Systems,,2026-02-03|2026-02-04|2026-02-05|2026-02-06|2026-02-09|2026-02-10|2026-02-11|2026-02-12|2026-02-13|2026-02-17|2026-02-18|2026-02-19|2026-02-20|2026-02-23|2026-02-24|2026-02-25|2026-02-26|2026-02-27|2026-03-02|2026-03-03|2026-03-04|2026-03-05|2026-03-06|2026-03-09|2026-03-10|2026-03-11|2026-03-12|2026-03-13|2026-03-16|2026-03-17,2026-03-17 18:47:26,0.0
Stifel Financial,,2026-02-03|2026-02-04|2026-02-05|2026-02-06|2026-02-09|2026-02-10|2026-02-11|2026-02-12|2026-02-13|2026-02-17|2026-02-18|2026-02-19|2026-02-20|2026-02-23|2026-02-24|2026-02-25|2026-02-26|2026-02-27|2026-03-02|2026-03-03|2026-03-04|2026-03-05|2026-03-06|2026-03-09|2026-03-10|2026-03-11|2026-03-12|2026-03-13|2026-03-16|2026-03-17,2026-03-17 18:47:26,0.0
Urban Outfitters,,2026-02-03|2026-02-04|2026-02-05|2026-02-06|2026-02-09|2026-02-10|2026-02-11|2026-02-12|2026-02-13|2026-02-17|2026-02-18|2026-02-19|2026-02-20|2026-02-23|2026-02-24|2026-02-25|2026-02-26|2026-02-27|2026-03-02|2026-03-03|2026-03-04|2026-03-05|2026-03-06|2026-03-09|2026-03-10|2026-03-11|2026-03-12|2026-03-13|2026-03-16|2026-03-17,2026-03-17 18:47:26,0.0
Terex,,2026-02-03|2026-02-04|2026-02-05|2026-02-06|2026-02-09|2026-02-10|2026-02-11|2026-02-12|2026-02-13|2026-02-17|2026-02-18|2026-02-19|2026-02-20|2026-02-23|2026-02-24|2026-02-25|2026-02-26|2026-02-27|2026-03-02|2026-03-03|2026-03-04|2026-03-05|2026-03-06|2026-03-09|2026-03-10|2026-03-11|2026-03-12|2026-03-13|2026-03-16|2026-03-17,2026-03-17 18:47:26,0.0
Ryerson Holding,,2026-02-02|2026-02-03|2026-02-04|2026-02-05|2026-02-06|2026-02-09|2026-02-10|2026-02-11|2026-02-12|2026-02-13|2026-02-17|2026-02-18|2026-02-19|2026-02-20|2026-02-23|2026-02-24|2026-02-25|2026-02-26|2026-02-27|2026-03-02|2026-03-03|2026-03-04|2026-03-05|2026-03-06|2026-03-09|2026-03-10|2026-03-11|2026-03-12|2026-03-13|2026-03-16,2026-03-17 18:47:26,0.0
Snap-on,,2026-02-03|2026-02-04|2026-02-05|2026-02-06|2026-02-09|2026-02-10|2026-02-11|2026-02-12|2026-02-13|2026-02-17|2026-02-18|2026-02-19|2026-02-20|2026-02-23|2026-02-24|2026-02-25|2026-02-26|2026-02-27|2026-03-02|2026-03-03|2026-03-04|2026-03-05|2026-03-06|2026-03-09|2026-03-10|2026-03-11|2026-03-12|2026-03-13|2026-03-16|2026-03-17,2026-03-17 18:47:26,0.0
Flowers Foods,,2026-02-03|2026-02-04|2026-02-05|2026-02-06|2026-02-09|2026-02-10|2026-02-11|2026-02-12|2026-02-13|2026-02-17|2026-02-18|2026-02-19|2026-02-20|2026-02-23|2026-02-24|2026-02-25|2026-02-26|2026-02-27|2026-03-02|2026-03-03|2026-03-04|2026-03-05|2026-03-06|2026-03-09|2026-03-10|2026-03-11|2026-03-12|2026-03-13|2026-03-16|2026-03-17,2026-03-17 18:47:26,0.0
First Horizon,,2026-02-03|2026-02-04|2026-02-05|2026-02-06|2026-02-09|2026-02-10|2026-02-11|2026-02-12|2026-02-13|2026-02-17|2026-02-18|2026-02-19|2026-02-20|2026-02-23|2026-02-24|2026-02-25|2026-02-26|2026-02-27|2026-03-02|2026-03-03|2026-03-04|2026-03-05|2026-03-06|2026-03-09|2026-03-10|2026-03-11|2026-03-12|2026-03-13|2026-03-16|2026-03-17,2026-03-17 18:47:26,0.0
Paychex,,2026-02-03|2026-02-04|2026-02-05|2026-02-06|2026-02-09|2026-02-10|2026-02-11|2026-02-12|2026-02-13|2026-02-17|2026-02-18|2026-02-19|2026-02-20|2026-02-23|2026-02-24|2026-02-25|2026-02-26|2026-02-27|2026-03-02|2026-03-03|2026-03-04|2026-03-05|2026-03-06|2026-03-09|2026-03-10|2026-03-11|2026-03-12|2026-03-13|2026-03-16|2026-03-17,2026-03-17 18:47:26,0.0
Hasbro,,2026-02-03|2026-02-04|2026-02-05|2026-02-06|2026-02-09|2026-02-10|2026-02-11|2026-02-12|2026-02-13|2026-02-17|2026-02-18|2026-02-19|2026-02-20|2026-02-23|2026-02-24|2026-02-25|2026-02-26|2026-02-27|2026-03-02|2026-03-03|2026-03-04|2026-03-05|2026-03-06|2026-03-09|2026-03-10|2026-03-11|2026-03-12|2026-03-13|2026-03-16|2026-03-17,2026-03-17 18:47:26,0.0
Ares Management,,2026-02-03|2026-02-04|2026-02-05|2026-02-06|2026-02-09|2026-02-10|2026-02-11|2026-02-12|2026-02-13|2026-02-17|2026-02-18|2026-02-19|2026-02-20|2026-02-23|2026-02-24|2026-02-25|2026-02-26|2026-02-27|2026-03-02|2026-03-03|2026-03-04|2026-03-05|2026-03-06|2026-03-09|2026-03-10|2026-03-11|2026-03-12|2026-03-13|2026-03-16|2026-03-17,2026-03-17 18:47:26,0.0
Lennox International,,2026-02-03|2026-02-04|2026-02-05|2026-02-06|2026-02-09|2026-02-10|2026-02-11|2026-02-12|2026-02-13|2026-02-17|2026-02-18|2026-02-19|2026-02-20|2026-02-23|2026-02-24|2026-02-25|2026-02-26|2026-02-27|2026-03-02|2026-03-03|2026-03-04|2026-03-05|2026-03-06|2026-03-09|2026-03-10|2026-03-11|2026-03-12|2026-03-13|2026-03-16|2026-03-17,2026-03-17 18:47:26,0.0
Peabody Energy,,2026-02-03|2026-02-04|2026-02-05|2026-02-06|2026-02-09|2026-02-10|2026-02-11|2026-02-12|2026-02-13|2026-02-17|2026-02-18|2026-02-19|2026-02-20|2026-02-23|2026-02-24|2026-02-25|2026-02-26|2026-02-27|2026-03-02|2026-03-03|2026-03-04|2026-03-05|2026-03-06|2026-03-09|2026-03-10|2026-03-11|2026-03-12|2026-03-13|2026-03-16|2026-03-17,2026-03-17 18:47:26,0.0
Kemper Corporation,,2026-02-03|2026-02-04|2026-02-05|2026-02-06|2026-02-09|2026-02-10|2026-02-11|2026-02-12|2026-02-13|2026-02-17|2026-02-18|2026-02-19|2026-02-20|2026-02-23|2026-02-24|2026-02-25|2026-02-26|2026-02-27|2026-03-02|2026-03-03|2026-03-04|2026-03-05|2026-03-06|2026-03-09|2026-03-10|2026-03-11|2026-03-12|2026-03-13|2026-03-16|2026-03-17,2026-03-17 18:47:26,0.0
Nexstar Media Group,,2026-02-03|2026-02-04|2026-02-05|2026-02-06|2026-02-09|2026-02-10|2026-02-11|2026-02-12|2026-02-13|2026-02-17|2026-02-18|2026-02-19|2026-02-20|2026-02-23|2026-02-24|2026-02-25|2026-02-26|2026-02-27|2026-03-02|2026-03-03|2026-03-04|2026-03-05|2026-03-06|2026-03-09|2026-03-10|2026-03-11|2026-03-12|2026-03-13|2026-03-16|2026-03-17,2026-03-17 18:47:26,0.0
TriNet Group,,2026-02-03|2026-02-04|2026-02-05|2026-02-06|2026-02-09|2026-02-10|2026-02-11|2026-02-12|2026-02-13|2026-02-17|2026-02-18|2026-02-19|2026-02-20|2026-02-23|2026-02-24|2026-02-25|2026-02-26|2026-02-27|2026-03-02|2026-03-03|2026-03-04|2026-03-05|2026-03-06|2026-03-09|2026-03-10|2026-03-11|2026-03-12|2026-03-13|2026-03-16|2026-03-17,2026-03-17 18:47:26,0.0
Worthington Enterprises,,2026-02-03|2026-02-04|2026-02-05|2026-02-06|2026-02-09|2026-02-10|2026-02-11|2026-02-12|2026-02-13|2026-02-17|2026-02-18|2026-02-19|2026-02-20|2026-02-23|2026-02-24|2026-02-25|2026-02-26|2026-02-27|2026-03-02|2026-03-03|2026-03-04|2026-03-05|2026-03-06|2026-03-09|2026-03-10|2026-03-11|2026-03-12|2026-03-13|2026-03-16|2026-03-17,2026-03-17 18:47:26,0.0
Maximus,,2026-02-03|2026-02-04|2026-02-05|2026-02-06|2026-02-09|2026-02-10|2026-02-11|2026-02-12|2026-02-13|2026-02-17|2026-02-18|2026-02-19|2026-02-20|2026-02-23|2026-02-24|2026-02-25|2026-02-26|2026-02-27|2026-03-02|2026-03-03|2026-03-04|2026-03-05|2026-03-06|2026-03-09|2026-03-10|2026-03-11|2026-03-12|2026-03-13|2026-03-16|2026-03-17,2026-03-17 18:47:26,0.0
Compass Group,,2026-02-03|2026-02-04|2026-02-05|2026-02-06|2026-02-09|2026-02-10|2026-02-11|2026-02-12|2026-02-13|2026-02-17|2026-02-18|2026-02-19|2026-02-20|2026-02-23|2026-02-24|2026-02-25|2026-02-26|2026-02-27|2026-03-02|2026-03-03|2026-03-04|2026-03-05|2026-03-06|2026-03-09|2026-03-10|2026-03-11|2026-03-12|2026-03-13|2026-03-16|2026-03-17,2026-03-17 18:47:26,0.0
Brinks Company,,2026-02-03|2026-02-04|2026-02-05|2026-02-06|2026-02-09|2026-02-10|2026-02-11|2026-02-12|2026-02-13|2026-02-17|2026-02-18|2026-02-19|2026-02-20|2026-02-23|2026-02-24|2026-02-25|2026-02-26|2026-02-27|2026-03-02|2026-03-03|2026-03-04|2026-03-05|2026-03-06|2026-03-09|2026-03-10|2026-03-11|2026-03-12|2026-03-13|2026-03-16|2026-03-17,2026-03-17 18:47:26,0.0
Kelly Services Inc,,2026-02-03|2026-02-04|2026-02-05|2026-02-06|2026-02-09|2026-02-10|2026-02-11|2026-02-12|2026-02-13|2026-02-17|2026-02-18|2026-02-19|2026-02-20|2026-02-23|2026-02-24|2026-02-25|2026-02-26|2026-02-27|2026-03-02|2026-03-03|2026-03-04|2026-03-05|2026-03-06|2026-03-09|2026-03-10|2026-03-11|2026-03-12|2026-03-13|2026-03-16|2026-03-17,2026-03-17 18:47:26,0.0
Navient,,2026-02-03|2026-02-04|2026-02-05|2026-02-06|2026-02-09|2026-02-10|2026-02-11|2026-02-12|2026-02-13|2026-02-17|2026-02-18|2026-02-19|2026-02-20|2026-02-23|2026-02-24|2026-02-25|2026-02-26|2026-02-27|2026-03-02|2026-03-03|2026-03-04|2026-03-05|2026-03-06|2026-03-09|2026-03-10|2026-03-11|2026-03-12|2026-03-13|2026-03-16|2026-03-17,2026-03-17 18:47:26,0.0
AMC Entertainment,,2026-02-03|2026-02-04|2026-02-05|2026-02-06|2026-02-09|2026-02-10|2026-02-11|2026-02-12|2026-02-13|2026-02-17|2026-02-18|2026-02-19|2026-02-20|2026-02-23|2026-02-24|2026-02-25|2026-02-26|2026-02-27|2026-03-02|2026-03-03|2026-03-04|2026-03-05|2026-03-06|2026-03-09|2026-03-10|2026-03-11|2026-03-12|2026-03-13|2026-03-16|2026-03-17,2026-03-17 18:47:26,0.0
Encompass Health,,2026-02-03|2026-02-04|2026-02-05|2026-02-06|2026-02-09|2026-02-10|2026-02-11|2026-02-12|2026-02-13|2026-02-17|2026-02-18|2026-02-19|2026-02-20|2026-02-23|2026-02-24|2026-02-25|2026-02-26|2026-02-27|2026-03-02|2026-03-03|2026-03-04|2026-03-05|2026-03-06|2026-03-09|2026-03-10|2026-03-11|2026-03-12|2026-03-13|2026-03-16|2026-03-17,2026-03-17 18:47:26,0.0
Skyworks Solutions,,2026-02-03|2026-02-04|2026-02-05|2026-02-06|2026-02-09|2026-02-10|2026-02-11|2026-02-12|2026-02-13|2026-02-17|2026-02-18|2026-02-19|2026-02-20|2026-02-23|2026-02-24|2026-02-25|2026-02-26|2026-02-27|2026-03-02|2026-03-03|2026-03-04|2026-03-05|2026-03-06|2026-03-09|2026-03-10|2026-03-11|2026-03-12|2026-03-13|2026-03-16|2026-03-17,2026-03-17 18:47:26,0.0
Timken,,2026-02-03|2026-02-04|2026-02-05|2026-02-06|2026-02-09|2026-02-10|2026-02-11|2026-02-12|2026-02-13|2026-02-17|2026-02-18|2026-02-19|2026-02-20|2026-02-23|2026-02-24|2026-02-25|2026-02-26|2026-02-27|2026-03-02|2026-03-03|2026-03-04|2026-03-05|2026-03-06|2026-03-09|2026-03-10|2026-03-11|2026-03-12|2026-03-13|2026-03-16|2026-03-17,2026-03-17 18:47:26,0.0
Liberty Energy,,2026-02-03|2026-02-04|2026-02-05|2026-02-06|2026-02-09|2026-02-10|2026-02-11|2026-02-12|2026-02-13|2026-02-17|2026-02-18|2026-02-19|2026-02-20|2026-02-23|2026-02-24|2026-02-25|2026-02-26|2026-02-27|2026-03-02|2026-03-03|2026-03-04|2026-03-05|2026-03-06|2026-03-09|2026-03-10|2026-03-11|2026-03-12|2026-03-13|2026-03-16|2026-03-17,2026-03-17 18:47:26,0.0
Marriott Vacations Worldwide,,2026-02-03|2026-02-04|2026-02-05|2026-02-06|2026-02-09|2026-02-10|2026-02-11|2026-02-12|2026-02-13|2026-02-17|2026-02-18|2026-02-19|2026-02-20|2026-02-23|2026-02-24|2026-02-25|2026-02-26|2026-02-27|2026-03-02|2026-03-03|2026-03-04|2026-03-05|2026-03-06|2026-03-09|2026-03-10|2026-03-11|2026-03-12|2026-03-13|2026-03-16|2026-03-17,2026-03-17 18:47:26,0.0
Leggett & Platt,,2026-02-03|2026-02-04|2026-02-05|2026-02-06|2026-02-09|2026-02-10|2026-02-11|2026-02-12|2026-02-13|2026-02-17|2026-02-18|2026-02-19|2026-02-20|2026-02-23|2026-02-24|2026-02-25|2026-02-26|2026-02-27|2026-03-02|2026-03-03|2026-03-04|2026-03-05|2026-03-06|2026-03-09|2026-03-10|2026-03-11|2026-03-12|2026-03-13|2026-03-16|2026-03-17,2026-03-17 18:47:26,0.0
Weis Markets,,2026-02-03|2026-02-04|2026-02-05|2026-02-06|2026-02-09|2026-02-10|2026-02-11|2026-02-12|2026-02-13|2026-02-17|2026-02-18|2026-02-19|2026-02-20|2026-02-23|2026-02-24|2026-02-25|2026-02-26|2026-02-27|2026-03-02|2026-03-03|2026-03-04|2026-03-05|2026-03-06|2026-03-09|2026-03-10|2026-03-11|2026-03-12|2026-03-13|2026-03-16|2026-03-17,2026-03-17 18:47:26,0.0
Pinnacle West Capital,,2026-02-03|2026-02-04|2026-02-05|2026-02-06|2026-02-09|2026-02-10|2026-02-11|2026-02-12|2026-02-13|2026-02-17|2026-02-18|2026-02-19|2026-02-20|2026-02-23|2026-02-24|2026-02-25|2026-02-26|2026-02-27|2026-03-02|2026-03-03|2026-03-04|2026-03-05|2026-03-06|2026-03-09|2026-03-10|2026-03-11|2026-03-12|2026-03-13|2026-03-16|2026-03-17,2026-03-17 18:47:26,0.0
EPAM Systems,,2026-02-03|2026-02-04|2026-02-05|2026-02-06|2026-02-09|2026-02-10|2026-02-11|2026-02-12|2026-02-13|2026-02-17|2026-02-18|2026-02-19|2026-02-20|2026-02-23|2026-02-24|2026-02-25|2026-02-26|2026-02-27|2026-03-02|2026-03-03|2026-03-04|2026-03-05|2026-03-06|2026-03-09|2026-03-10|2026-03-11|2026-03-12|2026-03-13|2026-03-16|2026-03-17,2026-03-17 18:47:26,0.0
Antero Resources,,2026-02-03|2026-02-04|2026-02-05|2026-02-06|2026-02-09|2026-02-10|2026-02-11|2026-02-12|2026-02-13|2026-02-17|2026-02-18|2026-02-19|2026-02-20|2026-02-23|2026-02-24|2026-02-25|2026-02-26|2026-02-27|2026-03-02|2026-03-03|2026-03-04|2026-03-05|2026-03-06|2026-03-09|2026-03-10|2026-03-11|2026-03-12|2026-03-13|2026-03-16|2026-03-17,2026-03-17 18:47:26,0.0
