company,trends_history,date_history,last_updated,avg_interest
Zions Bancorp,0|0|0|0|0|0|0|0|0|0|0|0|0|0|0|0|0|0|0|0|0|0|0|0|99|82|0|100|0|0,2026-03-09|2026-03-10|2026-03-11|2026-03-12|2026-03-13|2026-03-16|2026-03-17|2026-03-18|2026-03-19|2026-03-20|2026-03-23|2026-03-24|2026-03-25|2026-03-26|2026-03-27|2026-03-30|2026-03-31|2026-04-01|2026-04-02|2026-04-06|2026-04-07|2026-04-08|2026-04-09|2026-04-10|2026-04-13|2026-04-14|2026-04-15|2026-04-16|2026-04-17|2026-04-20,2026-04-20 22:54:18,9.4
JELD-WEN Holding,,2026-03-09|2026-03-10|2026-03-11|2026-03-12|2026-03-13|2026-03-16|2026-03-17|2026-03-18|2026-03-19|2026-03-20|2026-03-23|2026-03-24|2026-03-25|2026-03-26|2026-03-27|2026-03-30|2026-03-31|2026-04-01|2026-04-02|2026-04-06|2026-04-07|2026-04-08|2026-04-09|2026-04-10|2026-04-13|2026-04-14|2026-04-15|2026-04-16|2026-04-17|2026-04-20,2026-04-20 22:54:21,0.0
Snap Inc,42|41|50|45|46|42|47|64|49|47|61|49|59|47|77|33|79|88|46|26|24|23|25|28|27|34|100|62|37|32,2026-03-09|2026-03-10|2026-03-11|2026-03-12|2026-03-13|2026-03-16|2026-03-17|2026-03-18|2026-03-19|2026-03-20|2026-03-23|2026-03-24|2026-03-25|2026-03-26|2026-03-27|2026-03-30|2026-03-31|2026-04-01|2026-04-02|2026-04-06|2026-04-07|2026-04-08|2026-04-09|2026-04-10|2026-04-13|2026-04-14|2026-04-15|2026-04-16|2026-04-17|2026-04-20,2026-04-20 22:54:21,47.7
Zebra Technologies,74|55|82|61|74|100|91|98|56|54|59|60|77|49|67|96|57|81|62|37|43|50|49|39|38|42|47|53|46|40,2026-03-09|2026-03-10|2026-03-11|2026-03-12|2026-03-13|2026-03-16|2026-03-17|2026-03-18|2026-03-19|2026-03-20|2026-03-23|2026-03-24|2026-03-25|2026-03-26|2026-03-27|2026-03-30|2026-03-31|2026-04-01|2026-04-02|2026-04-06|2026-04-07|2026-04-08|2026-04-09|2026-04-10|2026-04-13|2026-04-14|2026-04-15|2026-04-16|2026-04-17|2026-04-20,2026-04-20 22:54:24,61.2
Agilon Health,0|0|0|0|0|0|0|0|0|0|0|0|0|0|100|0|0|0|0|29|27|28|25|22|17|22|28|23|27|26,2026-03-09|2026-03-10|2026-03-11|2026-03-12|2026-03-13|2026-03-16|2026-03-17|2026-03-18|2026-03-19|2026-03-20|2026-03-23|2026-03-24|2026-03-25|2026-03-26|2026-03-27|2026-03-30|2026-03-31|2026-04-01|2026-04-02|2026-04-06|2026-04-07|2026-04-08|2026-04-09|2026-04-10|2026-04-13|2026-04-14|2026-04-15|2026-04-16|2026-04-17|2026-04-20,2026-04-20 22:54:28,12.5
Toro Company,62|66|48|57|99|64|57|40|67|65|53|51|59|61|49|54|83|69|66|33|36|37|34|38|31|37|46|45|37|33,2026-03-09|2026-03-10|2026-03-11|2026-03-12|2026-03-13|2026-03-16|2026-03-17|2026-03-18|2026-03-19|2026-03-20|2026-03-23|2026-03-24|2026-03-25|2026-03-26|2026-03-27|2026-03-30|2026-03-31|2026-04-01|2026-04-02|2026-04-06|2026-04-07|2026-04-08|2026-04-09|2026-04-10|2026-04-13|2026-04-14|2026-04-15|2026-04-16|2026-04-17|2026-04-20,2026-04-20 22:54:31,52.6
Zoom Video Communications,96|0|0|0|0|0|0|0|0|0|100|0|0|0|0|0|0|0|0|11|9|11|13|10|10|9|19|11|14|9,2026-03-09|2026-03-10|2026-03-11|2026-03-12|2026-03-13|2026-03-16|2026-03-17|2026-03-18|2026-03-19|2026-03-20|2026-03-23|2026-03-24|2026-03-25|2026-03-26|2026-03-27|2026-03-30|2026-03-31|2026-04-01|2026-04-02|2026-04-06|2026-04-07|2026-04-08|2026-04-09|2026-04-10|2026-04-13|2026-04-14|2026-04-15|2026-04-16|2026-04-17|2026-04-20,2026-04-20 22:54:36,10.7
Tetra Tech,42|59|0|72|56|49|54|73|88|71|55|39|92|65|83|74|72|70|78|37|40|46|46|43|40|44|46|43|37|35,2026-03-09|2026-03-10|2026-03-11|2026-03-12|2026-03-13|2026-03-16|2026-03-17|2026-03-18|2026-03-19|2026-03-20|2026-03-23|2026-03-24|2026-03-25|2026-03-26|2026-03-27|2026-03-30|2026-03-31|2026-04-01|2026-04-02|2026-04-06|2026-04-07|2026-04-08|2026-04-09|2026-04-10|2026-04-13|2026-04-14|2026-04-15|2026-04-16|2026-04-17|2026-04-20,2026-04-20 22:54:39,55.0
Public Storage,67|65|63|64|66|80|63|67|65|71|68|61|69|74|76|75|82|88|75|64|53|51|51|51|49|46|50|48|52|44,2026-03-09|2026-03-10|2026-03-11|2026-03-12|2026-03-13|2026-03-16|2026-03-17|2026-03-18|2026-03-19|2026-03-20|2026-03-23|2026-03-24|2026-03-25|2026-03-26|2026-03-27|2026-03-30|2026-03-31|2026-04-01|2026-04-02|2026-04-06|2026-04-07|2026-04-08|2026-04-09|2026-04-10|2026-04-13|2026-04-14|2026-04-15|2026-04-16|2026-04-17|2026-04-20,2026-04-20 22:54:43,63.3
Illumina Inc,0|0|0|0|0|0|0|0|0|0|0|0|0|0|0|0|0|0|0|64|61|84|0|0|0|100|0|93|0|0,2026-03-09|2026-03-10|2026-03-11|2026-03-12|2026-03-13|2026-03-16|2026-03-17|2026-03-18|2026-03-19|2026-03-20|2026-03-23|2026-03-24|2026-03-25|2026-03-26|2026-03-27|2026-03-30|2026-03-31|2026-04-01|2026-04-02|2026-04-06|2026-04-07|2026-04-08|2026-04-09|2026-04-10|2026-04-13|2026-04-14|2026-04-15|2026-04-16|2026-04-17|2026-04-20,2026-04-20 22:54:47,13.4
Ventas Inc,0|0|0|0|0|0|0|0|0|0|0|0|0|0|0|0|0|0|0|63|39|100|60|54|0|60|91|59|74|0,2026-03-09|2026-03-10|2026-03-11|2026-03-12|2026-03-13|2026-03-16|2026-03-17|2026-03-18|2026-03-19|2026-03-20|2026-03-23|2026-03-24|2026-03-25|2026-03-26|2026-03-27|2026-03-30|2026-03-31|2026-04-01|2026-04-02|2026-04-06|2026-04-07|2026-04-08|2026-04-09|2026-04-10|2026-04-13|2026-04-14|2026-04-15|2026-04-16|2026-04-17|2026-04-20,2026-04-20 22:54:51,20.0
FMC Corporation,0|0|0|0|0|0|0|0|0|0|0|0|0|0|0|0|0|0|0|80|71|100|92|78|69|83|70|72|66|58,2026-03-09|2026-03-10|2026-03-11|2026-03-12|2026-03-13|2026-03-16|2026-03-17|2026-03-18|2026-03-19|2026-03-20|2026-03-23|2026-03-24|2026-03-25|2026-03-26|2026-03-27|2026-03-30|2026-03-31|2026-04-01|2026-04-02|2026-04-06|2026-04-07|2026-04-08|2026-04-09|2026-04-10|2026-04-13|2026-04-14|2026-04-15|2026-04-16|2026-04-17|2026-04-20,2026-04-20 22:54:55,28.0
ArcBest,98|83|100|98|92|50|0|66|0|70|54|82|64|53|76|60|64|83|0|70|68|76|70|55|69|71|72|71|63|72,2026-03-09|2026-03-10|2026-03-11|2026-03-12|2026-03-13|2026-03-16|2026-03-17|2026-03-18|2026-03-19|2026-03-20|2026-03-23|2026-03-24|2026-03-25|2026-03-26|2026-03-27|2026-03-30|2026-03-31|2026-04-01|2026-04-02|2026-04-06|2026-04-07|2026-04-08|2026-04-09|2026-04-10|2026-04-13|2026-04-14|2026-04-15|2026-04-16|2026-04-17|2026-04-20,2026-04-20 22:54:58,65.0
Dominos Pizza Inc,0|0|0|0|0|0|0|0|0|0|0|0|0|0|0|0|0|0|0|0|93|0|0|0|100|0|0|0|0|0,2026-03-09|2026-03-10|2026-03-11|2026-03-12|2026-03-13|2026-03-16|2026-03-17|2026-03-18|2026-03-19|2026-03-20|2026-03-23|2026-03-24|2026-03-25|2026-03-26|2026-03-27|2026-03-30|2026-03-31|2026-04-01|2026-04-02|2026-04-06|2026-04-07|2026-04-08|2026-04-09|2026-04-10|2026-04-13|2026-04-14|2026-04-15|2026-04-16|2026-04-17|2026-04-20,2026-04-20 22:55:02,6.4
ASGN,0|0|0|0|100|0|0|0|0|0|0|0|0|0|0|0|0|0|0|24|34|33|32|26|27|40|25|35|33|28,2026-03-09|2026-03-10|2026-03-11|2026-03-12|2026-03-13|2026-03-16|2026-03-17|2026-03-18|2026-03-19|2026-03-20|2026-03-23|2026-03-24|2026-03-25|2026-03-26|2026-03-27|2026-03-30|2026-03-31|2026-04-01|2026-04-02|2026-04-06|2026-04-07|2026-04-08|2026-04-09|2026-04-10|2026-04-13|2026-04-14|2026-04-15|2026-04-16|2026-04-17|2026-04-20,2026-04-20 22:55:05,14.6
Rivian Automotive,0|0|0|0|68|0|0|0|58|0|0|0|0|0|0|0|0|0|0|18|15|14|16|13|15|20|19|16|17|15,2026-03-09|2026-03-10|2026-03-11|2026-03-12|2026-03-13|2026-03-16|2026-03-17|2026-03-18|2026-03-19|2026-03-20|2026-03-23|2026-03-24|2026-03-25|2026-03-26|2026-03-27|2026-03-30|2026-03-31|2026-04-01|2026-04-02|2026-04-06|2026-04-07|2026-04-08|2026-04-09|2026-04-10|2026-04-13|2026-04-14|2026-04-15|2026-04-16|2026-04-17|2026-04-20,2026-04-20 22:55:08,10.1
Elanco Animal Health,0|0|0|0|0|0|0|0|0|0|0|0|0|0|0|0|0|0|0|100|58|89|54|64|50|62|71|71|38|61,2026-03-09|2026-03-10|2026-03-11|2026-03-12|2026-03-13|2026-03-16|2026-03-17|2026-03-18|2026-03-19|2026-03-20|2026-03-23|2026-03-24|2026-03-25|2026-03-26|2026-03-27|2026-03-30|2026-03-31|2026-04-01|2026-04-02|2026-04-06|2026-04-07|2026-04-08|2026-04-09|2026-04-10|2026-04-13|2026-04-14|2026-04-15|2026-04-16|2026-04-17|2026-04-20,2026-04-20 22:55:10,23.9
Graham Holdings Company,0|0|0|0|0|0|0|0|0|0|0|0|0|0|0|0|0|0|0|0|0|0|0|0|0|100|96|0|0|0,2026-03-09|2026-03-10|2026-03-11|2026-03-12|2026-03-13|2026-03-16|2026-03-17|2026-03-18|2026-03-19|2026-03-20|2026-03-23|2026-03-24|2026-03-25|2026-03-26|2026-03-27|2026-03-30|2026-03-31|2026-04-01|2026-04-02|2026-04-06|2026-04-07|2026-04-08|2026-04-09|2026-04-10|2026-04-13|2026-04-14|2026-04-15|2026-04-16|2026-04-17|2026-04-20,2026-04-20 22:55:15,6.5
Floor & Decor,28|21|25|21|21|26|26|25|31|28|30|42|33|40|45|49|70|87|73|39|39|39|39|39|36|38|42|42|41|33,2026-03-09|2026-03-10|2026-03-11|2026-03-12|2026-03-13|2026-03-16|2026-03-17|2026-03-18|2026-03-19|2026-03-20|2026-03-23|2026-03-24|2026-03-25|2026-03-26|2026-03-27|2026-03-30|2026-03-31|2026-04-01|2026-04-02|2026-04-06|2026-04-07|2026-04-08|2026-04-09|2026-04-10|2026-04-13|2026-04-14|2026-04-15|2026-04-16|2026-04-17|2026-04-20,2026-04-20 22:55:18,38.3
Applied Industrial Technologies,77|70|0|91|0|84|98|99|100|68|0|78|70|74|0|0|0|0|70|54|59|54|59|50|53|59|55|45|42|52,2026-03-09|2026-03-10|2026-03-11|2026-03-12|2026-03-13|2026-03-16|2026-03-17|2026-03-18|2026-03-19|2026-03-20|2026-03-23|2026-03-24|2026-03-25|2026-03-26|2026-03-27|2026-03-30|2026-03-31|2026-04-01|2026-04-02|2026-04-06|2026-04-07|2026-04-08|2026-04-09|2026-04-10|2026-04-13|2026-04-14|2026-04-15|2026-04-16|2026-04-17|2026-04-20,2026-04-20 22:55:22,52.0
PriceSmart,69|70|49|52|46|33|58|56|61|48|66|67|54|83|30|57|51|65|49|45|48|47|40|49|36|40|36|40|38|41,2026-03-09|2026-03-10|2026-03-11|2026-03-12|2026-03-13|2026-03-16|2026-03-17|2026-03-18|2026-03-19|2026-03-20|2026-03-23|2026-03-24|2026-03-25|2026-03-26|2026-03-27|2026-03-30|2026-03-31|2026-04-01|2026-04-02|2026-04-06|2026-04-07|2026-04-08|2026-04-09|2026-04-10|2026-04-13|2026-04-14|2026-04-15|2026-04-16|2026-04-17|2026-04-20,2026-04-20 22:55:26,50.8
Lyft,89|86|77|85|84|85|84|84|83|87|81|76|81|84|87|75|84|89|80|78|73|73|81|79|74|74|74|79|100|68,2026-03-09|2026-03-10|2026-03-11|2026-03-12|2026-03-13|2026-03-16|2026-03-17|2026-03-18|2026-03-19|2026-03-20|2026-03-23|2026-03-24|2026-03-25|2026-03-26|2026-03-27|2026-03-30|2026-03-31|2026-04-01|2026-04-02|2026-04-06|2026-04-07|2026-04-08|2026-04-09|2026-04-10|2026-04-13|2026-04-14|2026-04-15|2026-04-16|2026-04-17|2026-04-20,2026-04-20 22:55:29,81.1
Ciena,59|72|73|68|59|67|76|83|100|96|83|70|84|80|66|47|70|76|95|55|55|71|68|56|56|58|55|61|60|41,2026-03-09|2026-03-10|2026-03-11|2026-03-12|2026-03-13|2026-03-16|2026-03-17|2026-03-18|2026-03-19|2026-03-20|2026-03-23|2026-03-24|2026-03-25|2026-03-26|2026-03-27|2026-03-30|2026-03-31|2026-04-01|2026-04-02|2026-04-06|2026-04-07|2026-04-08|2026-04-09|2026-04-10|2026-04-13|2026-04-14|2026-04-15|2026-04-16|2026-04-17|2026-04-20,2026-04-20 22:55:32,68.7
IAC,87|90|91|94|82|80|96|94|100|84|94|85|93|88|74|95|87|83|79|74|74|73|70|68|72|75|77|76|75|64,2026-03-09|2026-03-10|2026-03-11|2026-03-12|2026-03-13|2026-03-16|2026-03-17|2026-03-18|2026-03-19|2026-03-20|2026-03-23|2026-03-24|2026-03-25|2026-03-26|2026-03-27|2026-03-30|2026-03-31|2026-04-01|2026-04-02|2026-04-06|2026-04-07|2026-04-08|2026-04-09|2026-04-10|2026-04-13|2026-04-14|2026-04-15|2026-04-16|2026-04-17|2026-04-20,2026-04-20 22:55:36,82.5
Western Union,92|89|86|97|100|92|88|89|91|94|86|86|87|82|88|88|92|92|85|82|80|88|84|85|75|81|84|82|97|66,2026-03-09|2026-03-10|2026-03-11|2026-03-12|2026-03-13|2026-03-16|2026-03-17|2026-03-18|2026-03-19|2026-03-20|2026-03-23|2026-03-24|2026-03-25|2026-03-26|2026-03-27|2026-03-30|2026-03-31|2026-04-01|2026-04-02|2026-04-06|2026-04-07|2026-04-08|2026-04-09|2026-04-10|2026-04-13|2026-04-14|2026-04-15|2026-04-16|2026-04-17|2026-04-20,2026-04-20 22:55:39,86.9
Flowserve,51|80|70|67|76|74|57|57|65|60|57|64|98|59|81|83|59|100|54|55|59|57|53|40|50|55|63|51|52|50,2026-03-09|2026-03-10|2026-03-11|2026-03-12|2026-03-13|2026-03-16|2026-03-17|2026-03-18|2026-03-19|2026-03-20|2026-03-23|2026-03-24|2026-03-25|2026-03-26|2026-03-27|2026-03-30|2026-03-31|2026-04-01|2026-04-02|2026-04-06|2026-04-07|2026-04-08|2026-04-09|2026-04-10|2026-04-13|2026-04-14|2026-04-15|2026-04-16|2026-04-17|2026-04-20,2026-04-20 22:55:43,63.2
Western Alliance Bancorp,,2026-03-09|2026-03-10|2026-03-11|2026-03-12|2026-03-13|2026-03-16|2026-03-17|2026-03-18|2026-03-19|2026-03-20|2026-03-23|2026-03-24|2026-03-25|2026-03-26|2026-03-27|2026-03-30|2026-03-31|2026-04-01|2026-04-02|2026-04-06|2026-04-07|2026-04-08|2026-04-09|2026-04-10|2026-04-13|2026-04-14|2026-04-15|2026-04-16|2026-04-17|2026-04-20,2026-04-20 22:55:46,0.0
Option Care Health,79|67|61|77|100|87|66|55|70|87|74|60|52|66|65|58|80|76|73|60|56|51|55|47|58|58|53|55|48|62,2026-03-09|2026-03-10|2026-03-11|2026-03-12|2026-03-13|2026-03-16|2026-03-17|2026-03-18|2026-03-19|2026-03-20|2026-03-23|2026-03-24|2026-03-25|2026-03-26|2026-03-27|2026-03-30|2026-03-31|2026-04-01|2026-04-02|2026-04-06|2026-04-07|2026-04-08|2026-04-09|2026-04-10|2026-04-13|2026-04-14|2026-04-15|2026-04-16|2026-04-17|2026-04-20,2026-04-20 22:55:46,65.2
SiteOne Landscape Supply,78|92|51|66|76|55|44|90|55|70|100|38|56|47|89|79|63|57|54|63|55|55|59|56|58|57|53|55|54|50,2026-03-09|2026-03-10|2026-03-11|2026-03-12|2026-03-13|2026-03-16|2026-03-17|2026-03-18|2026-03-19|2026-03-20|2026-03-23|2026-03-24|2026-03-25|2026-03-26|2026-03-27|2026-03-30|2026-03-31|2026-04-01|2026-04-02|2026-04-06|2026-04-07|2026-04-08|2026-04-09|2026-04-10|2026-04-13|2026-04-14|2026-04-15|2026-04-16|2026-04-17|2026-04-20,2026-04-20 22:55:51,62.5
eXp World,50|48|67|0|0|0|59|0|53|55|48|77|0|0|80|65|62|78|90|30|31|32|32|30|25|44|39|35|29|31,2026-03-09|2026-03-10|2026-03-11|2026-03-12|2026-03-13|2026-03-16|2026-03-17|2026-03-18|2026-03-19|2026-03-20|2026-03-23|2026-03-24|2026-03-25|2026-03-26|2026-03-27|2026-03-30|2026-03-31|2026-04-01|2026-04-02|2026-04-06|2026-04-07|2026-04-08|2026-04-09|2026-04-10|2026-04-13|2026-04-14|2026-04-15|2026-04-16|2026-04-17|2026-04-20,2026-04-20 22:55:54,39.7
Abercrombie & Fitch,3|2|2|3|3|3|2|3|7|19|24|25|20|27|35|42|62|87|96|23|28|31|34|32|24|29|37|42|37|24,2026-03-09|2026-03-10|2026-03-11|2026-03-12|2026-03-13|2026-03-16|2026-03-17|2026-03-18|2026-03-19|2026-03-20|2026-03-23|2026-03-24|2026-03-25|2026-03-26|2026-03-27|2026-03-30|2026-03-31|2026-04-01|2026-04-02|2026-04-06|2026-04-07|2026-04-08|2026-04-09|2026-04-10|2026-04-13|2026-04-14|2026-04-15|2026-04-16|2026-04-17|2026-04-20,2026-04-20 22:55:58,26.9
Atmos Energy,80|70|87|92|89|84|86|76|72|92|79|79|75|77|77|81|72|100|91|81|78|80|82|84|72|77|79|78|76|66,2026-03-09|2026-03-10|2026-03-11|2026-03-12|2026-03-13|2026-03-16|2026-03-17|2026-03-18|2026-03-19|2026-03-20|2026-03-23|2026-03-24|2026-03-25|2026-03-26|2026-03-27|2026-03-30|2026-03-31|2026-04-01|2026-04-02|2026-04-06|2026-04-07|2026-04-08|2026-04-09|2026-04-10|2026-04-13|2026-04-14|2026-04-15|2026-04-16|2026-04-17|2026-04-20,2026-04-20 22:56:02,80.4
Brown & Brown,8|9|7|8|7|8|8|9|12|18|25|27|22|31|41|54|75|86|88|36|36|37|40|41|36|46|49|52|53|40,2026-03-09|2026-03-10|2026-03-11|2026-03-12|2026-03-13|2026-03-16|2026-03-17|2026-03-18|2026-03-19|2026-03-20|2026-03-23|2026-03-24|2026-03-25|2026-03-26|2026-03-27|2026-03-30|2026-03-31|2026-04-01|2026-04-02|2026-04-06|2026-04-07|2026-04-08|2026-04-09|2026-04-10|2026-04-13|2026-04-14|2026-04-15|2026-04-16|2026-04-17|2026-04-20,2026-04-20 22:56:06,33.6
GoDaddy,84|84|95|95|91|96|95|100|88|84|92|84|90|85|89|87|89|84|87|66|69|68|65|62|65|67|64|62|60|60,2026-03-09|2026-03-10|2026-03-11|2026-03-12|2026-03-13|2026-03-16|2026-03-17|2026-03-18|2026-03-19|2026-03-20|2026-03-23|2026-03-24|2026-03-25|2026-03-26|2026-03-27|2026-03-30|2026-03-31|2026-04-01|2026-04-02|2026-04-06|2026-04-07|2026-04-08|2026-04-09|2026-04-10|2026-04-13|2026-04-14|2026-04-15|2026-04-16|2026-04-17|2026-04-20,2026-04-20 22:56:09,80.2
American Water Works,16|16|17|21|19|24|33|36|43|100|27|15|29|31|28|21|27|27|19|6|7|8|7|6|6|6|6|6|9|6,2026-03-09|2026-03-10|2026-03-11|2026-03-12|2026-03-13|2026-03-16|2026-03-17|2026-03-18|2026-03-19|2026-03-20|2026-03-23|2026-03-24|2026-03-25|2026-03-26|2026-03-27|2026-03-30|2026-03-31|2026-04-01|2026-04-02|2026-04-06|2026-04-07|2026-04-08|2026-04-09|2026-04-10|2026-04-13|2026-04-14|2026-04-15|2026-04-16|2026-04-17|2026-04-20,2026-04-20 22:56:13,20.7
Selective Insurance Group,0|0|0|0|0|0|0|0|0|0|0|0|0|0|0|0|0|0|0|73|52|0|82|71|85|80|78|60|58|100,2026-03-09|2026-03-10|2026-03-11|2026-03-12|2026-03-13|2026-03-16|2026-03-17|2026-03-18|2026-03-19|2026-03-20|2026-03-23|2026-03-24|2026-03-25|2026-03-26|2026-03-27|2026-03-30|2026-03-31|2026-04-01|2026-04-02|2026-04-06|2026-04-07|2026-04-08|2026-04-09|2026-04-10|2026-04-13|2026-04-14|2026-04-15|2026-04-16|2026-04-17|2026-04-20,2026-04-20 22:56:16,24.6
Advantage Solutions,73|75|96|67|83|62|58|93|71|99|85|83|98|82|72|100|100|96|90|65|70|68|61|55|63|64|60|62|60|56,2026-03-09|2026-03-10|2026-03-11|2026-03-12|2026-03-13|2026-03-16|2026-03-17|2026-03-18|2026-03-19|2026-03-20|2026-03-23|2026-03-24|2026-03-25|2026-03-26|2026-03-27|2026-03-30|2026-03-31|2026-04-01|2026-04-02|2026-04-06|2026-04-07|2026-04-08|2026-04-09|2026-04-10|2026-04-13|2026-04-14|2026-04-15|2026-04-16|2026-04-17|2026-04-20,2026-04-20 22:56:20,75.6
ResMed,67|64|59|60|59|62|73|70|64|62|65|66|65|69|75|77|92|93|91|71|70|78|71|68|69|68|73|80|74|64,2026-03-09|2026-03-10|2026-03-11|2026-03-12|2026-03-13|2026-03-16|2026-03-17|2026-03-18|2026-03-19|2026-03-20|2026-03-23|2026-03-24|2026-03-25|2026-03-26|2026-03-27|2026-03-30|2026-03-31|2026-04-01|2026-04-02|2026-04-06|2026-04-07|2026-04-08|2026-04-09|2026-04-10|2026-04-13|2026-04-14|2026-04-15|2026-04-16|2026-04-17|2026-04-20,2026-04-20 22:56:23,70.6
Plexus Corp,0|0|0|0|0|0|0|0|0|100|0|0|0|0|0|0|0|0|0|8|7|15|0|8|0|7|8|8|9|11,2026-03-09|2026-03-10|2026-03-11|2026-03-12|2026-03-13|2026-03-16|2026-03-17|2026-03-18|2026-03-19|2026-03-20|2026-03-23|2026-03-24|2026-03-25|2026-03-26|2026-03-27|2026-03-30|2026-03-31|2026-04-01|2026-04-02|2026-04-06|2026-04-07|2026-04-08|2026-04-09|2026-04-10|2026-04-13|2026-04-14|2026-04-15|2026-04-16|2026-04-17|2026-04-20,2026-04-20 22:56:27,6.0
Hub Group,67|72|81|74|80|76|87|98|100|77|89|92|99|80|71|76|84|87|79|45|44|43|45|39|41|44|45|48|46|39,2026-03-09|2026-03-10|2026-03-11|2026-03-12|2026-03-13|2026-03-16|2026-03-17|2026-03-18|2026-03-19|2026-03-20|2026-03-23|2026-03-24|2026-03-25|2026-03-26|2026-03-27|2026-03-30|2026-03-31|2026-04-01|2026-04-02|2026-04-06|2026-04-07|2026-04-08|2026-04-09|2026-04-10|2026-04-13|2026-04-14|2026-04-15|2026-04-16|2026-04-17|2026-04-20,2026-04-20 22:56:31,68.3
Lincoln Electric,37|37|32|37|43|36|41|39|41|42|48|40|55|48|51|58|65|100|92|44|44|47|47|47|46|48|51|55|48|43,2026-03-09|2026-03-10|2026-03-11|2026-03-12|2026-03-13|2026-03-16|2026-03-17|2026-03-18|2026-03-19|2026-03-20|2026-03-23|2026-03-24|2026-03-25|2026-03-26|2026-03-27|2026-03-30|2026-03-31|2026-04-01|2026-04-02|2026-04-06|2026-04-07|2026-04-08|2026-04-09|2026-04-10|2026-04-13|2026-04-14|2026-04-15|2026-04-16|2026-04-17|2026-04-20,2026-04-20 22:56:35,48.7
NCR Atleos,,2026-03-09|2026-03-10|2026-03-11|2026-03-12|2026-03-13|2026-03-16|2026-03-17|2026-03-18|2026-03-19|2026-03-20|2026-03-23|2026-03-24|2026-03-25|2026-03-26|2026-03-27|2026-03-30|2026-03-31|2026-04-01|2026-04-02|2026-04-06|2026-04-07|2026-04-08|2026-04-09|2026-04-10|2026-04-13|2026-04-14|2026-04-15|2026-04-16|2026-04-17|2026-04-20,2026-04-20 22:57:10,0.0
Calumet Inc,,2026-03-09|2026-03-10|2026-03-11|2026-03-12|2026-03-13|2026-03-16|2026-03-17|2026-03-18|2026-03-19|2026-03-20|2026-03-23|2026-03-24|2026-03-25|2026-03-26|2026-03-27|2026-03-30|2026-03-31|2026-04-01|2026-04-02|2026-04-06|2026-04-07|2026-04-08|2026-04-09|2026-04-10|2026-04-13|2026-04-14|2026-04-15|2026-04-16|2026-04-17|2026-04-20,2026-04-20 22:57:52,0.0
Dycom Industries,,2026-03-09|2026-03-10|2026-03-11|2026-03-12|2026-03-13|2026-03-16|2026-03-17|2026-03-18|2026-03-19|2026-03-20|2026-03-23|2026-03-24|2026-03-25|2026-03-26|2026-03-27|2026-03-30|2026-03-31|2026-04-01|2026-04-02|2026-04-06|2026-04-07|2026-04-08|2026-04-09|2026-04-10|2026-04-13|2026-04-14|2026-04-15|2026-04-16|2026-04-17|2026-04-20,2026-04-20 22:58:02,0.0
Valmont Industries,,2026-03-09|2026-03-10|2026-03-11|2026-03-12|2026-03-13|2026-03-16|2026-03-17|2026-03-18|2026-03-19|2026-03-20|2026-03-23|2026-03-24|2026-03-25|2026-03-26|2026-03-27|2026-03-30|2026-03-31|2026-04-01|2026-04-02|2026-04-06|2026-04-07|2026-04-08|2026-04-09|2026-04-10|2026-04-13|2026-04-14|2026-04-15|2026-04-16|2026-04-17|2026-04-20,2026-04-20 22:58:02,0.0
ATI Inc,,2026-03-09|2026-03-10|2026-03-11|2026-03-12|2026-03-13|2026-03-16|2026-03-17|2026-03-18|2026-03-19|2026-03-20|2026-03-23|2026-03-24|2026-03-25|2026-03-26|2026-03-27|2026-03-30|2026-03-31|2026-04-01|2026-04-02|2026-04-06|2026-04-07|2026-04-08|2026-04-09|2026-04-10|2026-04-13|2026-04-14|2026-04-15|2026-04-16|2026-04-17|2026-04-20,2026-04-20 22:58:02,0.0
Twilio,,2026-03-09|2026-03-10|2026-03-11|2026-03-12|2026-03-13|2026-03-16|2026-03-17|2026-03-18|2026-03-19|2026-03-20|2026-03-23|2026-03-24|2026-03-25|2026-03-26|2026-03-27|2026-03-30|2026-03-31|2026-04-01|2026-04-02|2026-04-06|2026-04-07|2026-04-08|2026-04-09|2026-04-10|2026-04-13|2026-04-14|2026-04-15|2026-04-16|2026-04-17|2026-04-20,2026-04-20 22:58:02,0.0
CNO Financial Group,,2026-03-09|2026-03-10|2026-03-11|2026-03-12|2026-03-13|2026-03-16|2026-03-17|2026-03-18|2026-03-19|2026-03-20|2026-03-23|2026-03-24|2026-03-25|2026-03-26|2026-03-27|2026-03-30|2026-03-31|2026-04-01|2026-04-02|2026-04-06|2026-04-07|2026-04-08|2026-04-09|2026-04-10|2026-04-13|2026-04-14|2026-04-15|2026-04-16|2026-04-17|2026-04-20,2026-04-20 22:58:02,0.0
Patterson-UTI Energy,,2026-03-09|2026-03-10|2026-03-11|2026-03-12|2026-03-13|2026-03-16|2026-03-17|2026-03-18|2026-03-19|2026-03-20|2026-03-23|2026-03-24|2026-03-25|2026-03-26|2026-03-27|2026-03-30|2026-03-31|2026-04-01|2026-04-02|2026-04-06|2026-04-07|2026-04-08|2026-04-09|2026-04-10|2026-04-13|2026-04-14|2026-04-15|2026-04-16|2026-04-17|2026-04-20,2026-04-20 22:58:02,0.0
Brinker International,,2026-03-09|2026-03-10|2026-03-11|2026-03-12|2026-03-13|2026-03-16|2026-03-17|2026-03-18|2026-03-19|2026-03-20|2026-03-23|2026-03-24|2026-03-25|2026-03-26|2026-03-27|2026-03-30|2026-03-31|2026-04-01|2026-04-02|2026-04-06|2026-04-07|2026-04-08|2026-04-09|2026-04-10|2026-04-13|2026-04-14|2026-04-15|2026-04-16|2026-04-17|2026-04-20,2026-04-20 22:58:02,0.0
Charles River Laboratories International,,2026-03-09|2026-03-10|2026-03-11|2026-03-12|2026-03-13|2026-03-16|2026-03-17|2026-03-18|2026-03-19|2026-03-20|2026-03-23|2026-03-24|2026-03-25|2026-03-26|2026-03-27|2026-03-30|2026-03-31|2026-04-01|2026-04-02|2026-04-06|2026-04-07|2026-04-08|2026-04-09|2026-04-10|2026-04-13|2026-04-14|2026-04-15|2026-04-16|2026-04-17|2026-04-20,2026-04-20 22:58:02,0.0
Hyster-Yale,,2026-03-09|2026-03-10|2026-03-11|2026-03-12|2026-03-13|2026-03-16|2026-03-17|2026-03-18|2026-03-19|2026-03-20|2026-03-23|2026-03-24|2026-03-25|2026-03-26|2026-03-27|2026-03-30|2026-03-31|2026-04-01|2026-04-02|2026-04-06|2026-04-07|2026-04-08|2026-04-09|2026-04-10|2026-04-13|2026-04-14|2026-04-15|2026-04-16|2026-04-17|2026-04-20,2026-04-20 22:58:02,0.0
Brighthouse Financial,,2026-03-09|2026-03-10|2026-03-11|2026-03-12|2026-03-13|2026-03-16|2026-03-17|2026-03-18|2026-03-19|2026-03-20|2026-03-23|2026-03-24|2026-03-25|2026-03-26|2026-03-27|2026-03-30|2026-03-31|2026-04-01|2026-04-02|2026-04-06|2026-04-07|2026-04-08|2026-04-09|2026-04-10|2026-04-13|2026-04-14|2026-04-15|2026-04-16|2026-04-17|2026-04-20,2026-04-20 22:58:02,0.0
Service Corp International,,2026-03-09|2026-03-10|2026-03-11|2026-03-12|2026-03-13|2026-03-16|2026-03-17|2026-03-18|2026-03-19|2026-03-20|2026-03-23|2026-03-24|2026-03-25|2026-03-26|2026-03-27|2026-03-30|2026-03-31|2026-04-01|2026-04-02|2026-04-06|2026-04-07|2026-04-08|2026-04-09|2026-04-10|2026-04-13|2026-04-14|2026-04-15|2026-04-16|2026-04-17|2026-04-20,2026-04-20 22:58:02,0.0
CrossAmerica Partners,,2026-03-09|2026-03-10|2026-03-11|2026-03-12|2026-03-13|2026-03-16|2026-03-17|2026-03-18|2026-03-19|2026-03-20|2026-03-23|2026-03-24|2026-03-25|2026-03-26|2026-03-27|2026-03-30|2026-03-31|2026-04-01|2026-04-02|2026-04-06|2026-04-07|2026-04-08|2026-04-09|2026-04-10|2026-04-13|2026-04-14|2026-04-15|2026-04-16|2026-04-17|2026-04-20,2026-04-20 22:58:02,0.0
Cadence,,2026-03-09|2026-03-10|2026-03-11|2026-03-12|2026-03-13|2026-03-16|2026-03-17|2026-03-18|2026-03-19|2026-03-20|2026-03-23|2026-03-24|2026-03-25|2026-03-26|2026-03-27|2026-03-30|2026-03-31|2026-04-01|2026-04-02|2026-04-06|2026-04-07|2026-04-08|2026-04-09|2026-04-10|2026-04-13|2026-04-14|2026-04-15|2026-04-16|2026-04-17|2026-04-20,2026-04-20 22:58:02,0.0
MillerKnoll,,2026-03-09|2026-03-10|2026-03-11|2026-03-12|2026-03-13|2026-03-16|2026-03-17|2026-03-18|2026-03-19|2026-03-20|2026-03-23|2026-03-24|2026-03-25|2026-03-26|2026-03-27|2026-03-30|2026-03-31|2026-04-01|2026-04-02|2026-04-06|2026-04-07|2026-04-08|2026-04-09|2026-04-10|2026-04-13|2026-04-14|2026-04-15|2026-04-16|2026-04-17|2026-04-20,2026-04-20 22:58:02,0.0
Realty Income,,2026-03-09|2026-03-10|2026-03-11|2026-03-12|2026-03-13|2026-03-16|2026-03-17|2026-03-18|2026-03-19|2026-03-20|2026-03-23|2026-03-24|2026-03-25|2026-03-26|2026-03-27|2026-03-30|2026-03-31|2026-04-01|2026-04-02|2026-04-06|2026-04-07|2026-04-08|2026-04-09|2026-04-10|2026-04-13|2026-04-14|2026-04-15|2026-04-16|2026-04-17|2026-04-20,2026-04-20 22:58:02,0.0
Middleby,,2026-03-09|2026-03-10|2026-03-11|2026-03-12|2026-03-13|2026-03-16|2026-03-17|2026-03-18|2026-03-19|2026-03-20|2026-03-23|2026-03-24|2026-03-25|2026-03-26|2026-03-27|2026-03-30|2026-03-31|2026-04-01|2026-04-02|2026-04-06|2026-04-07|2026-04-08|2026-04-09|2026-04-10|2026-04-13|2026-04-14|2026-04-15|2026-04-16|2026-04-17|2026-04-20,2026-04-20 22:58:02,0.0
M/I Homes,,2026-03-09|2026-03-10|2026-03-11|2026-03-12|2026-03-13|2026-03-16|2026-03-17|2026-03-18|2026-03-19|2026-03-20|2026-03-23|2026-03-24|2026-03-25|2026-03-26|2026-03-27|2026-03-30|2026-03-31|2026-04-01|2026-04-02|2026-04-06|2026-04-07|2026-04-08|2026-04-09|2026-04-10|2026-04-13|2026-04-14|2026-04-15|2026-04-16|2026-04-17|2026-04-20,2026-04-20 22:58:02,0.0
Hologic,,2026-02-24|2026-02-25|2026-02-26|2026-02-27|2026-03-02|2026-03-03|2026-03-04|2026-03-05|2026-03-06|2026-03-09|2026-03-10|2026-03-11|2026-03-12|2026-03-13|2026-03-16|2026-03-17|2026-03-18|2026-03-19|2026-03-20|2026-03-23|2026-03-24|2026-03-25|2026-03-26|2026-03-27|2026-03-30|2026-03-31|2026-04-01|2026-04-02|2026-04-06|2026-04-07,2026-04-20 22:58:02,0.0
Alliant Energy,,2026-03-09|2026-03-10|2026-03-11|2026-03-12|2026-03-13|2026-03-16|2026-03-17|2026-03-18|2026-03-19|2026-03-20|2026-03-23|2026-03-24|2026-03-25|2026-03-26|2026-03-27|2026-03-30|2026-03-31|2026-04-01|2026-04-02|2026-04-06|2026-04-07|2026-04-08|2026-04-09|2026-04-10|2026-04-13|2026-04-14|2026-04-15|2026-04-16|2026-04-17|2026-04-20,2026-04-20 22:58:02,0.0
Generac,,2026-03-09|2026-03-10|2026-03-11|2026-03-12|2026-03-13|2026-03-16|2026-03-17|2026-03-18|2026-03-19|2026-03-20|2026-03-23|2026-03-24|2026-03-25|2026-03-26|2026-03-27|2026-03-30|2026-03-31|2026-04-01|2026-04-02|2026-04-06|2026-04-07|2026-04-08|2026-04-09|2026-04-10|2026-04-13|2026-04-14|2026-04-15|2026-04-16|2026-04-17|2026-04-20,2026-04-20 22:58:02,0.0
MSC Industrial Direct,,2026-03-09|2026-03-10|2026-03-11|2026-03-12|2026-03-13|2026-03-16|2026-03-17|2026-03-18|2026-03-19|2026-03-20|2026-03-23|2026-03-24|2026-03-25|2026-03-26|2026-03-27|2026-03-30|2026-03-31|2026-04-01|2026-04-02|2026-04-06|2026-04-07|2026-04-08|2026-04-09|2026-04-10|2026-04-13|2026-04-14|2026-04-15|2026-04-16|2026-04-17|2026-04-20,2026-04-20 22:58:02,0.0
Rocket Companies,,2026-03-09|2026-03-10|2026-03-11|2026-03-12|2026-03-13|2026-03-16|2026-03-17|2026-03-18|2026-03-19|2026-03-20|2026-03-23|2026-03-24|2026-03-25|2026-03-26|2026-03-27|2026-03-30|2026-03-31|2026-04-01|2026-04-02|2026-04-06|2026-04-07|2026-04-08|2026-04-09|2026-04-10|2026-04-13|2026-04-14|2026-04-15|2026-04-16|2026-04-17|2026-04-20,2026-04-20 22:58:02,0.0
Upbound Group,,2026-03-09|2026-03-10|2026-03-11|2026-03-12|2026-03-13|2026-03-16|2026-03-17|2026-03-18|2026-03-19|2026-03-20|2026-03-23|2026-03-24|2026-03-25|2026-03-26|2026-03-27|2026-03-30|2026-03-31|2026-04-01|2026-04-02|2026-04-06|2026-04-07|2026-04-08|2026-04-09|2026-04-10|2026-04-13|2026-04-14|2026-04-15|2026-04-16|2026-04-17|2026-04-20,2026-04-20 22:58:02,0.0
East West Bancorp,,2026-03-09|2026-03-10|2026-03-11|2026-03-12|2026-03-13|2026-03-16|2026-03-17|2026-03-18|2026-03-19|2026-03-20|2026-03-23|2026-03-24|2026-03-25|2026-03-26|2026-03-27|2026-03-30|2026-03-31|2026-04-01|2026-04-02|2026-04-06|2026-04-07|2026-04-08|2026-04-09|2026-04-10|2026-04-13|2026-04-14|2026-04-15|2026-04-16|2026-04-17|2026-04-20,2026-04-20 22:58:02,0.0
Hilton Grand Vacations,,2026-03-09|2026-03-10|2026-03-11|2026-03-12|2026-03-13|2026-03-16|2026-03-17|2026-03-18|2026-03-19|2026-03-20|2026-03-23|2026-03-24|2026-03-25|2026-03-26|2026-03-27|2026-03-30|2026-03-31|2026-04-01|2026-04-02|2026-04-06|2026-04-07|2026-04-08|2026-04-09|2026-04-10|2026-04-13|2026-04-14|2026-04-15|2026-04-16|2026-04-17|2026-04-20,2026-04-20 22:58:02,0.0
Grocery Outlet Holding,,2026-03-09|2026-03-10|2026-03-11|2026-03-12|2026-03-13|2026-03-16|2026-03-17|2026-03-18|2026-03-19|2026-03-20|2026-03-23|2026-03-24|2026-03-25|2026-03-26|2026-03-27|2026-03-30|2026-03-31|2026-04-01|2026-04-02|2026-04-06|2026-04-07|2026-04-08|2026-04-09|2026-04-10|2026-04-13|2026-04-14|2026-04-15|2026-04-16|2026-04-17|2026-04-20,2026-04-20 22:58:02,0.0
Dentsply Sirona,,2026-03-09|2026-03-10|2026-03-11|2026-03-12|2026-03-13|2026-03-16|2026-03-17|2026-03-18|2026-03-19|2026-03-20|2026-03-23|2026-03-24|2026-03-25|2026-03-26|2026-03-27|2026-03-30|2026-03-31|2026-04-01|2026-04-02|2026-04-06|2026-04-07|2026-04-08|2026-04-09|2026-04-10|2026-04-13|2026-04-14|2026-04-15|2026-04-16|2026-04-17|2026-04-20,2026-04-20 22:58:02,0.0
V2X,,2026-03-09|2026-03-10|2026-03-11|2026-03-12|2026-03-13|2026-03-16|2026-03-17|2026-03-18|2026-03-19|2026-03-20|2026-03-23|2026-03-24|2026-03-25|2026-03-26|2026-03-27|2026-03-30|2026-03-31|2026-04-01|2026-04-02|2026-04-06|2026-04-07|2026-04-08|2026-04-09|2026-04-10|2026-04-13|2026-04-14|2026-04-15|2026-04-16|2026-04-17|2026-04-20,2026-04-20 22:58:02,0.0
Crocs,,2026-03-09|2026-03-10|2026-03-11|2026-03-12|2026-03-13|2026-03-16|2026-03-17|2026-03-18|2026-03-19|2026-03-20|2026-03-23|2026-03-24|2026-03-25|2026-03-26|2026-03-27|2026-03-30|2026-03-31|2026-04-01|2026-04-02|2026-04-06|2026-04-07|2026-04-08|2026-04-09|2026-04-10|2026-04-13|2026-04-14|2026-04-15|2026-04-16|2026-04-17|2026-04-20,2026-04-20 22:58:02,0.0
Spectrum Brands,,2026-03-09|2026-03-10|2026-03-11|2026-03-12|2026-03-13|2026-03-16|2026-03-17|2026-03-18|2026-03-19|2026-03-20|2026-03-23|2026-03-24|2026-03-25|2026-03-26|2026-03-27|2026-03-30|2026-03-31|2026-04-01|2026-04-02|2026-04-06|2026-04-07|2026-04-08|2026-04-09|2026-04-10|2026-04-13|2026-04-14|2026-04-15|2026-04-16|2026-04-17|2026-04-20,2026-04-20 22:58:02,0.0
Visteon,,2026-03-09|2026-03-10|2026-03-11|2026-03-12|2026-03-13|2026-03-16|2026-03-17|2026-03-18|2026-03-19|2026-03-20|2026-03-23|2026-03-24|2026-03-25|2026-03-26|2026-03-27|2026-03-30|2026-03-31|2026-04-01|2026-04-02|2026-04-06|2026-04-07|2026-04-08|2026-04-09|2026-04-10|2026-04-13|2026-04-14|2026-04-15|2026-04-16|2026-04-17|2026-04-20,2026-04-20 22:58:02,0.0
Acuity Inc,,2026-03-09|2026-03-10|2026-03-11|2026-03-12|2026-03-13|2026-03-16|2026-03-17|2026-03-18|2026-03-19|2026-03-20|2026-03-23|2026-03-24|2026-03-25|2026-03-26|2026-03-27|2026-03-30|2026-03-31|2026-04-01|2026-04-02|2026-04-06|2026-04-07|2026-04-08|2026-04-09|2026-04-10|2026-04-13|2026-04-14|2026-04-15|2026-04-16|2026-04-17|2026-04-20,2026-04-20 22:58:02,0.0
The Greenbrier Companies,,2026-03-09|2026-03-10|2026-03-11|2026-03-12|2026-03-13|2026-03-16|2026-03-17|2026-03-18|2026-03-19|2026-03-20|2026-03-23|2026-03-24|2026-03-25|2026-03-26|2026-03-27|2026-03-30|2026-03-31|2026-04-01|2026-04-02|2026-04-06|2026-04-07|2026-04-08|2026-04-09|2026-04-10|2026-04-13|2026-04-14|2026-04-15|2026-04-16|2026-04-17|2026-04-20,2026-04-20 22:58:02,0.0
Webster Financial,,2026-03-09|2026-03-10|2026-03-11|2026-03-12|2026-03-13|2026-03-16|2026-03-17|2026-03-18|2026-03-19|2026-03-20|2026-03-23|2026-03-24|2026-03-25|2026-03-26|2026-03-27|2026-03-30|2026-03-31|2026-04-01|2026-04-02|2026-04-06|2026-04-07|2026-04-08|2026-04-09|2026-04-10|2026-04-13|2026-04-14|2026-04-15|2026-04-16|2026-04-17|2026-04-20,2026-04-20 22:58:02,0.0
Cabot Corporation,,2026-03-09|2026-03-10|2026-03-11|2026-03-12|2026-03-13|2026-03-16|2026-03-17|2026-03-18|2026-03-19|2026-03-20|2026-03-23|2026-03-24|2026-03-25|2026-03-26|2026-03-27|2026-03-30|2026-03-31|2026-04-01|2026-04-02|2026-04-06|2026-04-07|2026-04-08|2026-04-09|2026-04-10|2026-04-13|2026-04-14|2026-04-15|2026-04-16|2026-04-17|2026-04-20,2026-04-20 22:58:02,0.0
RXO Inc,,2026-03-09|2026-03-10|2026-03-11|2026-03-12|2026-03-13|2026-03-16|2026-03-17|2026-03-18|2026-03-19|2026-03-20|2026-03-23|2026-03-24|2026-03-25|2026-03-26|2026-03-27|2026-03-30|2026-03-31|2026-04-01|2026-04-02|2026-04-06|2026-04-07|2026-04-08|2026-04-09|2026-04-10|2026-04-13|2026-04-14|2026-04-15|2026-04-16|2026-04-17|2026-04-20,2026-04-20 22:58:02,0.0
Chord Energy,,2026-03-09|2026-03-10|2026-03-11|2026-03-12|2026-03-13|2026-03-16|2026-03-17|2026-03-18|2026-03-19|2026-03-20|2026-03-23|2026-03-24|2026-03-25|2026-03-26|2026-03-27|2026-03-30|2026-03-31|2026-04-01|2026-04-02|2026-04-06|2026-04-07|2026-04-08|2026-04-09|2026-04-10|2026-04-13|2026-04-14|2026-04-15|2026-04-16|2026-04-17|2026-04-20,2026-04-20 22:58:02,0.0
Popular Inc,,2026-03-09|2026-03-10|2026-03-11|2026-03-12|2026-03-13|2026-03-16|2026-03-17|2026-03-18|2026-03-19|2026-03-20|2026-03-23|2026-03-24|2026-03-25|2026-03-26|2026-03-27|2026-03-30|2026-03-31|2026-04-01|2026-04-02|2026-04-06|2026-04-07|2026-04-08|2026-04-09|2026-04-10|2026-04-13|2026-04-14|2026-04-15|2026-04-16|2026-04-17|2026-04-20,2026-04-20 22:58:02,0.0
Garrett Motion Inc,,2026-03-09|2026-03-10|2026-03-11|2026-03-12|2026-03-13|2026-03-16|2026-03-17|2026-03-18|2026-03-19|2026-03-20|2026-03-23|2026-03-24|2026-03-25|2026-03-26|2026-03-27|2026-03-30|2026-03-31|2026-04-01|2026-04-02|2026-04-06|2026-04-07|2026-04-08|2026-04-09|2026-04-10|2026-04-13|2026-04-14|2026-04-15|2026-04-16|2026-04-17|2026-04-20,2026-04-20 22:58:02,0.0
Tutor Perini Corporation,,2026-03-09|2026-03-10|2026-03-11|2026-03-12|2026-03-13|2026-03-16|2026-03-17|2026-03-18|2026-03-19|2026-03-20|2026-03-23|2026-03-24|2026-03-25|2026-03-26|2026-03-27|2026-03-30|2026-03-31|2026-04-01|2026-04-02|2026-04-06|2026-04-07|2026-04-08|2026-04-09|2026-04-10|2026-04-13|2026-04-14|2026-04-15|2026-04-16|2026-04-17|2026-04-20,2026-04-20 22:58:02,0.0
Copart,,2026-03-09|2026-03-10|2026-03-11|2026-03-12|2026-03-13|2026-03-16|2026-03-17|2026-03-18|2026-03-19|2026-03-20|2026-03-23|2026-03-24|2026-03-25|2026-03-26|2026-03-27|2026-03-30|2026-03-31|2026-04-01|2026-04-02|2026-04-06|2026-04-07|2026-04-08|2026-04-09|2026-04-10|2026-04-13|2026-04-14|2026-04-15|2026-04-16|2026-04-17|2026-04-20,2026-04-20 22:58:02,0.0
Toast Inc,,2026-03-09|2026-03-10|2026-03-11|2026-03-12|2026-03-13|2026-03-16|2026-03-17|2026-03-18|2026-03-19|2026-03-20|2026-03-23|2026-03-24|2026-03-25|2026-03-26|2026-03-27|2026-03-30|2026-03-31|2026-04-01|2026-04-02|2026-04-06|2026-04-07|2026-04-08|2026-04-09|2026-04-10|2026-04-13|2026-04-14|2026-04-15|2026-04-16|2026-04-17|2026-04-20,2026-04-20 22:58:02,0.0
Align Technology,,2026-03-09|2026-03-10|2026-03-11|2026-03-12|2026-03-13|2026-03-16|2026-03-17|2026-03-18|2026-03-19|2026-03-20|2026-03-23|2026-03-24|2026-03-25|2026-03-26|2026-03-27|2026-03-30|2026-03-31|2026-04-01|2026-04-02|2026-04-06|2026-04-07|2026-04-08|2026-04-09|2026-04-10|2026-04-13|2026-04-14|2026-04-15|2026-04-16|2026-04-17|2026-04-20,2026-04-20 22:58:02,0.0
A O Smith,,2026-03-09|2026-03-10|2026-03-11|2026-03-12|2026-03-13|2026-03-16|2026-03-17|2026-03-18|2026-03-19|2026-03-20|2026-03-23|2026-03-24|2026-03-25|2026-03-26|2026-03-27|2026-03-30|2026-03-31|2026-04-01|2026-04-02|2026-04-06|2026-04-07|2026-04-08|2026-04-09|2026-04-10|2026-04-13|2026-04-14|2026-04-15|2026-04-16|2026-04-17|2026-04-20,2026-04-20 22:58:02,0.0
TransUnion,,2026-03-09|2026-03-10|2026-03-11|2026-03-12|2026-03-13|2026-03-16|2026-03-17|2026-03-18|2026-03-19|2026-03-20|2026-03-23|2026-03-24|2026-03-25|2026-03-26|2026-03-27|2026-03-30|2026-03-31|2026-04-01|2026-04-02|2026-04-06|2026-04-07|2026-04-08|2026-04-09|2026-04-10|2026-04-13|2026-04-14|2026-04-15|2026-04-16|2026-04-17|2026-04-20,2026-04-20 22:58:02,0.0
NCR Voyix,,2026-03-09|2026-03-10|2026-03-11|2026-03-12|2026-03-13|2026-03-16|2026-03-17|2026-03-18|2026-03-19|2026-03-20|2026-03-23|2026-03-24|2026-03-25|2026-03-26|2026-03-27|2026-03-30|2026-03-31|2026-04-01|2026-04-02|2026-04-06|2026-04-07|2026-04-08|2026-04-09|2026-04-10|2026-04-13|2026-04-14|2026-04-15|2026-04-16|2026-04-17|2026-04-20,2026-04-20 22:58:02,0.0
Akamai Technologies,,2026-03-09|2026-03-10|2026-03-11|2026-03-12|2026-03-13|2026-03-16|2026-03-17|2026-03-18|2026-03-19|2026-03-20|2026-03-23|2026-03-24|2026-03-25|2026-03-26|2026-03-27|2026-03-30|2026-03-31|2026-04-01|2026-04-02|2026-04-06|2026-04-07|2026-04-08|2026-04-09|2026-04-10|2026-04-13|2026-04-14|2026-04-15|2026-04-16|2026-04-17|2026-04-20,2026-04-20 22:58:02,0.0
Trimble Inc,,2026-03-09|2026-03-10|2026-03-11|2026-03-12|2026-03-13|2026-03-16|2026-03-17|2026-03-18|2026-03-19|2026-03-20|2026-03-23|2026-03-24|2026-03-25|2026-03-26|2026-03-27|2026-03-30|2026-03-31|2026-04-01|2026-04-02|2026-04-06|2026-04-07|2026-04-08|2026-04-09|2026-04-10|2026-04-13|2026-04-14|2026-04-15|2026-04-16|2026-04-17|2026-04-20,2026-04-20 22:58:02,0.0
AMN Healthcare Services,,2026-03-09|2026-03-10|2026-03-11|2026-03-12|2026-03-13|2026-03-16|2026-03-17|2026-03-18|2026-03-19|2026-03-20|2026-03-23|2026-03-24|2026-03-25|2026-03-26|2026-03-27|2026-03-30|2026-03-31|2026-04-01|2026-04-02|2026-04-06|2026-04-07|2026-04-08|2026-04-09|2026-04-10|2026-04-13|2026-04-14|2026-04-15|2026-04-16|2026-04-17|2026-04-20,2026-04-20 22:58:02,0.0
Mettler-Toledo International,,2026-03-09|2026-03-10|2026-03-11|2026-03-12|2026-03-13|2026-03-16|2026-03-17|2026-03-18|2026-03-19|2026-03-20|2026-03-23|2026-03-24|2026-03-25|2026-03-26|2026-03-27|2026-03-30|2026-03-31|2026-04-01|2026-04-02|2026-04-06|2026-04-07|2026-04-08|2026-04-09|2026-04-10|2026-04-13|2026-04-14|2026-04-15|2026-04-16|2026-04-17|2026-04-20,2026-04-20 22:58:02,0.0
ScanSource,,2026-03-09|2026-03-10|2026-03-11|2026-03-12|2026-03-13|2026-03-16|2026-03-17|2026-03-18|2026-03-19|2026-03-20|2026-03-23|2026-03-24|2026-03-25|2026-03-26|2026-03-27|2026-03-30|2026-03-31|2026-04-01|2026-04-02|2026-04-06|2026-04-07|2026-04-08|2026-04-09|2026-04-10|2026-04-13|2026-04-14|2026-04-15|2026-04-16|2026-04-17|2026-04-20,2026-04-20 22:58:02,0.0
LCI Industries,,2026-03-09|2026-03-10|2026-03-11|2026-03-12|2026-03-13|2026-03-16|2026-03-17|2026-03-18|2026-03-19|2026-03-20|2026-03-23|2026-03-24|2026-03-25|2026-03-26|2026-03-27|2026-03-30|2026-03-31|2026-04-01|2026-04-02|2026-04-06|2026-04-07|2026-04-08|2026-04-09|2026-04-10|2026-04-13|2026-04-14|2026-04-15|2026-04-16|2026-04-17|2026-04-20,2026-04-20 22:58:02,0.0
Cboe Global Markets,,2026-03-09|2026-03-10|2026-03-11|2026-03-12|2026-03-13|2026-03-16|2026-03-17|2026-03-18|2026-03-19|2026-03-20|2026-03-23|2026-03-24|2026-03-25|2026-03-26|2026-03-27|2026-03-30|2026-03-31|2026-04-01|2026-04-02|2026-04-06|2026-04-07|2026-04-08|2026-04-09|2026-04-10|2026-04-13|2026-04-14|2026-04-15|2026-04-16|2026-04-17|2026-04-20,2026-04-20 22:58:02,0.0
Diebold Nixdorf,,2026-03-09|2026-03-10|2026-03-11|2026-03-12|2026-03-13|2026-03-16|2026-03-17|2026-03-18|2026-03-19|2026-03-20|2026-03-23|2026-03-24|2026-03-25|2026-03-26|2026-03-27|2026-03-30|2026-03-31|2026-04-01|2026-04-02|2026-04-06|2026-04-07|2026-04-08|2026-04-09|2026-04-10|2026-04-13|2026-04-14|2026-04-15|2026-04-16|2026-04-17|2026-04-20,2026-04-20 22:58:02,0.0
Corpay,,2026-03-09|2026-03-10|2026-03-11|2026-03-12|2026-03-13|2026-03-16|2026-03-17|2026-03-18|2026-03-19|2026-03-20|2026-03-23|2026-03-24|2026-03-25|2026-03-26|2026-03-27|2026-03-30|2026-03-31|2026-04-01|2026-04-02|2026-04-06|2026-04-07|2026-04-08|2026-04-09|2026-04-10|2026-04-13|2026-04-14|2026-04-15|2026-04-16|2026-04-17|2026-04-20,2026-04-20 22:58:02,0.0
iHeartMedia,,2026-03-09|2026-03-10|2026-03-11|2026-03-12|2026-03-13|2026-03-16|2026-03-17|2026-03-18|2026-03-19|2026-03-20|2026-03-23|2026-03-24|2026-03-25|2026-03-26|2026-03-27|2026-03-30|2026-03-31|2026-04-01|2026-04-02|2026-04-06|2026-04-07|2026-04-08|2026-04-09|2026-04-10|2026-04-13|2026-04-14|2026-04-15|2026-04-16|2026-04-17|2026-04-20,2026-04-20 22:58:02,0.0
Dream Finders Homes,,2026-03-09|2026-03-10|2026-03-11|2026-03-12|2026-03-13|2026-03-16|2026-03-17|2026-03-18|2026-03-19|2026-03-20|2026-03-23|2026-03-24|2026-03-25|2026-03-26|2026-03-27|2026-03-30|2026-03-31|2026-04-01|2026-04-02|2026-04-06|2026-04-07|2026-04-08|2026-04-09|2026-04-10|2026-04-13|2026-04-14|2026-04-15|2026-04-16|2026-04-17|2026-04-20,2026-04-20 22:58:02,0.0
Boyd Gaming,,2026-03-09|2026-03-10|2026-03-11|2026-03-12|2026-03-13|2026-03-16|2026-03-17|2026-03-18|2026-03-19|2026-03-20|2026-03-23|2026-03-24|2026-03-25|2026-03-26|2026-03-27|2026-03-30|2026-03-31|2026-04-01|2026-04-02|2026-04-06|2026-04-07|2026-04-08|2026-04-09|2026-04-10|2026-04-13|2026-04-14|2026-04-15|2026-04-16|2026-04-17|2026-04-20,2026-04-20 22:58:02,0.0
Ensign Group,,2026-03-09|2026-03-10|2026-03-11|2026-03-12|2026-03-13|2026-03-16|2026-03-17|2026-03-18|2026-03-19|2026-03-20|2026-03-23|2026-03-24|2026-03-25|2026-03-26|2026-03-27|2026-03-30|2026-03-31|2026-04-01|2026-04-02|2026-04-06|2026-04-07|2026-04-08|2026-04-09|2026-04-10|2026-04-13|2026-04-14|2026-04-15|2026-04-16|2026-04-17|2026-04-20,2026-04-20 22:58:02,0.0
Sally Beauty,,2026-03-09|2026-03-10|2026-03-11|2026-03-12|2026-03-13|2026-03-16|2026-03-17|2026-03-18|2026-03-19|2026-03-20|2026-03-23|2026-03-24|2026-03-25|2026-03-26|2026-03-27|2026-03-30|2026-03-31|2026-04-01|2026-04-02|2026-04-06|2026-04-07|2026-04-08|2026-04-09|2026-04-10|2026-04-13|2026-04-14|2026-04-15|2026-04-16|2026-04-17|2026-04-20,2026-04-20 22:58:02,0.0
Conduent,,2026-03-09|2026-03-10|2026-03-11|2026-03-12|2026-03-13|2026-03-16|2026-03-17|2026-03-18|2026-03-19|2026-03-20|2026-03-23|2026-03-24|2026-03-25|2026-03-26|2026-03-27|2026-03-30|2026-03-31|2026-04-01|2026-04-02|2026-04-06|2026-04-07|2026-04-08|2026-04-09|2026-04-10|2026-04-13|2026-04-14|2026-04-15|2026-04-16|2026-04-17|2026-04-20,2026-04-20 22:58:02,0.0
Sylvamo,,2026-03-09|2026-03-10|2026-03-11|2026-03-12|2026-03-13|2026-03-16|2026-03-17|2026-03-18|2026-03-19|2026-03-20|2026-03-23|2026-03-24|2026-03-25|2026-03-26|2026-03-27|2026-03-30|2026-03-31|2026-04-01|2026-04-02|2026-04-06|2026-04-07|2026-04-08|2026-04-09|2026-04-10|2026-04-13|2026-04-14|2026-04-15|2026-04-16|2026-04-17|2026-04-20,2026-04-20 22:58:02,0.0
Tri Pointe Homes,,2026-03-09|2026-03-10|2026-03-11|2026-03-12|2026-03-13|2026-03-16|2026-03-17|2026-03-18|2026-03-19|2026-03-20|2026-03-23|2026-03-24|2026-03-25|2026-03-26|2026-03-27|2026-03-30|2026-03-31|2026-04-01|2026-04-02|2026-04-06|2026-04-07|2026-04-08|2026-04-09|2026-04-10|2026-04-13|2026-04-14|2026-04-15|2026-04-16|2026-04-17|2026-04-20,2026-04-20 22:58:02,0.0
EnerSys,,2026-03-09|2026-03-10|2026-03-11|2026-03-12|2026-03-13|2026-03-16|2026-03-17|2026-03-18|2026-03-19|2026-03-20|2026-03-23|2026-03-24|2026-03-25|2026-03-26|2026-03-27|2026-03-30|2026-03-31|2026-04-01|2026-04-02|2026-04-06|2026-04-07|2026-04-08|2026-04-09|2026-04-10|2026-04-13|2026-04-14|2026-04-15|2026-04-16|2026-04-17|2026-04-20,2026-04-20 22:58:02,0.0
Incyte,,2026-03-09|2026-03-10|2026-03-11|2026-03-12|2026-03-13|2026-03-16|2026-03-17|2026-03-18|2026-03-19|2026-03-20|2026-03-23|2026-03-24|2026-03-25|2026-03-26|2026-03-27|2026-03-30|2026-03-31|2026-04-01|2026-04-02|2026-04-06|2026-04-07|2026-04-08|2026-04-09|2026-04-10|2026-04-13|2026-04-14|2026-04-15|2026-04-16|2026-04-17|2026-04-20,2026-04-20 22:58:02,0.0
Century Communities,,2026-03-09|2026-03-10|2026-03-11|2026-03-12|2026-03-13|2026-03-16|2026-03-17|2026-03-18|2026-03-19|2026-03-20|2026-03-23|2026-03-24|2026-03-25|2026-03-26|2026-03-27|2026-03-30|2026-03-31|2026-04-01|2026-04-02|2026-04-06|2026-04-07|2026-04-08|2026-04-09|2026-04-10|2026-04-13|2026-04-14|2026-04-15|2026-04-16|2026-04-17|2026-04-20,2026-04-20 22:58:02,0.0
Rithm Capital,,2026-03-09|2026-03-10|2026-03-11|2026-03-12|2026-03-13|2026-03-16|2026-03-17|2026-03-18|2026-03-19|2026-03-20|2026-03-23|2026-03-24|2026-03-25|2026-03-26|2026-03-27|2026-03-30|2026-03-31|2026-04-01|2026-04-02|2026-04-06|2026-04-07|2026-04-08|2026-04-09|2026-04-10|2026-04-13|2026-04-14|2026-04-15|2026-04-16|2026-04-17|2026-04-20,2026-04-20 22:58:02,0.0
Euronet Worldwide,,2026-03-09|2026-03-10|2026-03-11|2026-03-12|2026-03-13|2026-03-16|2026-03-17|2026-03-18|2026-03-19|2026-03-20|2026-03-23|2026-03-24|2026-03-25|2026-03-26|2026-03-27|2026-03-30|2026-03-31|2026-04-01|2026-04-02|2026-04-06|2026-04-07|2026-04-08|2026-04-09|2026-04-10|2026-04-13|2026-04-14|2026-04-15|2026-04-16|2026-04-17|2026-04-20,2026-04-20 22:58:02,0.0
Hawaiian Electric Industries,,2026-03-09|2026-03-10|2026-03-11|2026-03-12|2026-03-13|2026-03-16|2026-03-17|2026-03-18|2026-03-19|2026-03-20|2026-03-23|2026-03-24|2026-03-25|2026-03-26|2026-03-27|2026-03-30|2026-03-31|2026-04-01|2026-04-02|2026-04-06|2026-04-07|2026-04-08|2026-04-09|2026-04-10|2026-04-13|2026-04-14|2026-04-15|2026-04-16|2026-04-17|2026-04-20,2026-04-20 22:58:02,0.0
DraftKings,,2026-03-09|2026-03-10|2026-03-11|2026-03-12|2026-03-13|2026-03-16|2026-03-17|2026-03-18|2026-03-19|2026-03-20|2026-03-23|2026-03-24|2026-03-25|2026-03-26|2026-03-27|2026-03-30|2026-03-31|2026-04-01|2026-04-02|2026-04-06|2026-04-07|2026-04-08|2026-04-09|2026-04-10|2026-04-13|2026-04-14|2026-04-15|2026-04-16|2026-04-17|2026-04-20,2026-04-20 22:58:02,0.0
IDEXX Laboratories,,2026-03-09|2026-03-10|2026-03-11|2026-03-12|2026-03-13|2026-03-16|2026-03-17|2026-03-18|2026-03-19|2026-03-20|2026-03-23|2026-03-24|2026-03-25|2026-03-26|2026-03-27|2026-03-30|2026-03-31|2026-04-01|2026-04-02|2026-04-06|2026-04-07|2026-04-08|2026-04-09|2026-04-10|2026-04-13|2026-04-14|2026-04-15|2026-04-16|2026-04-17|2026-04-20,2026-04-20 22:58:02,0.0
MYR Group,,2026-03-09|2026-03-10|2026-03-11|2026-03-12|2026-03-13|2026-03-16|2026-03-17|2026-03-18|2026-03-19|2026-03-20|2026-03-23|2026-03-24|2026-03-25|2026-03-26|2026-03-27|2026-03-30|2026-03-31|2026-04-01|2026-04-02|2026-04-06|2026-04-07|2026-04-08|2026-04-09|2026-04-10|2026-04-13|2026-04-14|2026-04-15|2026-04-16|2026-04-17|2026-04-20,2026-04-20 22:58:02,0.0
Deckers Outdoor,,2026-03-09|2026-03-10|2026-03-11|2026-03-12|2026-03-13|2026-03-16|2026-03-17|2026-03-18|2026-03-19|2026-03-20|2026-03-23|2026-03-24|2026-03-25|2026-03-26|2026-03-27|2026-03-30|2026-03-31|2026-04-01|2026-04-02|2026-04-06|2026-04-07|2026-04-08|2026-04-09|2026-04-10|2026-04-13|2026-04-14|2026-04-15|2026-04-16|2026-04-17|2026-04-20,2026-04-20 22:58:02,0.0
DexCom,,2026-03-09|2026-03-10|2026-03-11|2026-03-12|2026-03-13|2026-03-16|2026-03-17|2026-03-18|2026-03-19|2026-03-20|2026-03-23|2026-03-24|2026-03-25|2026-03-26|2026-03-27|2026-03-30|2026-03-31|2026-04-01|2026-04-02|2026-04-06|2026-04-07|2026-04-08|2026-04-09|2026-04-10|2026-04-13|2026-04-14|2026-04-15|2026-04-16|2026-04-17|2026-04-20,2026-04-20 22:58:02,0.0
MKS Instruments,,2026-03-09|2026-03-10|2026-03-11|2026-03-12|2026-03-13|2026-03-16|2026-03-17|2026-03-18|2026-03-19|2026-03-20|2026-03-23|2026-03-24|2026-03-25|2026-03-26|2026-03-27|2026-03-30|2026-03-31|2026-04-01|2026-04-02|2026-04-06|2026-04-07|2026-04-08|2026-04-09|2026-04-10|2026-04-13|2026-04-14|2026-04-15|2026-04-16|2026-04-17|2026-04-20,2026-04-20 22:58:02,0.0
VICI Properties,,2026-03-09|2026-03-10|2026-03-11|2026-03-12|2026-03-13|2026-03-16|2026-03-17|2026-03-18|2026-03-19|2026-03-20|2026-03-23|2026-03-24|2026-03-25|2026-03-26|2026-03-27|2026-03-30|2026-03-31|2026-04-01|2026-04-02|2026-04-06|2026-04-07|2026-04-08|2026-04-09|2026-04-10|2026-04-13|2026-04-14|2026-04-15|2026-04-16|2026-04-17|2026-04-20,2026-04-20 22:58:02,0.0
Cooper Cos,,2026-03-09|2026-03-10|2026-03-11|2026-03-12|2026-03-13|2026-03-16|2026-03-17|2026-03-18|2026-03-19|2026-03-20|2026-03-23|2026-03-24|2026-03-25|2026-03-26|2026-03-27|2026-03-30|2026-03-31|2026-04-01|2026-04-02|2026-04-06|2026-04-07|2026-04-08|2026-04-09|2026-04-10|2026-04-13|2026-04-14|2026-04-15|2026-04-16|2026-04-17|2026-04-20,2026-04-20 22:58:02,0.0
Frontier Airlines,,2026-03-09|2026-03-10|2026-03-11|2026-03-12|2026-03-13|2026-03-16|2026-03-17|2026-03-18|2026-03-19|2026-03-20|2026-03-23|2026-03-24|2026-03-25|2026-03-26|2026-03-27|2026-03-30|2026-03-31|2026-04-01|2026-04-02|2026-04-06|2026-04-07|2026-04-08|2026-04-09|2026-04-10|2026-04-13|2026-04-14|2026-04-15|2026-04-16|2026-04-17|2026-04-20,2026-04-20 22:58:02,0.0
Qorvo,,2026-03-09|2026-03-10|2026-03-11|2026-03-12|2026-03-13|2026-03-16|2026-03-17|2026-03-18|2026-03-19|2026-03-20|2026-03-23|2026-03-24|2026-03-25|2026-03-26|2026-03-27|2026-03-30|2026-03-31|2026-04-01|2026-04-02|2026-04-06|2026-04-07|2026-04-08|2026-04-09|2026-04-10|2026-04-13|2026-04-14|2026-04-15|2026-04-16|2026-04-17|2026-04-20,2026-04-20 22:58:02,0.0
Five Below,,2026-03-09|2026-03-10|2026-03-11|2026-03-12|2026-03-13|2026-03-16|2026-03-17|2026-03-18|2026-03-19|2026-03-20|2026-03-23|2026-03-24|2026-03-25|2026-03-26|2026-03-27|2026-03-30|2026-03-31|2026-04-01|2026-04-02|2026-04-06|2026-04-07|2026-04-08|2026-04-09|2026-04-10|2026-04-13|2026-04-14|2026-04-15|2026-04-16|2026-04-17|2026-04-20,2026-04-20 22:58:02,0.0
Scotts Miracle-Gro,,2026-03-09|2026-03-10|2026-03-11|2026-03-12|2026-03-13|2026-03-16|2026-03-17|2026-03-18|2026-03-19|2026-03-20|2026-03-23|2026-03-24|2026-03-25|2026-03-26|2026-03-27|2026-03-30|2026-03-31|2026-04-01|2026-04-02|2026-04-06|2026-04-07|2026-04-08|2026-04-09|2026-04-10|2026-04-13|2026-04-14|2026-04-15|2026-04-16|2026-04-17|2026-04-20,2026-04-20 22:58:02,0.0
Atlassian,,2026-03-09|2026-03-10|2026-03-11|2026-03-12|2026-03-13|2026-03-16|2026-03-17|2026-03-18|2026-03-19|2026-03-20|2026-03-23|2026-03-24|2026-03-25|2026-03-26|2026-03-27|2026-03-30|2026-03-31|2026-04-01|2026-04-02|2026-04-06|2026-04-07|2026-04-08|2026-04-09|2026-04-10|2026-04-13|2026-04-14|2026-04-15|2026-04-16|2026-04-17|2026-04-20,2026-04-20 22:58:02,0.0
Entegris,,2026-03-09|2026-03-10|2026-03-11|2026-03-12|2026-03-13|2026-03-16|2026-03-17|2026-03-18|2026-03-19|2026-03-20|2026-03-23|2026-03-24|2026-03-25|2026-03-26|2026-03-27|2026-03-30|2026-03-31|2026-04-01|2026-04-02|2026-04-06|2026-04-07|2026-04-08|2026-04-09|2026-04-10|2026-04-13|2026-04-14|2026-04-15|2026-04-16|2026-04-17|2026-04-20,2026-04-20 22:58:02,0.0
Atkore,,2026-03-09|2026-03-10|2026-03-11|2026-03-12|2026-03-13|2026-03-16|2026-03-17|2026-03-18|2026-03-19|2026-03-20|2026-03-23|2026-03-24|2026-03-25|2026-03-26|2026-03-27|2026-03-30|2026-03-31|2026-04-01|2026-04-02|2026-04-06|2026-04-07|2026-04-08|2026-04-09|2026-04-10|2026-04-13|2026-04-14|2026-04-15|2026-04-16|2026-04-17|2026-04-20,2026-04-20 22:58:02,0.0
HB Fuller,,2026-03-09|2026-03-10|2026-03-11|2026-03-12|2026-03-13|2026-03-16|2026-03-17|2026-03-18|2026-03-19|2026-03-20|2026-03-23|2026-03-24|2026-03-25|2026-03-26|2026-03-27|2026-03-30|2026-03-31|2026-04-01|2026-04-02|2026-04-06|2026-04-07|2026-04-08|2026-04-09|2026-04-10|2026-04-13|2026-04-14|2026-04-15|2026-04-16|2026-04-17|2026-04-20,2026-04-20 22:58:02,0.0
Granite Construction,,2026-03-09|2026-03-10|2026-03-11|2026-03-12|2026-03-13|2026-03-16|2026-03-17|2026-03-18|2026-03-19|2026-03-20|2026-03-23|2026-03-24|2026-03-25|2026-03-26|2026-03-27|2026-03-30|2026-03-31|2026-04-01|2026-04-02|2026-04-06|2026-04-07|2026-04-08|2026-04-09|2026-04-10|2026-04-13|2026-04-14|2026-04-15|2026-04-16|2026-04-17|2026-04-20,2026-04-20 22:58:02,0.0
Winnebago Industries,,2026-03-09|2026-03-10|2026-03-11|2026-03-12|2026-03-13|2026-03-16|2026-03-17|2026-03-18|2026-03-19|2026-03-20|2026-03-23|2026-03-24|2026-03-25|2026-03-26|2026-03-27|2026-03-30|2026-03-31|2026-04-01|2026-04-02|2026-04-06|2026-04-07|2026-04-08|2026-04-09|2026-04-10|2026-04-13|2026-04-14|2026-04-15|2026-04-16|2026-04-17|2026-04-20,2026-04-20 22:58:02,0.0
FTI Consulting,,2026-03-09|2026-03-10|2026-03-11|2026-03-12|2026-03-13|2026-03-16|2026-03-17|2026-03-18|2026-03-19|2026-03-20|2026-03-23|2026-03-24|2026-03-25|2026-03-26|2026-03-27|2026-03-30|2026-03-31|2026-04-01|2026-04-02|2026-04-06|2026-04-07|2026-04-08|2026-04-09|2026-04-10|2026-04-13|2026-04-14|2026-04-15|2026-04-16|2026-04-17|2026-04-20,2026-04-20 22:58:02,0.0
AptarGroup,,2026-03-09|2026-03-10|2026-03-11|2026-03-12|2026-03-13|2026-03-16|2026-03-17|2026-03-18|2026-03-19|2026-03-20|2026-03-23|2026-03-24|2026-03-25|2026-03-26|2026-03-27|2026-03-30|2026-03-31|2026-04-01|2026-04-02|2026-04-06|2026-04-07|2026-04-08|2026-04-09|2026-04-10|2026-04-13|2026-04-14|2026-04-15|2026-04-16|2026-04-17|2026-04-20,2026-04-20 22:58:02,0.0
Columbia Sportswear,,2026-03-09|2026-03-10|2026-03-11|2026-03-12|2026-03-13|2026-03-16|2026-03-17|2026-03-18|2026-03-19|2026-03-20|2026-03-23|2026-03-24|2026-03-25|2026-03-26|2026-03-27|2026-03-30|2026-03-31|2026-04-01|2026-04-02|2026-04-06|2026-04-07|2026-04-08|2026-04-09|2026-04-10|2026-04-13|2026-04-14|2026-04-15|2026-04-16|2026-04-17|2026-04-20,2026-04-20 22:58:02,0.0
Roku,,2026-03-09|2026-03-10|2026-03-11|2026-03-12|2026-03-13|2026-03-16|2026-03-17|2026-03-18|2026-03-19|2026-03-20|2026-03-23|2026-03-24|2026-03-25|2026-03-26|2026-03-27|2026-03-30|2026-03-31|2026-04-01|2026-04-02|2026-04-06|2026-04-07|2026-04-08|2026-04-09|2026-04-10|2026-04-13|2026-04-14|2026-04-15|2026-04-16|2026-04-17|2026-04-20,2026-04-20 22:58:02,0.0
Alpha Metallurgical Resources,,2026-03-09|2026-03-10|2026-03-11|2026-03-12|2026-03-13|2026-03-16|2026-03-17|2026-03-18|2026-03-19|2026-03-20|2026-03-23|2026-03-24|2026-03-25|2026-03-26|2026-03-27|2026-03-30|2026-03-31|2026-04-01|2026-04-02|2026-04-06|2026-04-07|2026-04-08|2026-04-09|2026-04-10|2026-04-13|2026-04-14|2026-04-15|2026-04-16|2026-04-17|2026-04-20,2026-04-20 22:58:02,0.0
Patrick Industries,,2026-03-09|2026-03-10|2026-03-11|2026-03-12|2026-03-13|2026-03-16|2026-03-17|2026-03-18|2026-03-19|2026-03-20|2026-03-23|2026-03-24|2026-03-25|2026-03-26|2026-03-27|2026-03-30|2026-03-31|2026-04-01|2026-04-02|2026-04-06|2026-04-07|2026-04-08|2026-04-09|2026-04-10|2026-04-13|2026-04-14|2026-04-15|2026-04-16|2026-04-17|2026-04-20,2026-04-20 22:58:02,0.0
Murphy Oil,,2026-03-09|2026-03-10|2026-03-11|2026-03-12|2026-03-13|2026-03-16|2026-03-17|2026-03-18|2026-03-19|2026-03-20|2026-03-23|2026-03-24|2026-03-25|2026-03-26|2026-03-27|2026-03-30|2026-03-31|2026-04-01|2026-04-02|2026-04-06|2026-04-07|2026-04-08|2026-04-09|2026-04-10|2026-04-13|2026-04-14|2026-04-15|2026-04-16|2026-04-17|2026-04-20,2026-04-20 22:58:02,0.0
Cracker Barrel,,2026-03-09|2026-03-10|2026-03-11|2026-03-12|2026-03-13|2026-03-16|2026-03-17|2026-03-18|2026-03-19|2026-03-20|2026-03-23|2026-03-24|2026-03-25|2026-03-26|2026-03-27|2026-03-30|2026-03-31|2026-04-01|2026-04-02|2026-04-06|2026-04-07|2026-04-08|2026-04-09|2026-04-10|2026-04-13|2026-04-14|2026-04-15|2026-04-16|2026-04-17|2026-04-20,2026-04-20 22:58:02,0.0
Cheesecake Factory,,2026-03-09|2026-03-10|2026-03-11|2026-03-12|2026-03-13|2026-03-16|2026-03-17|2026-03-18|2026-03-19|2026-03-20|2026-03-23|2026-03-24|2026-03-25|2026-03-26|2026-03-27|2026-03-30|2026-03-31|2026-04-01|2026-04-02|2026-04-06|2026-04-07|2026-04-08|2026-04-09|2026-04-10|2026-04-13|2026-04-14|2026-04-15|2026-04-16|2026-04-17|2026-04-20,2026-04-20 22:58:02,0.0
CNX Resources,,2026-03-09|2026-03-10|2026-03-11|2026-03-12|2026-03-13|2026-03-16|2026-03-17|2026-03-18|2026-03-19|2026-03-20|2026-03-23|2026-03-24|2026-03-25|2026-03-26|2026-03-27|2026-03-30|2026-03-31|2026-04-01|2026-04-02|2026-04-06|2026-04-07|2026-04-08|2026-04-09|2026-04-10|2026-04-13|2026-04-14|2026-04-15|2026-04-16|2026-04-17|2026-04-20,2026-04-20 22:58:02,0.0
Chefs Warehouse,,2026-03-09|2026-03-10|2026-03-11|2026-03-12|2026-03-13|2026-03-16|2026-03-17|2026-03-18|2026-03-19|2026-03-20|2026-03-23|2026-03-24|2026-03-25|2026-03-26|2026-03-27|2026-03-30|2026-03-31|2026-04-01|2026-04-02|2026-04-06|2026-04-07|2026-04-08|2026-04-09|2026-04-10|2026-04-13|2026-04-14|2026-04-15|2026-04-16|2026-04-17|2026-04-20,2026-04-20 22:58:02,0.0
Donaldson Company,,2026-03-09|2026-03-10|2026-03-11|2026-03-12|2026-03-13|2026-03-16|2026-03-17|2026-03-18|2026-03-19|2026-03-20|2026-03-23|2026-03-24|2026-03-25|2026-03-26|2026-03-27|2026-03-30|2026-03-31|2026-04-01|2026-04-02|2026-04-06|2026-04-07|2026-04-08|2026-04-09|2026-04-10|2026-04-13|2026-04-14|2026-04-15|2026-04-16|2026-04-17|2026-04-20,2026-04-20 22:58:02,0.0
Mueller Industries,,2026-03-09|2026-03-10|2026-03-11|2026-03-12|2026-03-13|2026-03-16|2026-03-17|2026-03-18|2026-03-19|2026-03-20|2026-03-23|2026-03-24|2026-03-25|2026-03-26|2026-03-27|2026-03-30|2026-03-31|2026-04-01|2026-04-02|2026-04-06|2026-04-07|2026-04-08|2026-04-09|2026-04-10|2026-04-13|2026-04-14|2026-04-15|2026-04-16|2026-04-17|2026-04-20,2026-04-20 22:58:02,0.0
Chart Industries,,2026-03-09|2026-03-10|2026-03-11|2026-03-12|2026-03-13|2026-03-16|2026-03-17|2026-03-18|2026-03-19|2026-03-20|2026-03-23|2026-03-24|2026-03-25|2026-03-26|2026-03-27|2026-03-30|2026-03-31|2026-04-01|2026-04-02|2026-04-06|2026-04-07|2026-04-08|2026-04-09|2026-04-10|2026-04-13|2026-04-14|2026-04-15|2026-04-16|2026-04-17|2026-04-20,2026-04-20 22:58:02,0.0
Alight Solutions,,2026-03-09|2026-03-10|2026-03-11|2026-03-12|2026-03-13|2026-03-16|2026-03-17|2026-03-18|2026-03-19|2026-03-20|2026-03-23|2026-03-24|2026-03-25|2026-03-26|2026-03-27|2026-03-30|2026-03-31|2026-04-01|2026-04-02|2026-04-06|2026-04-07|2026-04-08|2026-04-09|2026-04-10|2026-04-13|2026-04-14|2026-04-15|2026-04-16|2026-04-17|2026-04-20,2026-04-20 22:58:02,0.0
Vishay Intertechnology,,2026-03-09|2026-03-10|2026-03-11|2026-03-12|2026-03-13|2026-03-16|2026-03-17|2026-03-18|2026-03-19|2026-03-20|2026-03-23|2026-03-24|2026-03-25|2026-03-26|2026-03-27|2026-03-30|2026-03-31|2026-04-01|2026-04-02|2026-04-06|2026-04-07|2026-04-08|2026-04-09|2026-04-10|2026-04-13|2026-04-14|2026-04-15|2026-04-16|2026-04-17|2026-04-20,2026-04-20 22:58:02,0.0
Range Resources,,2026-03-09|2026-03-10|2026-03-11|2026-03-12|2026-03-13|2026-03-16|2026-03-17|2026-03-18|2026-03-19|2026-03-20|2026-03-23|2026-03-24|2026-03-25|2026-03-26|2026-03-27|2026-03-30|2026-03-31|2026-04-01|2026-04-02|2026-04-06|2026-04-07|2026-04-08|2026-04-09|2026-04-10|2026-04-13|2026-04-14|2026-04-15|2026-04-16|2026-04-17|2026-04-20,2026-04-20 22:58:02,0.0
Valley National Bancorp,,2026-03-09|2026-03-10|2026-03-11|2026-03-12|2026-03-13|2026-03-16|2026-03-17|2026-03-18|2026-03-19|2026-03-20|2026-03-23|2026-03-24|2026-03-25|2026-03-26|2026-03-27|2026-03-30|2026-03-31|2026-04-01|2026-04-02|2026-04-06|2026-04-07|2026-04-08|2026-04-09|2026-04-10|2026-04-13|2026-04-14|2026-04-15|2026-04-16|2026-04-17|2026-04-20,2026-04-20 22:58:02,0.0
Match Group,,2026-03-09|2026-03-10|2026-03-11|2026-03-12|2026-03-13|2026-03-16|2026-03-17|2026-03-18|2026-03-19|2026-03-20|2026-03-23|2026-03-24|2026-03-25|2026-03-26|2026-03-27|2026-03-30|2026-03-31|2026-04-01|2026-04-02|2026-04-06|2026-04-07|2026-04-08|2026-04-09|2026-04-10|2026-04-13|2026-04-14|2026-04-15|2026-04-16|2026-04-17|2026-04-20,2026-04-20 22:58:02,0.0
Gen Digital,,2026-03-09|2026-03-10|2026-03-11|2026-03-12|2026-03-13|2026-03-16|2026-03-17|2026-03-18|2026-03-19|2026-03-20|2026-03-23|2026-03-24|2026-03-25|2026-03-26|2026-03-27|2026-03-30|2026-03-31|2026-04-01|2026-04-02|2026-04-06|2026-04-07|2026-04-08|2026-04-09|2026-04-10|2026-04-13|2026-04-14|2026-04-15|2026-04-16|2026-04-17|2026-04-20,2026-04-20 22:58:02,0.0
Wintrust Financial,,2026-03-09|2026-03-10|2026-03-11|2026-03-12|2026-03-13|2026-03-16|2026-03-17|2026-03-18|2026-03-19|2026-03-20|2026-03-23|2026-03-24|2026-03-25|2026-03-26|2026-03-27|2026-03-30|2026-03-31|2026-04-01|2026-04-02|2026-04-06|2026-04-07|2026-04-08|2026-04-09|2026-04-10|2026-04-13|2026-04-14|2026-04-15|2026-04-16|2026-04-17|2026-04-20,2026-04-20 22:58:02,0.0
First Solar,,2026-03-09|2026-03-10|2026-03-11|2026-03-12|2026-03-13|2026-03-16|2026-03-17|2026-03-18|2026-03-19|2026-03-20|2026-03-23|2026-03-24|2026-03-25|2026-03-26|2026-03-27|2026-03-30|2026-03-31|2026-04-01|2026-04-02|2026-04-06|2026-04-07|2026-04-08|2026-04-09|2026-04-10|2026-04-13|2026-04-14|2026-04-15|2026-04-16|2026-04-17|2026-04-20,2026-04-20 22:58:02,0.0
Central Garden & Pet,,2026-03-09|2026-03-10|2026-03-11|2026-03-12|2026-03-13|2026-03-16|2026-03-17|2026-03-18|2026-03-19|2026-03-20|2026-03-23|2026-03-24|2026-03-25|2026-03-26|2026-03-27|2026-03-30|2026-03-31|2026-04-01|2026-04-02|2026-04-06|2026-04-07|2026-04-08|2026-04-09|2026-04-10|2026-04-13|2026-04-14|2026-04-15|2026-04-16|2026-04-17|2026-04-20,2026-04-20 22:58:02,0.0
Green Plains Inc,,2026-03-09|2026-03-10|2026-03-11|2026-03-12|2026-03-13|2026-03-16|2026-03-17|2026-03-18|2026-03-19|2026-03-20|2026-03-23|2026-03-24|2026-03-25|2026-03-26|2026-03-27|2026-03-30|2026-03-31|2026-04-01|2026-04-02|2026-04-06|2026-04-07|2026-04-08|2026-04-09|2026-04-10|2026-04-13|2026-04-14|2026-04-15|2026-04-16|2026-04-17|2026-04-20,2026-04-20 22:58:02,0.0
Werner Enterprises,,2026-03-09|2026-03-10|2026-03-11|2026-03-12|2026-03-13|2026-03-16|2026-03-17|2026-03-18|2026-03-19|2026-03-20|2026-03-23|2026-03-24|2026-03-25|2026-03-26|2026-03-27|2026-03-30|2026-03-31|2026-04-01|2026-04-02|2026-04-06|2026-04-07|2026-04-08|2026-04-09|2026-04-10|2026-04-13|2026-04-14|2026-04-15|2026-04-16|2026-04-17|2026-04-20,2026-04-20 22:58:02,0.0
AppLovin,,2026-03-09|2026-03-10|2026-03-11|2026-03-12|2026-03-13|2026-03-16|2026-03-17|2026-03-18|2026-03-19|2026-03-20|2026-03-23|2026-03-24|2026-03-25|2026-03-26|2026-03-27|2026-03-30|2026-03-31|2026-04-01|2026-04-02|2026-04-06|2026-04-07|2026-04-08|2026-04-09|2026-04-10|2026-04-13|2026-04-14|2026-04-15|2026-04-16|2026-04-17|2026-04-20,2026-04-20 22:58:02,0.0
ITT,,2026-03-09|2026-03-10|2026-03-11|2026-03-12|2026-03-13|2026-03-16|2026-03-17|2026-03-18|2026-03-19|2026-03-20|2026-03-23|2026-03-24|2026-03-25|2026-03-26|2026-03-27|2026-03-30|2026-03-31|2026-04-01|2026-04-02|2026-04-06|2026-04-07|2026-04-08|2026-04-09|2026-04-10|2026-04-13|2026-04-14|2026-04-15|2026-04-16|2026-04-17|2026-04-20,2026-04-20 22:58:02,0.0
Herc Rentals,,2026-03-09|2026-03-10|2026-03-11|2026-03-12|2026-03-13|2026-03-16|2026-03-17|2026-03-18|2026-03-19|2026-03-20|2026-03-23|2026-03-24|2026-03-25|2026-03-26|2026-03-27|2026-03-30|2026-03-31|2026-04-01|2026-04-02|2026-04-06|2026-04-07|2026-04-08|2026-04-09|2026-04-10|2026-04-13|2026-04-14|2026-04-15|2026-04-16|2026-04-17|2026-04-20,2026-04-20 22:58:02,0.0
Gray Television,,2026-03-09|2026-03-10|2026-03-11|2026-03-12|2026-03-13|2026-03-16|2026-03-17|2026-03-18|2026-03-19|2026-03-20|2026-03-23|2026-03-24|2026-03-25|2026-03-26|2026-03-27|2026-03-30|2026-03-31|2026-04-01|2026-04-02|2026-04-06|2026-04-07|2026-04-08|2026-04-09|2026-04-10|2026-04-13|2026-04-14|2026-04-15|2026-04-16|2026-04-17|2026-04-20,2026-04-20 22:58:02,0.0
IDEX,,2026-03-09|2026-03-10|2026-03-11|2026-03-12|2026-03-13|2026-03-16|2026-03-17|2026-03-18|2026-03-19|2026-03-20|2026-03-23|2026-03-24|2026-03-25|2026-03-26|2026-03-27|2026-03-30|2026-03-31|2026-04-01|2026-04-02|2026-04-06|2026-04-07|2026-04-08|2026-04-09|2026-04-10|2026-04-13|2026-04-14|2026-04-15|2026-04-16|2026-04-17|2026-04-20,2026-04-20 22:58:02,0.0
Boston Properties,,2026-03-09|2026-03-10|2026-03-11|2026-03-12|2026-03-13|2026-03-16|2026-03-17|2026-03-18|2026-03-19|2026-03-20|2026-03-23|2026-03-24|2026-03-25|2026-03-26|2026-03-27|2026-03-30|2026-03-31|2026-04-01|2026-04-02|2026-04-06|2026-04-07|2026-04-08|2026-04-09|2026-04-10|2026-04-13|2026-04-14|2026-04-15|2026-04-16|2026-04-17|2026-04-20,2026-04-20 22:58:02,0.0
Pitney Bowes,,2026-03-09|2026-03-10|2026-03-11|2026-03-12|2026-03-13|2026-03-16|2026-03-17|2026-03-18|2026-03-19|2026-03-20|2026-03-23|2026-03-24|2026-03-25|2026-03-26|2026-03-27|2026-03-30|2026-03-31|2026-04-01|2026-04-02|2026-04-06|2026-04-07|2026-04-08|2026-04-09|2026-04-10|2026-04-13|2026-04-14|2026-04-15|2026-04-16|2026-04-17|2026-04-20,2026-04-20 22:58:02,0.0
Sun Communities,,2026-03-09|2026-03-10|2026-03-11|2026-03-12|2026-03-13|2026-03-16|2026-03-17|2026-03-18|2026-03-19|2026-03-20|2026-03-23|2026-03-24|2026-03-25|2026-03-26|2026-03-27|2026-03-30|2026-03-31|2026-04-01|2026-04-02|2026-04-06|2026-04-07|2026-04-08|2026-04-09|2026-04-10|2026-04-13|2026-04-14|2026-04-15|2026-04-16|2026-04-17|2026-04-20,2026-04-20 22:58:02,0.0
AdaptHealth,,2026-03-09|2026-03-10|2026-03-11|2026-03-12|2026-03-13|2026-03-16|2026-03-17|2026-03-18|2026-03-19|2026-03-20|2026-03-23|2026-03-24|2026-03-25|2026-03-26|2026-03-27|2026-03-30|2026-03-31|2026-04-01|2026-04-02|2026-04-06|2026-04-07|2026-04-08|2026-04-09|2026-04-10|2026-04-13|2026-04-14|2026-04-15|2026-04-16|2026-04-17|2026-04-20,2026-04-20 22:58:02,0.0
Genesis Energy,,2026-03-09|2026-03-10|2026-03-11|2026-03-12|2026-03-13|2026-03-16|2026-03-17|2026-03-18|2026-03-19|2026-03-20|2026-03-23|2026-03-24|2026-03-25|2026-03-26|2026-03-27|2026-03-30|2026-03-31|2026-04-01|2026-04-02|2026-04-06|2026-04-07|2026-04-08|2026-04-09|2026-04-10|2026-04-13|2026-04-14|2026-04-15|2026-04-16|2026-04-17|2026-04-20,2026-04-20 22:58:02,0.0
Jackson Financial,,2026-03-09|2026-03-10|2026-03-11|2026-03-12|2026-03-13|2026-03-16|2026-03-17|2026-03-18|2026-03-19|2026-03-20|2026-03-23|2026-03-24|2026-03-25|2026-03-26|2026-03-27|2026-03-30|2026-03-31|2026-04-01|2026-04-02|2026-04-06|2026-04-07|2026-04-08|2026-04-09|2026-04-10|2026-04-13|2026-04-14|2026-04-15|2026-04-16|2026-04-17|2026-04-20,2026-04-20 22:58:02,0.0
FirstCash,,2026-03-09|2026-03-10|2026-03-11|2026-03-12|2026-03-13|2026-03-16|2026-03-17|2026-03-18|2026-03-19|2026-03-20|2026-03-23|2026-03-24|2026-03-25|2026-03-26|2026-03-27|2026-03-30|2026-03-31|2026-04-01|2026-04-02|2026-04-06|2026-04-07|2026-04-08|2026-04-09|2026-04-10|2026-04-13|2026-04-14|2026-04-15|2026-04-16|2026-04-17|2026-04-20,2026-04-20 22:58:02,0.0
Cal-Maine Foods,,2026-03-09|2026-03-10|2026-03-11|2026-03-12|2026-03-13|2026-03-16|2026-03-17|2026-03-18|2026-03-19|2026-03-20|2026-03-23|2026-03-24|2026-03-25|2026-03-26|2026-03-27|2026-03-30|2026-03-31|2026-04-01|2026-04-02|2026-04-06|2026-04-07|2026-04-08|2026-04-09|2026-04-10|2026-04-13|2026-04-14|2026-04-15|2026-04-16|2026-04-17|2026-04-20,2026-04-20 22:58:02,0.0
Avient,,2026-03-09|2026-03-10|2026-03-11|2026-03-12|2026-03-13|2026-03-16|2026-03-17|2026-03-18|2026-03-19|2026-03-20|2026-03-23|2026-03-24|2026-03-25|2026-03-26|2026-03-27|2026-03-30|2026-03-31|2026-04-01|2026-04-02|2026-04-06|2026-04-07|2026-04-08|2026-04-09|2026-04-10|2026-04-13|2026-04-14|2026-04-15|2026-04-16|2026-04-17|2026-04-20,2026-04-20 22:58:02,0.0
BlueLinx,,2026-03-09|2026-03-10|2026-03-11|2026-03-12|2026-03-13|2026-03-16|2026-03-17|2026-03-18|2026-03-19|2026-03-20|2026-03-23|2026-03-24|2026-03-25|2026-03-26|2026-03-27|2026-03-30|2026-03-31|2026-04-01|2026-04-02|2026-04-06|2026-04-07|2026-04-08|2026-04-09|2026-04-10|2026-04-13|2026-04-14|2026-04-15|2026-04-16|2026-04-17|2026-04-20,2026-04-20 22:58:02,0.0
Sinclair,,2026-03-09|2026-03-10|2026-03-11|2026-03-12|2026-03-13|2026-03-16|2026-03-17|2026-03-18|2026-03-19|2026-03-20|2026-03-23|2026-03-24|2026-03-25|2026-03-26|2026-03-27|2026-03-30|2026-03-31|2026-04-01|2026-04-02|2026-04-06|2026-04-07|2026-04-08|2026-04-09|2026-04-10|2026-04-13|2026-04-14|2026-04-15|2026-04-16|2026-04-17|2026-04-20,2026-04-20 22:58:02,0.0
BOK Financial,,2026-03-09|2026-03-10|2026-03-11|2026-03-12|2026-03-13|2026-03-16|2026-03-17|2026-03-18|2026-03-19|2026-03-20|2026-03-23|2026-03-24|2026-03-25|2026-03-26|2026-03-27|2026-03-30|2026-03-31|2026-04-01|2026-04-02|2026-04-06|2026-04-07|2026-04-08|2026-04-09|2026-04-10|2026-04-13|2026-04-14|2026-04-15|2026-04-16|2026-04-17|2026-04-20,2026-04-20 22:58:02,0.0
Permian Resources,,2026-03-09|2026-03-10|2026-03-11|2026-03-12|2026-03-13|2026-03-16|2026-03-17|2026-03-18|2026-03-19|2026-03-20|2026-03-23|2026-03-24|2026-03-25|2026-03-26|2026-03-27|2026-03-30|2026-03-31|2026-04-01|2026-04-02|2026-04-06|2026-04-07|2026-04-08|2026-04-09|2026-04-10|2026-04-13|2026-04-14|2026-04-15|2026-04-16|2026-04-17|2026-04-20,2026-04-20 22:58:02,0.0
PACS Group,,2026-03-09|2026-03-10|2026-03-11|2026-03-12|2026-03-13|2026-03-16|2026-03-17|2026-03-18|2026-03-19|2026-03-20|2026-03-23|2026-03-24|2026-03-25|2026-03-26|2026-03-27|2026-03-30|2026-03-31|2026-04-01|2026-04-02|2026-04-06|2026-04-07|2026-04-08|2026-04-09|2026-04-10|2026-04-13|2026-04-14|2026-04-15|2026-04-16|2026-04-17|2026-04-20,2026-04-20 22:58:02,0.0
Coinbase Global,,2026-03-09|2026-03-10|2026-03-11|2026-03-12|2026-03-13|2026-03-16|2026-03-17|2026-03-18|2026-03-19|2026-03-20|2026-03-23|2026-03-24|2026-03-25|2026-03-26|2026-03-27|2026-03-30|2026-03-31|2026-04-01|2026-04-02|2026-04-06|2026-04-07|2026-04-08|2026-04-09|2026-04-10|2026-04-13|2026-04-14|2026-04-15|2026-04-16|2026-04-17|2026-04-20,2026-04-20 22:58:02,0.0
Western Midstream Partners,,2026-03-09|2026-03-10|2026-03-11|2026-03-12|2026-03-13|2026-03-16|2026-03-17|2026-03-18|2026-03-19|2026-03-20|2026-03-23|2026-03-24|2026-03-25|2026-03-26|2026-03-27|2026-03-30|2026-03-31|2026-04-01|2026-04-02|2026-04-06|2026-04-07|2026-04-08|2026-04-09|2026-04-10|2026-04-13|2026-04-14|2026-04-15|2026-04-16|2026-04-17|2026-04-20,2026-04-20 22:58:02,0.0
G-III Apparel Group,,2026-03-09|2026-03-10|2026-03-11|2026-03-12|2026-03-13|2026-03-16|2026-03-17|2026-03-18|2026-03-19|2026-03-20|2026-03-23|2026-03-24|2026-03-25|2026-03-26|2026-03-27|2026-03-30|2026-03-31|2026-04-01|2026-04-02|2026-04-06|2026-04-07|2026-04-08|2026-04-09|2026-04-10|2026-04-13|2026-04-14|2026-04-15|2026-04-16|2026-04-17|2026-04-20,2026-04-20 22:58:02,0.0
Vontier,,2026-03-09|2026-03-10|2026-03-11|2026-03-12|2026-03-13|2026-03-16|2026-03-17|2026-03-18|2026-03-19|2026-03-20|2026-03-23|2026-03-24|2026-03-25|2026-03-26|2026-03-27|2026-03-30|2026-03-31|2026-04-01|2026-04-02|2026-04-06|2026-04-07|2026-04-08|2026-04-09|2026-04-10|2026-04-13|2026-04-14|2026-04-15|2026-04-16|2026-04-17|2026-04-20,2026-04-20 22:58:02,0.0
Matson Inc,,2026-03-09|2026-03-10|2026-03-11|2026-03-12|2026-03-13|2026-03-16|2026-03-17|2026-03-18|2026-03-19|2026-03-20|2026-03-23|2026-03-24|2026-03-25|2026-03-26|2026-03-27|2026-03-30|2026-03-31|2026-04-01|2026-04-02|2026-04-06|2026-04-07|2026-04-08|2026-04-09|2026-04-10|2026-04-13|2026-04-14|2026-04-15|2026-04-16|2026-04-17|2026-04-20,2026-04-20 22:58:02,0.0
Kirby Corporation,,2026-03-09|2026-03-10|2026-03-11|2026-03-12|2026-03-13|2026-03-16|2026-03-17|2026-03-18|2026-03-19|2026-03-20|2026-03-23|2026-03-24|2026-03-25|2026-03-26|2026-03-27|2026-03-30|2026-03-31|2026-04-01|2026-04-02|2026-04-06|2026-04-07|2026-04-08|2026-04-09|2026-04-10|2026-04-13|2026-04-14|2026-04-15|2026-04-16|2026-04-17|2026-04-20,2026-04-20 22:58:02,0.0
Kaiser Aluminum,,2026-03-09|2026-03-10|2026-03-11|2026-03-12|2026-03-13|2026-03-16|2026-03-17|2026-03-18|2026-03-19|2026-03-20|2026-03-23|2026-03-24|2026-03-25|2026-03-26|2026-03-27|2026-03-30|2026-03-31|2026-04-01|2026-04-02|2026-04-06|2026-04-07|2026-04-08|2026-04-09|2026-04-10|2026-04-13|2026-04-14|2026-04-15|2026-04-16|2026-04-17|2026-04-20,2026-04-20 22:58:02,0.0
Designer Brands,,2026-03-09|2026-03-10|2026-03-11|2026-03-12|2026-03-13|2026-03-16|2026-03-17|2026-03-18|2026-03-19|2026-03-20|2026-03-23|2026-03-24|2026-03-25|2026-03-26|2026-03-27|2026-03-30|2026-03-31|2026-04-01|2026-04-02|2026-04-06|2026-04-07|2026-04-08|2026-04-09|2026-04-10|2026-04-13|2026-04-14|2026-04-15|2026-04-16|2026-04-17|2026-04-20,2026-04-20 22:58:02,0.0
Rollins Inc,,2026-03-09|2026-03-10|2026-03-11|2026-03-12|2026-03-13|2026-03-16|2026-03-17|2026-03-18|2026-03-19|2026-03-20|2026-03-23|2026-03-24|2026-03-25|2026-03-26|2026-03-27|2026-03-30|2026-03-31|2026-04-01|2026-04-02|2026-04-06|2026-04-07|2026-04-08|2026-04-09|2026-04-10|2026-04-13|2026-04-14|2026-04-15|2026-04-16|2026-04-17|2026-04-20,2026-04-20 22:58:02,0.0
Advanced Drainage Systems,,2026-03-09|2026-03-10|2026-03-11|2026-03-12|2026-03-13|2026-03-16|2026-03-17|2026-03-18|2026-03-19|2026-03-20|2026-03-23|2026-03-24|2026-03-25|2026-03-26|2026-03-27|2026-03-30|2026-03-31|2026-04-01|2026-04-02|2026-04-06|2026-04-07|2026-04-08|2026-04-09|2026-04-10|2026-04-13|2026-04-14|2026-04-15|2026-04-16|2026-04-17|2026-04-20,2026-04-20 22:58:02,0.0
Cinemark,,2026-03-09|2026-03-10|2026-03-11|2026-03-12|2026-03-13|2026-03-16|2026-03-17|2026-03-18|2026-03-19|2026-03-20|2026-03-23|2026-03-24|2026-03-25|2026-03-26|2026-03-27|2026-03-30|2026-03-31|2026-04-01|2026-04-02|2026-04-06|2026-04-07|2026-04-08|2026-04-09|2026-04-10|2026-04-13|2026-04-14|2026-04-15|2026-04-16|2026-04-17|2026-04-20,2026-04-20 22:58:02,0.0
CrowdStrike,,2026-03-09|2026-03-10|2026-03-11|2026-03-12|2026-03-13|2026-03-16|2026-03-17|2026-03-18|2026-03-19|2026-03-20|2026-03-23|2026-03-24|2026-03-25|2026-03-26|2026-03-27|2026-03-30|2026-03-31|2026-04-01|2026-04-02|2026-04-06|2026-04-07|2026-04-08|2026-04-09|2026-04-10|2026-04-13|2026-04-14|2026-04-15|2026-04-16|2026-04-17|2026-04-20,2026-04-20 22:58:02,0.0
Pinterest,,2026-03-09|2026-03-10|2026-03-11|2026-03-12|2026-03-13|2026-03-16|2026-03-17|2026-03-18|2026-03-19|2026-03-20|2026-03-23|2026-03-24|2026-03-25|2026-03-26|2026-03-27|2026-03-30|2026-03-31|2026-04-01|2026-04-02|2026-04-06|2026-04-07|2026-04-08|2026-04-09|2026-04-10|2026-04-13|2026-04-14|2026-04-15|2026-04-16|2026-04-17|2026-04-20,2026-04-20 22:58:02,0.0
Instacart,,2026-03-09|2026-03-10|2026-03-11|2026-03-12|2026-03-13|2026-03-16|2026-03-17|2026-03-18|2026-03-19|2026-03-20|2026-03-23|2026-03-24|2026-03-25|2026-03-26|2026-03-27|2026-03-30|2026-03-31|2026-04-01|2026-04-02|2026-04-06|2026-04-07|2026-04-08|2026-04-09|2026-04-10|2026-04-13|2026-04-14|2026-04-15|2026-04-16|2026-04-17|2026-04-20,2026-04-20 22:58:02,0.0
Allison Transmission,,2026-03-09|2026-03-10|2026-03-11|2026-03-12|2026-03-13|2026-03-16|2026-03-17|2026-03-18|2026-03-19|2026-03-20|2026-03-23|2026-03-24|2026-03-25|2026-03-26|2026-03-27|2026-03-30|2026-03-31|2026-04-01|2026-04-02|2026-04-06|2026-04-07|2026-04-08|2026-04-09|2026-04-10|2026-04-13|2026-04-14|2026-04-15|2026-04-16|2026-04-17|2026-04-20,2026-04-20 22:58:02,0.0
Restoration Hardware,,2026-03-09|2026-03-10|2026-03-11|2026-03-12|2026-03-13|2026-03-16|2026-03-17|2026-03-18|2026-03-19|2026-03-20|2026-03-23|2026-03-24|2026-03-25|2026-03-26|2026-03-27|2026-03-30|2026-03-31|2026-04-01|2026-04-02|2026-04-06|2026-04-07|2026-04-08|2026-04-09|2026-04-10|2026-04-13|2026-04-14|2026-04-15|2026-04-16|2026-04-17|2026-04-20,2026-04-20 22:58:02,0.0
Brookdale Senior Living,,2026-03-09|2026-03-10|2026-03-11|2026-03-12|2026-03-13|2026-03-16|2026-03-17|2026-03-18|2026-03-19|2026-03-20|2026-03-23|2026-03-24|2026-03-25|2026-03-26|2026-03-27|2026-03-30|2026-03-31|2026-04-01|2026-04-02|2026-04-06|2026-04-07|2026-04-08|2026-04-09|2026-04-10|2026-04-13|2026-04-14|2026-04-15|2026-04-16|2026-04-17|2026-04-20,2026-04-20 22:58:02,0.0
QuidelOrtho,,2026-03-09|2026-03-10|2026-03-11|2026-03-12|2026-03-13|2026-03-16|2026-03-17|2026-03-18|2026-03-19|2026-03-20|2026-03-23|2026-03-24|2026-03-25|2026-03-26|2026-03-27|2026-03-30|2026-03-31|2026-04-01|2026-04-02|2026-04-06|2026-04-07|2026-04-08|2026-04-09|2026-04-10|2026-04-13|2026-04-14|2026-04-15|2026-04-16|2026-04-17|2026-04-20,2026-04-20 22:58:02,0.0
Trinity Industries,,2026-03-09|2026-03-10|2026-03-11|2026-03-12|2026-03-13|2026-03-16|2026-03-17|2026-03-18|2026-03-19|2026-03-20|2026-03-23|2026-03-24|2026-03-25|2026-03-26|2026-03-27|2026-03-30|2026-03-31|2026-04-01|2026-04-02|2026-04-06|2026-04-07|2026-04-08|2026-04-09|2026-04-10|2026-04-13|2026-04-14|2026-04-15|2026-04-16|2026-04-17|2026-04-20,2026-04-20 22:58:02,0.0
Teleflex,,2026-03-09|2026-03-10|2026-03-11|2026-03-12|2026-03-13|2026-03-16|2026-03-17|2026-03-18|2026-03-19|2026-03-20|2026-03-23|2026-03-24|2026-03-25|2026-03-26|2026-03-27|2026-03-30|2026-03-31|2026-04-01|2026-04-02|2026-04-06|2026-04-07|2026-04-08|2026-04-09|2026-04-10|2026-04-13|2026-04-14|2026-04-15|2026-04-16|2026-04-17|2026-04-20,2026-04-20 22:58:02,0.0
HEICO,,2026-03-09|2026-03-10|2026-03-11|2026-03-12|2026-03-13|2026-03-16|2026-03-17|2026-03-18|2026-03-19|2026-03-20|2026-03-23|2026-03-24|2026-03-25|2026-03-26|2026-03-27|2026-03-30|2026-03-31|2026-04-01|2026-04-02|2026-04-06|2026-04-07|2026-04-08|2026-04-09|2026-04-10|2026-04-13|2026-04-14|2026-04-15|2026-04-16|2026-04-17|2026-04-20,2026-04-20 22:58:02,0.0
Bruker,,2026-03-09|2026-03-10|2026-03-11|2026-03-12|2026-03-13|2026-03-16|2026-03-17|2026-03-18|2026-03-19|2026-03-20|2026-03-23|2026-03-24|2026-03-25|2026-03-26|2026-03-27|2026-03-30|2026-03-31|2026-04-01|2026-04-02|2026-04-06|2026-04-07|2026-04-08|2026-04-09|2026-04-10|2026-04-13|2026-04-14|2026-04-15|2026-04-16|2026-04-17|2026-04-20,2026-04-20 22:58:02,0.0
Carlyle Group,,2026-03-09|2026-03-10|2026-03-11|2026-03-12|2026-03-13|2026-03-16|2026-03-17|2026-03-18|2026-03-19|2026-03-20|2026-03-23|2026-03-24|2026-03-25|2026-03-26|2026-03-27|2026-03-30|2026-03-31|2026-04-01|2026-04-02|2026-04-06|2026-04-07|2026-04-08|2026-04-09|2026-04-10|2026-04-13|2026-04-14|2026-04-15|2026-04-16|2026-04-17|2026-04-20,2026-04-20 22:58:02,0.0
Energizer Holdings,,2026-03-09|2026-03-10|2026-03-11|2026-03-12|2026-03-13|2026-03-16|2026-03-17|2026-03-18|2026-03-19|2026-03-20|2026-03-23|2026-03-24|2026-03-25|2026-03-26|2026-03-27|2026-03-30|2026-03-31|2026-04-01|2026-04-02|2026-04-06|2026-04-07|2026-04-08|2026-04-09|2026-04-10|2026-04-13|2026-04-14|2026-04-15|2026-04-16|2026-04-17|2026-04-20,2026-04-20 22:58:02,0.0
Rackspace Technology,,2026-03-09|2026-03-10|2026-03-11|2026-03-12|2026-03-13|2026-03-16|2026-03-17|2026-03-18|2026-03-19|2026-03-20|2026-03-23|2026-03-24|2026-03-25|2026-03-26|2026-03-27|2026-03-30|2026-03-31|2026-04-01|2026-04-02|2026-04-06|2026-04-07|2026-04-08|2026-04-09|2026-04-10|2026-04-13|2026-04-14|2026-04-15|2026-04-16|2026-04-17|2026-04-20,2026-04-20 22:58:02,0.0
Waters Corporation,,2026-03-09|2026-03-10|2026-03-11|2026-03-12|2026-03-13|2026-03-16|2026-03-17|2026-03-18|2026-03-19|2026-03-20|2026-03-23|2026-03-24|2026-03-25|2026-03-26|2026-03-27|2026-03-30|2026-03-31|2026-04-01|2026-04-02|2026-04-06|2026-04-07|2026-04-08|2026-04-09|2026-04-10|2026-04-13|2026-04-14|2026-04-15|2026-04-16|2026-04-17|2026-04-20,2026-04-20 22:58:02,0.0
West Pharmaceutical Services,,2026-03-09|2026-03-10|2026-03-11|2026-03-12|2026-03-13|2026-03-16|2026-03-17|2026-03-18|2026-03-19|2026-03-20|2026-03-23|2026-03-24|2026-03-25|2026-03-26|2026-03-27|2026-03-30|2026-03-31|2026-04-01|2026-04-02|2026-04-06|2026-04-07|2026-04-08|2026-04-09|2026-04-10|2026-04-13|2026-04-14|2026-04-15|2026-04-16|2026-04-17|2026-04-20,2026-04-20 22:58:02,0.0
Carters Inc,,2026-03-09|2026-03-10|2026-03-11|2026-03-12|2026-03-13|2026-03-16|2026-03-17|2026-03-18|2026-03-19|2026-03-20|2026-03-23|2026-03-24|2026-03-25|2026-03-26|2026-03-27|2026-03-30|2026-03-31|2026-04-01|2026-04-02|2026-04-06|2026-04-07|2026-04-08|2026-04-09|2026-04-10|2026-04-13|2026-04-14|2026-04-15|2026-04-16|2026-04-17|2026-04-20,2026-04-20 22:58:02,0.0
SkyWest,,2026-03-09|2026-03-10|2026-03-11|2026-03-12|2026-03-13|2026-03-16|2026-03-17|2026-03-18|2026-03-19|2026-03-20|2026-03-23|2026-03-24|2026-03-25|2026-03-26|2026-03-27|2026-03-30|2026-03-31|2026-04-01|2026-04-02|2026-04-06|2026-04-07|2026-04-08|2026-04-09|2026-04-10|2026-04-13|2026-04-14|2026-04-15|2026-04-16|2026-04-17|2026-04-20,2026-04-20 22:58:02,0.0
Acadia Healthcare,,2026-03-09|2026-03-10|2026-03-11|2026-03-12|2026-03-13|2026-03-16|2026-03-17|2026-03-18|2026-03-19|2026-03-20|2026-03-23|2026-03-24|2026-03-25|2026-03-26|2026-03-27|2026-03-30|2026-03-31|2026-04-01|2026-04-02|2026-04-06|2026-04-07|2026-04-08|2026-04-09|2026-04-10|2026-04-13|2026-04-14|2026-04-15|2026-04-16|2026-04-17|2026-04-20,2026-04-20 22:58:02,0.0
Revvity,,2026-03-09|2026-03-10|2026-03-11|2026-03-12|2026-03-13|2026-03-16|2026-03-17|2026-03-18|2026-03-19|2026-03-20|2026-03-23|2026-03-24|2026-03-25|2026-03-26|2026-03-27|2026-03-30|2026-03-31|2026-04-01|2026-04-02|2026-04-06|2026-04-07|2026-04-08|2026-04-09|2026-04-10|2026-04-13|2026-04-14|2026-04-15|2026-04-16|2026-04-17|2026-04-20,2026-04-20 22:58:02,0.0
Portland General Electric,,2026-03-09|2026-03-10|2026-03-11|2026-03-12|2026-03-13|2026-03-16|2026-03-17|2026-03-18|2026-03-19|2026-03-20|2026-03-23|2026-03-24|2026-03-25|2026-03-26|2026-03-27|2026-03-30|2026-03-31|2026-04-01|2026-04-02|2026-04-06|2026-04-07|2026-04-08|2026-04-09|2026-04-10|2026-04-13|2026-04-14|2026-04-15|2026-04-16|2026-04-17|2026-04-20,2026-04-20 22:58:02,0.0
Woodward Inc,,2026-03-09|2026-03-10|2026-03-11|2026-03-12|2026-03-13|2026-03-16|2026-03-17|2026-03-18|2026-03-19|2026-03-20|2026-03-23|2026-03-24|2026-03-25|2026-03-26|2026-03-27|2026-03-30|2026-03-31|2026-04-01|2026-04-02|2026-04-06|2026-04-07|2026-04-08|2026-04-09|2026-04-10|2026-04-13|2026-04-14|2026-04-15|2026-04-16|2026-04-17|2026-04-20,2026-04-20 22:58:02,0.0
TEGNA,,2026-02-06|2026-02-09|2026-02-10|2026-02-11|2026-02-12|2026-02-13|2026-02-17|2026-02-18|2026-02-19|2026-02-20|2026-02-23|2026-02-24|2026-02-25|2026-02-26|2026-02-27|2026-03-02|2026-03-03|2026-03-04|2026-03-05|2026-03-06|2026-03-09|2026-03-10|2026-03-11|2026-03-12|2026-03-13|2026-03-16|2026-03-17|2026-03-18|2026-03-19|2026-03-20,2026-04-20 22:58:02,0.0
Sabre Corporation,,2026-03-09|2026-03-10|2026-03-11|2026-03-12|2026-03-13|2026-03-16|2026-03-17|2026-03-18|2026-03-19|2026-03-20|2026-03-23|2026-03-24|2026-03-25|2026-03-26|2026-03-27|2026-03-30|2026-03-31|2026-04-01|2026-04-02|2026-04-06|2026-04-07|2026-04-08|2026-04-09|2026-04-10|2026-04-13|2026-04-14|2026-04-15|2026-04-16|2026-04-17|2026-04-20,2026-04-20 22:58:02,0.0
Light & Wonder,,2026-03-06|2026-03-09|2026-03-10|2026-03-11|2026-03-12|2026-03-13|2026-03-16|2026-03-17|2026-03-18|2026-03-19|2026-03-20|2026-03-23|2026-03-24|2026-03-25|2026-03-26|2026-03-27|2026-03-30|2026-03-31|2026-04-01|2026-04-02|2026-04-06|2026-04-07|2026-04-08|2026-04-09|2026-04-10|2026-04-13|2026-04-14|2026-04-15|2026-04-16|2026-04-17,2026-04-20 22:58:02,0.0
Vail Resorts,,2026-03-09|2026-03-10|2026-03-11|2026-03-12|2026-03-13|2026-03-16|2026-03-17|2026-03-18|2026-03-19|2026-03-20|2026-03-23|2026-03-24|2026-03-25|2026-03-26|2026-03-27|2026-03-30|2026-03-31|2026-04-01|2026-04-02|2026-04-06|2026-04-07|2026-04-08|2026-04-09|2026-04-10|2026-04-13|2026-04-14|2026-04-15|2026-04-16|2026-04-17|2026-04-20,2026-04-20 22:58:02,0.0
PennyMac Financial Services,,2026-03-09|2026-03-10|2026-03-11|2026-03-12|2026-03-13|2026-03-16|2026-03-17|2026-03-18|2026-03-19|2026-03-20|2026-03-23|2026-03-24|2026-03-25|2026-03-26|2026-03-27|2026-03-30|2026-03-31|2026-04-01|2026-04-02|2026-04-06|2026-04-07|2026-04-08|2026-04-09|2026-04-10|2026-04-13|2026-04-14|2026-04-15|2026-04-16|2026-04-17|2026-04-20,2026-04-20 22:58:02,0.0
Saia Inc,,2026-03-09|2026-03-10|2026-03-11|2026-03-12|2026-03-13|2026-03-16|2026-03-17|2026-03-18|2026-03-19|2026-03-20|2026-03-23|2026-03-24|2026-03-25|2026-03-26|2026-03-27|2026-03-30|2026-03-31|2026-04-01|2026-04-02|2026-04-06|2026-04-07|2026-04-08|2026-04-09|2026-04-10|2026-04-13|2026-04-14|2026-04-15|2026-04-16|2026-04-17|2026-04-20,2026-04-20 22:58:02,0.0
Equity Residential,,2026-03-09|2026-03-10|2026-03-11|2026-03-12|2026-03-13|2026-03-16|2026-03-17|2026-03-18|2026-03-19|2026-03-20|2026-03-23|2026-03-24|2026-03-25|2026-03-26|2026-03-27|2026-03-30|2026-03-31|2026-04-01|2026-04-02|2026-04-06|2026-04-07|2026-04-08|2026-04-09|2026-04-10|2026-04-13|2026-04-14|2026-04-15|2026-04-16|2026-04-17|2026-04-20,2026-04-20 22:58:02,0.0
Helmerich & Payne,,2026-03-09|2026-03-10|2026-03-11|2026-03-12|2026-03-13|2026-03-16|2026-03-17|2026-03-18|2026-03-19|2026-03-20|2026-03-23|2026-03-24|2026-03-25|2026-03-26|2026-03-27|2026-03-30|2026-03-31|2026-04-01|2026-04-02|2026-04-06|2026-04-07|2026-04-08|2026-04-09|2026-04-10|2026-04-13|2026-04-14|2026-04-15|2026-04-16|2026-04-17|2026-04-20,2026-04-20 22:58:02,0.0
Korn Ferry,,2026-03-09|2026-03-10|2026-03-11|2026-03-12|2026-03-13|2026-03-16|2026-03-17|2026-03-18|2026-03-19|2026-03-20|2026-03-23|2026-03-24|2026-03-25|2026-03-26|2026-03-27|2026-03-30|2026-03-31|2026-04-01|2026-04-02|2026-04-06|2026-04-07|2026-04-08|2026-04-09|2026-04-10|2026-04-13|2026-04-14|2026-04-15|2026-04-16|2026-04-17|2026-04-20,2026-04-20 22:58:02,0.0
PC Connection Inc,,2026-03-09|2026-03-10|2026-03-11|2026-03-12|2026-03-13|2026-03-16|2026-03-17|2026-03-18|2026-03-19|2026-03-20|2026-03-23|2026-03-24|2026-03-25|2026-03-26|2026-03-27|2026-03-30|2026-03-31|2026-04-01|2026-04-02|2026-04-06|2026-04-07|2026-04-08|2026-04-09|2026-04-10|2026-04-13|2026-04-14|2026-04-15|2026-04-16|2026-04-17|2026-04-20,2026-04-20 22:58:02,0.0
Curtiss-Wright,,2026-03-09|2026-03-10|2026-03-11|2026-03-12|2026-03-13|2026-03-16|2026-03-17|2026-03-18|2026-03-19|2026-03-20|2026-03-23|2026-03-24|2026-03-25|2026-03-26|2026-03-27|2026-03-30|2026-03-31|2026-04-01|2026-04-02|2026-04-06|2026-04-07|2026-04-08|2026-04-09|2026-04-10|2026-04-13|2026-04-14|2026-04-15|2026-04-16|2026-04-17|2026-04-20,2026-04-20 22:58:02,0.0
Sallie Mae,,2026-03-09|2026-03-10|2026-03-11|2026-03-12|2026-03-13|2026-03-16|2026-03-17|2026-03-18|2026-03-19|2026-03-20|2026-03-23|2026-03-24|2026-03-25|2026-03-26|2026-03-27|2026-03-30|2026-03-31|2026-04-01|2026-04-02|2026-04-06|2026-04-07|2026-04-08|2026-04-09|2026-04-10|2026-04-13|2026-04-14|2026-04-15|2026-04-16|2026-04-17|2026-04-20,2026-04-20 22:58:02,0.0
Benchmark Electronics,,2026-03-09|2026-03-10|2026-03-11|2026-03-12|2026-03-13|2026-03-16|2026-03-17|2026-03-18|2026-03-19|2026-03-20|2026-03-23|2026-03-24|2026-03-25|2026-03-26|2026-03-27|2026-03-30|2026-03-31|2026-04-01|2026-04-02|2026-04-06|2026-04-07|2026-04-08|2026-04-09|2026-04-10|2026-04-13|2026-04-14|2026-04-15|2026-04-16|2026-04-17|2026-04-20,2026-04-20 22:58:02,0.0
Pure Storage,,2026-03-06|2026-03-09|2026-03-10|2026-03-11|2026-03-12|2026-03-13|2026-03-16|2026-03-17|2026-03-18|2026-03-19|2026-03-20|2026-03-23|2026-03-24|2026-03-25|2026-03-26|2026-03-27|2026-03-30|2026-03-31|2026-04-01|2026-04-02|2026-04-06|2026-04-07|2026-04-08|2026-04-09|2026-04-10|2026-04-13|2026-04-14|2026-04-15|2026-04-16|2026-04-17,2026-04-20 22:58:02,0.0
Knife River Corporation,,2026-03-09|2026-03-10|2026-03-11|2026-03-12|2026-03-13|2026-03-16|2026-03-17|2026-03-18|2026-03-19|2026-03-20|2026-03-23|2026-03-24|2026-03-25|2026-03-26|2026-03-27|2026-03-30|2026-03-31|2026-04-01|2026-04-02|2026-04-06|2026-04-07|2026-04-08|2026-04-09|2026-04-10|2026-04-13|2026-04-14|2026-04-15|2026-04-16|2026-04-17|2026-04-20,2026-04-20 22:58:02,0.0
Caleres Inc,,2026-03-09|2026-03-10|2026-03-11|2026-03-12|2026-03-13|2026-03-16|2026-03-17|2026-03-18|2026-03-19|2026-03-20|2026-03-23|2026-03-24|2026-03-25|2026-03-26|2026-03-27|2026-03-30|2026-03-31|2026-04-01|2026-04-02|2026-04-06|2026-04-07|2026-04-08|2026-04-09|2026-04-10|2026-04-13|2026-04-14|2026-04-15|2026-04-16|2026-04-17|2026-04-20,2026-04-20 22:58:02,0.0
BrightView Holdings,,2026-03-09|2026-03-10|2026-03-11|2026-03-12|2026-03-13|2026-03-16|2026-03-17|2026-03-18|2026-03-19|2026-03-20|2026-03-23|2026-03-24|2026-03-25|2026-03-26|2026-03-27|2026-03-30|2026-03-31|2026-04-01|2026-04-02|2026-04-06|2026-04-07|2026-04-08|2026-04-09|2026-04-10|2026-04-13|2026-04-14|2026-04-15|2026-04-16|2026-04-17|2026-04-20,2026-04-20 22:58:02,0.0
Cooper-Standard,,2026-03-09|2026-03-10|2026-03-11|2026-03-12|2026-03-13|2026-03-16|2026-03-17|2026-03-18|2026-03-19|2026-03-20|2026-03-23|2026-03-24|2026-03-25|2026-03-26|2026-03-27|2026-03-30|2026-03-31|2026-04-01|2026-04-02|2026-04-06|2026-04-07|2026-04-08|2026-04-09|2026-04-10|2026-04-13|2026-04-14|2026-04-15|2026-04-16|2026-04-17|2026-04-20,2026-04-20 22:58:02,0.0
Primerica,,2026-03-09|2026-03-10|2026-03-11|2026-03-12|2026-03-13|2026-03-16|2026-03-17|2026-03-18|2026-03-19|2026-03-20|2026-03-23|2026-03-24|2026-03-25|2026-03-26|2026-03-27|2026-03-30|2026-03-31|2026-04-01|2026-04-02|2026-04-06|2026-04-07|2026-04-08|2026-04-09|2026-04-10|2026-04-13|2026-04-14|2026-04-15|2026-04-16|2026-04-17|2026-04-20,2026-04-20 22:58:02,0.0
F5,,2026-03-09|2026-03-10|2026-03-11|2026-03-12|2026-03-13|2026-03-16|2026-03-17|2026-03-18|2026-03-19|2026-03-20|2026-03-23|2026-03-24|2026-03-25|2026-03-26|2026-03-27|2026-03-30|2026-03-31|2026-04-01|2026-04-02|2026-04-06|2026-04-07|2026-04-08|2026-04-09|2026-04-10|2026-04-13|2026-04-14|2026-04-15|2026-04-16|2026-04-17|2026-04-20,2026-04-20 22:58:02,0.0
Matador Resources,,2026-03-09|2026-03-10|2026-03-11|2026-03-12|2026-03-13|2026-03-16|2026-03-17|2026-03-18|2026-03-19|2026-03-20|2026-03-23|2026-03-24|2026-03-25|2026-03-26|2026-03-27|2026-03-30|2026-03-31|2026-04-01|2026-04-02|2026-04-06|2026-04-07|2026-04-08|2026-04-09|2026-04-10|2026-04-13|2026-04-14|2026-04-15|2026-04-16|2026-04-17|2026-04-20,2026-04-20 22:58:02,0.0
Snowflake Inc,,2026-03-09|2026-03-10|2026-03-11|2026-03-12|2026-03-13|2026-03-16|2026-03-17|2026-03-18|2026-03-19|2026-03-20|2026-03-23|2026-03-24|2026-03-25|2026-03-26|2026-03-27|2026-03-30|2026-03-31|2026-04-01|2026-04-02|2026-04-06|2026-04-07|2026-04-08|2026-04-09|2026-04-10|2026-04-13|2026-04-14|2026-04-15|2026-04-16|2026-04-17|2026-04-20,2026-04-20 22:58:02,0.0
Viasat,,2026-03-09|2026-03-10|2026-03-11|2026-03-12|2026-03-13|2026-03-16|2026-03-17|2026-03-18|2026-03-19|2026-03-20|2026-03-23|2026-03-24|2026-03-25|2026-03-26|2026-03-27|2026-03-30|2026-03-31|2026-04-01|2026-04-02|2026-04-06|2026-04-07|2026-04-08|2026-04-09|2026-04-10|2026-04-13|2026-04-14|2026-04-15|2026-04-16|2026-04-17|2026-04-20,2026-04-20 22:58:02,0.0
California Resources,,2026-03-09|2026-03-10|2026-03-11|2026-03-12|2026-03-13|2026-03-16|2026-03-17|2026-03-18|2026-03-19|2026-03-20|2026-03-23|2026-03-24|2026-03-25|2026-03-26|2026-03-27|2026-03-30|2026-03-31|2026-04-01|2026-04-02|2026-04-06|2026-04-07|2026-04-08|2026-04-09|2026-04-10|2026-04-13|2026-04-14|2026-04-15|2026-04-16|2026-04-17|2026-04-20,2026-04-20 22:58:02,0.0
Peloton Interactive,,2026-03-09|2026-03-10|2026-03-11|2026-03-12|2026-03-13|2026-03-16|2026-03-17|2026-03-18|2026-03-19|2026-03-20|2026-03-23|2026-03-24|2026-03-25|2026-03-26|2026-03-27|2026-03-30|2026-03-31|2026-04-01|2026-04-02|2026-04-06|2026-04-07|2026-04-08|2026-04-09|2026-04-10|2026-04-13|2026-04-14|2026-04-15|2026-04-16|2026-04-17|2026-04-20,2026-04-20 22:58:02,0.0
Roblox,,2026-03-09|2026-03-10|2026-03-11|2026-03-12|2026-03-13|2026-03-16|2026-03-17|2026-03-18|2026-03-19|2026-03-20|2026-03-23|2026-03-24|2026-03-25|2026-03-26|2026-03-27|2026-03-30|2026-03-31|2026-04-01|2026-04-02|2026-04-06|2026-04-07|2026-04-08|2026-04-09|2026-04-10|2026-04-13|2026-04-14|2026-04-15|2026-04-16|2026-04-17|2026-04-20,2026-04-20 22:58:02,0.0
Installed Building Products,,2026-03-09|2026-03-10|2026-03-11|2026-03-12|2026-03-13|2026-03-16|2026-03-17|2026-03-18|2026-03-19|2026-03-20|2026-03-23|2026-03-24|2026-03-25|2026-03-26|2026-03-27|2026-03-30|2026-03-31|2026-04-01|2026-04-02|2026-04-06|2026-04-07|2026-04-08|2026-04-09|2026-04-10|2026-04-13|2026-04-14|2026-04-15|2026-04-16|2026-04-17|2026-04-20,2026-04-20 22:58:02,0.0
First National of Nebraska,,2026-03-06|2026-03-09|2026-03-10|2026-03-11|2026-03-12|2026-03-13|2026-03-16|2026-03-17|2026-03-18|2026-03-19|2026-03-20|2026-03-23|2026-03-24|2026-03-25|2026-03-26|2026-03-27|2026-03-30|2026-03-31|2026-04-01|2026-04-02|2026-04-06|2026-04-07|2026-04-08|2026-04-09|2026-04-10|2026-04-13|2026-04-14|2026-04-15|2026-04-16|2026-04-17,2026-04-20 22:58:02,0.0
ESAB,,2026-03-09|2026-03-10|2026-03-11|2026-03-12|2026-03-13|2026-03-16|2026-03-17|2026-03-18|2026-03-19|2026-03-20|2026-03-23|2026-03-24|2026-03-25|2026-03-26|2026-03-27|2026-03-30|2026-03-31|2026-04-01|2026-04-02|2026-04-06|2026-04-07|2026-04-08|2026-04-09|2026-04-10|2026-04-13|2026-04-14|2026-04-15|2026-04-16|2026-04-17|2026-04-20,2026-04-20 22:58:02,0.0
AvalonBay Communities,,2026-03-09|2026-03-10|2026-03-11|2026-03-12|2026-03-13|2026-03-16|2026-03-17|2026-03-18|2026-03-19|2026-03-20|2026-03-23|2026-03-24|2026-03-25|2026-03-26|2026-03-27|2026-03-30|2026-03-31|2026-04-01|2026-04-02|2026-04-06|2026-04-07|2026-04-08|2026-04-09|2026-04-10|2026-04-13|2026-04-14|2026-04-15|2026-04-16|2026-04-17|2026-04-20,2026-04-20 22:58:02,0.0
DocuSign,,2026-03-09|2026-03-10|2026-03-11|2026-03-12|2026-03-13|2026-03-16|2026-03-17|2026-03-18|2026-03-19|2026-03-20|2026-03-23|2026-03-24|2026-03-25|2026-03-26|2026-03-27|2026-03-30|2026-03-31|2026-04-01|2026-04-02|2026-04-06|2026-04-07|2026-04-08|2026-04-09|2026-04-10|2026-04-13|2026-04-14|2026-04-15|2026-04-16|2026-04-17|2026-04-20,2026-04-20 22:58:02,0.0
Titan Machinery,,2026-03-09|2026-03-10|2026-03-11|2026-03-12|2026-03-13|2026-03-16|2026-03-17|2026-03-18|2026-03-19|2026-03-20|2026-03-23|2026-03-24|2026-03-25|2026-03-26|2026-03-27|2026-03-30|2026-03-31|2026-04-01|2026-04-02|2026-04-06|2026-04-07|2026-04-08|2026-04-09|2026-04-10|2026-04-13|2026-04-14|2026-04-15|2026-04-16|2026-04-17|2026-04-20,2026-04-20 22:58:02,0.0
ModivCare,,2026-03-06|2026-03-09|2026-03-10|2026-03-11|2026-03-12|2026-03-13|2026-03-16|2026-03-17|2026-03-18|2026-03-19|2026-03-20|2026-03-23|2026-03-24|2026-03-25|2026-03-26|2026-03-27|2026-03-30|2026-03-31|2026-04-01|2026-04-02|2026-04-06|2026-04-07|2026-04-08|2026-04-09|2026-04-10|2026-04-13|2026-04-14|2026-04-15|2026-04-16|2026-04-17,2026-04-20 22:58:02,0.0
Hovnanian Enterprises,,2026-03-09|2026-03-10|2026-03-11|2026-03-12|2026-03-13|2026-03-16|2026-03-17|2026-03-18|2026-03-19|2026-03-20|2026-03-23|2026-03-24|2026-03-25|2026-03-26|2026-03-27|2026-03-30|2026-03-31|2026-04-01|2026-04-02|2026-04-06|2026-04-07|2026-04-08|2026-04-09|2026-04-10|2026-04-13|2026-04-14|2026-04-15|2026-04-16|2026-04-17|2026-04-20,2026-04-20 22:58:02,0.0
Etsy,,2026-03-09|2026-03-10|2026-03-11|2026-03-12|2026-03-13|2026-03-16|2026-03-17|2026-03-18|2026-03-19|2026-03-20|2026-03-23|2026-03-24|2026-03-25|2026-03-26|2026-03-27|2026-03-30|2026-03-31|2026-04-01|2026-04-02|2026-04-06|2026-04-07|2026-04-08|2026-04-09|2026-04-10|2026-04-13|2026-04-14|2026-04-15|2026-04-16|2026-04-17|2026-04-20,2026-04-20 22:58:02,0.0
Surgery Partners,,2026-03-09|2026-03-10|2026-03-11|2026-03-12|2026-03-13|2026-03-16|2026-03-17|2026-03-18|2026-03-19|2026-03-20|2026-03-23|2026-03-24|2026-03-25|2026-03-26|2026-03-27|2026-03-30|2026-03-31|2026-04-01|2026-04-02|2026-04-06|2026-04-07|2026-04-08|2026-04-09|2026-04-10|2026-04-13|2026-04-14|2026-04-15|2026-04-16|2026-04-17|2026-04-20,2026-04-20 22:58:02,0.0
Columbia Banking System,,2026-03-09|2026-03-10|2026-03-11|2026-03-12|2026-03-13|2026-03-16|2026-03-17|2026-03-18|2026-03-19|2026-03-20|2026-03-23|2026-03-24|2026-03-25|2026-03-26|2026-03-27|2026-03-30|2026-03-31|2026-04-01|2026-04-02|2026-04-06|2026-04-07|2026-04-08|2026-04-09|2026-04-10|2026-04-13|2026-04-14|2026-04-15|2026-04-16|2026-04-17|2026-04-20,2026-04-20 22:58:02,0.0
Verisk Analytics,,2026-03-09|2026-03-10|2026-03-11|2026-03-12|2026-03-13|2026-03-16|2026-03-17|2026-03-18|2026-03-19|2026-03-20|2026-03-23|2026-03-24|2026-03-25|2026-03-26|2026-03-27|2026-03-30|2026-03-31|2026-04-01|2026-04-02|2026-04-06|2026-04-07|2026-04-08|2026-04-09|2026-04-10|2026-04-13|2026-04-14|2026-04-15|2026-04-16|2026-04-17|2026-04-20,2026-04-20 22:58:02,0.0
MasterBrand,,2026-03-09|2026-03-10|2026-03-11|2026-03-12|2026-03-13|2026-03-16|2026-03-17|2026-03-18|2026-03-19|2026-03-20|2026-03-23|2026-03-24|2026-03-25|2026-03-26|2026-03-27|2026-03-30|2026-03-31|2026-04-01|2026-04-02|2026-04-06|2026-04-07|2026-04-08|2026-04-09|2026-04-10|2026-04-13|2026-04-14|2026-04-15|2026-04-16|2026-04-17|2026-04-20,2026-04-20 22:58:02,0.0
AMC Networks,,2026-03-09|2026-03-10|2026-03-11|2026-03-12|2026-03-13|2026-03-16|2026-03-17|2026-03-18|2026-03-19|2026-03-20|2026-03-23|2026-03-24|2026-03-25|2026-03-26|2026-03-27|2026-03-30|2026-03-31|2026-04-01|2026-04-02|2026-04-06|2026-04-07|2026-04-08|2026-04-09|2026-04-10|2026-04-13|2026-04-14|2026-04-15|2026-04-16|2026-04-17|2026-04-20,2026-04-20 22:58:02,0.0
SBA Communications,,2026-03-09|2026-03-10|2026-03-11|2026-03-12|2026-03-13|2026-03-16|2026-03-17|2026-03-18|2026-03-19|2026-03-20|2026-03-23|2026-03-24|2026-03-25|2026-03-26|2026-03-27|2026-03-30|2026-03-31|2026-04-01|2026-04-02|2026-04-06|2026-04-07|2026-04-08|2026-04-09|2026-04-10|2026-04-13|2026-04-14|2026-04-15|2026-04-16|2026-04-17|2026-04-20,2026-04-20 22:58:02,0.0
Americold Realty Trust,,2026-03-09|2026-03-10|2026-03-11|2026-03-12|2026-03-13|2026-03-16|2026-03-17|2026-03-18|2026-03-19|2026-03-20|2026-03-23|2026-03-24|2026-03-25|2026-03-26|2026-03-27|2026-03-30|2026-03-31|2026-04-01|2026-04-02|2026-04-06|2026-04-07|2026-04-08|2026-04-09|2026-04-10|2026-04-13|2026-04-14|2026-04-15|2026-04-16|2026-04-17|2026-04-20,2026-04-20 22:58:02,0.0
NewMarket Corporation,,2026-03-09|2026-03-10|2026-03-11|2026-03-12|2026-03-13|2026-03-16|2026-03-17|2026-03-18|2026-03-19|2026-03-20|2026-03-23|2026-03-24|2026-03-25|2026-03-26|2026-03-27|2026-03-30|2026-03-31|2026-04-01|2026-04-02|2026-04-06|2026-04-07|2026-04-08|2026-04-09|2026-04-10|2026-04-13|2026-04-14|2026-04-15|2026-04-16|2026-04-17|2026-04-20,2026-04-20 22:58:02,0.0
Park Hotels & Resorts,,2026-03-09|2026-03-10|2026-03-11|2026-03-12|2026-03-13|2026-03-16|2026-03-17|2026-03-18|2026-03-19|2026-03-20|2026-03-23|2026-03-24|2026-03-25|2026-03-26|2026-03-27|2026-03-30|2026-03-31|2026-04-01|2026-04-02|2026-04-06|2026-04-07|2026-04-08|2026-04-09|2026-04-10|2026-04-13|2026-04-14|2026-04-15|2026-04-16|2026-04-17|2026-04-20,2026-04-20 22:58:02,0.0
Alexandria Real Estate Equities,,2026-03-09|2026-03-10|2026-03-11|2026-03-12|2026-03-13|2026-03-16|2026-03-17|2026-03-18|2026-03-19|2026-03-20|2026-03-23|2026-03-24|2026-03-25|2026-03-26|2026-03-27|2026-03-30|2026-03-31|2026-04-01|2026-04-02|2026-04-06|2026-04-07|2026-04-08|2026-04-09|2026-04-10|2026-04-13|2026-04-14|2026-04-15|2026-04-16|2026-04-17|2026-04-20,2026-04-20 22:58:02,0.0
Griffon Corporation,,2026-03-09|2026-03-10|2026-03-11|2026-03-12|2026-03-13|2026-03-16|2026-03-17|2026-03-18|2026-03-19|2026-03-20|2026-03-23|2026-03-24|2026-03-25|2026-03-26|2026-03-27|2026-03-30|2026-03-31|2026-04-01|2026-04-02|2026-04-06|2026-04-07|2026-04-08|2026-04-09|2026-04-10|2026-04-13|2026-04-14|2026-04-15|2026-04-16|2026-04-17|2026-04-20,2026-04-20 22:58:02,0.0
Air Lease,,2026-02-25|2026-02-26|2026-02-27|2026-03-02|2026-03-03|2026-03-04|2026-03-05|2026-03-06|2026-03-09|2026-03-10|2026-03-11|2026-03-12|2026-03-13|2026-03-16|2026-03-17|2026-03-18|2026-03-19|2026-03-20|2026-03-23|2026-03-24|2026-03-25|2026-03-26|2026-03-27|2026-03-30|2026-03-31|2026-04-01|2026-04-02|2026-04-06|2026-04-07|2026-04-08,2026-04-20 22:58:02,0.0
UL Solutions,,2026-03-09|2026-03-10|2026-03-11|2026-03-12|2026-03-13|2026-03-16|2026-03-17|2026-03-18|2026-03-19|2026-03-20|2026-03-23|2026-03-24|2026-03-25|2026-03-26|2026-03-27|2026-03-30|2026-03-31|2026-04-01|2026-04-02|2026-04-06|2026-04-07|2026-04-08|2026-04-09|2026-04-10|2026-04-13|2026-04-14|2026-04-15|2026-04-16|2026-04-17|2026-04-20,2026-04-20 22:58:02,0.0
Teradyne,,2026-03-09|2026-03-10|2026-03-11|2026-03-12|2026-03-13|2026-03-16|2026-03-17|2026-03-18|2026-03-19|2026-03-20|2026-03-23|2026-03-24|2026-03-25|2026-03-26|2026-03-27|2026-03-30|2026-03-31|2026-04-01|2026-04-02|2026-04-06|2026-04-07|2026-04-08|2026-04-09|2026-04-10|2026-04-13|2026-04-14|2026-04-15|2026-04-16|2026-04-17|2026-04-20,2026-04-20 22:58:02,0.0
OGE Energy,,2026-03-09|2026-03-10|2026-03-11|2026-03-12|2026-03-13|2026-03-16|2026-03-17|2026-03-18|2026-03-19|2026-03-20|2026-03-23|2026-03-24|2026-03-25|2026-03-26|2026-03-27|2026-03-30|2026-03-31|2026-04-01|2026-04-02|2026-04-06|2026-04-07|2026-04-08|2026-04-09|2026-04-10|2026-04-13|2026-04-14|2026-04-15|2026-04-16|2026-04-17|2026-04-20,2026-04-20 22:58:02,0.0
Bio-Rad Laboratories,,2026-03-09|2026-03-10|2026-03-11|2026-03-12|2026-03-13|2026-03-16|2026-03-17|2026-03-18|2026-03-19|2026-03-20|2026-03-23|2026-03-24|2026-03-25|2026-03-26|2026-03-27|2026-03-30|2026-03-31|2026-04-01|2026-04-02|2026-04-06|2026-04-07|2026-04-08|2026-04-09|2026-04-10|2026-04-13|2026-04-14|2026-04-15|2026-04-16|2026-04-17|2026-04-20,2026-04-20 22:58:02,0.0
Spire Inc,,2026-03-09|2026-03-10|2026-03-11|2026-03-12|2026-03-13|2026-03-16|2026-03-17|2026-03-18|2026-03-19|2026-03-20|2026-03-23|2026-03-24|2026-03-25|2026-03-26|2026-03-27|2026-03-30|2026-03-31|2026-04-01|2026-04-02|2026-04-06|2026-04-07|2026-04-08|2026-04-09|2026-04-10|2026-04-13|2026-04-14|2026-04-15|2026-04-16|2026-04-17|2026-04-20,2026-04-20 22:58:02,0.0
Cullen Frost Bankers,,2026-03-09|2026-03-10|2026-03-11|2026-03-12|2026-03-13|2026-03-16|2026-03-17|2026-03-18|2026-03-19|2026-03-20|2026-03-23|2026-03-24|2026-03-25|2026-03-26|2026-03-27|2026-03-30|2026-03-31|2026-04-01|2026-04-02|2026-04-06|2026-04-07|2026-04-08|2026-04-09|2026-04-10|2026-04-13|2026-04-14|2026-04-15|2026-04-16|2026-04-17|2026-04-20,2026-04-20 22:58:02,0.0
Extra Space Storage,,2026-03-09|2026-03-10|2026-03-11|2026-03-12|2026-03-13|2026-03-16|2026-03-17|2026-03-18|2026-03-19|2026-03-20|2026-03-23|2026-03-24|2026-03-25|2026-03-26|2026-03-27|2026-03-30|2026-03-31|2026-04-01|2026-04-02|2026-04-06|2026-04-07|2026-04-08|2026-04-09|2026-04-10|2026-04-13|2026-04-14|2026-04-15|2026-04-16|2026-04-17|2026-04-20,2026-04-20 22:58:02,0.0
ProFrac Holding,,2026-03-09|2026-03-10|2026-03-11|2026-03-12|2026-03-13|2026-03-16|2026-03-17|2026-03-18|2026-03-19|2026-03-20|2026-03-23|2026-03-24|2026-03-25|2026-03-26|2026-03-27|2026-03-30|2026-03-31|2026-04-01|2026-04-02|2026-04-06|2026-04-07|2026-04-08|2026-04-09|2026-04-10|2026-04-13|2026-04-14|2026-04-15|2026-04-16|2026-04-17|2026-04-20,2026-04-20 22:58:02,0.0
Nordson,,2026-03-09|2026-03-10|2026-03-11|2026-03-12|2026-03-13|2026-03-16|2026-03-17|2026-03-18|2026-03-19|2026-03-20|2026-03-23|2026-03-24|2026-03-25|2026-03-26|2026-03-27|2026-03-30|2026-03-31|2026-04-01|2026-04-02|2026-04-06|2026-04-07|2026-04-08|2026-04-09|2026-04-10|2026-04-13|2026-04-14|2026-04-15|2026-04-16|2026-04-17|2026-04-20,2026-04-20 22:58:02,0.0
Valvoline Inc,,2026-03-09|2026-03-10|2026-03-11|2026-03-12|2026-03-13|2026-03-16|2026-03-17|2026-03-18|2026-03-19|2026-03-20|2026-03-23|2026-03-24|2026-03-25|2026-03-26|2026-03-27|2026-03-30|2026-03-31|2026-04-01|2026-04-02|2026-04-06|2026-04-07|2026-04-08|2026-04-09|2026-04-10|2026-04-13|2026-04-14|2026-04-15|2026-04-16|2026-04-17|2026-04-20,2026-04-20 22:58:02,0.0
Kontoor Brands,,2026-03-09|2026-03-10|2026-03-11|2026-03-12|2026-03-13|2026-03-16|2026-03-17|2026-03-18|2026-03-19|2026-03-20|2026-03-23|2026-03-24|2026-03-25|2026-03-26|2026-03-27|2026-03-30|2026-03-31|2026-04-01|2026-04-02|2026-04-06|2026-04-07|2026-04-08|2026-04-09|2026-04-10|2026-04-13|2026-04-14|2026-04-15|2026-04-16|2026-04-17|2026-04-20,2026-04-20 22:58:02,0.0
Skyline Champion,,2026-03-09|2026-03-10|2026-03-11|2026-03-12|2026-03-13|2026-03-16|2026-03-17|2026-03-18|2026-03-19|2026-03-20|2026-03-23|2026-03-24|2026-03-25|2026-03-26|2026-03-27|2026-03-30|2026-03-31|2026-04-01|2026-04-02|2026-04-06|2026-04-07|2026-04-08|2026-04-09|2026-04-10|2026-04-13|2026-04-14|2026-04-15|2026-04-16|2026-04-17|2026-04-20,2026-04-20 22:58:02,0.0
Teladoc Health,,2026-03-09|2026-03-10|2026-03-11|2026-03-12|2026-03-13|2026-03-16|2026-03-17|2026-03-18|2026-03-19|2026-03-20|2026-03-23|2026-03-24|2026-03-25|2026-03-26|2026-03-27|2026-03-30|2026-03-31|2026-04-01|2026-04-02|2026-04-06|2026-04-07|2026-04-08|2026-04-09|2026-04-10|2026-04-13|2026-04-14|2026-04-15|2026-04-16|2026-04-17|2026-04-20,2026-04-20 22:58:02,0.0
Louisiana-Pacific Corporation,,2026-03-09|2026-03-10|2026-03-11|2026-03-12|2026-03-13|2026-03-16|2026-03-17|2026-03-18|2026-03-19|2026-03-20|2026-03-23|2026-03-24|2026-03-25|2026-03-26|2026-03-27|2026-03-30|2026-03-31|2026-04-01|2026-04-02|2026-04-06|2026-04-07|2026-04-08|2026-04-09|2026-04-10|2026-04-13|2026-04-14|2026-04-15|2026-04-16|2026-04-17|2026-04-20,2026-04-20 22:58:02,0.0
Universal Corporation,,2026-03-09|2026-03-10|2026-03-11|2026-03-12|2026-03-13|2026-03-16|2026-03-17|2026-03-18|2026-03-19|2026-03-20|2026-03-23|2026-03-24|2026-03-25|2026-03-26|2026-03-27|2026-03-30|2026-03-31|2026-04-01|2026-04-02|2026-04-06|2026-04-07|2026-04-08|2026-04-09|2026-04-10|2026-04-13|2026-04-14|2026-04-15|2026-04-16|2026-04-17|2026-04-20,2026-04-20 22:58:02,0.0
Playtika Holding,,2026-03-09|2026-03-10|2026-03-11|2026-03-12|2026-03-13|2026-03-16|2026-03-17|2026-03-18|2026-03-19|2026-03-20|2026-03-23|2026-03-24|2026-03-25|2026-03-26|2026-03-27|2026-03-30|2026-03-31|2026-04-01|2026-04-02|2026-04-06|2026-04-07|2026-04-08|2026-04-09|2026-04-10|2026-04-13|2026-04-14|2026-04-15|2026-04-16|2026-04-17|2026-04-20,2026-04-20 22:58:02,0.0
Alliance Resource Partners,,2026-03-09|2026-03-10|2026-03-11|2026-03-12|2026-03-13|2026-03-16|2026-03-17|2026-03-18|2026-03-19|2026-03-20|2026-03-23|2026-03-24|2026-03-25|2026-03-26|2026-03-27|2026-03-30|2026-03-31|2026-04-01|2026-04-02|2026-04-06|2026-04-07|2026-04-08|2026-04-09|2026-04-10|2026-04-13|2026-04-14|2026-04-15|2026-04-16|2026-04-17|2026-04-20,2026-04-20 22:58:02,0.0
Envista,,2026-03-09|2026-03-10|2026-03-11|2026-03-12|2026-03-13|2026-03-16|2026-03-17|2026-03-18|2026-03-19|2026-03-20|2026-03-23|2026-03-24|2026-03-25|2026-03-26|2026-03-27|2026-03-30|2026-03-31|2026-04-01|2026-04-02|2026-04-06|2026-04-07|2026-04-08|2026-04-09|2026-04-10|2026-04-13|2026-04-14|2026-04-15|2026-04-16|2026-04-17|2026-04-20,2026-04-20 22:58:02,0.0
Shift4 Payments,,2026-03-09|2026-03-10|2026-03-11|2026-03-12|2026-03-13|2026-03-16|2026-03-17|2026-03-18|2026-03-19|2026-03-20|2026-03-23|2026-03-24|2026-03-25|2026-03-26|2026-03-27|2026-03-30|2026-03-31|2026-04-01|2026-04-02|2026-04-06|2026-04-07|2026-04-08|2026-04-09|2026-04-10|2026-04-13|2026-04-14|2026-04-15|2026-04-16|2026-04-17|2026-04-20,2026-04-20 22:58:02,0.0
Talen Energy,,2026-03-06|2026-03-09|2026-03-10|2026-03-11|2026-03-12|2026-03-13|2026-03-16|2026-03-17|2026-03-18|2026-03-19|2026-03-20|2026-03-23|2026-03-24|2026-03-25|2026-03-26|2026-03-27|2026-03-30|2026-03-31|2026-04-01|2026-04-02|2026-04-06|2026-04-07|2026-04-08|2026-04-09|2026-04-10|2026-04-13|2026-04-14|2026-04-15|2026-04-16|2026-04-17,2026-04-20 22:58:02,0.0
Carpenter Technology,,2026-03-09|2026-03-10|2026-03-11|2026-03-12|2026-03-13|2026-03-16|2026-03-17|2026-03-18|2026-03-19|2026-03-20|2026-03-23|2026-03-24|2026-03-25|2026-03-26|2026-03-27|2026-03-30|2026-03-31|2026-04-01|2026-04-02|2026-04-06|2026-04-07|2026-04-08|2026-04-09|2026-04-10|2026-04-13|2026-04-14|2026-04-15|2026-04-16|2026-04-17|2026-04-20,2026-04-20 22:58:02,0.0
WEX,,2026-03-09|2026-03-10|2026-03-11|2026-03-12|2026-03-13|2026-03-16|2026-03-17|2026-03-18|2026-03-19|2026-03-20|2026-03-23|2026-03-24|2026-03-25|2026-03-26|2026-03-27|2026-03-30|2026-03-31|2026-04-01|2026-04-02|2026-04-06|2026-04-07|2026-04-08|2026-04-09|2026-04-10|2026-04-13|2026-04-14|2026-04-15|2026-04-16|2026-04-17|2026-04-20,2026-04-20 22:58:02,0.0
Old National Bancorp,,2026-03-09|2026-03-10|2026-03-11|2026-03-12|2026-03-13|2026-03-16|2026-03-17|2026-03-18|2026-03-19|2026-03-20|2026-03-23|2026-03-24|2026-03-25|2026-03-26|2026-03-27|2026-03-30|2026-03-31|2026-04-01|2026-04-02|2026-04-06|2026-04-07|2026-04-08|2026-04-09|2026-04-10|2026-04-13|2026-04-14|2026-04-15|2026-04-16|2026-04-17|2026-04-20,2026-04-20 22:58:02,0.0
AGNC Investment,,2026-03-09|2026-03-10|2026-03-11|2026-03-12|2026-03-13|2026-03-16|2026-03-17|2026-03-18|2026-03-19|2026-03-20|2026-03-23|2026-03-24|2026-03-25|2026-03-26|2026-03-27|2026-03-30|2026-03-31|2026-04-01|2026-04-02|2026-04-06|2026-04-07|2026-04-08|2026-04-09|2026-04-10|2026-04-13|2026-04-14|2026-04-15|2026-04-16|2026-04-17|2026-04-20,2026-04-20 22:58:02,0.0
Wabash National,,2026-03-09|2026-03-10|2026-03-11|2026-03-12|2026-03-13|2026-03-16|2026-03-17|2026-03-18|2026-03-19|2026-03-20|2026-03-23|2026-03-24|2026-03-25|2026-03-26|2026-03-27|2026-03-30|2026-03-31|2026-04-01|2026-04-02|2026-04-06|2026-04-07|2026-04-08|2026-04-09|2026-04-10|2026-04-13|2026-04-14|2026-04-15|2026-04-16|2026-04-17|2026-04-20,2026-04-20 22:58:02,0.0
MSCI,,2026-03-09|2026-03-10|2026-03-11|2026-03-12|2026-03-13|2026-03-16|2026-03-17|2026-03-18|2026-03-19|2026-03-20|2026-03-23|2026-03-24|2026-03-25|2026-03-26|2026-03-27|2026-03-30|2026-03-31|2026-04-01|2026-04-02|2026-04-06|2026-04-07|2026-04-08|2026-04-09|2026-04-10|2026-04-13|2026-04-14|2026-04-15|2026-04-16|2026-04-17|2026-04-20,2026-04-20 22:58:02,0.0
Stagwell,,2026-03-09|2026-03-10|2026-03-11|2026-03-12|2026-03-13|2026-03-16|2026-03-17|2026-03-18|2026-03-19|2026-03-20|2026-03-23|2026-03-24|2026-03-25|2026-03-26|2026-03-27|2026-03-30|2026-03-31|2026-04-01|2026-04-02|2026-04-06|2026-04-07|2026-04-08|2026-04-09|2026-04-10|2026-04-13|2026-04-14|2026-04-15|2026-04-16|2026-04-17|2026-04-20,2026-04-20 22:58:02,0.0
Mativ,,2026-03-09|2026-03-10|2026-03-11|2026-03-12|2026-03-13|2026-03-16|2026-03-17|2026-03-18|2026-03-19|2026-03-20|2026-03-23|2026-03-24|2026-03-25|2026-03-26|2026-03-27|2026-03-30|2026-03-31|2026-04-01|2026-04-02|2026-04-06|2026-04-07|2026-04-08|2026-04-09|2026-04-10|2026-04-13|2026-04-14|2026-04-15|2026-04-16|2026-04-17|2026-04-20,2026-04-20 22:58:02,0.0
Belden,,2026-03-09|2026-03-10|2026-03-11|2026-03-12|2026-03-13|2026-03-16|2026-03-17|2026-03-18|2026-03-19|2026-03-20|2026-03-23|2026-03-24|2026-03-25|2026-03-26|2026-03-27|2026-03-30|2026-03-31|2026-04-01|2026-04-02|2026-04-06|2026-04-07|2026-04-08|2026-04-09|2026-04-10|2026-04-13|2026-04-14|2026-04-15|2026-04-16|2026-04-17|2026-04-20,2026-04-20 22:58:02,0.0
Allegiant Travel Company,,2026-03-09|2026-03-10|2026-03-11|2026-03-12|2026-03-13|2026-03-16|2026-03-17|2026-03-18|2026-03-19|2026-03-20|2026-03-23|2026-03-24|2026-03-25|2026-03-26|2026-03-27|2026-03-30|2026-03-31|2026-04-01|2026-04-02|2026-04-06|2026-04-07|2026-04-08|2026-04-09|2026-04-10|2026-04-13|2026-04-14|2026-04-15|2026-04-16|2026-04-17|2026-04-20,2026-04-20 22:58:02,0.0
Dropbox,,2026-03-09|2026-03-10|2026-03-11|2026-03-12|2026-03-13|2026-03-16|2026-03-17|2026-03-18|2026-03-19|2026-03-20|2026-03-23|2026-03-24|2026-03-25|2026-03-26|2026-03-27|2026-03-30|2026-03-31|2026-04-01|2026-04-02|2026-04-06|2026-04-07|2026-04-08|2026-04-09|2026-04-10|2026-04-13|2026-04-14|2026-04-15|2026-04-16|2026-04-17|2026-04-20,2026-04-20 22:58:02,0.0
Exact Sciences,,2026-02-09|2026-02-10|2026-02-11|2026-02-12|2026-02-13|2026-02-17|2026-02-18|2026-02-19|2026-02-20|2026-02-23|2026-02-24|2026-02-25|2026-02-26|2026-02-27|2026-03-02|2026-03-03|2026-03-04|2026-03-05|2026-03-06|2026-03-09|2026-03-10|2026-03-11|2026-03-12|2026-03-13|2026-03-16|2026-03-17|2026-03-18|2026-03-19|2026-03-20|2026-03-23,2026-04-20 22:58:02,0.0
BWX Technologies,,2026-03-09|2026-03-10|2026-03-11|2026-03-12|2026-03-13|2026-03-16|2026-03-17|2026-03-18|2026-03-19|2026-03-20|2026-03-23|2026-03-24|2026-03-25|2026-03-26|2026-03-27|2026-03-30|2026-03-31|2026-04-01|2026-04-02|2026-04-06|2026-04-07|2026-04-08|2026-04-09|2026-04-10|2026-04-13|2026-04-14|2026-04-15|2026-04-16|2026-04-17|2026-04-20,2026-04-20 22:58:02,0.0
Clear Channel Outdoor Hldgs,,2026-03-09|2026-03-10|2026-03-11|2026-03-12|2026-03-13|2026-03-16|2026-03-17|2026-03-18|2026-03-19|2026-03-20|2026-03-23|2026-03-24|2026-03-25|2026-03-26|2026-03-27|2026-03-30|2026-03-31|2026-04-01|2026-04-02|2026-04-06|2026-04-07|2026-04-08|2026-04-09|2026-04-10|2026-04-13|2026-04-14|2026-04-15|2026-04-16|2026-04-17|2026-04-20,2026-04-20 22:58:02,0.0
