company,trends_history,date_history,last_updated,avg_interest
Walmart,62|66|62|67|65|64|63|66|67|67|67|63|70|66|66|68|71|60|64|66|68|67|63|60|64|64|60|65|58|60,2026-06-09|2026-06-10|2026-06-11|2026-06-12|2026-06-15|2026-06-16|2026-06-17|2026-06-18|2026-06-22|2026-06-23|2026-06-24|2026-06-25|2026-06-26|2026-06-29|2026-06-30|2026-07-01|2026-07-02|2026-07-06|2026-07-07|2026-07-08|2026-07-09|2026-07-10|2026-07-13|2026-07-14|2026-07-15|2026-07-16|2026-07-17|2026-07-20|2026-07-21|2026-07-22,2026-07-22 23:10:38,64.6
Amazon,80|80|73|75|79|83|77|78|79|100|100|91|95|79|77|74|79|72|76|78|75|71|73|69|71|72|71|79|79|75,2026-06-09|2026-06-10|2026-06-11|2026-06-12|2026-06-15|2026-06-16|2026-06-17|2026-06-18|2026-06-22|2026-06-23|2026-06-24|2026-06-25|2026-06-26|2026-06-29|2026-06-30|2026-07-01|2026-07-02|2026-07-06|2026-07-07|2026-07-08|2026-07-09|2026-07-10|2026-07-13|2026-07-14|2026-07-15|2026-07-16|2026-07-17|2026-07-20|2026-07-21|2026-07-22,2026-07-22 23:10:41,78.7
UnitedHealth,88|74|66|61|65|80|91|77|86|100|78|41|57|77|64|83|51|55|70|80|49|45|46|69|46|85|47|39|64|40,2026-06-09|2026-06-10|2026-06-11|2026-06-12|2026-06-15|2026-06-16|2026-06-17|2026-06-18|2026-06-22|2026-06-23|2026-06-24|2026-06-25|2026-06-26|2026-06-29|2026-06-30|2026-07-01|2026-07-02|2026-07-06|2026-07-07|2026-07-08|2026-07-09|2026-07-10|2026-07-13|2026-07-14|2026-07-15|2026-07-16|2026-07-17|2026-07-20|2026-07-21|2026-07-22,2026-07-22 23:10:45,65.8
Apple,93|97|90|90|91|89|86|90|91|100|95|92|83|79|76|74|77|70|68|66|65|66|68|61|64|63|66|65|59|65,2026-06-09|2026-06-10|2026-06-11|2026-06-12|2026-06-15|2026-06-16|2026-06-17|2026-06-18|2026-06-22|2026-06-23|2026-06-24|2026-06-25|2026-06-26|2026-06-29|2026-06-30|2026-07-01|2026-07-02|2026-07-06|2026-07-07|2026-07-08|2026-07-09|2026-07-10|2026-07-13|2026-07-14|2026-07-15|2026-07-16|2026-07-17|2026-07-20|2026-07-21|2026-07-22,2026-07-22 23:10:49,78.0
CVS Health,85|100|87|85|84|81|86|97|78|91|88|88|44|48|49|49|46|43|46|36|31|25|28|27|25|25|22|27|26|25,2026-06-09|2026-06-10|2026-06-11|2026-06-12|2026-06-15|2026-06-16|2026-06-17|2026-06-18|2026-06-22|2026-06-23|2026-06-24|2026-06-25|2026-06-26|2026-06-29|2026-06-30|2026-07-01|2026-07-02|2026-07-06|2026-07-07|2026-07-08|2026-07-09|2026-07-10|2026-07-13|2026-07-14|2026-07-15|2026-07-16|2026-07-17|2026-07-20|2026-07-21|2026-07-22,2026-07-22 23:10:52,55.7
Alphabet,72|74|68|83|68|75|68|70|73|100|83|61|67|66|67|64|63|64|63|58|56|56|64|69|62|65|55|62|62|98,2026-06-09|2026-06-10|2026-06-11|2026-06-12|2026-06-15|2026-06-16|2026-06-17|2026-06-18|2026-06-22|2026-06-23|2026-06-24|2026-06-25|2026-06-26|2026-06-29|2026-06-30|2026-07-01|2026-07-02|2026-07-06|2026-07-07|2026-07-08|2026-07-09|2026-07-10|2026-07-13|2026-07-14|2026-07-15|2026-07-16|2026-07-17|2026-07-20|2026-07-21|2026-07-22,2026-07-22 23:10:56,68.5
Exxon Mobil,40|36|38|32|45|48|36|29|35|47|41|41|30|27|52|74|92|100|86|48|40|40|34|33|31|28|28|32|32|34,2026-06-09|2026-06-10|2026-06-11|2026-06-12|2026-06-15|2026-06-16|2026-06-17|2026-06-18|2026-06-22|2026-06-23|2026-06-24|2026-06-25|2026-06-26|2026-06-29|2026-06-30|2026-07-01|2026-07-02|2026-07-06|2026-07-07|2026-07-08|2026-07-09|2026-07-10|2026-07-13|2026-07-14|2026-07-15|2026-07-16|2026-07-17|2026-07-20|2026-07-21|2026-07-22,2026-07-22 23:11:00,43.6
McKesson,76|81|63|61|65|72|100|68|65|68|71|79|61|59|63|60|51|56|56|56|55|47|51|52|53|56|46|57|54|55,2026-06-09|2026-06-10|2026-06-11|2026-06-12|2026-06-15|2026-06-16|2026-06-17|2026-06-18|2026-06-22|2026-06-23|2026-06-24|2026-06-25|2026-06-26|2026-06-29|2026-06-30|2026-07-01|2026-07-02|2026-07-06|2026-07-07|2026-07-08|2026-07-09|2026-07-10|2026-07-13|2026-07-14|2026-07-15|2026-07-16|2026-07-17|2026-07-20|2026-07-21|2026-07-22,2026-07-22 23:11:03,61.9
Cencora,60|81|72|62|53|85|82|65|63|78|63|47|60|55|66|46|68|68|51|62|61|51|55|63|57|62|51|67|66|63,2026-06-09|2026-06-10|2026-06-11|2026-06-12|2026-06-15|2026-06-16|2026-06-17|2026-06-18|2026-06-22|2026-06-23|2026-06-24|2026-06-25|2026-06-26|2026-06-29|2026-06-30|2026-07-01|2026-07-02|2026-07-06|2026-07-07|2026-07-08|2026-07-09|2026-07-10|2026-07-13|2026-07-14|2026-07-15|2026-07-16|2026-07-17|2026-07-20|2026-07-21|2026-07-22,2026-07-22 23:11:06,62.8
JPMorgan Chase,74|66|63|62|59|66|59|59|60|91|100|63|50|59|66|62|59|66|60|40|38|40|38|45|39|35|33|33|33|37,2026-06-09|2026-06-10|2026-06-11|2026-06-12|2026-06-15|2026-06-16|2026-06-17|2026-06-18|2026-06-22|2026-06-23|2026-06-24|2026-06-25|2026-06-26|2026-06-29|2026-06-30|2026-07-01|2026-07-02|2026-07-06|2026-07-07|2026-07-08|2026-07-09|2026-07-10|2026-07-13|2026-07-14|2026-07-15|2026-07-16|2026-07-17|2026-07-20|2026-07-21|2026-07-22,2026-07-22 23:11:09,55.2
Costco,68|72|65|66|71|74|65|71|63|66|67|68|71|71|74|72|77|65|66|68|79|75|74|65|68|74|74|76|70|74,2026-06-09|2026-06-10|2026-06-11|2026-06-12|2026-06-15|2026-06-16|2026-06-17|2026-06-18|2026-06-22|2026-06-23|2026-06-24|2026-06-25|2026-06-26|2026-06-29|2026-06-30|2026-07-01|2026-07-02|2026-07-06|2026-07-07|2026-07-08|2026-07-09|2026-07-10|2026-07-13|2026-07-14|2026-07-15|2026-07-16|2026-07-17|2026-07-20|2026-07-21|2026-07-22,2026-07-22 23:11:12,70.3
Cigna,88|90|78|68|85|88|100|76|82|74|84|79|76|87|90|92|81|87|92|90|81|69|89|83|84|80|72|97|86|85,2026-06-09|2026-06-10|2026-06-11|2026-06-12|2026-06-15|2026-06-16|2026-06-17|2026-06-18|2026-06-22|2026-06-23|2026-06-24|2026-06-25|2026-06-26|2026-06-29|2026-06-30|2026-07-01|2026-07-02|2026-07-06|2026-07-07|2026-07-08|2026-07-09|2026-07-10|2026-07-13|2026-07-14|2026-07-15|2026-07-16|2026-07-17|2026-07-20|2026-07-21|2026-07-22,2026-07-22 23:11:16,83.8
Microsoft,95|92|85|83|96|94|85|86|100|99|99|68|74|78|82|79|81|79|78|65|60|55|62|63|59|53|48|57|54|54,2026-06-09|2026-06-10|2026-06-11|2026-06-12|2026-06-15|2026-06-16|2026-06-17|2026-06-18|2026-06-22|2026-06-23|2026-06-24|2026-06-25|2026-06-26|2026-06-29|2026-06-30|2026-07-01|2026-07-02|2026-07-06|2026-07-07|2026-07-08|2026-07-09|2026-07-10|2026-07-13|2026-07-14|2026-07-15|2026-07-16|2026-07-17|2026-07-20|2026-07-21|2026-07-22,2026-07-22 23:11:20,75.4
Cardinal Health,89|100|88|73|84|96|92|77|74|73|100|79|67|75|80|86|86|78|86|82|68|59|66|61|75|68|61|75|72|71,2026-06-09|2026-06-10|2026-06-11|2026-06-12|2026-06-15|2026-06-16|2026-06-17|2026-06-18|2026-06-22|2026-06-23|2026-06-24|2026-06-25|2026-06-26|2026-06-29|2026-06-30|2026-07-01|2026-07-02|2026-07-06|2026-07-07|2026-07-08|2026-07-09|2026-07-10|2026-07-13|2026-07-14|2026-07-15|2026-07-16|2026-07-17|2026-07-20|2026-07-21|2026-07-22,2026-07-22 23:11:24,78.0
Chevron,82|89|84|82|86|100|81|85|96|91|81|84|72|75|72|70|73|68|60|72|74|66|65|63|59|63|64|72|67|65,2026-06-09|2026-06-10|2026-06-11|2026-06-12|2026-06-15|2026-06-16|2026-06-17|2026-06-18|2026-06-22|2026-06-23|2026-06-24|2026-06-25|2026-06-26|2026-06-29|2026-06-30|2026-07-01|2026-07-02|2026-07-06|2026-07-07|2026-07-08|2026-07-09|2026-07-10|2026-07-13|2026-07-14|2026-07-15|2026-07-16|2026-07-17|2026-07-20|2026-07-21|2026-07-22,2026-07-22 23:11:28,75.4
Bank of America,85|97|81|87|84|85|83|82|84|73|78|77|86|84|85|90|100|83|80|81|80|82|75|74|76|75|86|84|72|74,2026-06-09|2026-06-10|2026-06-11|2026-06-12|2026-06-15|2026-06-16|2026-06-17|2026-06-18|2026-06-22|2026-06-23|2026-06-24|2026-06-25|2026-06-26|2026-06-29|2026-06-30|2026-07-01|2026-07-02|2026-07-06|2026-07-07|2026-07-08|2026-07-09|2026-07-10|2026-07-13|2026-07-14|2026-07-15|2026-07-16|2026-07-17|2026-07-20|2026-07-21|2026-07-22,2026-07-22 23:11:32,82.1
General Motors,57|77|64|61|72|90|100|69|81|65|61|58|54|57|53|57|77|52|58|49|46|45|46|40|45|44|59|54|62|51,2026-06-09|2026-06-10|2026-06-11|2026-06-12|2026-06-15|2026-06-16|2026-06-17|2026-06-18|2026-06-22|2026-06-23|2026-06-24|2026-06-25|2026-06-26|2026-06-29|2026-06-30|2026-07-01|2026-07-02|2026-07-06|2026-07-07|2026-07-08|2026-07-09|2026-07-10|2026-07-13|2026-07-14|2026-07-15|2026-07-16|2026-07-17|2026-07-20|2026-07-21|2026-07-22,2026-07-22 23:11:36,60.1
Ford Motor,95|91|85|82|89|86|91|88|84|86|83|90|90|75|76|73|79|72|78|78|76|73|71|70|69|72|100|76|72|74,2026-06-09|2026-06-10|2026-06-11|2026-06-12|2026-06-15|2026-06-16|2026-06-17|2026-06-18|2026-06-22|2026-06-23|2026-06-24|2026-06-25|2026-06-26|2026-06-29|2026-06-30|2026-07-01|2026-07-02|2026-07-06|2026-07-07|2026-07-08|2026-07-09|2026-07-10|2026-07-13|2026-07-14|2026-07-15|2026-07-16|2026-07-17|2026-07-20|2026-07-21|2026-07-22,2026-07-22 23:11:40,80.8
Elevance Health,88|80|87|57|60|64|100|87|71|62|84|84|53|63|69|78|54|76|75|71|65|51|57|57|81|65|62|61|59|60,2026-06-09|2026-06-10|2026-06-11|2026-06-12|2026-06-15|2026-06-16|2026-06-17|2026-06-18|2026-06-22|2026-06-23|2026-06-24|2026-06-25|2026-06-26|2026-06-29|2026-06-30|2026-07-01|2026-07-02|2026-07-06|2026-07-07|2026-07-08|2026-07-09|2026-07-10|2026-07-13|2026-07-14|2026-07-15|2026-07-16|2026-07-17|2026-07-20|2026-07-21|2026-07-22,2026-07-22 23:11:43,69.4
Citigroup,43|55|47|45|49|67|100|51|46|67|62|30|40|54|29|49|49|54|49|33|33|29|54|76|42|28|24|27|23|27,2026-06-09|2026-06-10|2026-06-11|2026-06-12|2026-06-15|2026-06-16|2026-06-17|2026-06-18|2026-06-22|2026-06-23|2026-06-24|2026-06-25|2026-06-26|2026-06-29|2026-06-30|2026-07-01|2026-07-02|2026-07-06|2026-07-07|2026-07-08|2026-07-09|2026-07-10|2026-07-13|2026-07-14|2026-07-15|2026-07-16|2026-07-17|2026-07-20|2026-07-21|2026-07-22,2026-07-22 23:11:57,46.1
Meta Platforms,67|75|69|84|69|91|73|85|64|85|100|46|48|56|70|85|87|64|58|26|27|36|30|25|21|17|18|21|17|17,2026-06-09|2026-06-10|2026-06-11|2026-06-12|2026-06-15|2026-06-16|2026-06-17|2026-06-18|2026-06-22|2026-06-23|2026-06-24|2026-06-25|2026-06-26|2026-06-29|2026-06-30|2026-07-01|2026-07-02|2026-07-06|2026-07-07|2026-07-08|2026-07-09|2026-07-10|2026-07-13|2026-07-14|2026-07-15|2026-07-16|2026-07-17|2026-07-20|2026-07-21|2026-07-22,2026-07-22 23:12:31,54.4
Centene,20|22|16|16|47|100|66|46|28|25|28|25|24|32|21|24|25|25|22|22|22|20|19|22|21|20|17|21|23|25,2026-06-09|2026-06-10|2026-06-11|2026-06-12|2026-06-15|2026-06-16|2026-06-17|2026-06-18|2026-06-22|2026-06-23|2026-06-24|2026-06-25|2026-06-26|2026-06-29|2026-06-30|2026-07-01|2026-07-02|2026-07-06|2026-07-07|2026-07-08|2026-07-09|2026-07-10|2026-07-13|2026-07-14|2026-07-15|2026-07-16|2026-07-17|2026-07-20|2026-07-21|2026-07-22,2026-07-22 23:12:34,28.1
Home Depot,70|72|69|71|71|71|71|72|70|65|69|72|73|80|76|74|81|71|72|69|68|67|66|61|66|68|69|69|67|67,2026-06-09|2026-06-10|2026-06-11|2026-06-12|2026-06-15|2026-06-16|2026-06-17|2026-06-18|2026-06-22|2026-06-23|2026-06-24|2026-06-25|2026-06-26|2026-06-29|2026-06-30|2026-07-01|2026-07-02|2026-07-06|2026-07-07|2026-07-08|2026-07-09|2026-07-10|2026-07-13|2026-07-14|2026-07-15|2026-07-16|2026-07-17|2026-07-20|2026-07-21|2026-07-22,2026-07-22 23:12:38,70.2
Fannie Mae,84|84|87|75|87|94|80|86|82|80|100|67|84|79|85|77|77|70|64|68|60|51|53|55|61|48|48|53|50|51,2026-06-09|2026-06-10|2026-06-11|2026-06-12|2026-06-15|2026-06-16|2026-06-17|2026-06-18|2026-06-22|2026-06-23|2026-06-24|2026-06-25|2026-06-26|2026-06-29|2026-06-30|2026-07-01|2026-07-02|2026-07-06|2026-07-07|2026-07-08|2026-07-09|2026-07-10|2026-07-13|2026-07-14|2026-07-15|2026-07-16|2026-07-17|2026-07-20|2026-07-21|2026-07-22,2026-07-22 23:12:53,71.3
Kroger,56|62|57|58|60|59|59|61|55|56|60|66|63|60|62|98|84|56|56|70|64|64|59|60|84|75|70|65|63|71,2026-06-09|2026-06-10|2026-06-11|2026-06-12|2026-06-15|2026-06-16|2026-06-17|2026-06-18|2026-06-22|2026-06-23|2026-06-24|2026-06-25|2026-06-26|2026-06-29|2026-06-30|2026-07-01|2026-07-02|2026-07-06|2026-07-07|2026-07-08|2026-07-09|2026-07-10|2026-07-13|2026-07-14|2026-07-15|2026-07-16|2026-07-17|2026-07-20|2026-07-21|2026-07-22,2026-07-22 23:12:57,64.4
Phillips 66,28|34|27|27|23|26|100|26|33|28|30|24|21|25|22|22|24|25|30|27|27|24|20|20|20|21|21|22|20|22,2026-06-09|2026-06-10|2026-06-11|2026-06-12|2026-06-15|2026-06-16|2026-06-17|2026-06-18|2026-06-22|2026-06-23|2026-06-24|2026-06-25|2026-06-26|2026-06-29|2026-06-30|2026-07-01|2026-07-02|2026-07-06|2026-07-07|2026-07-08|2026-07-09|2026-07-10|2026-07-13|2026-07-14|2026-07-15|2026-07-16|2026-07-17|2026-07-20|2026-07-21|2026-07-22,2026-07-22 23:13:02,27.3
Marathon Petroleum,17|17|15|11|13|17|100|17|13|19|20|12|15|7|16|14|14|13|17|12|11|11|13|13|12|11|11|12|15|13,2026-06-09|2026-06-10|2026-06-11|2026-06-12|2026-06-15|2026-06-16|2026-06-17|2026-06-18|2026-06-22|2026-06-23|2026-06-24|2026-06-25|2026-06-26|2026-06-29|2026-06-30|2026-07-01|2026-07-02|2026-07-06|2026-07-07|2026-07-08|2026-07-09|2026-07-10|2026-07-13|2026-07-14|2026-07-15|2026-07-16|2026-07-17|2026-07-20|2026-07-21|2026-07-22,2026-07-22 23:13:06,16.7
Verizon,96|98|85|91|88|97|91|92|89|89|95|86|88|100|98|95|98|100|90|94|89|88|83|82|84|95|83|88|87|93,2026-06-09|2026-06-10|2026-06-11|2026-06-12|2026-06-15|2026-06-16|2026-06-17|2026-06-18|2026-06-22|2026-06-23|2026-06-24|2026-06-25|2026-06-26|2026-06-29|2026-06-30|2026-07-01|2026-07-02|2026-07-06|2026-07-07|2026-07-08|2026-07-09|2026-07-10|2026-07-13|2026-07-14|2026-07-15|2026-07-16|2026-07-17|2026-07-20|2026-07-21|2026-07-22,2026-07-22 23:13:09,91.1
Nvidia,,2026-06-09|2026-06-10|2026-06-11|2026-06-12|2026-06-15|2026-06-16|2026-06-17|2026-06-18|2026-06-22|2026-06-23|2026-06-24|2026-06-25|2026-06-26|2026-06-29|2026-06-30|2026-07-01|2026-07-02|2026-07-06|2026-07-07|2026-07-08|2026-07-09|2026-07-10|2026-07-13|2026-07-14|2026-07-15|2026-07-16|2026-07-17|2026-07-20|2026-07-21|2026-07-22,2026-07-22 23:13:44,0.0
Goldman Sachs,,2026-06-09|2026-06-10|2026-06-11|2026-06-12|2026-06-15|2026-06-16|2026-06-17|2026-06-18|2026-06-22|2026-06-23|2026-06-24|2026-06-25|2026-06-26|2026-06-29|2026-06-30|2026-07-01|2026-07-02|2026-07-06|2026-07-07|2026-07-08|2026-07-09|2026-07-10|2026-07-13|2026-07-14|2026-07-15|2026-07-16|2026-07-17|2026-07-20|2026-07-21|2026-07-22,2026-07-22 23:14:26,0.0
Wells Fargo,,2026-06-09|2026-06-10|2026-06-11|2026-06-12|2026-06-15|2026-06-16|2026-06-17|2026-06-18|2026-06-22|2026-06-23|2026-06-24|2026-06-25|2026-06-26|2026-06-29|2026-06-30|2026-07-01|2026-07-02|2026-07-06|2026-07-07|2026-07-08|2026-07-09|2026-07-10|2026-07-13|2026-07-14|2026-07-15|2026-07-16|2026-07-17|2026-07-20|2026-07-21|2026-07-22,2026-07-22 23:14:36,0.0
Valero Energy,,2026-06-09|2026-06-10|2026-06-11|2026-06-12|2026-06-15|2026-06-16|2026-06-17|2026-06-18|2026-06-22|2026-06-23|2026-06-24|2026-06-25|2026-06-26|2026-06-29|2026-06-30|2026-07-01|2026-07-02|2026-07-06|2026-07-07|2026-07-08|2026-07-09|2026-07-10|2026-07-13|2026-07-14|2026-07-15|2026-07-16|2026-07-17|2026-07-20|2026-07-21|2026-07-22,2026-07-22 23:14:36,0.0
Comcast,,2026-06-09|2026-06-10|2026-06-11|2026-06-12|2026-06-15|2026-06-16|2026-06-17|2026-06-18|2026-06-22|2026-06-23|2026-06-24|2026-06-25|2026-06-26|2026-06-29|2026-06-30|2026-07-01|2026-07-02|2026-07-06|2026-07-07|2026-07-08|2026-07-09|2026-07-10|2026-07-13|2026-07-14|2026-07-15|2026-07-16|2026-07-17|2026-07-20|2026-07-21|2026-07-22,2026-07-22 23:14:36,0.0
AT&T,,2026-06-09|2026-06-10|2026-06-11|2026-06-12|2026-06-15|2026-06-16|2026-06-17|2026-06-18|2026-06-22|2026-06-23|2026-06-24|2026-06-25|2026-06-26|2026-06-29|2026-06-30|2026-07-01|2026-07-02|2026-07-06|2026-07-07|2026-07-08|2026-07-09|2026-07-10|2026-07-13|2026-07-14|2026-07-15|2026-07-16|2026-07-17|2026-07-20|2026-07-21|2026-07-22,2026-07-22 23:14:36,0.0
Freddie Mac,,2026-06-09|2026-06-10|2026-06-11|2026-06-12|2026-06-15|2026-06-16|2026-06-17|2026-06-18|2026-06-22|2026-06-23|2026-06-24|2026-06-25|2026-06-26|2026-06-29|2026-06-30|2026-07-01|2026-07-02|2026-07-06|2026-07-07|2026-07-08|2026-07-09|2026-07-10|2026-07-13|2026-07-14|2026-07-15|2026-07-16|2026-07-17|2026-07-20|2026-07-21|2026-07-22,2026-07-22 23:14:36,0.0
Humana,,2026-06-09|2026-06-10|2026-06-11|2026-06-12|2026-06-15|2026-06-16|2026-06-17|2026-06-18|2026-06-22|2026-06-23|2026-06-24|2026-06-25|2026-06-26|2026-06-29|2026-06-30|2026-07-01|2026-07-02|2026-07-06|2026-07-07|2026-07-08|2026-07-09|2026-07-10|2026-07-13|2026-07-14|2026-07-15|2026-07-16|2026-07-17|2026-07-20|2026-07-21|2026-07-22,2026-07-22 23:14:36,0.0
Morgan Stanley,,2026-06-09|2026-06-10|2026-06-11|2026-06-12|2026-06-15|2026-06-16|2026-06-17|2026-06-18|2026-06-22|2026-06-23|2026-06-24|2026-06-25|2026-06-26|2026-06-29|2026-06-30|2026-07-01|2026-07-02|2026-07-06|2026-07-07|2026-07-08|2026-07-09|2026-07-10|2026-07-13|2026-07-14|2026-07-15|2026-07-16|2026-07-17|2026-07-20|2026-07-21|2026-07-22,2026-07-22 23:14:36,0.0
Target Corporation,,2026-06-09|2026-06-10|2026-06-11|2026-06-12|2026-06-15|2026-06-16|2026-06-17|2026-06-18|2026-06-22|2026-06-23|2026-06-24|2026-06-25|2026-06-26|2026-06-29|2026-06-30|2026-07-01|2026-07-02|2026-07-06|2026-07-07|2026-07-08|2026-07-09|2026-07-10|2026-07-13|2026-07-14|2026-07-15|2026-07-16|2026-07-17|2026-07-20|2026-07-21|2026-07-22,2026-07-22 23:14:36,0.0
StoneX Group,,2026-06-09|2026-06-10|2026-06-11|2026-06-12|2026-06-15|2026-06-16|2026-06-17|2026-06-18|2026-06-22|2026-06-23|2026-06-24|2026-06-25|2026-06-26|2026-06-29|2026-06-30|2026-07-01|2026-07-02|2026-07-06|2026-07-07|2026-07-08|2026-07-09|2026-07-10|2026-07-13|2026-07-14|2026-07-15|2026-07-16|2026-07-17|2026-07-20|2026-07-21|2026-07-22,2026-07-22 23:14:36,0.0
Tesla,,2026-06-09|2026-06-10|2026-06-11|2026-06-12|2026-06-15|2026-06-16|2026-06-17|2026-06-18|2026-06-22|2026-06-23|2026-06-24|2026-06-25|2026-06-26|2026-06-29|2026-06-30|2026-07-01|2026-07-02|2026-07-06|2026-07-07|2026-07-08|2026-07-09|2026-07-10|2026-07-13|2026-07-14|2026-07-15|2026-07-16|2026-07-17|2026-07-20|2026-07-21|2026-07-22,2026-07-22 23:14:36,0.0
Dell Technologies,,2026-06-09|2026-06-10|2026-06-11|2026-06-12|2026-06-15|2026-06-16|2026-06-17|2026-06-18|2026-06-22|2026-06-23|2026-06-24|2026-06-25|2026-06-26|2026-06-29|2026-06-30|2026-07-01|2026-07-02|2026-07-06|2026-07-07|2026-07-08|2026-07-09|2026-07-10|2026-07-13|2026-07-14|2026-07-15|2026-07-16|2026-07-17|2026-07-20|2026-07-21|2026-07-22,2026-07-22 23:14:36,0.0
PepsiCo,,2026-06-09|2026-06-10|2026-06-11|2026-06-12|2026-06-15|2026-06-16|2026-06-17|2026-06-18|2026-06-22|2026-06-23|2026-06-24|2026-06-25|2026-06-26|2026-06-29|2026-06-30|2026-07-01|2026-07-02|2026-07-06|2026-07-07|2026-07-08|2026-07-09|2026-07-10|2026-07-13|2026-07-14|2026-07-15|2026-07-16|2026-07-17|2026-07-20|2026-07-21|2026-07-22,2026-07-22 23:14:36,0.0
Disney,,2026-06-09|2026-06-10|2026-06-11|2026-06-12|2026-06-15|2026-06-16|2026-06-17|2026-06-18|2026-06-22|2026-06-23|2026-06-24|2026-06-25|2026-06-26|2026-06-29|2026-06-30|2026-07-01|2026-07-02|2026-07-06|2026-07-07|2026-07-08|2026-07-09|2026-07-10|2026-07-13|2026-07-14|2026-07-15|2026-07-16|2026-07-17|2026-07-20|2026-07-21|2026-07-22,2026-07-22 23:14:36,0.0
UPS,,2026-06-09|2026-06-10|2026-06-11|2026-06-12|2026-06-15|2026-06-16|2026-06-17|2026-06-18|2026-06-22|2026-06-23|2026-06-24|2026-06-25|2026-06-26|2026-06-29|2026-06-30|2026-07-01|2026-07-02|2026-07-06|2026-07-07|2026-07-08|2026-07-09|2026-07-10|2026-07-13|2026-07-14|2026-07-15|2026-07-16|2026-07-17|2026-07-20|2026-07-21|2026-07-22,2026-07-22 23:14:36,0.0
Johnson & Johnson,,2026-06-09|2026-06-10|2026-06-11|2026-06-12|2026-06-15|2026-06-16|2026-06-17|2026-06-18|2026-06-22|2026-06-23|2026-06-24|2026-06-25|2026-06-26|2026-06-29|2026-06-30|2026-07-01|2026-07-02|2026-07-06|2026-07-07|2026-07-08|2026-07-09|2026-07-10|2026-07-13|2026-07-14|2026-07-15|2026-07-16|2026-07-17|2026-07-20|2026-07-21|2026-07-22,2026-07-22 23:14:36,0.0
FedEx,,2026-06-09|2026-06-10|2026-06-11|2026-06-12|2026-06-15|2026-06-16|2026-06-17|2026-06-18|2026-06-22|2026-06-23|2026-06-24|2026-06-25|2026-06-26|2026-06-29|2026-06-30|2026-07-01|2026-07-02|2026-07-06|2026-07-07|2026-07-08|2026-07-09|2026-07-10|2026-07-13|2026-07-14|2026-07-15|2026-07-16|2026-07-17|2026-07-20|2026-07-21|2026-07-22,2026-07-22 23:14:36,0.0
Archer Daniels Midland,,2026-06-09|2026-06-10|2026-06-11|2026-06-12|2026-06-15|2026-06-16|2026-06-17|2026-06-18|2026-06-22|2026-06-23|2026-06-24|2026-06-25|2026-06-26|2026-06-29|2026-06-30|2026-07-01|2026-07-02|2026-07-06|2026-07-07|2026-07-08|2026-07-09|2026-07-10|2026-07-13|2026-07-14|2026-07-15|2026-07-16|2026-07-17|2026-07-20|2026-07-21|2026-07-22,2026-07-22 23:14:36,0.0
Procter & Gamble,,2026-06-09|2026-06-10|2026-06-11|2026-06-12|2026-06-15|2026-06-16|2026-06-17|2026-06-18|2026-06-22|2026-06-23|2026-06-24|2026-06-25|2026-06-26|2026-06-29|2026-06-30|2026-07-01|2026-07-02|2026-07-06|2026-07-07|2026-07-08|2026-07-09|2026-07-10|2026-07-13|2026-07-14|2026-07-15|2026-07-16|2026-07-17|2026-07-20|2026-07-21|2026-07-22,2026-07-22 23:14:36,0.0
Lowe's,,2026-06-09|2026-06-10|2026-06-11|2026-06-12|2026-06-15|2026-06-16|2026-06-17|2026-06-18|2026-06-22|2026-06-23|2026-06-24|2026-06-25|2026-06-26|2026-06-29|2026-06-30|2026-07-01|2026-07-02|2026-07-06|2026-07-07|2026-07-08|2026-07-09|2026-07-10|2026-07-13|2026-07-14|2026-07-15|2026-07-16|2026-07-17|2026-07-20|2026-07-21|2026-07-22,2026-07-22 23:14:36,0.0
Energy Transfer,,2026-06-09|2026-06-10|2026-06-11|2026-06-12|2026-06-15|2026-06-16|2026-06-17|2026-06-18|2026-06-22|2026-06-23|2026-06-24|2026-06-25|2026-06-26|2026-06-29|2026-06-30|2026-07-01|2026-07-02|2026-07-06|2026-07-07|2026-07-08|2026-07-09|2026-07-10|2026-07-13|2026-07-14|2026-07-15|2026-07-16|2026-07-17|2026-07-20|2026-07-21|2026-07-22,2026-07-22 23:14:36,0.0
RTX,,2026-06-09|2026-06-10|2026-06-11|2026-06-12|2026-06-15|2026-06-16|2026-06-17|2026-06-18|2026-06-22|2026-06-23|2026-06-24|2026-06-25|2026-06-26|2026-06-29|2026-06-30|2026-07-01|2026-07-02|2026-07-06|2026-07-07|2026-07-08|2026-07-09|2026-07-10|2026-07-13|2026-07-14|2026-07-15|2026-07-16|2026-07-17|2026-07-20|2026-07-21|2026-07-22,2026-07-22 23:14:36,0.0
Albertsons,,2026-06-09|2026-06-10|2026-06-11|2026-06-12|2026-06-15|2026-06-16|2026-06-17|2026-06-18|2026-06-22|2026-06-23|2026-06-24|2026-06-25|2026-06-26|2026-06-29|2026-06-30|2026-07-01|2026-07-02|2026-07-06|2026-07-07|2026-07-08|2026-07-09|2026-07-10|2026-07-13|2026-07-14|2026-07-15|2026-07-16|2026-07-17|2026-07-20|2026-07-21|2026-07-22,2026-07-22 23:14:36,0.0
Sysco,,2026-06-09|2026-06-10|2026-06-11|2026-06-12|2026-06-15|2026-06-16|2026-06-17|2026-06-18|2026-06-22|2026-06-23|2026-06-24|2026-06-25|2026-06-26|2026-06-29|2026-06-30|2026-07-01|2026-07-02|2026-07-06|2026-07-07|2026-07-08|2026-07-09|2026-07-10|2026-07-13|2026-07-14|2026-07-15|2026-07-16|2026-07-17|2026-07-20|2026-07-21|2026-07-22,2026-07-22 23:14:36,0.0
Progressive Insurance,,2026-06-09|2026-06-10|2026-06-11|2026-06-12|2026-06-15|2026-06-16|2026-06-17|2026-06-18|2026-06-22|2026-06-23|2026-06-24|2026-06-25|2026-06-26|2026-06-29|2026-06-30|2026-07-01|2026-07-02|2026-07-06|2026-07-07|2026-07-08|2026-07-09|2026-07-10|2026-07-13|2026-07-14|2026-07-15|2026-07-16|2026-07-17|2026-07-20|2026-07-21|2026-07-22,2026-07-22 23:14:36,0.0
American Express,,2026-06-09|2026-06-10|2026-06-11|2026-06-12|2026-06-15|2026-06-16|2026-06-17|2026-06-18|2026-06-22|2026-06-23|2026-06-24|2026-06-25|2026-06-26|2026-06-29|2026-06-30|2026-07-01|2026-07-02|2026-07-06|2026-07-07|2026-07-08|2026-07-09|2026-07-10|2026-07-13|2026-07-14|2026-07-15|2026-07-16|2026-07-17|2026-07-20|2026-07-21|2026-07-22,2026-07-22 23:14:36,0.0
Lockheed Martin,,2026-06-09|2026-06-10|2026-06-11|2026-06-12|2026-06-15|2026-06-16|2026-06-17|2026-06-18|2026-06-22|2026-06-23|2026-06-24|2026-06-25|2026-06-26|2026-06-29|2026-06-30|2026-07-01|2026-07-02|2026-07-06|2026-07-07|2026-07-08|2026-07-09|2026-07-10|2026-07-13|2026-07-14|2026-07-15|2026-07-16|2026-07-17|2026-07-20|2026-07-21|2026-07-22,2026-07-22 23:14:36,0.0
MetLife Inc,,2026-06-09|2026-06-10|2026-06-11|2026-06-12|2026-06-15|2026-06-16|2026-06-17|2026-06-18|2026-06-22|2026-06-23|2026-06-24|2026-06-25|2026-06-26|2026-06-29|2026-06-30|2026-07-01|2026-07-02|2026-07-06|2026-07-07|2026-07-08|2026-07-09|2026-07-10|2026-07-13|2026-07-14|2026-07-15|2026-07-16|2026-07-17|2026-07-20|2026-07-21|2026-07-22,2026-07-22 23:14:36,0.0
HCA Healthcare,,2026-06-09|2026-06-10|2026-06-11|2026-06-12|2026-06-15|2026-06-16|2026-06-17|2026-06-18|2026-06-22|2026-06-23|2026-06-24|2026-06-25|2026-06-26|2026-06-29|2026-06-30|2026-07-01|2026-07-02|2026-07-06|2026-07-07|2026-07-08|2026-07-09|2026-07-10|2026-07-13|2026-07-14|2026-07-15|2026-07-16|2026-07-17|2026-07-20|2026-07-21|2026-07-22,2026-07-22 23:14:36,0.0
Prudential Financial,,2026-06-09|2026-06-10|2026-06-11|2026-06-12|2026-06-15|2026-06-16|2026-06-17|2026-06-18|2026-06-22|2026-06-23|2026-06-24|2026-06-25|2026-06-26|2026-06-29|2026-06-30|2026-07-01|2026-07-02|2026-07-06|2026-07-07|2026-07-08|2026-07-09|2026-07-10|2026-07-13|2026-07-14|2026-07-15|2026-07-16|2026-07-17|2026-07-20|2026-07-21|2026-07-22,2026-07-22 23:14:36,0.0
Boeing,,2026-06-09|2026-06-10|2026-06-11|2026-06-12|2026-06-15|2026-06-16|2026-06-17|2026-06-18|2026-06-22|2026-06-23|2026-06-24|2026-06-25|2026-06-26|2026-06-29|2026-06-30|2026-07-01|2026-07-02|2026-07-06|2026-07-07|2026-07-08|2026-07-09|2026-07-10|2026-07-13|2026-07-14|2026-07-15|2026-07-16|2026-07-17|2026-07-20|2026-07-21|2026-07-22,2026-07-22 23:14:36,0.0
Caterpillar,,2026-06-09|2026-06-10|2026-06-11|2026-06-12|2026-06-15|2026-06-16|2026-06-17|2026-06-18|2026-06-22|2026-06-23|2026-06-24|2026-06-25|2026-06-26|2026-06-29|2026-06-30|2026-07-01|2026-07-02|2026-07-06|2026-07-07|2026-07-08|2026-07-09|2026-07-10|2026-07-13|2026-07-14|2026-07-15|2026-07-16|2026-07-17|2026-07-20|2026-07-21|2026-07-22,2026-07-22 23:14:36,0.0
Merck,,2026-06-09|2026-06-10|2026-06-11|2026-06-12|2026-06-15|2026-06-16|2026-06-17|2026-06-18|2026-06-22|2026-06-23|2026-06-24|2026-06-25|2026-06-26|2026-06-29|2026-06-30|2026-07-01|2026-07-02|2026-07-06|2026-07-07|2026-07-08|2026-07-09|2026-07-10|2026-07-13|2026-07-14|2026-07-15|2026-07-16|2026-07-17|2026-07-20|2026-07-21|2026-07-22,2026-07-22 23:14:36,0.0
Allstate,,2026-06-09|2026-06-10|2026-06-11|2026-06-12|2026-06-15|2026-06-16|2026-06-17|2026-06-18|2026-06-22|2026-06-23|2026-06-24|2026-06-25|2026-06-26|2026-06-29|2026-06-30|2026-07-01|2026-07-02|2026-07-06|2026-07-07|2026-07-08|2026-07-09|2026-07-10|2026-07-13|2026-07-14|2026-07-15|2026-07-16|2026-07-17|2026-07-20|2026-07-21|2026-07-22,2026-07-22 23:14:36,0.0
Pfizer,,2026-06-09|2026-06-10|2026-06-11|2026-06-12|2026-06-15|2026-06-16|2026-06-17|2026-06-18|2026-06-22|2026-06-23|2026-06-24|2026-06-25|2026-06-26|2026-06-29|2026-06-30|2026-07-01|2026-07-02|2026-07-06|2026-07-07|2026-07-08|2026-07-09|2026-07-10|2026-07-13|2026-07-14|2026-07-15|2026-07-16|2026-07-17|2026-07-20|2026-07-21|2026-07-22,2026-07-22 23:14:36,0.0
IBM,,2026-06-09|2026-06-10|2026-06-11|2026-06-12|2026-06-15|2026-06-16|2026-06-17|2026-06-18|2026-06-22|2026-06-23|2026-06-24|2026-06-25|2026-06-26|2026-06-29|2026-06-30|2026-07-01|2026-07-02|2026-07-06|2026-07-07|2026-07-08|2026-07-09|2026-07-10|2026-07-13|2026-07-14|2026-07-15|2026-07-16|2026-07-17|2026-07-20|2026-07-21|2026-07-22,2026-07-22 23:14:36,0.0
Delta Air Lines,,2026-06-09|2026-06-10|2026-06-11|2026-06-12|2026-06-15|2026-06-16|2026-06-17|2026-06-18|2026-06-22|2026-06-23|2026-06-24|2026-06-25|2026-06-26|2026-06-29|2026-06-30|2026-07-01|2026-07-02|2026-07-06|2026-07-07|2026-07-08|2026-07-09|2026-07-10|2026-07-13|2026-07-14|2026-07-15|2026-07-16|2026-07-17|2026-07-20|2026-07-21|2026-07-22,2026-07-22 23:14:36,0.0
Publix Super Markets,,2026-06-09|2026-06-10|2026-06-11|2026-06-12|2026-06-15|2026-06-16|2026-06-17|2026-06-18|2026-06-22|2026-06-23|2026-06-24|2026-06-25|2026-06-26|2026-06-29|2026-06-30|2026-07-01|2026-07-02|2026-07-06|2026-07-07|2026-07-08|2026-07-09|2026-07-10|2026-07-13|2026-07-14|2026-07-15|2026-07-16|2026-07-17|2026-07-20|2026-07-21|2026-07-22,2026-07-22 23:14:36,0.0
TD Synnex,,2026-06-09|2026-06-10|2026-06-11|2026-06-12|2026-06-15|2026-06-16|2026-06-17|2026-06-18|2026-06-22|2026-06-23|2026-06-24|2026-06-25|2026-06-26|2026-06-29|2026-06-30|2026-07-01|2026-07-02|2026-07-06|2026-07-07|2026-07-08|2026-07-09|2026-07-10|2026-07-13|2026-07-14|2026-07-15|2026-07-16|2026-07-17|2026-07-20|2026-07-21|2026-07-22,2026-07-22 23:14:36,0.0
United Airlines,,2026-06-09|2026-06-10|2026-06-11|2026-06-12|2026-06-15|2026-06-16|2026-06-17|2026-06-18|2026-06-22|2026-06-23|2026-06-24|2026-06-25|2026-06-26|2026-06-29|2026-06-30|2026-07-01|2026-07-02|2026-07-06|2026-07-07|2026-07-08|2026-07-09|2026-07-10|2026-07-13|2026-07-14|2026-07-15|2026-07-16|2026-07-17|2026-07-20|2026-07-21|2026-07-22,2026-07-22 23:14:36,0.0
ConocoPhillips,,2026-06-09|2026-06-10|2026-06-11|2026-06-12|2026-06-15|2026-06-16|2026-06-17|2026-06-18|2026-06-22|2026-06-23|2026-06-24|2026-06-25|2026-06-26|2026-06-29|2026-06-30|2026-07-01|2026-07-02|2026-07-06|2026-07-07|2026-07-08|2026-07-09|2026-07-10|2026-07-13|2026-07-14|2026-07-15|2026-07-16|2026-07-17|2026-07-20|2026-07-21|2026-07-22,2026-07-22 23:14:36,0.0
TJX,,2026-06-09|2026-06-10|2026-06-11|2026-06-12|2026-06-15|2026-06-16|2026-06-17|2026-06-18|2026-06-22|2026-06-23|2026-06-24|2026-06-25|2026-06-26|2026-06-29|2026-06-30|2026-07-01|2026-07-02|2026-07-06|2026-07-07|2026-07-08|2026-07-09|2026-07-10|2026-07-13|2026-07-14|2026-07-15|2026-07-16|2026-07-17|2026-07-20|2026-07-21|2026-07-22,2026-07-22 23:14:36,0.0
AbbVie,,2026-06-09|2026-06-10|2026-06-11|2026-06-12|2026-06-15|2026-06-16|2026-06-17|2026-06-18|2026-06-22|2026-06-23|2026-06-24|2026-06-25|2026-06-26|2026-06-29|2026-06-30|2026-07-01|2026-07-02|2026-07-06|2026-07-07|2026-07-08|2026-07-09|2026-07-10|2026-07-13|2026-07-14|2026-07-15|2026-07-16|2026-07-17|2026-07-20|2026-07-21|2026-07-22,2026-07-22 23:14:36,0.0
Enterprise Products Partners,,2026-06-09|2026-06-10|2026-06-11|2026-06-12|2026-06-15|2026-06-16|2026-06-17|2026-06-18|2026-06-22|2026-06-23|2026-06-24|2026-06-25|2026-06-26|2026-06-29|2026-06-30|2026-07-01|2026-07-02|2026-07-06|2026-07-07|2026-07-08|2026-07-09|2026-07-10|2026-07-13|2026-07-14|2026-07-15|2026-07-16|2026-07-17|2026-07-20|2026-07-21|2026-07-22,2026-07-22 23:14:36,0.0
Charter Communications,,2026-06-09|2026-06-10|2026-06-11|2026-06-12|2026-06-15|2026-06-16|2026-06-17|2026-06-18|2026-06-22|2026-06-23|2026-06-24|2026-06-25|2026-06-26|2026-06-29|2026-06-30|2026-07-01|2026-07-02|2026-07-06|2026-07-07|2026-07-08|2026-07-09|2026-07-10|2026-07-13|2026-07-14|2026-07-15|2026-07-16|2026-07-17|2026-07-20|2026-07-21|2026-07-22,2026-07-22 23:14:36,0.0
Performance Food,,2026-06-09|2026-06-10|2026-06-11|2026-06-12|2026-06-15|2026-06-16|2026-06-17|2026-06-18|2026-06-22|2026-06-23|2026-06-24|2026-06-25|2026-06-26|2026-06-29|2026-06-30|2026-07-01|2026-07-02|2026-07-06|2026-07-07|2026-07-08|2026-07-09|2026-07-10|2026-07-13|2026-07-14|2026-07-15|2026-07-16|2026-07-17|2026-07-20|2026-07-21|2026-07-22,2026-07-22 23:14:36,0.0
American Airlines,,2026-06-09|2026-06-10|2026-06-11|2026-06-12|2026-06-15|2026-06-16|2026-06-17|2026-06-18|2026-06-22|2026-06-23|2026-06-24|2026-06-25|2026-06-26|2026-06-29|2026-06-30|2026-07-01|2026-07-02|2026-07-06|2026-07-07|2026-07-08|2026-07-09|2026-07-10|2026-07-13|2026-07-14|2026-07-15|2026-07-16|2026-07-17|2026-07-20|2026-07-21|2026-07-22,2026-07-22 23:14:36,0.0
Capital One,,2026-06-09|2026-06-10|2026-06-11|2026-06-12|2026-06-15|2026-06-16|2026-06-17|2026-06-18|2026-06-22|2026-06-23|2026-06-24|2026-06-25|2026-06-26|2026-06-29|2026-06-30|2026-07-01|2026-07-02|2026-07-06|2026-07-07|2026-07-08|2026-07-09|2026-07-10|2026-07-13|2026-07-14|2026-07-15|2026-07-16|2026-07-17|2026-07-20|2026-07-21|2026-07-22,2026-07-22 23:14:36,0.0
Cisco Systems,,2026-06-09|2026-06-10|2026-06-11|2026-06-12|2026-06-15|2026-06-16|2026-06-17|2026-06-18|2026-06-22|2026-06-23|2026-06-24|2026-06-25|2026-06-26|2026-06-29|2026-06-30|2026-07-01|2026-07-02|2026-07-06|2026-07-07|2026-07-08|2026-07-09|2026-07-10|2026-07-13|2026-07-14|2026-07-15|2026-07-16|2026-07-17|2026-07-20|2026-07-21|2026-07-22,2026-07-22 23:14:36,0.0
HP,,2026-06-09|2026-06-10|2026-06-11|2026-06-12|2026-06-15|2026-06-16|2026-06-17|2026-06-18|2026-06-22|2026-06-23|2026-06-24|2026-06-25|2026-06-26|2026-06-29|2026-06-30|2026-07-01|2026-07-02|2026-07-06|2026-07-07|2026-07-08|2026-07-09|2026-07-10|2026-07-13|2026-07-14|2026-07-15|2026-07-16|2026-07-17|2026-07-20|2026-07-21|2026-07-22,2026-07-22 23:14:36,0.0
Tyson Foods,,2026-06-09|2026-06-10|2026-06-11|2026-06-12|2026-06-15|2026-06-16|2026-06-17|2026-06-18|2026-06-22|2026-06-23|2026-06-24|2026-06-25|2026-06-26|2026-06-29|2026-06-30|2026-07-01|2026-07-02|2026-07-06|2026-07-07|2026-07-08|2026-07-09|2026-07-10|2026-07-13|2026-07-14|2026-07-15|2026-07-16|2026-07-17|2026-07-20|2026-07-21|2026-07-22,2026-07-22 23:14:36,0.0
Intel,,2026-06-09|2026-06-10|2026-06-11|2026-06-12|2026-06-15|2026-06-16|2026-06-17|2026-06-18|2026-06-22|2026-06-23|2026-06-24|2026-06-25|2026-06-26|2026-06-29|2026-06-30|2026-07-01|2026-07-02|2026-07-06|2026-07-07|2026-07-08|2026-07-09|2026-07-10|2026-07-13|2026-07-14|2026-07-15|2026-07-16|2026-07-17|2026-07-20|2026-07-21|2026-07-22,2026-07-22 23:14:36,0.0
Oracle,,2026-06-09|2026-06-10|2026-06-11|2026-06-12|2026-06-15|2026-06-16|2026-06-17|2026-06-18|2026-06-22|2026-06-23|2026-06-24|2026-06-25|2026-06-26|2026-06-29|2026-06-30|2026-07-01|2026-07-02|2026-07-06|2026-07-07|2026-07-08|2026-07-09|2026-07-10|2026-07-13|2026-07-14|2026-07-15|2026-07-16|2026-07-17|2026-07-20|2026-07-21|2026-07-22,2026-07-22 23:14:36,0.0
Broadcom,,2026-06-09|2026-06-10|2026-06-11|2026-06-12|2026-06-15|2026-06-16|2026-06-17|2026-06-18|2026-06-22|2026-06-23|2026-06-24|2026-06-25|2026-06-26|2026-06-29|2026-06-30|2026-07-01|2026-07-02|2026-07-06|2026-07-07|2026-07-08|2026-07-09|2026-07-10|2026-07-13|2026-07-14|2026-07-15|2026-07-16|2026-07-17|2026-07-20|2026-07-21|2026-07-22,2026-07-22 23:14:36,0.0
Deere,,2026-06-09|2026-06-10|2026-06-11|2026-06-12|2026-06-15|2026-06-16|2026-06-17|2026-06-18|2026-06-22|2026-06-23|2026-06-24|2026-06-25|2026-06-26|2026-06-29|2026-06-30|2026-07-01|2026-07-02|2026-07-06|2026-07-07|2026-07-08|2026-07-09|2026-07-10|2026-07-13|2026-07-14|2026-07-15|2026-07-16|2026-07-17|2026-07-20|2026-07-21|2026-07-22,2026-07-22 23:14:36,0.0
Nike,,2026-06-09|2026-06-10|2026-06-11|2026-06-12|2026-06-15|2026-06-16|2026-06-17|2026-06-18|2026-06-22|2026-06-23|2026-06-24|2026-06-25|2026-06-26|2026-06-29|2026-06-30|2026-07-01|2026-07-02|2026-07-06|2026-07-07|2026-07-08|2026-07-09|2026-07-10|2026-07-13|2026-07-14|2026-07-15|2026-07-16|2026-07-17|2026-07-20|2026-07-21|2026-07-22,2026-07-22 23:14:36,0.0
Plains GP,,2026-06-09|2026-06-10|2026-06-11|2026-06-12|2026-06-15|2026-06-16|2026-06-17|2026-06-18|2026-06-22|2026-06-23|2026-06-24|2026-06-25|2026-06-26|2026-06-29|2026-06-30|2026-07-01|2026-07-02|2026-07-06|2026-07-07|2026-07-08|2026-07-09|2026-07-10|2026-07-13|2026-07-14|2026-07-15|2026-07-16|2026-07-17|2026-07-20|2026-07-21|2026-07-22,2026-07-22 23:14:36,0.0
Bristol-Myers Squibb,,2026-06-09|2026-06-10|2026-06-11|2026-06-12|2026-06-15|2026-06-16|2026-06-17|2026-06-18|2026-06-22|2026-06-23|2026-06-24|2026-06-25|2026-06-26|2026-06-29|2026-06-30|2026-07-01|2026-07-02|2026-07-06|2026-07-07|2026-07-08|2026-07-09|2026-07-10|2026-07-13|2026-07-14|2026-07-15|2026-07-16|2026-07-17|2026-07-20|2026-07-21|2026-07-22,2026-07-22 23:14:36,0.0
Ingram Micro,,2026-06-09|2026-06-10|2026-06-11|2026-06-12|2026-06-15|2026-06-16|2026-06-17|2026-06-18|2026-06-22|2026-06-23|2026-06-24|2026-06-25|2026-06-26|2026-06-29|2026-06-30|2026-07-01|2026-07-02|2026-07-06|2026-07-07|2026-07-08|2026-07-09|2026-07-10|2026-07-13|2026-07-14|2026-07-15|2026-07-16|2026-07-17|2026-07-20|2026-07-21|2026-07-22,2026-07-22 23:14:36,0.0
General Dynamics,,2026-06-09|2026-06-10|2026-06-11|2026-06-12|2026-06-15|2026-06-16|2026-06-17|2026-06-18|2026-06-22|2026-06-23|2026-06-24|2026-06-25|2026-06-26|2026-06-29|2026-06-30|2026-07-01|2026-07-02|2026-07-06|2026-07-07|2026-07-08|2026-07-09|2026-07-10|2026-07-13|2026-07-14|2026-07-15|2026-07-16|2026-07-17|2026-07-20|2026-07-21|2026-07-22,2026-07-22 23:14:36,0.0
The Coca-Cola Company,,2026-06-09|2026-06-10|2026-06-11|2026-06-12|2026-06-15|2026-06-16|2026-06-17|2026-06-18|2026-06-22|2026-06-23|2026-06-24|2026-06-25|2026-06-26|2026-06-29|2026-06-30|2026-07-01|2026-07-02|2026-07-06|2026-07-07|2026-07-08|2026-07-09|2026-07-10|2026-07-13|2026-07-14|2026-07-15|2026-07-16|2026-07-17|2026-07-20|2026-07-21|2026-07-22,2026-07-22 23:14:36,0.0
Travelers Insurance,,2026-06-09|2026-06-10|2026-06-11|2026-06-12|2026-06-15|2026-06-16|2026-06-17|2026-06-18|2026-06-22|2026-06-23|2026-06-24|2026-06-25|2026-06-26|2026-06-29|2026-06-30|2026-07-01|2026-07-02|2026-07-06|2026-07-07|2026-07-08|2026-07-09|2026-07-10|2026-07-13|2026-07-14|2026-07-15|2026-07-16|2026-07-17|2026-07-20|2026-07-21|2026-07-22,2026-07-22 23:14:36,0.0
Eli Lilly,,2026-06-09|2026-06-10|2026-06-11|2026-06-12|2026-06-15|2026-06-16|2026-06-17|2026-06-18|2026-06-22|2026-06-23|2026-06-24|2026-06-25|2026-06-26|2026-06-29|2026-06-30|2026-07-01|2026-07-02|2026-07-06|2026-07-07|2026-07-08|2026-07-09|2026-07-10|2026-07-13|2026-07-14|2026-07-15|2026-07-16|2026-07-17|2026-07-20|2026-07-21|2026-07-22,2026-07-22 23:14:36,0.0
Uber,,2026-06-09|2026-06-10|2026-06-11|2026-06-12|2026-06-15|2026-06-16|2026-06-17|2026-06-18|2026-06-22|2026-06-23|2026-06-24|2026-06-25|2026-06-26|2026-06-29|2026-06-30|2026-07-01|2026-07-02|2026-07-06|2026-07-07|2026-07-08|2026-07-09|2026-07-10|2026-07-13|2026-07-14|2026-07-15|2026-07-16|2026-07-17|2026-07-20|2026-07-21|2026-07-22,2026-07-22 23:14:36,0.0
Thermo Fisher Scientific,,2026-06-09|2026-06-10|2026-06-11|2026-06-12|2026-06-15|2026-06-16|2026-06-17|2026-06-18|2026-06-22|2026-06-23|2026-06-24|2026-06-25|2026-06-26|2026-06-29|2026-06-30|2026-07-01|2026-07-02|2026-07-06|2026-07-07|2026-07-08|2026-07-09|2026-07-10|2026-07-13|2026-07-14|2026-07-15|2026-07-16|2026-07-17|2026-07-20|2026-07-21|2026-07-22,2026-07-22 23:14:36,0.0
US Bancorp,,2026-06-09|2026-06-10|2026-06-11|2026-06-12|2026-06-15|2026-06-16|2026-06-17|2026-06-18|2026-06-22|2026-06-23|2026-06-24|2026-06-25|2026-06-26|2026-06-29|2026-06-30|2026-07-01|2026-07-02|2026-07-06|2026-07-07|2026-07-08|2026-07-09|2026-07-10|2026-07-13|2026-07-14|2026-07-15|2026-07-16|2026-07-17|2026-07-20|2026-07-21|2026-07-22,2026-07-22 23:14:36,0.0
World Kinect,,2026-06-09|2026-06-10|2026-06-11|2026-06-12|2026-06-15|2026-06-16|2026-06-17|2026-06-18|2026-06-22|2026-06-23|2026-06-24|2026-06-25|2026-06-26|2026-06-29|2026-06-30|2026-07-01|2026-07-02|2026-07-06|2026-07-07|2026-07-08|2026-07-09|2026-07-10|2026-07-13|2026-07-14|2026-07-15|2026-07-16|2026-07-17|2026-07-20|2026-07-21|2026-07-22,2026-07-22 23:14:36,0.0
Abbott Laboratories,,2026-06-09|2026-06-10|2026-06-11|2026-06-12|2026-06-15|2026-06-16|2026-06-17|2026-06-18|2026-06-22|2026-06-23|2026-06-24|2026-06-25|2026-06-26|2026-06-29|2026-06-30|2026-07-01|2026-07-02|2026-07-06|2026-07-07|2026-07-08|2026-07-09|2026-07-10|2026-07-13|2026-07-14|2026-07-15|2026-07-16|2026-07-17|2026-07-20|2026-07-21|2026-07-22,2026-07-22 23:14:36,0.0
Best Buy,,2026-06-09|2026-06-10|2026-06-11|2026-06-12|2026-06-15|2026-06-16|2026-06-17|2026-06-18|2026-06-22|2026-06-23|2026-06-24|2026-06-25|2026-06-26|2026-06-29|2026-06-30|2026-07-01|2026-07-02|2026-07-06|2026-07-07|2026-07-08|2026-07-09|2026-07-10|2026-07-13|2026-07-14|2026-07-15|2026-07-16|2026-07-17|2026-07-20|2026-07-21|2026-07-22,2026-07-22 23:14:36,0.0
Northrop Grumman,,2026-06-09|2026-06-10|2026-06-11|2026-06-12|2026-06-15|2026-06-16|2026-06-17|2026-06-18|2026-06-22|2026-06-23|2026-06-24|2026-06-25|2026-06-26|2026-06-29|2026-06-30|2026-07-01|2026-07-02|2026-07-06|2026-07-07|2026-07-08|2026-07-09|2026-07-10|2026-07-13|2026-07-14|2026-07-15|2026-07-16|2026-07-17|2026-07-20|2026-07-21|2026-07-22,2026-07-22 23:14:36,0.0
Molina Healthcare,,2026-06-09|2026-06-10|2026-06-11|2026-06-12|2026-06-15|2026-06-16|2026-06-17|2026-06-18|2026-06-22|2026-06-23|2026-06-24|2026-06-25|2026-06-26|2026-06-29|2026-06-30|2026-07-01|2026-07-02|2026-07-06|2026-07-07|2026-07-08|2026-07-09|2026-07-10|2026-07-13|2026-07-14|2026-07-15|2026-07-16|2026-07-17|2026-07-20|2026-07-21|2026-07-22,2026-07-22 23:14:36,0.0
Dollar General,,2026-06-09|2026-06-10|2026-06-11|2026-06-12|2026-06-15|2026-06-16|2026-06-17|2026-06-18|2026-06-22|2026-06-23|2026-06-24|2026-06-25|2026-06-26|2026-06-29|2026-06-30|2026-07-01|2026-07-02|2026-07-06|2026-07-07|2026-07-08|2026-07-09|2026-07-10|2026-07-13|2026-07-14|2026-07-15|2026-07-16|2026-07-17|2026-07-20|2026-07-21|2026-07-22,2026-07-22 23:14:36,0.0
Bank of New York Mellon,,2026-07-17,2026-07-22 23:14:36,0.0
Warner Bros Discovery,,2026-06-09|2026-06-10|2026-06-11|2026-06-12|2026-06-15|2026-06-16|2026-06-17|2026-06-18|2026-06-22|2026-06-23|2026-06-24|2026-06-25|2026-06-26|2026-06-29|2026-06-30|2026-07-01|2026-07-02|2026-07-06|2026-07-07|2026-07-08|2026-07-09|2026-07-10|2026-07-13|2026-07-14|2026-07-15|2026-07-16|2026-07-17|2026-07-20|2026-07-21|2026-07-22,2026-07-22 23:14:36,0.0
Netflix,,2026-06-09|2026-06-10|2026-06-11|2026-06-12|2026-06-15|2026-06-16|2026-06-17|2026-06-18|2026-06-22|2026-06-23|2026-06-24|2026-06-25|2026-06-26|2026-06-29|2026-06-30|2026-07-01|2026-07-02|2026-07-06|2026-07-07|2026-07-08|2026-07-09|2026-07-10|2026-07-13|2026-07-14|2026-07-15|2026-07-16|2026-07-17|2026-07-20|2026-07-21|2026-07-22,2026-07-22 23:14:36,0.0
Qualcomm,,2026-06-09|2026-06-10|2026-06-11|2026-06-12|2026-06-15|2026-06-16|2026-06-17|2026-06-18|2026-06-22|2026-06-23|2026-06-24|2026-06-25|2026-06-26|2026-06-29|2026-06-30|2026-07-01|2026-07-02|2026-07-06|2026-07-07|2026-07-08|2026-07-09|2026-07-10|2026-07-13|2026-07-14|2026-07-15|2026-07-16|2026-07-17|2026-07-20|2026-07-21|2026-07-22,2026-07-22 23:14:36,0.0
Honeywell,,2026-06-09|2026-06-10|2026-06-11|2026-06-12|2026-06-15|2026-06-16|2026-06-17|2026-06-18|2026-06-22|2026-06-23|2026-06-24|2026-06-25|2026-06-26|2026-06-29|2026-06-30|2026-07-01|2026-07-02|2026-07-06|2026-07-07|2026-07-08|2026-07-09|2026-07-10|2026-07-13|2026-07-14|2026-07-15|2026-07-16|2026-07-17|2026-07-20|2026-07-21|2026-07-22,2026-07-22 23:14:36,0.0
Salesforce,,2026-06-09|2026-06-10|2026-06-11|2026-06-12|2026-06-15|2026-06-16|2026-06-17|2026-06-18|2026-06-22|2026-06-23|2026-06-24|2026-06-25|2026-06-26|2026-06-29|2026-06-30|2026-07-01|2026-07-02|2026-07-06|2026-07-07|2026-07-08|2026-07-09|2026-07-10|2026-07-13|2026-07-14|2026-07-15|2026-07-16|2026-07-17|2026-07-20|2026-07-21|2026-07-22,2026-07-22 23:14:36,0.0
Philip Morris International,,2026-06-09|2026-06-10|2026-06-11|2026-06-12|2026-06-15|2026-06-16|2026-06-17|2026-06-18|2026-06-22|2026-06-23|2026-06-24|2026-06-25|2026-06-26|2026-06-29|2026-06-30|2026-07-01|2026-07-02|2026-07-06|2026-07-07|2026-07-08|2026-07-09|2026-07-10|2026-07-13|2026-07-14|2026-07-15|2026-07-16|2026-07-17|2026-07-20|2026-07-21|2026-07-22,2026-07-22 23:14:36,0.0
US Foods,,2026-06-09|2026-06-10|2026-06-11|2026-06-12|2026-06-15|2026-06-16|2026-06-17|2026-06-18|2026-06-22|2026-06-23|2026-06-24|2026-06-25|2026-06-26|2026-06-29|2026-06-30|2026-07-01|2026-07-02|2026-07-06|2026-07-07|2026-07-08|2026-07-09|2026-07-10|2026-07-13|2026-07-14|2026-07-15|2026-07-16|2026-07-17|2026-07-20|2026-07-21|2026-07-22,2026-07-22 23:14:36,0.0
DR Horton Inc,,2026-06-09|2026-06-10|2026-06-11|2026-06-12|2026-06-15|2026-06-16|2026-06-17|2026-06-18|2026-06-22|2026-06-23|2026-06-24|2026-06-25|2026-06-26|2026-06-29|2026-06-30|2026-07-01|2026-07-02|2026-07-06|2026-07-07|2026-07-08|2026-07-09|2026-07-10|2026-07-13|2026-07-14|2026-07-15|2026-07-16|2026-07-17|2026-07-20|2026-07-21|2026-07-22,2026-07-22 23:14:36,0.0
Lithia Motors,,2026-06-09|2026-06-10|2026-06-11|2026-06-12|2026-06-15|2026-06-16|2026-06-17|2026-06-18|2026-06-22|2026-06-23|2026-06-24|2026-06-25|2026-06-26|2026-06-29|2026-06-30|2026-07-01|2026-07-02|2026-07-06|2026-07-07|2026-07-08|2026-07-09|2026-07-10|2026-07-13|2026-07-14|2026-07-15|2026-07-16|2026-07-17|2026-07-20|2026-07-21|2026-07-22,2026-07-22 23:14:36,0.0
Mondelez,,2026-06-09|2026-06-10|2026-06-11|2026-06-12|2026-06-15|2026-06-16|2026-06-17|2026-06-18|2026-06-22|2026-06-23|2026-06-24|2026-06-25|2026-06-26|2026-06-29|2026-06-30|2026-07-01|2026-07-02|2026-07-06|2026-07-07|2026-07-08|2026-07-09|2026-07-10|2026-07-13|2026-07-14|2026-07-15|2026-07-16|2026-07-17|2026-07-20|2026-07-21|2026-07-22,2026-07-22 23:14:36,0.0
Starbucks,,2026-06-09|2026-06-10|2026-06-11|2026-06-12|2026-06-15|2026-06-16|2026-06-17|2026-06-18|2026-06-22|2026-06-23|2026-06-24|2026-06-25|2026-06-26|2026-06-29|2026-06-30|2026-07-01|2026-07-02|2026-07-06|2026-07-07|2026-07-08|2026-07-09|2026-07-10|2026-07-13|2026-07-14|2026-07-15|2026-07-16|2026-07-17|2026-07-20|2026-07-21|2026-07-22,2026-07-22 23:14:36,0.0
Visa Inc,,2026-06-09|2026-06-10|2026-06-11|2026-06-12|2026-06-15|2026-06-16|2026-06-17|2026-06-18|2026-06-22|2026-06-23|2026-06-24|2026-06-25|2026-06-26|2026-06-29|2026-06-30|2026-07-01|2026-07-02|2026-07-06|2026-07-07|2026-07-08|2026-07-09|2026-07-10|2026-07-13|2026-07-14|2026-07-15|2026-07-16|2026-07-17|2026-07-20|2026-07-21|2026-07-22,2026-07-22 23:14:36,0.0
CBRE Group,,2026-06-09|2026-06-10|2026-06-11|2026-06-12|2026-06-15|2026-06-16|2026-06-17|2026-06-18|2026-06-22|2026-06-23|2026-06-24|2026-06-25|2026-06-26|2026-06-29|2026-06-30|2026-07-01|2026-07-02|2026-07-06|2026-07-07|2026-07-08|2026-07-09|2026-07-10|2026-07-13|2026-07-14|2026-07-15|2026-07-16|2026-07-17|2026-07-20|2026-07-21|2026-07-22,2026-07-22 23:14:36,0.0
Lennar,,2026-06-09|2026-06-10|2026-06-11|2026-06-12|2026-06-15|2026-06-16|2026-06-17|2026-06-18|2026-06-22|2026-06-23|2026-06-24|2026-06-25|2026-06-26|2026-06-29|2026-06-30|2026-07-01|2026-07-02|2026-07-06|2026-07-07|2026-07-08|2026-07-09|2026-07-10|2026-07-13|2026-07-14|2026-07-15|2026-07-16|2026-07-17|2026-07-20|2026-07-21|2026-07-22,2026-07-22 23:14:36,0.0
GE Vernova,,2026-06-09|2026-06-10|2026-06-11|2026-06-12|2026-06-15|2026-06-16|2026-06-17|2026-06-18|2026-06-22|2026-06-23|2026-06-24|2026-06-25|2026-06-26|2026-06-29|2026-06-30|2026-07-01|2026-07-02|2026-07-06|2026-07-07|2026-07-08|2026-07-09|2026-07-10|2026-07-13|2026-07-14|2026-07-15|2026-07-16|2026-07-17|2026-07-20|2026-07-21|2026-07-22,2026-07-22 23:14:36,0.0
PNC Financial Services,,2026-06-09|2026-06-10|2026-06-11|2026-06-12|2026-06-15|2026-06-16|2026-06-17|2026-06-18|2026-06-22|2026-06-23|2026-06-24|2026-06-25|2026-06-26|2026-06-29|2026-06-30|2026-07-01|2026-07-02|2026-07-06|2026-07-07|2026-07-08|2026-07-09|2026-07-10|2026-07-13|2026-07-14|2026-07-15|2026-07-16|2026-07-17|2026-07-20|2026-07-21|2026-07-22,2026-07-22 23:14:36,0.0
Cummins Inc,,2026-06-09|2026-06-10|2026-06-11|2026-06-12|2026-06-15|2026-06-16|2026-06-17|2026-06-18|2026-06-22|2026-06-23|2026-06-24|2026-06-25|2026-06-26|2026-06-29|2026-06-30|2026-07-01|2026-07-02|2026-07-06|2026-07-07|2026-07-08|2026-07-09|2026-07-10|2026-07-13|2026-07-14|2026-07-15|2026-07-16|2026-07-17|2026-07-20|2026-07-21|2026-07-22,2026-07-22 23:14:36,0.0
Paccar,,2026-06-09|2026-06-10|2026-06-11|2026-06-12|2026-06-15|2026-06-16|2026-06-17|2026-06-18|2026-06-22|2026-06-23|2026-06-24|2026-06-25|2026-06-26|2026-06-29|2026-06-30|2026-07-01|2026-07-02|2026-07-06|2026-07-07|2026-07-08|2026-07-09|2026-07-10|2026-07-13|2026-07-14|2026-07-15|2026-07-16|2026-07-17|2026-07-20|2026-07-21|2026-07-22,2026-07-22 23:14:36,0.0
Amgen,,2026-06-09|2026-06-10|2026-06-11|2026-06-12|2026-06-15|2026-06-16|2026-06-17|2026-06-18|2026-06-22|2026-06-23|2026-06-24|2026-06-25|2026-06-26|2026-06-29|2026-06-30|2026-07-01|2026-07-02|2026-07-06|2026-07-07|2026-07-08|2026-07-09|2026-07-10|2026-07-13|2026-07-14|2026-07-15|2026-07-16|2026-07-17|2026-07-20|2026-07-21|2026-07-22,2026-07-22 23:14:36,0.0
PBF Energy,,2026-06-09|2026-06-10|2026-06-11|2026-06-12|2026-06-15|2026-06-16|2026-06-17|2026-06-18|2026-06-22|2026-06-23|2026-06-24|2026-06-25|2026-06-26|2026-06-29|2026-06-30|2026-07-01|2026-07-02|2026-07-06|2026-07-07|2026-07-08|2026-07-09|2026-07-10|2026-07-13|2026-07-14|2026-07-15|2026-07-16|2026-07-17|2026-07-20|2026-07-21|2026-07-22,2026-07-22 23:14:36,0.0
PayPal,,2026-06-09|2026-06-10|2026-06-11|2026-06-12|2026-06-15|2026-06-16|2026-06-17|2026-06-18|2026-06-22|2026-06-23|2026-06-24|2026-06-25|2026-06-26|2026-06-29|2026-06-30|2026-07-01|2026-07-02|2026-07-06|2026-07-07|2026-07-08|2026-07-09|2026-07-10|2026-07-13|2026-07-14|2026-07-15|2026-07-16|2026-07-17|2026-07-20|2026-07-21|2026-07-22,2026-07-22 23:14:36,0.0
United Natural Foods,,2026-06-09|2026-06-10|2026-06-11|2026-06-12|2026-06-15|2026-06-16|2026-06-17|2026-06-18|2026-06-22|2026-06-23|2026-06-24|2026-06-25|2026-06-26|2026-06-29|2026-06-30|2026-07-01|2026-07-02|2026-07-06|2026-07-07|2026-07-08|2026-07-09|2026-07-10|2026-07-13|2026-07-14|2026-07-15|2026-07-16|2026-07-17|2026-07-20|2026-07-21|2026-07-22,2026-07-22 23:14:36,0.0
Dollar Tree,,2026-06-09|2026-06-10|2026-06-11|2026-06-12|2026-06-15|2026-06-16|2026-06-17|2026-06-18|2026-06-22|2026-06-23|2026-06-24|2026-06-25|2026-06-26|2026-06-29|2026-06-30|2026-07-01|2026-07-02|2026-07-06|2026-07-07|2026-07-08|2026-07-09|2026-07-10|2026-07-13|2026-07-14|2026-07-15|2026-07-16|2026-07-17|2026-07-20|2026-07-21|2026-07-22,2026-07-22 23:14:36,0.0
Nucor,,2026-07-22,2026-07-22 23:14:36,0.0
Penske Automotive,,2026-06-09|2026-06-10|2026-06-11|2026-06-12|2026-06-15|2026-06-16|2026-06-17|2026-06-18|2026-06-22|2026-06-23|2026-06-24|2026-06-25|2026-06-26|2026-06-29|2026-06-30|2026-07-01|2026-07-02|2026-07-06|2026-07-07|2026-07-08|2026-07-09|2026-07-10|2026-07-13|2026-07-14|2026-07-15|2026-07-16|2026-07-17|2026-07-20|2026-07-21|2026-07-22,2026-07-22 23:14:36,0.0
Coupang,,2026-06-09|2026-06-10|2026-06-11|2026-06-12|2026-06-15|2026-06-16|2026-06-17|2026-06-18|2026-06-22|2026-06-23|2026-06-24|2026-06-25|2026-06-26|2026-06-29|2026-06-30|2026-07-01|2026-07-02|2026-07-06|2026-07-07|2026-07-08|2026-07-09|2026-07-10|2026-07-13|2026-07-14|2026-07-15|2026-07-16|2026-07-17|2026-07-20|2026-07-21|2026-07-22,2026-07-22 23:14:36,0.0
Hewlett Packard Enterprise,,2026-06-09|2026-06-10|2026-06-11|2026-06-12|2026-06-15|2026-06-16|2026-06-17|2026-06-18|2026-06-22|2026-06-23|2026-06-24|2026-06-25|2026-06-26|2026-06-29|2026-06-30|2026-07-01|2026-07-02|2026-07-06|2026-07-07|2026-07-08|2026-07-09|2026-07-10|2026-07-13|2026-07-14|2026-07-15|2026-07-16|2026-07-17|2026-07-20|2026-07-21|2026-07-22,2026-07-22 23:14:36,0.0
Duke Energy,,2026-06-09|2026-06-10|2026-06-11|2026-06-12|2026-06-15|2026-06-16|2026-06-17|2026-06-18|2026-06-22|2026-06-23|2026-06-24|2026-06-25|2026-06-26|2026-06-29|2026-06-30|2026-07-01|2026-07-02|2026-07-06|2026-07-07|2026-07-08|2026-07-09|2026-07-10|2026-07-13|2026-07-14|2026-07-15|2026-07-16|2026-07-17|2026-07-20|2026-07-21|2026-07-22,2026-07-22 23:14:36,0.0
KKR & Co,,2026-06-09|2026-06-10|2026-06-11|2026-06-12|2026-06-15|2026-06-16|2026-06-17|2026-06-18|2026-06-22|2026-06-23|2026-06-24|2026-06-25|2026-06-26|2026-06-29|2026-06-30|2026-07-01|2026-07-02|2026-07-06|2026-07-07|2026-07-08|2026-07-09|2026-07-10|2026-07-13|2026-07-14|2026-07-15|2026-07-16|2026-07-17|2026-07-20|2026-07-21|2026-07-22,2026-07-22 23:14:36,0.0
Jabil,,2026-06-09|2026-06-10|2026-06-11|2026-06-12|2026-06-15|2026-06-16|2026-06-17|2026-06-18|2026-06-22|2026-06-23|2026-06-24|2026-06-25|2026-06-26|2026-06-29|2026-06-30|2026-07-01|2026-07-02|2026-07-06|2026-07-07|2026-07-08|2026-07-09|2026-07-10|2026-07-13|2026-07-14|2026-07-15|2026-07-16|2026-07-17|2026-07-20|2026-07-21|2026-07-22,2026-07-22 23:14:36,0.0
Gilead Sciences,,2026-06-09|2026-06-10|2026-06-11|2026-06-12|2026-06-15|2026-06-16|2026-06-17|2026-06-18|2026-06-22|2026-06-23|2026-06-24|2026-06-25|2026-06-26|2026-06-29|2026-06-30|2026-07-01|2026-07-02|2026-07-06|2026-07-07|2026-07-08|2026-07-09|2026-07-10|2026-07-13|2026-07-14|2026-07-15|2026-07-16|2026-07-17|2026-07-20|2026-07-21|2026-07-22,2026-07-22 23:14:36,0.0
HF Sinclair,,2026-06-09|2026-06-10|2026-06-11|2026-06-12|2026-06-15|2026-06-16|2026-06-17|2026-06-18|2026-06-22|2026-06-23|2026-06-24|2026-06-25|2026-06-26|2026-06-29|2026-06-30|2026-07-01|2026-07-02|2026-07-06|2026-07-07|2026-07-08|2026-07-09|2026-07-10|2026-07-13|2026-07-14|2026-07-15|2026-07-16|2026-07-17|2026-07-20|2026-07-21|2026-07-22,2026-07-22 23:14:36,0.0
CarMax,,2026-06-09|2026-06-10|2026-06-11|2026-06-12|2026-06-15|2026-06-16|2026-06-17|2026-06-18|2026-06-22|2026-06-23|2026-06-24|2026-06-25|2026-06-26|2026-06-29|2026-06-30|2026-07-01|2026-07-02|2026-07-06|2026-07-07|2026-07-08|2026-07-09|2026-07-10|2026-07-13|2026-07-14|2026-07-15|2026-07-16|2026-07-17|2026-07-20|2026-07-21|2026-07-22,2026-07-22 23:14:36,0.0
Mastercard,,2026-06-09|2026-06-10|2026-06-11|2026-06-12|2026-06-15|2026-06-16|2026-06-17|2026-06-18|2026-06-22|2026-06-23|2026-06-24|2026-06-25|2026-06-26|2026-06-29|2026-06-30|2026-07-01|2026-07-02|2026-07-06|2026-07-07|2026-07-08|2026-07-09|2026-07-10|2026-07-13|2026-07-14|2026-07-15|2026-07-16|2026-07-17|2026-07-20|2026-07-21|2026-07-22,2026-07-22 23:14:36,0.0
NRG Energy,,2026-06-09|2026-06-10|2026-06-11|2026-06-12|2026-06-15|2026-06-16|2026-06-17|2026-06-18|2026-06-22|2026-06-23|2026-06-24|2026-06-25|2026-06-26|2026-06-29|2026-06-30|2026-07-01|2026-07-02|2026-07-06|2026-07-07|2026-07-08|2026-07-09|2026-07-10|2026-07-13|2026-07-14|2026-07-15|2026-07-16|2026-07-17|2026-07-20|2026-07-21|2026-07-22,2026-07-22 23:14:36,0.0
Arrow Electronics,,2026-06-09|2026-06-10|2026-06-11|2026-06-12|2026-06-15|2026-06-16|2026-06-17|2026-06-18|2026-06-22|2026-06-23|2026-06-24|2026-06-25|2026-06-26|2026-06-29|2026-06-30|2026-07-01|2026-07-02|2026-07-06|2026-07-07|2026-07-08|2026-07-09|2026-07-10|2026-07-13|2026-07-14|2026-07-15|2026-07-16|2026-07-17|2026-07-20|2026-07-21|2026-07-22,2026-07-22 23:14:36,0.0
Baker Hughes,,2026-06-09|2026-06-10|2026-06-11|2026-06-12|2026-06-15|2026-06-16|2026-06-17|2026-06-18|2026-06-22|2026-06-23|2026-06-24|2026-06-25|2026-06-26|2026-06-29|2026-06-30|2026-07-01|2026-07-02|2026-07-06|2026-07-07|2026-07-08|2026-07-09|2026-07-10|2026-07-13|2026-07-14|2026-07-15|2026-07-16|2026-07-17|2026-07-20|2026-07-21|2026-07-22,2026-07-22 23:14:36,0.0
Southwest Airlines,,2026-06-09|2026-06-10|2026-06-11|2026-06-12|2026-06-15|2026-06-16|2026-06-17|2026-06-18|2026-06-22|2026-06-23|2026-06-24|2026-06-25|2026-06-26|2026-06-29|2026-06-30|2026-07-01|2026-07-02|2026-07-06|2026-07-07|2026-07-08|2026-07-09|2026-07-10|2026-07-13|2026-07-14|2026-07-15|2026-07-16|2026-07-17|2026-07-20|2026-07-21|2026-07-22,2026-07-22 23:14:36,0.0
AIG,,2026-06-09|2026-06-10|2026-06-11|2026-06-12|2026-06-15|2026-06-16|2026-06-17|2026-06-18|2026-06-22|2026-06-23|2026-06-24|2026-06-25|2026-06-26|2026-06-29|2026-06-30|2026-07-01|2026-07-02|2026-07-06|2026-07-07|2026-07-08|2026-07-09|2026-07-10|2026-07-13|2026-07-14|2026-07-15|2026-07-16|2026-07-17|2026-07-20|2026-07-21|2026-07-22,2026-07-22 23:14:36,0.0
Applied Materials,,2026-06-09|2026-06-10|2026-06-11|2026-06-12|2026-06-15|2026-06-16|2026-06-17|2026-06-18|2026-06-22|2026-06-23|2026-06-24|2026-06-25|2026-06-26|2026-06-29|2026-06-30|2026-07-01|2026-07-02|2026-07-06|2026-07-07|2026-07-08|2026-07-09|2026-07-10|2026-07-13|2026-07-14|2026-07-15|2026-07-16|2026-07-17|2026-07-20|2026-07-21|2026-07-22,2026-07-22 23:14:36,0.0
Occidental Petroleum,,2026-06-09|2026-06-10|2026-06-11|2026-06-12|2026-06-15|2026-06-16|2026-06-17|2026-06-18|2026-06-22|2026-06-23|2026-06-24|2026-06-25|2026-06-26|2026-06-29|2026-06-30|2026-07-01|2026-07-02|2026-07-06|2026-07-07|2026-07-08|2026-07-09|2026-07-10|2026-07-13|2026-07-14|2026-07-15|2026-07-16|2026-07-17|2026-07-20|2026-07-21|2026-07-22,2026-07-22 23:14:36,0.0
AutoNation,,2026-06-09|2026-06-10|2026-06-11|2026-06-12|2026-06-15|2026-06-16|2026-06-17|2026-06-18|2026-06-22|2026-06-23|2026-06-24|2026-06-25|2026-06-26|2026-06-29|2026-06-30|2026-07-01|2026-07-02|2026-07-06|2026-07-07|2026-07-08|2026-07-09|2026-07-10|2026-07-13|2026-07-14|2026-07-15|2026-07-16|2026-07-17|2026-07-20|2026-07-21|2026-07-22,2026-07-22 23:14:36,0.0
Southern Company,,2026-06-09|2026-06-10|2026-06-11|2026-06-12|2026-06-15|2026-06-16|2026-06-17|2026-06-18|2026-06-22|2026-06-23|2026-06-24|2026-06-25|2026-06-26|2026-06-29|2026-06-30|2026-07-01|2026-07-02|2026-07-06|2026-07-07|2026-07-08|2026-07-09|2026-07-10|2026-07-13|2026-07-14|2026-07-15|2026-07-16|2026-07-17|2026-07-20|2026-07-21|2026-07-22,2026-07-22 23:14:36,0.0
The Hartford Insurance Group,,2026-06-09|2026-06-10|2026-06-11|2026-06-12|2026-06-15|2026-06-16|2026-06-17|2026-06-18|2026-06-22|2026-06-23|2026-06-24|2026-06-25|2026-06-26|2026-06-29|2026-06-30|2026-07-01|2026-07-02|2026-07-06|2026-07-07|2026-07-08|2026-07-09|2026-07-10|2026-07-13|2026-07-14|2026-07-15|2026-07-16|2026-07-17|2026-07-20|2026-07-21|2026-07-22,2026-07-22 23:14:36,0.0
Apollo Global Management,,2026-06-09|2026-06-10|2026-06-11|2026-06-12|2026-06-15|2026-06-16|2026-06-17|2026-06-18|2026-06-22|2026-06-23|2026-06-24|2026-06-25|2026-06-26|2026-06-29|2026-06-30|2026-07-01|2026-07-02|2026-07-06|2026-07-07|2026-07-08|2026-07-09|2026-07-10|2026-07-13|2026-07-14|2026-07-15|2026-07-16|2026-07-17|2026-07-20|2026-07-21|2026-07-22,2026-07-22 23:14:36,0.0
Charles Schwab,,2026-06-09|2026-06-10|2026-06-11|2026-06-12|2026-06-15|2026-06-16|2026-06-17|2026-06-18|2026-06-22|2026-06-23|2026-06-24|2026-06-25|2026-06-26|2026-06-29|2026-06-30|2026-07-01|2026-07-02|2026-07-06|2026-07-07|2026-07-08|2026-07-09|2026-07-10|2026-07-13|2026-07-14|2026-07-15|2026-07-16|2026-07-17|2026-07-20|2026-07-21|2026-07-22,2026-07-22 23:14:36,0.0
McDonalds,,2026-06-09|2026-06-10|2026-06-11|2026-06-12|2026-06-15|2026-06-16|2026-06-17|2026-06-18|2026-06-22|2026-06-23|2026-06-24|2026-06-25|2026-06-26|2026-06-29|2026-06-30|2026-07-01|2026-07-02|2026-07-06|2026-07-07|2026-07-08|2026-07-09|2026-07-10|2026-07-13|2026-07-14|2026-07-15|2026-07-16|2026-07-17|2026-07-20|2026-07-21|2026-07-22,2026-07-22 23:14:36,0.0
Kraft Heinz,,2026-06-09|2026-06-10|2026-06-11|2026-06-12|2026-06-15|2026-06-16|2026-06-17|2026-06-18|2026-06-22|2026-06-23|2026-06-24|2026-06-25|2026-06-26|2026-06-29|2026-06-30|2026-07-01|2026-07-02|2026-07-06|2026-07-07|2026-07-08|2026-07-09|2026-07-10|2026-07-13|2026-07-14|2026-07-15|2026-07-16|2026-07-17|2026-07-20|2026-07-21|2026-07-22,2026-07-22 23:14:36,0.0
Advanced Micro Devices,,2026-06-09|2026-06-10|2026-06-11|2026-06-12|2026-06-15|2026-06-16|2026-06-17|2026-06-18|2026-06-22|2026-06-23|2026-06-24|2026-06-25|2026-06-26|2026-06-29|2026-06-30|2026-07-01|2026-07-02|2026-07-06|2026-07-07|2026-07-08|2026-07-09|2026-07-10|2026-07-13|2026-07-14|2026-07-15|2026-07-16|2026-07-17|2026-07-20|2026-07-21|2026-07-22,2026-07-22 23:14:36,0.0
Truist Financial,,2026-06-09|2026-06-10|2026-06-11|2026-06-12|2026-06-15|2026-06-16|2026-06-17|2026-06-18|2026-06-22|2026-06-23|2026-06-24|2026-06-25|2026-06-26|2026-06-29|2026-06-30|2026-07-01|2026-07-02|2026-07-06|2026-07-07|2026-07-08|2026-07-09|2026-07-10|2026-07-13|2026-07-14|2026-07-15|2026-07-16|2026-07-17|2026-07-20|2026-07-21|2026-07-22,2026-07-22 23:14:36,0.0
Freeport-McMoRan,,2026-06-09|2026-06-10|2026-06-11|2026-06-12|2026-06-15|2026-06-16|2026-06-17|2026-06-18|2026-06-22|2026-06-23|2026-06-24|2026-06-25|2026-06-26|2026-06-29|2026-06-30|2026-07-01|2026-07-02|2026-07-06|2026-07-07|2026-07-08|2026-07-09|2026-07-10|2026-07-13|2026-07-14|2026-07-15|2026-07-16|2026-07-17|2026-07-20|2026-07-21|2026-07-22,2026-07-22 23:14:36,0.0
Micron Technology,,2026-06-09|2026-06-10|2026-06-11|2026-06-12|2026-06-15|2026-06-16|2026-06-17|2026-06-18|2026-06-22|2026-06-23|2026-06-24|2026-06-25|2026-06-26|2026-06-29|2026-06-30|2026-07-01|2026-07-02|2026-07-06|2026-07-07|2026-07-08|2026-07-09|2026-07-10|2026-07-13|2026-07-14|2026-07-15|2026-07-16|2026-07-17|2026-07-20|2026-07-21|2026-07-22,2026-07-22 23:14:36,0.0
Marriott International,,2026-06-09|2026-06-10|2026-06-11|2026-06-12|2026-06-15|2026-06-16|2026-06-17|2026-06-18|2026-06-22|2026-06-23|2026-06-24|2026-06-25|2026-06-26|2026-06-29|2026-06-30|2026-07-01|2026-07-02|2026-07-06|2026-07-07|2026-07-08|2026-07-09|2026-07-10|2026-07-13|2026-07-14|2026-07-15|2026-07-16|2026-07-17|2026-07-20|2026-07-21|2026-07-22,2026-07-22 23:14:36,0.0
Carrier Global,,2026-06-09|2026-06-10|2026-06-11|2026-06-12|2026-06-15|2026-06-16|2026-06-17|2026-06-18|2026-06-22|2026-06-23|2026-06-24|2026-06-25|2026-06-26|2026-06-29|2026-06-30|2026-07-01|2026-07-02|2026-07-06|2026-07-07|2026-07-08|2026-07-09|2026-07-10|2026-07-13|2026-07-14|2026-07-15|2026-07-16|2026-07-17|2026-07-20|2026-07-21|2026-07-22,2026-07-22 23:14:36,0.0
NextEra Energy,,2026-06-09|2026-06-10|2026-06-11|2026-06-12|2026-06-15|2026-06-16|2026-06-17|2026-06-18|2026-06-22|2026-06-23|2026-06-24|2026-06-25|2026-06-26|2026-06-29|2026-06-30|2026-07-01|2026-07-02|2026-07-06|2026-07-07|2026-07-08|2026-07-09|2026-07-10|2026-07-13|2026-07-14|2026-07-15|2026-07-16|2026-07-17|2026-07-20|2026-07-21|2026-07-22,2026-07-22 23:14:36,0.0
3M Company,,2026-06-09|2026-06-10|2026-06-11|2026-06-12|2026-06-15|2026-06-16|2026-06-17|2026-06-18|2026-06-22|2026-06-23|2026-06-24|2026-06-25|2026-06-26|2026-06-29|2026-06-30|2026-07-01|2026-07-02|2026-07-06|2026-07-07|2026-07-08|2026-07-09|2026-07-10|2026-07-13|2026-07-14|2026-07-15|2026-07-16|2026-07-17|2026-07-20|2026-07-21|2026-07-22,2026-07-22 23:14:36,0.0
Pacific Gas and Electric Company,,2026-06-09|2026-06-10|2026-06-11|2026-06-12|2026-06-15|2026-06-16|2026-06-17|2026-06-18|2026-06-22|2026-06-23|2026-06-24|2026-06-25|2026-06-26|2026-06-29|2026-06-30|2026-07-01|2026-07-02|2026-07-06|2026-07-07|2026-07-08|2026-07-09|2026-07-10|2026-07-13|2026-07-14|2026-07-15|2026-07-16|2026-07-17|2026-07-20|2026-07-21|2026-07-22,2026-07-22 23:14:36,0.0
Union Pacific,,2026-06-09|2026-06-10|2026-06-11|2026-06-12|2026-06-15|2026-06-16|2026-06-17|2026-06-18|2026-06-22|2026-06-23|2026-06-24|2026-06-25|2026-06-26|2026-06-29|2026-06-30|2026-07-01|2026-07-02|2026-07-06|2026-07-07|2026-07-08|2026-07-09|2026-07-10|2026-07-13|2026-07-14|2026-07-15|2026-07-16|2026-07-17|2026-07-20|2026-07-21|2026-07-22,2026-07-22 23:14:36,0.0
Synchrony Financial,,2026-06-09|2026-06-10|2026-06-11|2026-06-12|2026-06-15|2026-06-16|2026-06-17|2026-06-18|2026-06-22|2026-06-23|2026-06-24|2026-06-25|2026-06-26|2026-06-29|2026-06-30|2026-07-01|2026-07-02|2026-07-06|2026-07-07|2026-07-08|2026-07-09|2026-07-10|2026-07-13|2026-07-14|2026-07-15|2026-07-16|2026-07-17|2026-07-20|2026-07-21|2026-07-22,2026-07-22 23:14:36,0.0
Danaher,,2026-06-09|2026-06-10|2026-06-11|2026-06-12|2026-06-15|2026-06-16|2026-06-17|2026-06-18|2026-06-22|2026-06-23|2026-06-24|2026-06-25|2026-06-26|2026-06-29|2026-06-30|2026-07-01|2026-07-02|2026-07-06|2026-07-07|2026-07-08|2026-07-09|2026-07-10|2026-07-13|2026-07-14|2026-07-15|2026-07-16|2026-07-17|2026-07-20|2026-07-21|2026-07-22,2026-07-22 23:14:36,0.0
Avnet,,2026-06-09|2026-06-10|2026-06-11|2026-06-12|2026-06-15|2026-06-16|2026-06-17|2026-06-18|2026-06-22|2026-06-23|2026-06-24|2026-06-25|2026-06-26|2026-06-29|2026-06-30|2026-07-01|2026-07-02|2026-07-06|2026-07-07|2026-07-08|2026-07-09|2026-07-10|2026-07-13|2026-07-14|2026-07-15|2026-07-16|2026-07-17|2026-07-20|2026-07-21|2026-07-22,2026-07-22 23:14:36,0.0
Booking Holdings,,2026-06-09|2026-06-10|2026-06-11|2026-06-12|2026-06-15|2026-06-16|2026-06-17|2026-06-18|2026-06-22|2026-06-23|2026-06-24|2026-06-25|2026-06-26|2026-06-29|2026-06-30|2026-07-01|2026-07-02|2026-07-06|2026-07-07|2026-07-08|2026-07-09|2026-07-10|2026-07-13|2026-07-14|2026-07-15|2026-07-16|2026-07-17|2026-07-20|2026-07-21|2026-07-22,2026-07-22 23:14:36,0.0
EOG Resources,,2026-06-09|2026-06-10|2026-06-11|2026-06-12|2026-06-15|2026-06-16|2026-06-17|2026-06-18|2026-06-22|2026-06-23|2026-06-24|2026-06-25|2026-06-26|2026-06-29|2026-06-30|2026-07-01|2026-07-02|2026-07-06|2026-07-07|2026-07-08|2026-07-09|2026-07-10|2026-07-13|2026-07-14|2026-07-15|2026-07-16|2026-07-17|2026-07-20|2026-07-21|2026-07-22,2026-07-22 23:14:36,0.0
Quanta Services,,2026-06-09|2026-06-10|2026-06-11|2026-06-12|2026-06-15|2026-06-16|2026-06-17|2026-06-18|2026-06-22|2026-06-23|2026-06-24|2026-06-25|2026-06-26|2026-06-29|2026-06-30|2026-07-01|2026-07-02|2026-07-06|2026-07-07|2026-07-08|2026-07-09|2026-07-10|2026-07-13|2026-07-14|2026-07-15|2026-07-16|2026-07-17|2026-07-20|2026-07-21|2026-07-22,2026-07-22 23:14:36,0.0
Constellation Energy,,2026-06-09|2026-06-10|2026-06-11|2026-06-12|2026-06-15|2026-06-16|2026-06-17|2026-06-18|2026-06-22|2026-06-23|2026-06-24|2026-06-25|2026-06-26|2026-06-29|2026-06-30|2026-07-01|2026-07-02|2026-07-06|2026-07-07|2026-07-08|2026-07-09|2026-07-10|2026-07-13|2026-07-14|2026-07-15|2026-07-16|2026-07-17|2026-07-20|2026-07-21|2026-07-22,2026-07-22 23:14:36,0.0
Genuine Parts Company,,2026-06-09|2026-06-10|2026-06-11|2026-06-12|2026-06-15|2026-06-16|2026-06-17|2026-06-18|2026-06-22|2026-06-23|2026-06-24|2026-06-25|2026-06-26|2026-06-29|2026-06-30|2026-07-01|2026-07-02|2026-07-06|2026-07-07|2026-07-08|2026-07-09|2026-07-10|2026-07-13|2026-07-14|2026-07-15|2026-07-16|2026-07-17|2026-07-20|2026-07-21|2026-07-22,2026-07-22 23:14:36,0.0
Jones Lang LaSalle,,2026-06-09|2026-06-10|2026-06-11|2026-06-12|2026-06-15|2026-06-16|2026-06-17|2026-06-18|2026-06-22|2026-06-23|2026-06-24|2026-06-25|2026-06-26|2026-06-29|2026-06-30|2026-07-01|2026-07-02|2026-07-06|2026-07-07|2026-07-08|2026-07-09|2026-07-10|2026-07-13|2026-07-14|2026-07-15|2026-07-16|2026-07-17|2026-07-20|2026-07-21|2026-07-22,2026-07-22 23:14:36,0.0
Lear Corporation,,2026-06-09|2026-06-10|2026-06-11|2026-06-12|2026-06-15|2026-06-16|2026-06-17|2026-06-18|2026-06-22|2026-06-23|2026-06-24|2026-06-25|2026-06-26|2026-06-29|2026-06-30|2026-07-01|2026-07-02|2026-07-06|2026-07-07|2026-07-08|2026-07-09|2026-07-10|2026-07-13|2026-07-14|2026-07-15|2026-07-16|2026-07-17|2026-07-20|2026-07-21|2026-07-22,2026-07-22 23:14:36,0.0
Live Nation Entertainment,,2026-06-09|2026-06-10|2026-06-11|2026-06-12|2026-06-15|2026-06-16|2026-06-17|2026-06-18|2026-06-22|2026-06-23|2026-06-24|2026-06-25|2026-06-26|2026-06-29|2026-06-30|2026-07-01|2026-07-02|2026-07-06|2026-07-07|2026-07-08|2026-07-09|2026-07-10|2026-07-13|2026-07-14|2026-07-15|2026-07-16|2026-07-17|2026-07-20|2026-07-21|2026-07-22,2026-07-22 23:14:36,0.0
Sherwin-Williams,,2026-06-09|2026-06-10|2026-06-11|2026-06-12|2026-06-15|2026-06-16|2026-06-17|2026-06-18|2026-06-22|2026-06-23|2026-06-24|2026-06-25|2026-06-26|2026-06-29|2026-06-30|2026-07-01|2026-07-02|2026-07-06|2026-07-07|2026-07-08|2026-07-09|2026-07-10|2026-07-13|2026-07-14|2026-07-15|2026-07-16|2026-07-17|2026-07-20|2026-07-21|2026-07-22,2026-07-22 23:14:36,0.0
Exelon,,2026-06-09|2026-06-10|2026-06-11|2026-06-12|2026-06-15|2026-06-16|2026-06-17|2026-06-18|2026-06-22|2026-06-23|2026-06-24|2026-06-25|2026-06-26|2026-06-29|2026-06-30|2026-07-01|2026-07-02|2026-07-06|2026-07-07|2026-07-08|2026-07-09|2026-07-10|2026-07-13|2026-07-14|2026-07-15|2026-07-16|2026-07-17|2026-07-20|2026-07-21|2026-07-22,2026-07-22 23:14:36,0.0
Macys,,2026-06-09|2026-06-10|2026-06-11|2026-06-12|2026-06-15|2026-06-16|2026-06-17|2026-06-18|2026-06-22|2026-06-23|2026-06-24|2026-06-25|2026-06-26|2026-06-29|2026-06-30|2026-07-01|2026-07-02|2026-07-06|2026-07-07|2026-07-08|2026-07-09|2026-07-10|2026-07-13|2026-07-14|2026-07-15|2026-07-16|2026-07-17|2026-07-20|2026-07-21|2026-07-22,2026-07-22 23:14:36,0.0
Halliburton,,2026-06-09|2026-06-10|2026-06-11|2026-06-12|2026-06-15|2026-06-16|2026-06-17|2026-06-18|2026-06-22|2026-06-23|2026-06-24|2026-06-25|2026-06-26|2026-06-29|2026-06-30|2026-07-01|2026-07-02|2026-07-06|2026-07-07|2026-07-08|2026-07-09|2026-07-10|2026-07-13|2026-07-14|2026-07-15|2026-07-16|2026-07-17|2026-07-20|2026-07-21|2026-07-22,2026-07-22 23:14:36,0.0
Stryker,,2026-06-09|2026-06-10|2026-06-11|2026-06-12|2026-06-15|2026-06-16|2026-06-17|2026-06-18|2026-06-22|2026-06-23|2026-06-24|2026-06-25|2026-06-26|2026-06-29|2026-06-30|2026-07-01|2026-07-02|2026-07-06|2026-07-07|2026-07-08|2026-07-09|2026-07-10|2026-07-13|2026-07-14|2026-07-15|2026-07-16|2026-07-17|2026-07-20|2026-07-21|2026-07-22,2026-07-22 23:14:36,0.0
Reinsurance Group of America,,2026-06-09|2026-06-10|2026-06-11|2026-06-12|2026-06-15|2026-06-16|2026-06-17|2026-06-18|2026-06-22|2026-06-23|2026-06-24|2026-06-25|2026-06-26|2026-06-29|2026-06-30|2026-07-01|2026-07-02|2026-07-06|2026-07-07|2026-07-08|2026-07-09|2026-07-10|2026-07-13|2026-07-14|2026-07-15|2026-07-16|2026-07-17|2026-07-20|2026-07-21|2026-07-22,2026-07-22 23:14:36,0.0
State Street,,2026-06-09|2026-06-10|2026-06-11|2026-06-12|2026-06-15|2026-06-16|2026-06-17|2026-06-18|2026-06-22|2026-06-23|2026-06-24|2026-06-25|2026-06-26|2026-06-29|2026-06-30|2026-07-01|2026-07-02|2026-07-06|2026-07-07|2026-07-08|2026-07-09|2026-07-10|2026-07-13|2026-07-14|2026-07-15|2026-07-16|2026-07-17|2026-07-20|2026-07-21|2026-07-22,2026-07-22 23:14:36,0.0
WESCO International,,2026-06-09|2026-06-10|2026-06-11|2026-06-12|2026-06-15|2026-06-16|2026-06-17|2026-06-18|2026-06-22|2026-06-23|2026-06-24|2026-06-25|2026-06-26|2026-06-29|2026-06-30|2026-07-01|2026-07-02|2026-07-06|2026-07-07|2026-07-08|2026-07-09|2026-07-10|2026-07-13|2026-07-14|2026-07-15|2026-07-16|2026-07-17|2026-07-20|2026-07-21|2026-07-22,2026-07-22 23:14:36,0.0
Oneok,,2026-06-09|2026-06-10|2026-06-11|2026-06-12|2026-06-15|2026-06-16|2026-06-17|2026-06-18|2026-06-22|2026-06-23|2026-06-24|2026-06-25|2026-06-26|2026-06-29|2026-06-30|2026-07-01|2026-07-02|2026-07-06|2026-07-07|2026-07-08|2026-07-09|2026-07-10|2026-07-13|2026-07-14|2026-07-15|2026-07-16|2026-07-17|2026-07-20|2026-07-21|2026-07-22,2026-07-22 23:14:36,0.0
Adobe,,2026-06-09|2026-06-10|2026-06-11|2026-06-12|2026-06-15|2026-06-16|2026-06-17|2026-06-18|2026-06-22|2026-06-23|2026-06-24|2026-06-25|2026-06-26|2026-06-29|2026-06-30|2026-07-01|2026-07-02|2026-07-06|2026-07-07|2026-07-08|2026-07-09|2026-07-10|2026-07-13|2026-07-14|2026-07-15|2026-07-16|2026-07-17|2026-07-20|2026-07-21|2026-07-22,2026-07-22 23:14:36,0.0
L3Harris Technologies,,2026-06-09|2026-06-10|2026-06-11|2026-06-12|2026-06-15|2026-06-16|2026-06-17|2026-06-18|2026-06-22|2026-06-23|2026-06-24|2026-06-25|2026-06-26|2026-06-29|2026-06-30|2026-07-01|2026-07-02|2026-07-06|2026-07-07|2026-07-08|2026-07-09|2026-07-10|2026-07-13|2026-07-14|2026-07-15|2026-07-16|2026-07-17|2026-07-20|2026-07-21|2026-07-22,2026-07-22 23:14:36,0.0
Ross Stores,,2026-06-09|2026-06-10|2026-06-11|2026-06-12|2026-06-15|2026-06-16|2026-06-17|2026-06-18|2026-06-22|2026-06-23|2026-06-24|2026-06-25|2026-06-26|2026-06-29|2026-06-30|2026-07-01|2026-07-02|2026-07-06|2026-07-07|2026-07-08|2026-07-09|2026-07-10|2026-07-13|2026-07-14|2026-07-15|2026-07-16|2026-07-17|2026-07-20|2026-07-21|2026-07-22,2026-07-22 23:14:36,0.0
CDW,,2026-06-09|2026-06-10|2026-06-11|2026-06-12|2026-06-15|2026-06-16|2026-06-17|2026-06-18|2026-06-22|2026-06-23|2026-06-24|2026-06-25|2026-06-26|2026-06-29|2026-06-30|2026-07-01|2026-07-02|2026-07-06|2026-07-07|2026-07-08|2026-07-09|2026-07-10|2026-07-13|2026-07-14|2026-07-15|2026-07-16|2026-07-17|2026-07-20|2026-07-21|2026-07-22,2026-07-22 23:14:36,0.0
Tenet Healthcare,,2026-06-09|2026-06-10|2026-06-11|2026-06-12|2026-06-15|2026-06-16|2026-06-17|2026-06-18|2026-06-22|2026-06-23|2026-06-24|2026-06-25|2026-06-26|2026-06-29|2026-06-30|2026-07-01|2026-07-02|2026-07-06|2026-07-07|2026-07-08|2026-07-09|2026-07-10|2026-07-13|2026-07-14|2026-07-15|2026-07-16|2026-07-17|2026-07-20|2026-07-21|2026-07-22,2026-07-22 23:14:36,0.0
BJ's Wholesale Club,,2026-06-09|2026-06-10|2026-06-11|2026-06-12|2026-06-15|2026-06-16|2026-06-17|2026-06-18|2026-06-22|2026-06-23|2026-06-24|2026-06-25|2026-06-26|2026-06-29|2026-06-30|2026-07-01|2026-07-02|2026-07-06|2026-07-07|2026-07-08|2026-07-09|2026-07-10|2026-07-13|2026-07-14|2026-07-15|2026-07-16|2026-07-17|2026-07-20|2026-07-21|2026-07-22,2026-07-22 23:14:36,0.0
Altria,,2026-06-09|2026-06-10|2026-06-11|2026-06-12|2026-06-15|2026-06-16|2026-06-17|2026-06-18|2026-06-22|2026-06-23|2026-06-24|2026-06-25|2026-06-26|2026-06-29|2026-06-30|2026-07-01|2026-07-02|2026-07-06|2026-07-07|2026-07-08|2026-07-09|2026-07-10|2026-07-13|2026-07-14|2026-07-15|2026-07-16|2026-07-17|2026-07-20|2026-07-21|2026-07-22,2026-07-22 23:14:36,0.0
BlackRock,,2026-06-09|2026-06-10|2026-06-11|2026-06-12|2026-06-15|2026-06-16|2026-06-17|2026-06-18|2026-06-22|2026-06-23|2026-06-24|2026-06-25|2026-06-26|2026-06-29|2026-06-30|2026-07-01|2026-07-02|2026-07-06|2026-07-07|2026-07-08|2026-07-09|2026-07-10|2026-07-13|2026-07-14|2026-07-15|2026-07-16|2026-07-17|2026-07-20|2026-07-21|2026-07-22,2026-07-22 23:14:36,0.0
Becton Dickinson,,2026-06-09|2026-06-10|2026-06-11|2026-06-12|2026-06-15|2026-06-16|2026-06-17|2026-06-18|2026-06-22|2026-06-23|2026-06-24|2026-06-25|2026-06-26|2026-06-29|2026-06-30|2026-07-01|2026-07-02|2026-07-06|2026-07-07|2026-07-08|2026-07-09|2026-07-10|2026-07-13|2026-07-14|2026-07-15|2026-07-16|2026-07-17|2026-07-20|2026-07-21|2026-07-22,2026-07-22 23:14:36,0.0
Colgate-Palmolive,,2026-06-09|2026-06-10|2026-06-11|2026-06-12|2026-06-15|2026-06-16|2026-06-17|2026-06-18|2026-06-22|2026-06-23|2026-06-24|2026-06-25|2026-06-26|2026-06-29|2026-06-30|2026-07-01|2026-07-02|2026-07-06|2026-07-07|2026-07-08|2026-07-09|2026-07-10|2026-07-13|2026-07-14|2026-07-15|2026-07-16|2026-07-17|2026-07-20|2026-07-21|2026-07-22,2026-07-22 23:14:36,0.0
Kimberly-Clark,,2026-06-09|2026-06-10|2026-06-11|2026-06-12|2026-06-15|2026-06-16|2026-06-17|2026-06-18|2026-06-22|2026-06-23|2026-06-24|2026-06-25|2026-06-26|2026-06-29|2026-06-30|2026-07-01|2026-07-02|2026-07-06|2026-07-07|2026-07-08|2026-07-09|2026-07-10|2026-07-13|2026-07-14|2026-07-15|2026-07-16|2026-07-17|2026-07-20|2026-07-21|2026-07-22,2026-07-22 23:14:36,0.0
Group 1 Automotive,,2026-06-09|2026-06-10|2026-06-11|2026-06-12|2026-06-15|2026-06-16|2026-06-17|2026-06-18|2026-06-22|2026-06-23|2026-06-24|2026-06-25|2026-06-26|2026-06-29|2026-06-30|2026-07-01|2026-07-02|2026-07-06|2026-07-07|2026-07-08|2026-07-09|2026-07-10|2026-07-13|2026-07-14|2026-07-15|2026-07-16|2026-07-17|2026-07-20|2026-07-21|2026-07-22,2026-07-22 23:14:36,0.0
Parker-Hannifin,,2026-06-09|2026-06-10|2026-06-11|2026-06-12|2026-06-15|2026-06-16|2026-06-17|2026-06-18|2026-06-22|2026-06-23|2026-06-24|2026-06-25|2026-06-26|2026-06-29|2026-06-30|2026-07-01|2026-07-02|2026-07-06|2026-07-07|2026-07-08|2026-07-09|2026-07-10|2026-07-13|2026-07-14|2026-07-15|2026-07-16|2026-07-17|2026-07-20|2026-07-21|2026-07-22,2026-07-22 23:14:36,0.0
General Mills,,2026-06-09|2026-06-10|2026-06-11|2026-06-12|2026-06-15|2026-06-16|2026-06-17|2026-06-18|2026-06-22|2026-06-23|2026-06-24|2026-06-25|2026-06-26|2026-06-29|2026-06-30|2026-07-01|2026-07-02|2026-07-06|2026-07-07|2026-07-08|2026-07-09|2026-07-10|2026-07-13|2026-07-14|2026-07-15|2026-07-16|2026-07-17|2026-07-20|2026-07-21|2026-07-22,2026-07-22 23:14:36,0.0
Cognizant Technology Solutions,,2026-06-09|2026-06-10|2026-06-11|2026-06-12|2026-06-15|2026-06-16|2026-06-17|2026-06-18|2026-06-22|2026-06-23|2026-06-24|2026-06-25|2026-06-26|2026-06-29|2026-06-30|2026-07-01|2026-07-02|2026-07-06|2026-07-07|2026-07-08|2026-07-09|2026-07-10|2026-07-13|2026-07-14|2026-07-15|2026-07-16|2026-07-17|2026-07-20|2026-07-21|2026-07-22,2026-07-22 23:14:36,0.0
American Electric Power,,2026-06-09|2026-06-10|2026-06-11|2026-06-12|2026-06-15|2026-06-16|2026-06-17|2026-06-18|2026-06-22|2026-06-23|2026-06-24|2026-06-25|2026-06-26|2026-06-29|2026-06-30|2026-07-01|2026-07-02|2026-07-06|2026-07-07|2026-07-08|2026-07-09|2026-07-10|2026-07-13|2026-07-14|2026-07-15|2026-07-16|2026-07-17|2026-07-20|2026-07-21|2026-07-22,2026-07-22 23:14:36,0.0
GE HealthCare Technologies,,2026-06-09|2026-06-10|2026-06-11|2026-06-12|2026-06-15|2026-06-16|2026-06-17|2026-06-18|2026-06-22|2026-06-23|2026-06-24|2026-06-25|2026-06-26|2026-06-29|2026-06-30|2026-07-01|2026-07-02|2026-07-06|2026-07-07|2026-07-08|2026-07-09|2026-07-10|2026-07-13|2026-07-14|2026-07-15|2026-07-16|2026-07-17|2026-07-20|2026-07-21|2026-07-22,2026-07-22 23:14:36,0.0
Automatic Data Processing,,2026-06-09|2026-06-10|2026-06-11|2026-06-12|2026-06-15|2026-06-16|2026-06-17|2026-06-18|2026-06-22|2026-06-23|2026-06-24|2026-06-25|2026-06-26|2026-06-29|2026-06-30|2026-07-01|2026-07-02|2026-07-06|2026-07-07|2026-07-08|2026-07-09|2026-07-10|2026-07-13|2026-07-14|2026-07-15|2026-07-16|2026-07-17|2026-07-20|2026-07-21|2026-07-22,2026-07-22 23:14:36,0.0
Cleveland-Cliffs,,2026-06-09|2026-06-10|2026-06-11|2026-06-12|2026-06-15|2026-06-16|2026-06-17|2026-06-18|2026-06-22|2026-06-23|2026-06-24|2026-06-25|2026-06-26|2026-06-29|2026-06-30|2026-07-01|2026-07-02|2026-07-06|2026-07-07|2026-07-08|2026-07-09|2026-07-10|2026-07-13|2026-07-14|2026-07-15|2026-07-16|2026-07-17|2026-07-20|2026-07-21|2026-07-22,2026-07-22 23:14:36,0.0
Aflac,,2026-06-09|2026-06-10|2026-06-11|2026-06-12|2026-06-15|2026-06-16|2026-06-17|2026-06-18|2026-06-22|2026-06-23|2026-06-24|2026-06-25|2026-06-26|2026-06-29|2026-06-30|2026-07-01|2026-07-02|2026-07-06|2026-07-07|2026-07-08|2026-07-09|2026-07-10|2026-07-13|2026-07-14|2026-07-15|2026-07-16|2026-07-17|2026-07-20|2026-07-21|2026-07-22,2026-07-22 23:14:36,0.0
Goodyear Tire & Rubber,,2026-06-09|2026-06-10|2026-06-11|2026-06-12|2026-06-15|2026-06-16|2026-06-17|2026-06-18|2026-06-22|2026-06-23|2026-06-24|2026-06-25|2026-06-26|2026-06-29|2026-06-30|2026-07-01|2026-07-02|2026-07-06|2026-07-07|2026-07-08|2026-07-09|2026-07-10|2026-07-13|2026-07-14|2026-07-15|2026-07-16|2026-07-17|2026-07-20|2026-07-21|2026-07-22,2026-07-22 23:14:36,0.0
Corebridge Financial,,2026-06-09|2026-06-10|2026-06-11|2026-06-12|2026-06-15|2026-06-16|2026-06-17|2026-06-18|2026-06-22|2026-06-23|2026-06-24|2026-06-25|2026-06-26|2026-06-29|2026-06-30|2026-07-01|2026-07-02|2026-07-06|2026-07-07|2026-07-08|2026-07-09|2026-07-10|2026-07-13|2026-07-14|2026-07-15|2026-07-16|2026-07-17|2026-07-20|2026-07-21|2026-07-22,2026-07-22 23:14:36,0.0
Newmont,,2026-06-09|2026-06-10|2026-06-11|2026-06-12|2026-06-15|2026-06-16|2026-06-17|2026-06-18|2026-06-22|2026-06-23|2026-06-24|2026-06-25|2026-06-26|2026-06-29|2026-06-30|2026-07-01|2026-07-02|2026-07-06|2026-07-07|2026-07-08|2026-07-09|2026-07-10|2026-07-13|2026-07-14|2026-07-15|2026-07-16|2026-07-17|2026-07-20|2026-07-21|2026-07-22,2026-07-22 23:14:36,0.0
International Paper,,2026-06-09|2026-06-10|2026-06-11|2026-06-12|2026-06-15|2026-06-16|2026-06-17|2026-06-18|2026-06-22|2026-06-23|2026-06-24|2026-06-25|2026-06-26|2026-06-29|2026-06-30|2026-07-01|2026-07-02|2026-07-06|2026-07-07|2026-07-08|2026-07-09|2026-07-10|2026-07-13|2026-07-14|2026-07-15|2026-07-16|2026-07-17|2026-07-20|2026-07-21|2026-07-22,2026-07-22 23:14:36,0.0
AutoZone,,2026-06-09|2026-06-10|2026-06-11|2026-06-12|2026-06-15|2026-06-16|2026-06-17|2026-06-18|2026-06-22|2026-06-23|2026-06-24|2026-06-25|2026-06-26|2026-06-29|2026-06-30|2026-07-01|2026-07-02|2026-07-06|2026-07-07|2026-07-08|2026-07-09|2026-07-10|2026-07-13|2026-07-14|2026-07-15|2026-07-16|2026-07-17|2026-07-20|2026-07-21|2026-07-22,2026-07-22 23:14:36,0.0
Lincoln National,,2026-06-09|2026-06-10|2026-06-11|2026-06-12|2026-06-15|2026-06-16|2026-06-17|2026-06-18|2026-06-22|2026-06-23|2026-06-24|2026-06-25|2026-06-26|2026-06-29|2026-06-30|2026-07-01|2026-07-02|2026-07-06|2026-07-07|2026-07-08|2026-07-09|2026-07-10|2026-07-13|2026-07-14|2026-07-15|2026-07-16|2026-07-17|2026-07-20|2026-07-21|2026-07-22,2026-07-22 23:14:36,0.0
PulteGroup,,2026-06-09|2026-06-10|2026-06-11|2026-06-12|2026-06-15|2026-06-16|2026-06-17|2026-06-18|2026-06-22|2026-06-23|2026-06-24|2026-06-25|2026-06-26|2026-06-29|2026-06-30|2026-07-01|2026-07-02|2026-07-06|2026-07-07|2026-07-08|2026-07-09|2026-07-10|2026-07-13|2026-07-14|2026-07-15|2026-07-16|2026-07-17|2026-07-20|2026-07-21|2026-07-22,2026-07-22 23:14:36,0.0
Ameriprise Financial,,2026-06-09|2026-06-10|2026-06-11|2026-06-12|2026-06-15|2026-06-16|2026-06-17|2026-06-18|2026-06-22|2026-06-23|2026-06-24|2026-06-25|2026-06-26|2026-06-29|2026-06-30|2026-07-01|2026-07-02|2026-07-06|2026-07-07|2026-07-08|2026-07-09|2026-07-10|2026-07-13|2026-07-14|2026-07-15|2026-07-16|2026-07-17|2026-07-20|2026-07-21|2026-07-22,2026-07-22 23:14:36,0.0
Murphy USA,,2026-06-09|2026-06-10|2026-06-11|2026-06-12|2026-06-15|2026-06-16|2026-06-17|2026-06-18|2026-06-22|2026-06-23|2026-06-24|2026-06-25|2026-06-26|2026-06-29|2026-06-30|2026-07-01|2026-07-02|2026-07-06|2026-07-07|2026-07-08|2026-07-09|2026-07-10|2026-07-13|2026-07-14|2026-07-15|2026-07-16|2026-07-17|2026-07-20|2026-07-21|2026-07-22,2026-07-22 23:14:36,0.0
ManpowerGroup,,2026-06-09|2026-06-10|2026-06-11|2026-06-12|2026-06-15|2026-06-16|2026-06-17|2026-06-18|2026-06-22|2026-06-23|2026-06-24|2026-06-25|2026-06-26|2026-06-29|2026-06-30|2026-07-01|2026-07-02|2026-07-06|2026-07-07|2026-07-08|2026-07-09|2026-07-10|2026-07-13|2026-07-14|2026-07-15|2026-07-16|2026-07-17|2026-07-20|2026-07-21|2026-07-22,2026-07-22 23:14:36,0.0
CH Robinson Worldwide,,2026-06-09|2026-06-10|2026-06-11|2026-06-12|2026-06-15|2026-06-16|2026-06-17|2026-06-18|2026-06-22|2026-06-23|2026-06-24|2026-06-25|2026-06-26|2026-06-29|2026-06-30|2026-07-01|2026-07-02|2026-07-06|2026-07-07|2026-07-08|2026-07-09|2026-07-10|2026-07-13|2026-07-14|2026-07-15|2026-07-16|2026-07-17|2026-07-20|2026-07-21|2026-07-22,2026-07-22 23:14:36,0.0
PPG Industries,,2026-06-09|2026-06-10|2026-06-11|2026-06-12|2026-06-15|2026-06-16|2026-06-17|2026-06-18|2026-06-22|2026-06-23|2026-06-24|2026-06-25|2026-06-26|2026-06-29|2026-06-30|2026-07-01|2026-07-02|2026-07-06|2026-07-07|2026-07-08|2026-07-09|2026-07-10|2026-07-13|2026-07-14|2026-07-15|2026-07-16|2026-07-17|2026-07-20|2026-07-21|2026-07-22,2026-07-22 23:14:36,0.0
Edison International,,2026-06-09|2026-06-10|2026-06-11|2026-06-12|2026-06-15|2026-06-16|2026-06-17|2026-06-18|2026-06-22|2026-06-23|2026-06-24|2026-06-25|2026-06-26|2026-06-29|2026-06-30|2026-07-01|2026-07-02|2026-07-06|2026-07-07|2026-07-08|2026-07-09|2026-07-10|2026-07-13|2026-07-14|2026-07-15|2026-07-16|2026-07-17|2026-07-20|2026-07-21|2026-07-22,2026-07-22 23:14:36,0.0
Steel Dynamics,,2026-06-09|2026-06-10|2026-06-11|2026-06-12|2026-06-15|2026-06-16|2026-06-17|2026-06-18|2026-06-22|2026-06-23|2026-06-24|2026-06-25|2026-06-26|2026-06-29|2026-06-30|2026-07-01|2026-07-02|2026-07-06|2026-07-07|2026-07-08|2026-07-09|2026-07-10|2026-07-13|2026-07-14|2026-07-15|2026-07-16|2026-07-17|2026-07-20|2026-07-21|2026-07-22,2026-07-22 23:14:36,0.0
Loews,,2026-06-09|2026-06-10|2026-06-11|2026-06-12|2026-06-15|2026-06-16|2026-06-17|2026-06-18|2026-06-22|2026-06-23|2026-06-24|2026-06-25|2026-06-26|2026-06-29|2026-06-30|2026-07-01|2026-07-02|2026-07-06|2026-07-07|2026-07-08|2026-07-09|2026-07-10|2026-07-13|2026-07-14|2026-07-15|2026-07-16|2026-07-17|2026-07-20|2026-07-21|2026-07-22,2026-07-22 23:14:36,0.0
Emerson Electric,,2026-06-09|2026-06-10|2026-06-11|2026-06-12|2026-06-15|2026-06-16|2026-06-17|2026-06-18|2026-06-22|2026-06-23|2026-06-24|2026-06-25|2026-06-26|2026-06-29|2026-06-30|2026-07-01|2026-07-02|2026-07-06|2026-07-07|2026-07-08|2026-07-09|2026-07-10|2026-07-13|2026-07-14|2026-07-15|2026-07-16|2026-07-17|2026-07-20|2026-07-21|2026-07-22,2026-07-22 23:14:36,0.0
Aramark,,2026-06-09|2026-06-10|2026-06-11|2026-06-12|2026-06-15|2026-06-16|2026-06-17|2026-06-18|2026-06-22|2026-06-23|2026-06-24|2026-06-25|2026-06-26|2026-06-29|2026-06-30|2026-07-01|2026-07-02|2026-07-06|2026-07-07|2026-07-08|2026-07-09|2026-07-10|2026-07-13|2026-07-14|2026-07-15|2026-07-16|2026-07-17|2026-07-20|2026-07-21|2026-07-22,2026-07-22 23:14:36,0.0
MGM Resorts International,,2026-06-09|2026-06-10|2026-06-11|2026-06-12|2026-06-15|2026-06-16|2026-06-17|2026-06-18|2026-06-22|2026-06-23|2026-06-24|2026-06-25|2026-06-26|2026-06-29|2026-06-30|2026-07-01|2026-07-02|2026-07-06|2026-07-07|2026-07-08|2026-07-09|2026-07-10|2026-07-13|2026-07-14|2026-07-15|2026-07-16|2026-07-17|2026-07-20|2026-07-21|2026-07-22,2026-07-22 23:14:36,0.0
Vistra,,2026-06-09|2026-06-10|2026-06-11|2026-06-12|2026-06-15|2026-06-16|2026-06-17|2026-06-18|2026-06-22|2026-06-23|2026-06-24|2026-06-25|2026-06-26|2026-06-29|2026-06-30|2026-07-01|2026-07-02|2026-07-06|2026-07-07|2026-07-08|2026-07-09|2026-07-10|2026-07-13|2026-07-14|2026-07-15|2026-07-16|2026-07-17|2026-07-20|2026-07-21|2026-07-22,2026-07-22 23:14:36,0.0
Asbury Automotive Group,,2026-06-09|2026-06-10|2026-06-11|2026-06-12|2026-06-15|2026-06-16|2026-06-17|2026-06-18|2026-06-22|2026-06-23|2026-06-24|2026-06-25|2026-06-26|2026-06-29|2026-06-30|2026-07-01|2026-07-02|2026-07-06|2026-07-07|2026-07-08|2026-07-09|2026-07-10|2026-07-13|2026-07-14|2026-07-15|2026-07-16|2026-07-17|2026-07-20|2026-07-21|2026-07-22,2026-07-22 23:14:36,0.0
WW Grainger,,2026-06-09|2026-06-10|2026-06-11|2026-06-12|2026-06-15|2026-06-16|2026-06-17|2026-06-18|2026-06-22|2026-06-23|2026-06-24|2026-06-25|2026-06-26|2026-06-29|2026-06-30|2026-07-01|2026-07-02|2026-07-06|2026-07-07|2026-07-08|2026-07-09|2026-07-10|2026-07-13|2026-07-14|2026-07-15|2026-07-16|2026-07-17|2026-07-20|2026-07-21|2026-07-22,2026-07-22 23:14:36,0.0
Global Partners,,2026-06-09|2026-06-10|2026-06-11|2026-06-12|2026-06-15|2026-06-16|2026-06-17|2026-06-18|2026-06-22|2026-06-23|2026-06-24|2026-06-25|2026-06-26|2026-06-29|2026-06-30|2026-07-01|2026-07-02|2026-07-06|2026-07-07|2026-07-08|2026-07-09|2026-07-10|2026-07-13|2026-07-14|2026-07-15|2026-07-16|2026-07-17|2026-07-20|2026-07-21|2026-07-22,2026-07-22 23:14:36,0.0
Jacobs Solutions,,2026-06-09|2026-06-10|2026-06-11|2026-06-12|2026-06-15|2026-06-16|2026-06-17|2026-06-18|2026-06-22|2026-06-23|2026-06-24|2026-06-25|2026-06-26|2026-06-29|2026-06-30|2026-07-01|2026-07-02|2026-07-06|2026-07-07|2026-07-08|2026-07-09|2026-07-10|2026-07-13|2026-07-14|2026-07-15|2026-07-16|2026-07-17|2026-07-20|2026-07-21|2026-07-22,2026-07-22 23:14:36,0.0
Corteva,,2026-06-09|2026-06-10|2026-06-11|2026-06-12|2026-06-15|2026-06-16|2026-06-17|2026-06-18|2026-06-22|2026-06-23|2026-06-24|2026-06-25|2026-06-26|2026-06-29|2026-06-30|2026-07-01|2026-07-02|2026-07-06|2026-07-07|2026-07-08|2026-07-09|2026-07-10|2026-07-13|2026-07-14|2026-07-15|2026-07-16|2026-07-17|2026-07-20|2026-07-21|2026-07-22,2026-07-22 23:14:36,0.0
Boston Scientific,,2026-06-09|2026-06-10|2026-06-11|2026-06-12|2026-06-15|2026-06-16|2026-06-17|2026-06-18|2026-06-22|2026-06-23|2026-06-24|2026-06-25|2026-06-26|2026-06-29|2026-06-30|2026-07-01|2026-07-02|2026-07-06|2026-07-07|2026-07-08|2026-07-09|2026-07-10|2026-07-13|2026-07-14|2026-07-15|2026-07-16|2026-07-17|2026-07-20|2026-07-21|2026-07-22,2026-07-22 23:14:36,0.0
O'Reilly Automotive,,2026-06-09|2026-06-10|2026-06-11|2026-06-12|2026-06-15|2026-06-16|2026-06-17|2026-06-18|2026-06-22|2026-06-23|2026-06-24|2026-06-25|2026-06-26|2026-06-29|2026-06-30|2026-07-01|2026-07-02|2026-07-06|2026-07-07|2026-07-08|2026-07-09|2026-07-10|2026-07-13|2026-07-14|2026-07-15|2026-07-16|2026-07-17|2026-07-20|2026-07-21|2026-07-22,2026-07-22 23:14:36,0.0
Leidos,,2026-06-09|2026-06-10|2026-06-11|2026-06-12|2026-06-15|2026-06-16|2026-06-17|2026-06-18|2026-06-22|2026-06-23|2026-06-24|2026-06-25|2026-06-26|2026-06-29|2026-06-30|2026-07-01|2026-07-02|2026-07-06|2026-07-07|2026-07-08|2026-07-09|2026-07-10|2026-07-13|2026-07-14|2026-07-15|2026-07-16|2026-07-17|2026-07-20|2026-07-21|2026-07-22,2026-07-22 23:14:36,0.0
Markel Group,,2026-06-09|2026-06-10|2026-06-11|2026-06-12|2026-06-15|2026-06-16|2026-06-17|2026-06-18|2026-06-22|2026-06-23|2026-06-24|2026-06-25|2026-06-26|2026-06-29|2026-06-30|2026-07-01|2026-07-02|2026-07-06|2026-07-07|2026-07-08|2026-07-09|2026-07-10|2026-07-13|2026-07-14|2026-07-15|2026-07-16|2026-07-17|2026-07-20|2026-07-21|2026-07-22,2026-07-22 23:14:36,0.0
Whirlpool,,2026-06-09|2026-06-10|2026-06-11|2026-06-12|2026-06-15|2026-06-16|2026-06-17|2026-06-18|2026-06-22|2026-06-23|2026-06-24|2026-06-25|2026-06-26|2026-06-29|2026-06-30|2026-07-01|2026-07-02|2026-07-06|2026-07-07|2026-07-08|2026-07-09|2026-07-10|2026-07-13|2026-07-14|2026-07-15|2026-07-16|2026-07-17|2026-07-20|2026-07-21|2026-07-22,2026-07-22 23:14:36,0.0
Builders FirstSource,,2026-06-09|2026-06-10|2026-06-11|2026-06-12|2026-06-15|2026-06-16|2026-06-17|2026-06-18|2026-06-22|2026-06-23|2026-06-24|2026-06-25|2026-06-26|2026-06-29|2026-06-30|2026-07-01|2026-07-02|2026-07-06|2026-07-07|2026-07-08|2026-07-09|2026-07-10|2026-07-13|2026-07-14|2026-07-15|2026-07-16|2026-07-17|2026-07-20|2026-07-21|2026-07-22,2026-07-22 23:14:36,0.0
Ally Financial,,2026-06-09|2026-06-10|2026-06-11|2026-06-12|2026-06-15|2026-06-16|2026-06-17|2026-06-18|2026-06-22|2026-06-23|2026-06-24|2026-06-25|2026-06-26|2026-06-29|2026-06-30|2026-07-01|2026-07-02|2026-07-06|2026-07-07|2026-07-08|2026-07-09|2026-07-10|2026-07-13|2026-07-14|2026-07-15|2026-07-16|2026-07-17|2026-07-20|2026-07-21|2026-07-22,2026-07-22 23:14:36,0.0
Targa Resources,,2026-06-09|2026-06-10|2026-06-11|2026-06-12|2026-06-15|2026-06-16|2026-06-17|2026-06-18|2026-06-22|2026-06-23|2026-06-24|2026-06-25|2026-06-26|2026-06-29|2026-06-30|2026-07-01|2026-07-02|2026-07-06|2026-07-07|2026-07-08|2026-07-09|2026-07-10|2026-07-13|2026-07-14|2026-07-15|2026-07-16|2026-07-17|2026-07-20|2026-07-21|2026-07-22,2026-07-22 23:14:36,0.0
Fluor,,2026-06-09|2026-06-10|2026-06-11|2026-06-12|2026-06-15|2026-06-16|2026-06-17|2026-06-18|2026-06-22|2026-06-23|2026-06-24|2026-06-25|2026-06-26|2026-06-29|2026-06-30|2026-07-01|2026-07-02|2026-07-06|2026-07-07|2026-07-08|2026-07-09|2026-07-10|2026-07-13|2026-07-14|2026-07-15|2026-07-16|2026-07-17|2026-07-20|2026-07-21|2026-07-22,2026-07-22 23:14:36,0.0
Intuit,,2026-06-09|2026-06-10|2026-06-11|2026-06-12|2026-06-15|2026-06-16|2026-06-17|2026-06-18|2026-06-22|2026-06-23|2026-06-24|2026-06-25|2026-06-26|2026-06-29|2026-06-30|2026-07-01|2026-07-02|2026-07-06|2026-07-07|2026-07-08|2026-07-09|2026-07-10|2026-07-13|2026-07-14|2026-07-15|2026-07-16|2026-07-17|2026-07-20|2026-07-21|2026-07-22,2026-07-22 23:14:36,0.0
AECOM,,2026-06-09|2026-06-10|2026-06-11|2026-06-12|2026-06-15|2026-06-16|2026-06-17|2026-06-18|2026-06-22|2026-06-23|2026-06-24|2026-06-25|2026-06-26|2026-06-29|2026-06-30|2026-07-01|2026-07-02|2026-07-06|2026-07-07|2026-07-08|2026-07-09|2026-07-10|2026-07-13|2026-07-14|2026-07-15|2026-07-16|2026-07-17|2026-07-20|2026-07-21|2026-07-22,2026-07-22 23:14:36,0.0
Kohl's,,2026-06-09|2026-06-10|2026-06-11|2026-06-12|2026-06-15|2026-06-16|2026-06-17|2026-06-18|2026-06-22|2026-06-23|2026-06-24|2026-06-25|2026-06-26|2026-06-29|2026-06-30|2026-07-01|2026-07-02|2026-07-06|2026-07-07|2026-07-08|2026-07-09|2026-07-10|2026-07-13|2026-07-14|2026-07-15|2026-07-16|2026-07-17|2026-07-20|2026-07-21|2026-07-22,2026-07-22 23:14:36,0.0
PrIncipal Financial,,2026-06-09|2026-06-10|2026-06-11|2026-06-12|2026-06-15|2026-06-16|2026-06-17|2026-06-18|2026-06-22|2026-06-23|2026-06-24|2026-06-25|2026-06-26|2026-06-29|2026-06-30|2026-07-01|2026-07-02|2026-07-06|2026-07-07|2026-07-08|2026-07-09|2026-07-10|2026-07-13|2026-07-14|2026-07-15|2026-07-16|2026-07-17|2026-07-20|2026-07-21|2026-07-22,2026-07-22 23:14:36,0.0
Dominion Energy,,2026-06-09|2026-06-10|2026-06-11|2026-06-12|2026-06-15|2026-06-16|2026-06-17|2026-06-18|2026-06-22|2026-06-23|2026-06-24|2026-06-25|2026-06-26|2026-06-29|2026-06-30|2026-07-01|2026-07-02|2026-07-06|2026-07-07|2026-07-08|2026-07-09|2026-07-10|2026-07-13|2026-07-14|2026-07-15|2026-07-16|2026-07-17|2026-07-20|2026-07-21|2026-07-22,2026-07-22 23:14:36,0.0
Kyndryl,,2026-06-09|2026-06-10|2026-06-11|2026-06-12|2026-06-15|2026-06-16|2026-06-17|2026-06-18|2026-06-22|2026-06-23|2026-06-24|2026-06-25|2026-06-26|2026-06-29|2026-06-30|2026-07-01|2026-07-02|2026-07-06|2026-07-07|2026-07-08|2026-07-09|2026-07-10|2026-07-13|2026-07-14|2026-07-15|2026-07-16|2026-07-17|2026-07-20|2026-07-21|2026-07-22,2026-07-22 23:14:36,0.0
Republic Services,,2026-06-09|2026-06-10|2026-06-11|2026-06-12|2026-06-15|2026-06-16|2026-06-17|2026-06-18|2026-06-22|2026-06-23|2026-06-24|2026-06-25|2026-06-26|2026-06-29|2026-06-30|2026-07-01|2026-07-02|2026-07-06|2026-07-07|2026-07-08|2026-07-09|2026-07-10|2026-07-13|2026-07-14|2026-07-15|2026-07-16|2026-07-17|2026-07-20|2026-07-21|2026-07-22,2026-07-22 23:14:36,0.0
Devon Energy,,2026-06-09|2026-06-10|2026-06-11|2026-06-12|2026-06-15|2026-06-16|2026-06-17|2026-06-18|2026-06-22|2026-06-23|2026-06-24|2026-06-25|2026-06-26|2026-06-29|2026-06-30|2026-07-01|2026-07-02|2026-07-06|2026-07-07|2026-07-08|2026-07-09|2026-07-10|2026-07-13|2026-07-14|2026-07-15|2026-07-16|2026-07-17|2026-07-20|2026-07-21|2026-07-22,2026-07-22 23:14:36,0.0
Illinois Tool Works,,2026-06-09|2026-06-10|2026-06-11|2026-06-12|2026-06-15|2026-06-16|2026-06-17|2026-06-18|2026-06-22|2026-06-23|2026-06-24|2026-06-25|2026-06-26|2026-06-29|2026-06-30|2026-07-01|2026-07-02|2026-07-06|2026-07-07|2026-07-08|2026-07-09|2026-07-10|2026-07-13|2026-07-14|2026-07-15|2026-07-16|2026-07-17|2026-07-20|2026-07-21|2026-07-22,2026-07-22 23:14:36,0.0
Northern Trust,,2026-06-09|2026-06-10|2026-06-11|2026-06-12|2026-06-15|2026-06-16|2026-06-17|2026-06-18|2026-06-22|2026-06-23|2026-06-24|2026-06-25|2026-06-26|2026-06-29|2026-06-30|2026-07-01|2026-07-02|2026-07-06|2026-07-07|2026-07-08|2026-07-09|2026-07-10|2026-07-13|2026-07-14|2026-07-15|2026-07-16|2026-07-17|2026-07-20|2026-07-21|2026-07-22,2026-07-22 23:14:36,0.0
Universal Health Services,,2026-06-09|2026-06-10|2026-06-11|2026-06-12|2026-06-15|2026-06-16|2026-06-17|2026-06-18|2026-06-22|2026-06-23|2026-06-24|2026-06-25|2026-06-26|2026-06-29|2026-06-30|2026-07-01|2026-07-02|2026-07-06|2026-07-07|2026-07-08|2026-07-09|2026-07-10|2026-07-13|2026-07-14|2026-07-15|2026-07-16|2026-07-17|2026-07-20|2026-07-21|2026-07-22,2026-07-22 23:14:36,0.0
EchoStar,,2026-07-17,2026-07-22 23:14:36,0.0
Ecolab,,2026-06-09|2026-06-10|2026-06-11|2026-06-12|2026-06-15|2026-06-16|2026-06-17|2026-06-18|2026-06-22|2026-06-23|2026-06-24|2026-06-25|2026-06-26|2026-06-29|2026-06-30|2026-07-01|2026-07-02|2026-07-06|2026-07-07|2026-07-08|2026-07-09|2026-07-10|2026-07-13|2026-07-14|2026-07-15|2026-07-16|2026-07-17|2026-07-20|2026-07-21|2026-07-22,2026-07-22 23:14:36,0.0
Cheniere Energy,,2026-06-09|2026-06-10|2026-06-11|2026-06-12|2026-06-15|2026-06-16|2026-06-17|2026-06-18|2026-06-22|2026-06-23|2026-06-24|2026-06-25|2026-06-26|2026-06-29|2026-06-30|2026-07-01|2026-07-02|2026-07-06|2026-07-07|2026-07-08|2026-07-09|2026-07-10|2026-07-13|2026-07-14|2026-07-15|2026-07-16|2026-07-17|2026-07-20|2026-07-21|2026-07-22,2026-07-22 23:14:36,0.0
Omnicom Group,,2026-06-09|2026-06-10|2026-06-11|2026-06-12|2026-06-15|2026-06-16|2026-06-17|2026-06-18|2026-06-22|2026-06-23|2026-06-24|2026-06-25|2026-06-26|2026-06-29|2026-06-30|2026-07-01|2026-07-02|2026-07-06|2026-07-07|2026-07-08|2026-07-09|2026-07-10|2026-07-13|2026-07-14|2026-07-15|2026-07-16|2026-07-17|2026-07-20|2026-07-21|2026-07-22,2026-07-22 23:14:36,0.0
Texas Instruments,,2026-06-09|2026-06-10|2026-06-11|2026-06-12|2026-06-15|2026-06-16|2026-06-17|2026-06-18|2026-06-22|2026-06-23|2026-06-24|2026-06-25|2026-06-26|2026-06-29|2026-06-30|2026-07-01|2026-07-02|2026-07-06|2026-07-07|2026-07-08|2026-07-09|2026-07-10|2026-07-13|2026-07-14|2026-07-15|2026-07-16|2026-07-17|2026-07-20|2026-07-21|2026-07-22,2026-07-22 23:14:36,0.0
Estée Lauder,,2026-06-09|2026-06-10|2026-06-11|2026-06-12|2026-06-15|2026-06-16|2026-06-17|2026-06-18|2026-06-22|2026-06-23|2026-06-24|2026-06-25|2026-06-26|2026-06-29|2026-06-30|2026-07-01|2026-07-02|2026-07-06|2026-07-07|2026-07-08|2026-07-09|2026-07-10|2026-07-13|2026-07-14|2026-07-15|2026-07-16|2026-07-17|2026-07-20|2026-07-21|2026-07-22,2026-07-22 23:14:36,0.0
Kenvue,,2026-06-09|2026-06-10|2026-06-11|2026-06-12|2026-06-15|2026-06-16|2026-06-17|2026-06-18|2026-06-22|2026-06-23|2026-06-24|2026-06-25|2026-06-26|2026-06-29|2026-06-30|2026-07-01|2026-07-02|2026-07-06|2026-07-07|2026-07-08|2026-07-09|2026-07-10|2026-07-13|2026-07-14|2026-07-15|2026-07-16|2026-07-17|2026-07-20|2026-07-21|2026-07-22,2026-07-22 23:14:36,0.0
IQVIA,,2026-06-09|2026-06-10|2026-06-11|2026-06-12|2026-06-15|2026-06-16|2026-06-17|2026-06-18|2026-06-22|2026-06-23|2026-06-24|2026-06-25|2026-06-26|2026-06-29|2026-06-30|2026-07-01|2026-07-02|2026-07-06|2026-07-07|2026-07-08|2026-07-09|2026-07-10|2026-07-13|2026-07-14|2026-07-15|2026-07-16|2026-07-17|2026-07-20|2026-07-21|2026-07-22,2026-07-22 23:14:36,0.0
Stanley Black & Decker,,2026-06-09|2026-06-10|2026-06-11|2026-06-12|2026-06-15|2026-06-16|2026-06-17|2026-06-18|2026-06-22|2026-06-23|2026-06-24|2026-06-25|2026-06-26|2026-06-29|2026-06-30|2026-07-01|2026-07-02|2026-07-06|2026-07-07|2026-07-08|2026-07-09|2026-07-10|2026-07-13|2026-07-14|2026-07-15|2026-07-16|2026-07-17|2026-07-20|2026-07-21|2026-07-22,2026-07-22 23:14:36,0.0
Keurig Dr Pepper,,2026-06-09|2026-06-10|2026-06-11|2026-06-12|2026-06-15|2026-06-16|2026-06-17|2026-06-18|2026-06-22|2026-06-23|2026-06-24|2026-06-25|2026-06-26|2026-06-29|2026-06-30|2026-07-01|2026-07-02|2026-07-06|2026-07-07|2026-07-08|2026-07-09|2026-07-10|2026-07-13|2026-07-14|2026-07-15|2026-07-16|2026-07-17|2026-07-20|2026-07-21|2026-07-22,2026-07-22 23:14:36,0.0
United Rentals,,2026-06-09|2026-06-10|2026-06-11|2026-06-12|2026-06-15|2026-06-16|2026-06-17|2026-06-18|2026-06-22|2026-06-23|2026-06-24|2026-06-25|2026-06-26|2026-06-29|2026-06-30|2026-07-01|2026-07-02|2026-07-06|2026-07-07|2026-07-08|2026-07-09|2026-07-10|2026-07-13|2026-07-14|2026-07-15|2026-07-16|2026-07-17|2026-07-20|2026-07-21|2026-07-22,2026-07-22 23:14:36,0.0
Consolidated Edison,,2026-06-09|2026-06-10|2026-06-11|2026-06-12|2026-06-15|2026-06-16|2026-06-17|2026-06-18|2026-06-22|2026-06-23|2026-06-24|2026-06-25|2026-06-26|2026-06-29|2026-06-30|2026-07-01|2026-07-02|2026-07-06|2026-07-07|2026-07-08|2026-07-09|2026-07-10|2026-07-13|2026-07-14|2026-07-15|2026-07-16|2026-07-17|2026-07-20|2026-07-21|2026-07-22,2026-07-22 23:14:36,0.0
Amphenol,,2026-06-09|2026-06-10|2026-06-11|2026-06-12|2026-06-15|2026-06-16|2026-06-17|2026-06-18|2026-06-22|2026-06-23|2026-06-24|2026-06-25|2026-06-26|2026-06-29|2026-06-30|2026-07-01|2026-07-02|2026-07-06|2026-07-07|2026-07-08|2026-07-09|2026-07-10|2026-07-13|2026-07-14|2026-07-15|2026-07-16|2026-07-17|2026-07-20|2026-07-21|2026-07-22,2026-07-22 23:14:36,0.0
Baxter International,,2026-06-09|2026-06-10|2026-06-11|2026-06-12|2026-06-15|2026-06-16|2026-06-17|2026-06-18|2026-06-22|2026-06-23|2026-06-24|2026-06-25|2026-06-26|2026-06-29|2026-06-30|2026-07-01|2026-07-02|2026-07-06|2026-07-07|2026-07-08|2026-07-09|2026-07-10|2026-07-13|2026-07-14|2026-07-15|2026-07-16|2026-07-17|2026-07-20|2026-07-21|2026-07-22,2026-07-22 23:14:36,0.0
Kinder Morgan,,2026-06-09|2026-06-10|2026-06-11|2026-06-12|2026-06-15|2026-06-16|2026-06-17|2026-06-18|2026-06-22|2026-06-23|2026-06-24|2026-06-25|2026-06-26|2026-06-29|2026-06-30|2026-07-01|2026-07-02|2026-07-06|2026-07-07|2026-07-08|2026-07-09|2026-07-10|2026-07-13|2026-07-14|2026-07-15|2026-07-16|2026-07-17|2026-07-20|2026-07-21|2026-07-22,2026-07-22 23:14:36,0.0
First Citizens BancShares,,2026-06-09|2026-06-10|2026-06-11|2026-06-12|2026-06-15|2026-06-16|2026-06-17|2026-06-18|2026-06-22|2026-06-23|2026-06-24|2026-06-25|2026-06-26|2026-06-29|2026-06-30|2026-07-01|2026-07-02|2026-07-06|2026-07-07|2026-07-08|2026-07-09|2026-07-10|2026-07-13|2026-07-14|2026-07-15|2026-07-16|2026-07-17|2026-07-20|2026-07-21|2026-07-22,2026-07-22 23:14:36,0.0
Raymond James Financial,,2026-06-09|2026-06-10|2026-06-11|2026-06-12|2026-06-15|2026-06-16|2026-06-17|2026-06-18|2026-06-22|2026-06-23|2026-06-24|2026-06-25|2026-06-26|2026-06-29|2026-06-30|2026-07-01|2026-07-02|2026-07-06|2026-07-07|2026-07-08|2026-07-09|2026-07-10|2026-07-13|2026-07-14|2026-07-15|2026-07-16|2026-07-17|2026-07-20|2026-07-21|2026-07-22,2026-07-22 23:14:36,0.0
Lam Research,,2026-06-09|2026-06-10|2026-06-11|2026-06-12|2026-06-15|2026-06-16|2026-06-17|2026-06-18|2026-06-22|2026-06-23|2026-06-24|2026-06-25|2026-06-26|2026-06-29|2026-06-30|2026-07-01|2026-07-02|2026-07-06|2026-07-07|2026-07-08|2026-07-09|2026-07-10|2026-07-13|2026-07-14|2026-07-15|2026-07-16|2026-07-17|2026-07-20|2026-07-21|2026-07-22,2026-07-22 23:14:36,0.0
Tractor Supply,,2026-06-09|2026-06-10|2026-06-11|2026-06-12|2026-06-15|2026-06-16|2026-06-17|2026-06-18|2026-06-22|2026-06-23|2026-06-24|2026-06-25|2026-06-26|2026-06-29|2026-06-30|2026-07-01|2026-07-02|2026-07-06|2026-07-07|2026-07-08|2026-07-09|2026-07-10|2026-07-13|2026-07-14|2026-07-15|2026-07-16|2026-07-17|2026-07-20|2026-07-21|2026-07-22,2026-07-22 23:14:36,0.0
Caseys General Stores,,2026-06-09|2026-06-10|2026-06-11|2026-06-12|2026-06-15|2026-06-16|2026-06-17|2026-06-18|2026-06-22|2026-06-23|2026-06-24|2026-06-25|2026-06-26|2026-06-29|2026-06-30|2026-07-01|2026-07-02|2026-07-06|2026-07-07|2026-07-08|2026-07-09|2026-07-10|2026-07-13|2026-07-14|2026-07-15|2026-07-16|2026-07-17|2026-07-20|2026-07-21|2026-07-22,2026-07-22 23:14:36,0.0
Viatris,,2026-06-09|2026-06-10|2026-06-11|2026-06-12|2026-06-15|2026-06-16|2026-06-17|2026-06-18|2026-06-22|2026-06-23|2026-06-24|2026-06-25|2026-06-26|2026-06-29|2026-06-30|2026-07-01|2026-07-02|2026-07-06|2026-07-07|2026-07-08|2026-07-09|2026-07-10|2026-07-13|2026-07-14|2026-07-15|2026-07-16|2026-07-17|2026-07-20|2026-07-21|2026-07-22,2026-07-22 23:14:36,0.0
EMCOR Group,,2026-06-09|2026-06-10|2026-06-11|2026-06-12|2026-06-15|2026-06-16|2026-06-17|2026-06-18|2026-06-22|2026-06-23|2026-06-24|2026-06-25|2026-06-26|2026-06-29|2026-06-30|2026-07-01|2026-07-02|2026-07-06|2026-07-07|2026-07-08|2026-07-09|2026-07-10|2026-07-13|2026-07-14|2026-07-15|2026-07-16|2026-07-17|2026-07-20|2026-07-21|2026-07-22,2026-07-22 23:14:36,0.0
CSX,,2026-06-09|2026-06-10|2026-06-11|2026-06-12|2026-06-15|2026-06-16|2026-06-17|2026-06-18|2026-06-22|2026-06-23|2026-06-24|2026-06-25|2026-06-26|2026-06-29|2026-06-30|2026-07-01|2026-07-02|2026-07-06|2026-07-07|2026-07-08|2026-07-09|2026-07-10|2026-07-13|2026-07-14|2026-07-15|2026-07-16|2026-07-17|2026-07-20|2026-07-21|2026-07-22,2026-07-22 23:14:36,0.0
LKQ,,2026-06-09|2026-06-10|2026-06-11|2026-06-12|2026-06-15|2026-06-16|2026-06-17|2026-06-18|2026-06-22|2026-06-23|2026-06-24|2026-06-25|2026-06-26|2026-06-29|2026-06-30|2026-07-01|2026-07-02|2026-07-06|2026-07-07|2026-07-08|2026-07-09|2026-07-10|2026-07-13|2026-07-14|2026-07-15|2026-07-16|2026-07-17|2026-07-20|2026-07-21|2026-07-22,2026-07-22 23:14:36,0.0
Otis Worldwide,,2026-06-09|2026-06-10|2026-06-11|2026-06-12|2026-06-15|2026-06-16|2026-06-17|2026-06-18|2026-06-22|2026-06-23|2026-06-24|2026-06-25|2026-06-26|2026-06-29|2026-06-30|2026-07-01|2026-07-02|2026-07-06|2026-07-07|2026-07-08|2026-07-09|2026-07-10|2026-07-13|2026-07-14|2026-07-15|2026-07-16|2026-07-17|2026-07-20|2026-07-21|2026-07-22,2026-07-22 23:14:36,0.0
Sonic Automotive,,2026-06-09|2026-06-10|2026-06-11|2026-06-12|2026-06-15|2026-06-16|2026-06-17|2026-06-18|2026-06-22|2026-06-23|2026-06-24|2026-06-25|2026-06-26|2026-06-29|2026-06-30|2026-07-01|2026-07-02|2026-07-06|2026-07-07|2026-07-08|2026-07-09|2026-07-10|2026-07-13|2026-07-14|2026-07-15|2026-07-16|2026-07-17|2026-07-20|2026-07-21|2026-07-22,2026-07-22 23:14:36,0.0
S&P Global,,2026-06-09|2026-06-10|2026-06-11|2026-06-12|2026-06-15|2026-06-16|2026-06-17|2026-06-18|2026-06-22|2026-06-23|2026-06-24|2026-06-25|2026-06-26|2026-06-29|2026-06-30|2026-07-01|2026-07-02|2026-07-06|2026-07-07|2026-07-08|2026-07-09|2026-07-10|2026-07-13|2026-07-14|2026-07-15|2026-07-16|2026-07-17|2026-07-20|2026-07-21|2026-07-22,2026-07-22 23:14:36,0.0
Regeneron Pharmaceuticals,,2026-06-09|2026-06-10|2026-06-11|2026-06-12|2026-06-15|2026-06-16|2026-06-17|2026-06-18|2026-06-22|2026-06-23|2026-06-24|2026-06-25|2026-06-26|2026-06-29|2026-06-30|2026-07-01|2026-07-02|2026-07-06|2026-07-07|2026-07-08|2026-07-09|2026-07-10|2026-07-13|2026-07-14|2026-07-15|2026-07-16|2026-07-17|2026-07-20|2026-07-21|2026-07-22,2026-07-22 23:14:36,0.0
BorgWarner,,2026-06-09|2026-06-10|2026-06-11|2026-06-12|2026-06-15|2026-06-16|2026-06-17|2026-06-18|2026-06-22|2026-06-23|2026-06-24|2026-06-25|2026-06-26|2026-06-29|2026-06-30|2026-07-01|2026-07-02|2026-07-06|2026-07-07|2026-07-08|2026-07-09|2026-07-10|2026-07-13|2026-07-14|2026-07-15|2026-07-16|2026-07-17|2026-07-20|2026-07-21|2026-07-22,2026-07-22 23:14:36,0.0
Reliance Inc,,2026-06-09|2026-06-10|2026-06-11|2026-06-12|2026-06-15|2026-06-16|2026-06-17|2026-06-18|2026-06-22|2026-06-23|2026-06-24|2026-06-25|2026-06-26|2026-06-29|2026-06-30|2026-07-01|2026-07-02|2026-07-06|2026-07-07|2026-07-08|2026-07-09|2026-07-10|2026-07-13|2026-07-14|2026-07-15|2026-07-16|2026-07-17|2026-07-20|2026-07-21|2026-07-22,2026-07-22 23:14:36,0.0
Textron,,2026-06-09|2026-06-10|2026-06-11|2026-06-12|2026-06-15|2026-06-16|2026-06-17|2026-06-18|2026-06-22|2026-06-23|2026-06-24|2026-06-25|2026-06-26|2026-06-29|2026-06-30|2026-07-01|2026-07-02|2026-07-06|2026-07-07|2026-07-08|2026-07-09|2026-07-10|2026-07-13|2026-07-14|2026-07-15|2026-07-16|2026-07-17|2026-07-20|2026-07-21|2026-07-22,2026-07-22 23:14:36,0.0
Expedia,,2026-06-09|2026-06-10|2026-06-11|2026-06-12|2026-06-15|2026-06-16|2026-06-17|2026-06-18|2026-06-22|2026-06-23|2026-06-24|2026-06-25|2026-06-26|2026-06-29|2026-06-30|2026-07-01|2026-07-02|2026-07-06|2026-07-07|2026-07-08|2026-07-09|2026-07-10|2026-07-13|2026-07-14|2026-07-15|2026-07-16|2026-07-17|2026-07-20|2026-07-21|2026-07-22,2026-07-22 23:14:36,0.0
Fidelity National Financial,,2026-06-09|2026-06-10|2026-06-11|2026-06-12|2026-06-15|2026-06-16|2026-06-17|2026-06-18|2026-06-22|2026-06-23|2026-06-24|2026-06-25|2026-06-26|2026-06-29|2026-06-30|2026-07-01|2026-07-02|2026-07-06|2026-07-07|2026-07-08|2026-07-09|2026-07-10|2026-07-13|2026-07-14|2026-07-15|2026-07-16|2026-07-17|2026-07-20|2026-07-21|2026-07-22,2026-07-22 23:14:36,0.0
Carvana,,2026-06-09|2026-06-10|2026-06-11|2026-06-12|2026-06-15|2026-06-16|2026-06-17|2026-06-18|2026-06-22|2026-06-23|2026-06-24|2026-06-25|2026-06-26|2026-06-29|2026-06-30|2026-07-01|2026-07-02|2026-07-06|2026-07-07|2026-07-08|2026-07-09|2026-07-10|2026-07-13|2026-07-14|2026-07-15|2026-07-16|2026-07-17|2026-07-20|2026-07-21|2026-07-22,2026-07-22 23:14:36,0.0
DXC Technology,,2026-06-09|2026-06-10|2026-06-11|2026-06-12|2026-06-15|2026-06-16|2026-06-17|2026-06-18|2026-06-22|2026-06-23|2026-06-24|2026-06-25|2026-06-26|2026-06-29|2026-06-30|2026-07-01|2026-07-02|2026-07-06|2026-07-07|2026-07-08|2026-07-09|2026-07-10|2026-07-13|2026-07-14|2026-07-15|2026-07-16|2026-07-17|2026-07-20|2026-07-21|2026-07-22,2026-07-22 23:14:36,0.0
WR Berkley,,2026-06-09|2026-06-10|2026-06-11|2026-06-12|2026-06-15|2026-06-16|2026-06-17|2026-06-18|2026-06-22|2026-06-23|2026-06-24|2026-06-25|2026-06-26|2026-06-29|2026-06-30|2026-07-01|2026-07-02|2026-07-06|2026-07-07|2026-07-08|2026-07-09|2026-07-10|2026-07-13|2026-07-14|2026-07-15|2026-07-16|2026-07-17|2026-07-20|2026-07-21|2026-07-22,2026-07-22 23:14:36,0.0
M&T Bank,,2026-06-09|2026-06-10|2026-06-11|2026-06-12|2026-06-15|2026-06-16|2026-06-17|2026-06-18|2026-06-22|2026-06-23|2026-06-24|2026-06-25|2026-06-26|2026-06-29|2026-06-30|2026-07-01|2026-07-02|2026-07-06|2026-07-07|2026-07-08|2026-07-09|2026-07-10|2026-07-13|2026-07-14|2026-07-15|2026-07-16|2026-07-17|2026-07-20|2026-07-21|2026-07-22,2026-07-22 23:14:36,0.0
Dicks Sporting Goods,,2026-06-09|2026-06-10|2026-06-11|2026-06-12|2026-06-15|2026-06-16|2026-06-17|2026-06-18|2026-06-22|2026-06-23|2026-06-24|2026-06-25|2026-06-26|2026-06-29|2026-06-30|2026-07-01|2026-07-02|2026-07-06|2026-07-07|2026-07-08|2026-07-09|2026-07-10|2026-07-13|2026-07-14|2026-07-15|2026-07-16|2026-07-17|2026-07-20|2026-07-21|2026-07-22,2026-07-22 23:14:36,0.0
Xcel Energy,,2026-06-09|2026-06-10|2026-06-11|2026-06-12|2026-06-15|2026-06-16|2026-06-17|2026-06-18|2026-06-22|2026-06-23|2026-06-24|2026-06-25|2026-06-26|2026-06-29|2026-06-30|2026-07-01|2026-07-02|2026-07-06|2026-07-07|2026-07-08|2026-07-09|2026-07-10|2026-07-13|2026-07-14|2026-07-15|2026-07-16|2026-07-17|2026-07-20|2026-07-21|2026-07-22,2026-07-22 23:14:36,0.0
Fifth Third Bancorp,,2026-06-09|2026-06-10|2026-06-11|2026-06-12|2026-06-15|2026-06-16|2026-06-17|2026-06-18|2026-06-22|2026-06-23|2026-06-24|2026-06-25|2026-06-26|2026-06-29|2026-06-30|2026-07-01|2026-07-02|2026-07-06|2026-07-07|2026-07-08|2026-07-09|2026-07-10|2026-07-13|2026-07-14|2026-07-15|2026-07-16|2026-07-17|2026-07-20|2026-07-21|2026-07-22,2026-07-22 23:14:36,0.0
Blackstone,,2026-06-09|2026-06-10|2026-06-11|2026-06-12|2026-06-15|2026-06-16|2026-06-17|2026-06-18|2026-06-22|2026-06-23|2026-06-24|2026-06-25|2026-06-26|2026-06-29|2026-06-30|2026-07-01|2026-07-02|2026-07-06|2026-07-07|2026-07-08|2026-07-09|2026-07-10|2026-07-13|2026-07-14|2026-07-15|2026-07-16|2026-07-17|2026-07-20|2026-07-21|2026-07-22,2026-07-22 23:14:36,0.0
Sempra,,2026-06-09|2026-06-10|2026-06-11|2026-06-12|2026-06-15|2026-06-16|2026-06-17|2026-06-18|2026-06-22|2026-06-23|2026-06-24|2026-06-25|2026-06-26|2026-06-29|2026-06-30|2026-07-01|2026-07-02|2026-07-06|2026-07-07|2026-07-08|2026-07-09|2026-07-10|2026-07-13|2026-07-14|2026-07-15|2026-07-16|2026-07-17|2026-07-20|2026-07-21|2026-07-22,2026-07-22 23:14:36,0.0
Corning,,2026-06-09|2026-06-10|2026-06-11|2026-06-12|2026-06-15|2026-06-16|2026-06-17|2026-06-18|2026-06-22|2026-06-23|2026-06-24|2026-06-25|2026-06-26|2026-06-29|2026-06-30|2026-07-01|2026-07-02|2026-07-06|2026-07-07|2026-07-08|2026-07-09|2026-07-10|2026-07-13|2026-07-14|2026-07-15|2026-07-16|2026-07-17|2026-07-20|2026-07-21|2026-07-22,2026-07-22 23:14:36,0.0
Lumen Technologies,,2026-06-09|2026-06-10|2026-06-11|2026-06-12|2026-06-15|2026-06-16|2026-06-17|2026-06-18|2026-06-22|2026-06-23|2026-06-24|2026-06-25|2026-06-26|2026-06-29|2026-06-30|2026-07-01|2026-07-02|2026-07-06|2026-07-07|2026-07-08|2026-07-09|2026-07-10|2026-07-13|2026-07-14|2026-07-15|2026-07-16|2026-07-17|2026-07-20|2026-07-21|2026-07-22,2026-07-22 23:14:36,0.0
FirstEnergy,,2026-06-09|2026-06-10|2026-06-11|2026-06-12|2026-06-15|2026-06-16|2026-06-17|2026-06-18|2026-06-22|2026-06-23|2026-06-24|2026-06-25|2026-06-26|2026-06-29|2026-06-30|2026-07-01|2026-07-02|2026-07-06|2026-07-07|2026-07-08|2026-07-09|2026-07-10|2026-07-13|2026-07-14|2026-07-15|2026-07-16|2026-07-17|2026-07-20|2026-07-21|2026-07-22,2026-07-22 23:14:36,0.0
Labcorp Holdings,,2026-06-09|2026-06-10|2026-06-11|2026-06-12|2026-06-15|2026-06-16|2026-06-17|2026-06-18|2026-06-22|2026-06-23|2026-06-24|2026-06-25|2026-06-26|2026-06-29|2026-06-30|2026-07-01|2026-07-02|2026-07-06|2026-07-07|2026-07-08|2026-07-09|2026-07-10|2026-07-13|2026-07-14|2026-07-15|2026-07-16|2026-07-17|2026-07-20|2026-07-21|2026-07-22,2026-07-22 23:14:36,0.0
Western Digital,,2026-06-09|2026-06-10|2026-06-11|2026-06-12|2026-06-15|2026-06-16|2026-06-17|2026-06-18|2026-06-22|2026-06-23|2026-06-24|2026-06-25|2026-06-26|2026-06-29|2026-06-30|2026-07-01|2026-07-02|2026-07-06|2026-07-07|2026-07-08|2026-07-09|2026-07-10|2026-07-13|2026-07-14|2026-07-15|2026-07-16|2026-07-17|2026-07-20|2026-07-21|2026-07-22,2026-07-22 23:14:36,0.0
Unum Group,,2026-06-09|2026-06-10|2026-06-11|2026-06-12|2026-06-15|2026-06-16|2026-06-17|2026-06-18|2026-06-22|2026-06-23|2026-06-24|2026-06-25|2026-06-26|2026-06-29|2026-06-30|2026-07-01|2026-07-02|2026-07-06|2026-07-07|2026-07-08|2026-07-09|2026-07-10|2026-07-13|2026-07-14|2026-07-15|2026-07-16|2026-07-17|2026-07-20|2026-07-21|2026-07-22,2026-07-22 23:14:36,0.0
DaVita,,2026-06-09|2026-06-10|2026-06-11|2026-06-12|2026-06-15|2026-06-16|2026-06-17|2026-06-18|2026-06-22|2026-06-23|2026-06-24|2026-06-25|2026-06-26|2026-06-29|2026-06-30|2026-07-01|2026-07-02|2026-07-06|2026-07-07|2026-07-08|2026-07-09|2026-07-10|2026-07-13|2026-07-14|2026-07-15|2026-07-16|2026-07-17|2026-07-20|2026-07-21|2026-07-22,2026-07-22 23:14:36,0.0
Henry Schein,,2026-06-09|2026-06-10|2026-06-11|2026-06-12|2026-06-15|2026-06-16|2026-06-17|2026-06-18|2026-06-22|2026-06-23|2026-06-24|2026-06-25|2026-06-26|2026-06-29|2026-06-30|2026-07-01|2026-07-02|2026-07-06|2026-07-07|2026-07-08|2026-07-09|2026-07-10|2026-07-13|2026-07-14|2026-07-15|2026-07-16|2026-07-17|2026-07-20|2026-07-21|2026-07-22,2026-07-22 23:14:36,0.0
Ryder System,,2026-06-09|2026-06-10|2026-06-11|2026-06-12|2026-06-15|2026-06-16|2026-06-17|2026-06-18|2026-06-22|2026-06-23|2026-06-24|2026-06-25|2026-06-26|2026-06-29|2026-06-30|2026-07-01|2026-07-02|2026-07-06|2026-07-07|2026-07-08|2026-07-09|2026-07-10|2026-07-13|2026-07-14|2026-07-15|2026-07-16|2026-07-17|2026-07-20|2026-07-21|2026-07-22,2026-07-22 23:14:36,0.0
Community Health Systems,,2026-06-09|2026-06-10|2026-06-11|2026-06-12|2026-06-15|2026-06-16|2026-06-17|2026-06-18|2026-06-22|2026-06-23|2026-06-24|2026-06-25|2026-06-26|2026-06-29|2026-06-30|2026-07-01|2026-07-02|2026-07-06|2026-07-07|2026-07-08|2026-07-09|2026-07-10|2026-07-13|2026-07-14|2026-07-15|2026-07-16|2026-07-17|2026-07-20|2026-07-21|2026-07-22,2026-07-22 23:14:36,0.0
Delek US,,2026-06-09|2026-06-10|2026-06-11|2026-06-12|2026-06-15|2026-06-16|2026-06-17|2026-06-18|2026-06-22|2026-06-23|2026-06-24|2026-06-25|2026-06-26|2026-06-29|2026-06-30|2026-07-01|2026-07-02|2026-07-06|2026-07-07|2026-07-08|2026-07-09|2026-07-10|2026-07-13|2026-07-14|2026-07-15|2026-07-16|2026-07-17|2026-07-20|2026-07-21|2026-07-22,2026-07-22 23:14:36,0.0
DTE Energy,,2026-06-09|2026-06-10|2026-06-11|2026-06-12|2026-06-15|2026-06-16|2026-06-17|2026-06-18|2026-06-22|2026-06-23|2026-06-24|2026-06-25|2026-06-26|2026-06-29|2026-06-30|2026-07-01|2026-07-02|2026-07-06|2026-07-07|2026-07-08|2026-07-09|2026-07-10|2026-07-13|2026-07-14|2026-07-15|2026-07-16|2026-07-17|2026-07-20|2026-07-21|2026-07-22,2026-07-22 23:14:36,0.0
Equitable Holdings,,2026-06-09|2026-06-10|2026-06-11|2026-06-12|2026-06-15|2026-06-16|2026-06-17|2026-06-18|2026-06-22|2026-06-23|2026-06-24|2026-06-25|2026-06-26|2026-06-29|2026-06-30|2026-07-01|2026-07-02|2026-07-06|2026-07-07|2026-07-08|2026-07-09|2026-07-10|2026-07-13|2026-07-14|2026-07-15|2026-07-16|2026-07-17|2026-07-20|2026-07-21|2026-07-22,2026-07-22 23:14:36,0.0
DuPont de Nemours,,2026-06-09|2026-06-10|2026-06-11|2026-06-12|2026-06-15|2026-06-16|2026-06-17|2026-06-18|2026-06-22|2026-06-23|2026-06-24|2026-06-25|2026-06-26|2026-06-29|2026-06-30|2026-07-01|2026-07-02|2026-07-06|2026-07-07|2026-07-08|2026-07-09|2026-07-10|2026-07-13|2026-07-14|2026-07-15|2026-07-16|2026-07-17|2026-07-20|2026-07-21|2026-07-22,2026-07-22 23:14:36,0.0
