company,trends_history,date_history,last_updated,avg_interest
Walmart,73|72|75|78|76|78|76|79|84|81|78|79|86|79|80|78|82|82|82|76|79|74|76|74|73|73|82|78|80|0,2026-05-12|2026-05-13|2026-05-14|2026-05-15|2026-05-18|2026-05-19|2026-05-20|2026-05-21|2026-05-22|2026-05-26|2026-05-27|2026-05-28|2026-05-29|2026-06-01|2026-06-02|2026-06-03|2026-06-04|2026-06-05|2026-06-08|2026-06-09|2026-06-10|2026-06-11|2026-06-12|2026-06-15|2026-06-16|2026-06-17|2026-06-18|2026-06-22|2026-06-23|2026-06-24,2026-06-24 16:37:48,75.4
Amazon,78|80|82|77|80|78|75|77|79|77|79|80|80|81|81|79|78|79|84|85|77|73|70|76|79|79|76|82|100|0,2026-05-12|2026-05-13|2026-05-14|2026-05-15|2026-05-18|2026-05-19|2026-05-20|2026-05-21|2026-05-22|2026-05-26|2026-05-27|2026-05-28|2026-05-29|2026-06-01|2026-06-02|2026-06-03|2026-06-04|2026-06-05|2026-06-08|2026-06-09|2026-06-10|2026-06-11|2026-06-12|2026-06-15|2026-06-16|2026-06-17|2026-06-18|2026-06-22|2026-06-23|2026-06-24,2026-06-24 16:38:02,76.7
UnitedHealth,60|62|64|67|100|57|50|39|42|61|59|68|61|68|92|52|83|77|68|70|30|33|36|27|29|35|33|38|52|0,2026-05-12|2026-05-13|2026-05-14|2026-05-15|2026-05-18|2026-05-19|2026-05-20|2026-05-21|2026-05-22|2026-05-26|2026-05-27|2026-05-28|2026-05-29|2026-06-01|2026-06-02|2026-06-03|2026-06-04|2026-06-05|2026-06-08|2026-06-09|2026-06-10|2026-06-11|2026-06-12|2026-06-15|2026-06-16|2026-06-17|2026-06-18|2026-06-22|2026-06-23|2026-06-24,2026-06-24 16:38:06,53.8
Apple,79|94|100|94|90|90|87|80|89|85|81|83|87|80|82|77|81|84|97|94|70|66|65|65|70|67|70|69|79|0,2026-05-12|2026-05-13|2026-05-14|2026-05-15|2026-05-18|2026-05-19|2026-05-20|2026-05-21|2026-05-22|2026-05-26|2026-05-27|2026-05-28|2026-05-29|2026-06-01|2026-06-02|2026-06-03|2026-06-04|2026-06-05|2026-06-08|2026-06-09|2026-06-10|2026-06-11|2026-06-12|2026-06-15|2026-06-16|2026-06-17|2026-06-18|2026-06-22|2026-06-23|2026-06-24,2026-06-24 16:38:10,78.5
CVS Health,37|82|86|93|92|89|72|61|66|51|47|49|48|46|39|58|57|56|59|60|31|30|34|32|32|30|33|29|28|0,2026-05-12|2026-05-13|2026-05-14|2026-05-15|2026-05-18|2026-05-19|2026-05-20|2026-05-21|2026-05-22|2026-05-26|2026-05-27|2026-05-28|2026-05-29|2026-06-01|2026-06-02|2026-06-03|2026-06-04|2026-06-05|2026-06-08|2026-06-09|2026-06-10|2026-06-11|2026-06-12|2026-06-15|2026-06-16|2026-06-17|2026-06-18|2026-06-22|2026-06-23|2026-06-24,2026-06-24 16:38:14,50.9
Alphabet,80|88|93|89|84|84|85|89|91|82|83|91|83|91|99|86|87|93|87|83|68|65|89|63|63|63|65|74|100|0,2026-05-12|2026-05-13|2026-05-14|2026-05-15|2026-05-18|2026-05-19|2026-05-20|2026-05-21|2026-05-22|2026-05-26|2026-05-27|2026-05-28|2026-05-29|2026-06-01|2026-06-02|2026-06-03|2026-06-04|2026-06-05|2026-06-08|2026-06-09|2026-06-10|2026-06-11|2026-06-12|2026-06-15|2026-06-16|2026-06-17|2026-06-18|2026-06-22|2026-06-23|2026-06-24,2026-06-24 16:38:17,79.9
Exxon Mobil,97|100|83|80|83|76|74|90|78|89|85|88|93|95|86|70|74|69|96|80|63|65|59|78|70|59|64|66|79|0,2026-05-12|2026-05-13|2026-05-14|2026-05-15|2026-05-18|2026-05-19|2026-05-20|2026-05-21|2026-05-22|2026-05-26|2026-05-27|2026-05-28|2026-05-29|2026-06-01|2026-06-02|2026-06-03|2026-06-04|2026-06-05|2026-06-08|2026-06-09|2026-06-10|2026-06-11|2026-06-12|2026-06-15|2026-06-16|2026-06-17|2026-06-18|2026-06-22|2026-06-23|2026-06-24,2026-06-24 16:38:21,76.3
McKesson,78|90|100|83|84|88|89|78|75|72|83|73|73|70|76|80|75|67|73|83|60|57|54|55|64|70|60|58|59|0,2026-05-12|2026-05-13|2026-05-14|2026-05-15|2026-05-18|2026-05-19|2026-05-20|2026-05-21|2026-05-22|2026-05-26|2026-05-27|2026-05-28|2026-05-29|2026-06-01|2026-06-02|2026-06-03|2026-06-04|2026-06-05|2026-06-08|2026-06-09|2026-06-10|2026-06-11|2026-06-12|2026-06-15|2026-06-16|2026-06-17|2026-06-18|2026-06-22|2026-06-23|2026-06-24,2026-06-24 16:38:24,70.9
Cencora,58|57|65|51|51|79|54|54|49|45|66|33|51|68|94|75|56|71|100|52|51|46|41|46|59|57|43|49|47|0,2026-05-12|2026-05-13|2026-05-14|2026-05-15|2026-05-18|2026-05-19|2026-05-20|2026-05-21|2026-05-22|2026-05-26|2026-05-27|2026-05-28|2026-05-29|2026-06-01|2026-06-02|2026-06-03|2026-06-04|2026-06-05|2026-06-08|2026-06-09|2026-06-10|2026-06-11|2026-06-12|2026-06-15|2026-06-16|2026-06-17|2026-06-18|2026-06-22|2026-06-23|2026-06-24,2026-06-24 16:38:28,55.6
JPMorgan Chase,86|80|70|70|56|64|58|63|69|68|77|80|65|79|88|65|79|71|82|100|46|41|43|41|48|42|43|49|65|0,2026-05-12|2026-05-13|2026-05-14|2026-05-15|2026-05-18|2026-05-19|2026-05-20|2026-05-21|2026-05-22|2026-05-26|2026-05-27|2026-05-28|2026-05-29|2026-06-01|2026-06-02|2026-06-03|2026-06-04|2026-06-05|2026-06-08|2026-06-09|2026-06-10|2026-06-11|2026-06-12|2026-06-15|2026-06-16|2026-06-17|2026-06-18|2026-06-22|2026-06-23|2026-06-24,2026-06-24 16:38:31,62.9
Costco,58|58|57|60|62|60|61|62|64|66|63|61|69|66|65|61|64|62|71|59|64|59|61|64|63|59|63|56|54|0,2026-05-12|2026-05-13|2026-05-14|2026-05-15|2026-05-18|2026-05-19|2026-05-20|2026-05-21|2026-05-22|2026-05-26|2026-05-27|2026-05-28|2026-05-29|2026-06-01|2026-06-02|2026-06-03|2026-06-04|2026-06-05|2026-06-08|2026-06-09|2026-06-10|2026-06-11|2026-06-12|2026-06-15|2026-06-16|2026-06-17|2026-06-18|2026-06-22|2026-06-23|2026-06-24,2026-06-24 16:39:05,59.7
Cigna,89|91|83|78|85|86|89|84|73|88|94|89|80|99|100|94|91|82|93|94|89|81|67|90|91|89|82|87|75|0,2026-05-12|2026-05-13|2026-05-14|2026-05-15|2026-05-18|2026-05-19|2026-05-20|2026-05-21|2026-05-22|2026-05-26|2026-05-27|2026-05-28|2026-05-29|2026-06-01|2026-06-02|2026-06-03|2026-06-04|2026-06-05|2026-06-08|2026-06-09|2026-06-10|2026-06-11|2026-06-12|2026-06-15|2026-06-16|2026-06-17|2026-06-18|2026-06-22|2026-06-23|2026-06-24,2026-06-24 16:39:08,83.8
Microsoft,74|77|79|73|85|89|88|79|76|88|88|92|85|95|99|85|88|86|100|97|61|59|52|58|60|62|57|72|78|0,2026-05-12|2026-05-13|2026-05-14|2026-05-15|2026-05-18|2026-05-19|2026-05-20|2026-05-21|2026-05-22|2026-05-26|2026-05-27|2026-05-28|2026-05-29|2026-06-01|2026-06-02|2026-06-03|2026-06-04|2026-06-05|2026-06-08|2026-06-09|2026-06-10|2026-06-11|2026-06-12|2026-06-15|2026-06-16|2026-06-17|2026-06-18|2026-06-22|2026-06-23|2026-06-24,2026-06-24 16:39:22,76.1
Cardinal Health,68|80|84|85|69|81|70|66|58|67|67|73|69|72|100|66|76|46|72|77|60|55|52|53|58|63|55|53|53|0,2026-05-12|2026-05-13|2026-05-14|2026-05-15|2026-05-18|2026-05-19|2026-05-20|2026-05-21|2026-05-22|2026-05-26|2026-05-27|2026-05-28|2026-05-29|2026-06-01|2026-06-02|2026-06-03|2026-06-04|2026-06-05|2026-06-08|2026-06-09|2026-06-10|2026-06-11|2026-06-12|2026-06-15|2026-06-16|2026-06-17|2026-06-18|2026-06-22|2026-06-23|2026-06-24,2026-06-24 16:39:26,64.9
Chevron,,2026-05-12|2026-05-13|2026-05-14|2026-05-15|2026-05-18|2026-05-19|2026-05-20|2026-05-21|2026-05-22|2026-05-26|2026-05-27|2026-05-28|2026-05-29|2026-06-01|2026-06-02|2026-06-03|2026-06-04|2026-06-05|2026-06-08|2026-06-09|2026-06-10|2026-06-11|2026-06-12|2026-06-15|2026-06-16|2026-06-17|2026-06-18|2026-06-22|2026-06-23|2026-06-24,2026-06-24 16:39:59,0.0
Bank of America,70|68|70|77|72|81|78|70|77|73|73|76|87|84|82|78|77|79|78|78|89|72|86|72|76|73|70|72|68|0,2026-05-12|2026-05-13|2026-05-14|2026-05-15|2026-05-18|2026-05-19|2026-05-20|2026-05-21|2026-05-22|2026-05-26|2026-05-27|2026-05-28|2026-05-29|2026-06-01|2026-06-02|2026-06-03|2026-06-04|2026-06-05|2026-06-08|2026-06-09|2026-06-10|2026-06-11|2026-06-12|2026-06-15|2026-06-16|2026-06-17|2026-06-18|2026-06-22|2026-06-23|2026-06-24,2026-06-24 16:40:09,73.5
General Motors,80|77|82|78|67|64|72|57|100|74|71|71|70|76|93|70|63|69|79|71|63|59|52|62|78|60|55|75|61|0,2026-05-12|2026-05-13|2026-05-14|2026-05-15|2026-05-18|2026-05-19|2026-05-20|2026-05-21|2026-05-22|2026-05-26|2026-05-27|2026-05-28|2026-05-29|2026-06-01|2026-06-02|2026-06-03|2026-06-04|2026-06-05|2026-06-08|2026-06-09|2026-06-10|2026-06-11|2026-06-12|2026-06-15|2026-06-16|2026-06-17|2026-06-18|2026-06-22|2026-06-23|2026-06-24,2026-06-24 16:40:14,68.3
Ford Motor,78|85|86|97|93|85|88|84|99|81|87|84|86|76|76|79|84|86|80|91|71|67|67|67|70|67|69|69|63|0,2026-05-12|2026-05-13|2026-05-14|2026-05-15|2026-05-18|2026-05-19|2026-05-20|2026-05-21|2026-05-22|2026-05-26|2026-05-27|2026-05-28|2026-05-29|2026-06-01|2026-06-02|2026-06-03|2026-06-04|2026-06-05|2026-06-08|2026-06-09|2026-06-10|2026-06-11|2026-06-12|2026-06-15|2026-06-16|2026-06-17|2026-06-18|2026-06-22|2026-06-23|2026-06-24,2026-06-24 16:40:28,77.2
Elevance Health,77|69|78|58|56|57|59|54|37|57|75|58|43|58|100|86|88|61|58|76|64|63|42|50|59|62|53|50|51|0,2026-05-12|2026-05-13|2026-05-14|2026-05-15|2026-05-18|2026-05-19|2026-05-20|2026-05-21|2026-05-22|2026-05-26|2026-05-27|2026-05-28|2026-05-29|2026-06-01|2026-06-02|2026-06-03|2026-06-04|2026-06-05|2026-06-08|2026-06-09|2026-06-10|2026-06-11|2026-06-12|2026-06-15|2026-06-16|2026-06-17|2026-06-18|2026-06-22|2026-06-23|2026-06-24,2026-06-24 16:40:32,60.0
Citigroup,,2026-05-12|2026-05-13|2026-05-14|2026-05-15|2026-05-18|2026-05-19|2026-05-20|2026-05-21|2026-05-22|2026-05-26|2026-05-27|2026-05-28|2026-05-29|2026-06-01|2026-06-02|2026-06-03|2026-06-04|2026-06-05|2026-06-08|2026-06-09|2026-06-10|2026-06-11|2026-06-12|2026-06-15|2026-06-16|2026-06-17|2026-06-18|2026-06-22|2026-06-23|2026-06-24,2026-06-24 16:41:06,0.0
Meta Platforms,,2026-05-12|2026-05-13|2026-05-14|2026-05-15|2026-05-18|2026-05-19|2026-05-20|2026-05-21|2026-05-22|2026-05-26|2026-05-27|2026-05-28|2026-05-29|2026-06-01|2026-06-02|2026-06-03|2026-06-04|2026-06-05|2026-06-08|2026-06-09|2026-06-10|2026-06-11|2026-06-12|2026-06-15|2026-06-16|2026-06-17|2026-06-18|2026-06-22|2026-06-23|2026-06-24,2026-06-24 16:41:48,0.0
Centene,,2026-05-12|2026-05-13|2026-05-14|2026-05-15|2026-05-18|2026-05-19|2026-05-20|2026-05-21|2026-05-22|2026-05-26|2026-05-27|2026-05-28|2026-05-29|2026-06-01|2026-06-02|2026-06-03|2026-06-04|2026-06-05|2026-06-08|2026-06-09|2026-06-10|2026-06-11|2026-06-12|2026-06-15|2026-06-16|2026-06-17|2026-06-18|2026-06-22|2026-06-23|2026-06-24,2026-06-24 16:41:58,0.0
Home Depot,,2026-05-12|2026-05-13|2026-05-14|2026-05-15|2026-05-18|2026-05-19|2026-05-20|2026-05-21|2026-05-22|2026-05-26|2026-05-27|2026-05-28|2026-05-29|2026-06-01|2026-06-02|2026-06-03|2026-06-04|2026-06-05|2026-06-08|2026-06-09|2026-06-10|2026-06-11|2026-06-12|2026-06-15|2026-06-16|2026-06-17|2026-06-18|2026-06-22|2026-06-23|2026-06-24,2026-06-24 16:41:58,0.0
Fannie Mae,,2026-05-12|2026-05-13|2026-05-14|2026-05-15|2026-05-18|2026-05-19|2026-05-20|2026-05-21|2026-05-22|2026-05-26|2026-05-27|2026-05-28|2026-05-29|2026-06-01|2026-06-02|2026-06-03|2026-06-04|2026-06-05|2026-06-08|2026-06-09|2026-06-10|2026-06-11|2026-06-12|2026-06-15|2026-06-16|2026-06-17|2026-06-18|2026-06-22|2026-06-23|2026-06-24,2026-06-24 16:41:58,0.0
Kroger,,2026-05-12|2026-05-13|2026-05-14|2026-05-15|2026-05-18|2026-05-19|2026-05-20|2026-05-21|2026-05-22|2026-05-26|2026-05-27|2026-05-28|2026-05-29|2026-06-01|2026-06-02|2026-06-03|2026-06-04|2026-06-05|2026-06-08|2026-06-09|2026-06-10|2026-06-11|2026-06-12|2026-06-15|2026-06-16|2026-06-17|2026-06-18|2026-06-22|2026-06-23|2026-06-24,2026-06-24 16:41:58,0.0
Phillips 66,,2026-05-12|2026-05-13|2026-05-14|2026-05-15|2026-05-18|2026-05-19|2026-05-20|2026-05-21|2026-05-22|2026-05-26|2026-05-27|2026-05-28|2026-05-29|2026-06-01|2026-06-02|2026-06-03|2026-06-04|2026-06-05|2026-06-08|2026-06-09|2026-06-10|2026-06-11|2026-06-12|2026-06-15|2026-06-16|2026-06-17|2026-06-18|2026-06-22|2026-06-23|2026-06-24,2026-06-24 16:41:58,0.0
Marathon Petroleum,,2026-05-12|2026-05-13|2026-05-14|2026-05-15|2026-05-18|2026-05-19|2026-05-20|2026-05-21|2026-05-22|2026-05-26|2026-05-27|2026-05-28|2026-05-29|2026-06-01|2026-06-02|2026-06-03|2026-06-04|2026-06-05|2026-06-08|2026-06-09|2026-06-10|2026-06-11|2026-06-12|2026-06-15|2026-06-16|2026-06-17|2026-06-18|2026-06-22|2026-06-23|2026-06-24,2026-06-24 16:41:58,0.0
Verizon,,2026-05-12|2026-05-13|2026-05-14|2026-05-15|2026-05-18|2026-05-19|2026-05-20|2026-05-21|2026-05-22|2026-05-26|2026-05-27|2026-05-28|2026-05-29|2026-06-01|2026-06-02|2026-06-03|2026-06-04|2026-06-05|2026-06-08|2026-06-09|2026-06-10|2026-06-11|2026-06-12|2026-06-15|2026-06-16|2026-06-17|2026-06-18|2026-06-22|2026-06-23|2026-06-24,2026-06-24 16:41:58,0.0
Nvidia,,2026-05-12|2026-05-13|2026-05-14|2026-05-15|2026-05-18|2026-05-19|2026-05-20|2026-05-21|2026-05-22|2026-05-26|2026-05-27|2026-05-28|2026-05-29|2026-06-01|2026-06-02|2026-06-03|2026-06-04|2026-06-05|2026-06-08|2026-06-09|2026-06-10|2026-06-11|2026-06-12|2026-06-15|2026-06-16|2026-06-17|2026-06-18|2026-06-22|2026-06-23|2026-06-24,2026-06-24 16:41:58,0.0
Goldman Sachs,,2026-05-12|2026-05-13|2026-05-14|2026-05-15|2026-05-18|2026-05-19|2026-05-20|2026-05-21|2026-05-22|2026-05-26|2026-05-27|2026-05-28|2026-05-29|2026-06-01|2026-06-02|2026-06-03|2026-06-04|2026-06-05|2026-06-08|2026-06-09|2026-06-10|2026-06-11|2026-06-12|2026-06-15|2026-06-16|2026-06-17|2026-06-18|2026-06-22|2026-06-23|2026-06-24,2026-06-24 16:41:58,0.0
Wells Fargo,,2026-05-12|2026-05-13|2026-05-14|2026-05-15|2026-05-18|2026-05-19|2026-05-20|2026-05-21|2026-05-22|2026-05-26|2026-05-27|2026-05-28|2026-05-29|2026-06-01|2026-06-02|2026-06-03|2026-06-04|2026-06-05|2026-06-08|2026-06-09|2026-06-10|2026-06-11|2026-06-12|2026-06-15|2026-06-16|2026-06-17|2026-06-18|2026-06-22|2026-06-23|2026-06-24,2026-06-24 16:41:58,0.0
Valero Energy,,2026-05-12|2026-05-13|2026-05-14|2026-05-15|2026-05-18|2026-05-19|2026-05-20|2026-05-21|2026-05-22|2026-05-26|2026-05-27|2026-05-28|2026-05-29|2026-06-01|2026-06-02|2026-06-03|2026-06-04|2026-06-05|2026-06-08|2026-06-09|2026-06-10|2026-06-11|2026-06-12|2026-06-15|2026-06-16|2026-06-17|2026-06-18|2026-06-22|2026-06-23|2026-06-24,2026-06-24 16:41:58,0.0
Comcast,,2026-05-12|2026-05-13|2026-05-14|2026-05-15|2026-05-18|2026-05-19|2026-05-20|2026-05-21|2026-05-22|2026-05-26|2026-05-27|2026-05-28|2026-05-29|2026-06-01|2026-06-02|2026-06-03|2026-06-04|2026-06-05|2026-06-08|2026-06-09|2026-06-10|2026-06-11|2026-06-12|2026-06-15|2026-06-16|2026-06-17|2026-06-18|2026-06-22|2026-06-23|2026-06-24,2026-06-24 16:41:58,0.0
AT&T,,2026-05-12|2026-05-13|2026-05-14|2026-05-15|2026-05-18|2026-05-19|2026-05-20|2026-05-21|2026-05-22|2026-05-26|2026-05-27|2026-05-28|2026-05-29|2026-06-01|2026-06-02|2026-06-03|2026-06-04|2026-06-05|2026-06-08|2026-06-09|2026-06-10|2026-06-11|2026-06-12|2026-06-15|2026-06-16|2026-06-17|2026-06-18|2026-06-22|2026-06-23|2026-06-24,2026-06-24 16:41:58,0.0
Freddie Mac,,2026-05-12|2026-05-13|2026-05-14|2026-05-15|2026-05-18|2026-05-19|2026-05-20|2026-05-21|2026-05-22|2026-05-26|2026-05-27|2026-05-28|2026-05-29|2026-06-01|2026-06-02|2026-06-03|2026-06-04|2026-06-05|2026-06-08|2026-06-09|2026-06-10|2026-06-11|2026-06-12|2026-06-15|2026-06-16|2026-06-17|2026-06-18|2026-06-22|2026-06-23|2026-06-24,2026-06-24 16:41:58,0.0
Humana,,2026-05-12|2026-05-13|2026-05-14|2026-05-15|2026-05-18|2026-05-19|2026-05-20|2026-05-21|2026-05-22|2026-05-26|2026-05-27|2026-05-28|2026-05-29|2026-06-01|2026-06-02|2026-06-03|2026-06-04|2026-06-05|2026-06-08|2026-06-09|2026-06-10|2026-06-11|2026-06-12|2026-06-15|2026-06-16|2026-06-17|2026-06-18|2026-06-22|2026-06-23|2026-06-24,2026-06-24 16:41:58,0.0
Morgan Stanley,,2026-05-12|2026-05-13|2026-05-14|2026-05-15|2026-05-18|2026-05-19|2026-05-20|2026-05-21|2026-05-22|2026-05-26|2026-05-27|2026-05-28|2026-05-29|2026-06-01|2026-06-02|2026-06-03|2026-06-04|2026-06-05|2026-06-08|2026-06-09|2026-06-10|2026-06-11|2026-06-12|2026-06-15|2026-06-16|2026-06-17|2026-06-18|2026-06-22|2026-06-23|2026-06-24,2026-06-24 16:41:58,0.0
Target Corporation,,2026-05-12|2026-05-13|2026-05-14|2026-05-15|2026-05-18|2026-05-19|2026-05-20|2026-05-21|2026-05-22|2026-05-26|2026-05-27|2026-05-28|2026-05-29|2026-06-01|2026-06-02|2026-06-03|2026-06-04|2026-06-05|2026-06-08|2026-06-09|2026-06-10|2026-06-11|2026-06-12|2026-06-15|2026-06-16|2026-06-17|2026-06-18|2026-06-22|2026-06-23|2026-06-24,2026-06-24 16:41:58,0.0
StoneX Group,,2026-05-12|2026-05-13|2026-05-14|2026-05-15|2026-05-18|2026-05-19|2026-05-20|2026-05-21|2026-05-22|2026-05-26|2026-05-27|2026-05-28|2026-05-29|2026-06-01|2026-06-02|2026-06-03|2026-06-04|2026-06-05|2026-06-08|2026-06-09|2026-06-10|2026-06-11|2026-06-12|2026-06-15|2026-06-16|2026-06-17|2026-06-18|2026-06-22|2026-06-23|2026-06-24,2026-06-24 16:41:58,0.0
Tesla,,2026-05-12|2026-05-13|2026-05-14|2026-05-15|2026-05-18|2026-05-19|2026-05-20|2026-05-21|2026-05-22|2026-05-26|2026-05-27|2026-05-28|2026-05-29|2026-06-01|2026-06-02|2026-06-03|2026-06-04|2026-06-05|2026-06-08|2026-06-09|2026-06-10|2026-06-11|2026-06-12|2026-06-15|2026-06-16|2026-06-17|2026-06-18|2026-06-22|2026-06-23|2026-06-24,2026-06-24 16:41:58,0.0
Dell Technologies,,2026-05-12|2026-05-13|2026-05-14|2026-05-15|2026-05-18|2026-05-19|2026-05-20|2026-05-21|2026-05-22|2026-05-26|2026-05-27|2026-05-28|2026-05-29|2026-06-01|2026-06-02|2026-06-03|2026-06-04|2026-06-05|2026-06-08|2026-06-09|2026-06-10|2026-06-11|2026-06-12|2026-06-15|2026-06-16|2026-06-17|2026-06-18|2026-06-22|2026-06-23|2026-06-24,2026-06-24 16:41:58,0.0
PepsiCo,,2026-05-12|2026-05-13|2026-05-14|2026-05-15|2026-05-18|2026-05-19|2026-05-20|2026-05-21|2026-05-22|2026-05-26|2026-05-27|2026-05-28|2026-05-29|2026-06-01|2026-06-02|2026-06-03|2026-06-04|2026-06-05|2026-06-08|2026-06-09|2026-06-10|2026-06-11|2026-06-12|2026-06-15|2026-06-16|2026-06-17|2026-06-18|2026-06-22|2026-06-23|2026-06-24,2026-06-24 16:41:58,0.0
Disney,,2026-05-12|2026-05-13|2026-05-14|2026-05-15|2026-05-18|2026-05-19|2026-05-20|2026-05-21|2026-05-22|2026-05-26|2026-05-27|2026-05-28|2026-05-29|2026-06-01|2026-06-02|2026-06-03|2026-06-04|2026-06-05|2026-06-08|2026-06-09|2026-06-10|2026-06-11|2026-06-12|2026-06-15|2026-06-16|2026-06-17|2026-06-18|2026-06-22|2026-06-23|2026-06-24,2026-06-24 16:41:58,0.0
UPS,,2026-05-12|2026-05-13|2026-05-14|2026-05-15|2026-05-18|2026-05-19|2026-05-20|2026-05-21|2026-05-22|2026-05-26|2026-05-27|2026-05-28|2026-05-29|2026-06-01|2026-06-02|2026-06-03|2026-06-04|2026-06-05|2026-06-08|2026-06-09|2026-06-10|2026-06-11|2026-06-12|2026-06-15|2026-06-16|2026-06-17|2026-06-18|2026-06-22|2026-06-23|2026-06-24,2026-06-24 16:41:58,0.0
Johnson & Johnson,,2026-05-12|2026-05-13|2026-05-14|2026-05-15|2026-05-18|2026-05-19|2026-05-20|2026-05-21|2026-05-22|2026-05-26|2026-05-27|2026-05-28|2026-05-29|2026-06-01|2026-06-02|2026-06-03|2026-06-04|2026-06-05|2026-06-08|2026-06-09|2026-06-10|2026-06-11|2026-06-12|2026-06-15|2026-06-16|2026-06-17|2026-06-18|2026-06-22|2026-06-23|2026-06-24,2026-06-24 16:41:58,0.0
FedEx,,2026-05-12|2026-05-13|2026-05-14|2026-05-15|2026-05-18|2026-05-19|2026-05-20|2026-05-21|2026-05-22|2026-05-26|2026-05-27|2026-05-28|2026-05-29|2026-06-01|2026-06-02|2026-06-03|2026-06-04|2026-06-05|2026-06-08|2026-06-09|2026-06-10|2026-06-11|2026-06-12|2026-06-15|2026-06-16|2026-06-17|2026-06-18|2026-06-22|2026-06-23|2026-06-24,2026-06-24 16:41:58,0.0
Archer Daniels Midland,,2026-05-12|2026-05-13|2026-05-14|2026-05-15|2026-05-18|2026-05-19|2026-05-20|2026-05-21|2026-05-22|2026-05-26|2026-05-27|2026-05-28|2026-05-29|2026-06-01|2026-06-02|2026-06-03|2026-06-04|2026-06-05|2026-06-08|2026-06-09|2026-06-10|2026-06-11|2026-06-12|2026-06-15|2026-06-16|2026-06-17|2026-06-18|2026-06-22|2026-06-23|2026-06-24,2026-06-24 16:41:58,0.0
Procter & Gamble,,2026-05-12|2026-05-13|2026-05-14|2026-05-15|2026-05-18|2026-05-19|2026-05-20|2026-05-21|2026-05-22|2026-05-26|2026-05-27|2026-05-28|2026-05-29|2026-06-01|2026-06-02|2026-06-03|2026-06-04|2026-06-05|2026-06-08|2026-06-09|2026-06-10|2026-06-11|2026-06-12|2026-06-15|2026-06-16|2026-06-17|2026-06-18|2026-06-22|2026-06-23|2026-06-24,2026-06-24 16:41:58,0.0
Lowe's,,2026-05-12|2026-05-13|2026-05-14|2026-05-15|2026-05-18|2026-05-19|2026-05-20|2026-05-21|2026-05-22|2026-05-26|2026-05-27|2026-05-28|2026-05-29|2026-06-01|2026-06-02|2026-06-03|2026-06-04|2026-06-05|2026-06-08|2026-06-09|2026-06-10|2026-06-11|2026-06-12|2026-06-15|2026-06-16|2026-06-17|2026-06-18|2026-06-22|2026-06-23|2026-06-24,2026-06-24 16:41:58,0.0
Energy Transfer,,2026-05-12|2026-05-13|2026-05-14|2026-05-15|2026-05-18|2026-05-19|2026-05-20|2026-05-21|2026-05-22|2026-05-26|2026-05-27|2026-05-28|2026-05-29|2026-06-01|2026-06-02|2026-06-03|2026-06-04|2026-06-05|2026-06-08|2026-06-09|2026-06-10|2026-06-11|2026-06-12|2026-06-15|2026-06-16|2026-06-17|2026-06-18|2026-06-22|2026-06-23|2026-06-24,2026-06-24 16:41:58,0.0
RTX,,2026-05-12|2026-05-13|2026-05-14|2026-05-15|2026-05-18|2026-05-19|2026-05-20|2026-05-21|2026-05-22|2026-05-26|2026-05-27|2026-05-28|2026-05-29|2026-06-01|2026-06-02|2026-06-03|2026-06-04|2026-06-05|2026-06-08|2026-06-09|2026-06-10|2026-06-11|2026-06-12|2026-06-15|2026-06-16|2026-06-17|2026-06-18|2026-06-22|2026-06-23|2026-06-24,2026-06-24 16:41:58,0.0
Albertsons,,2026-05-12|2026-05-13|2026-05-14|2026-05-15|2026-05-18|2026-05-19|2026-05-20|2026-05-21|2026-05-22|2026-05-26|2026-05-27|2026-05-28|2026-05-29|2026-06-01|2026-06-02|2026-06-03|2026-06-04|2026-06-05|2026-06-08|2026-06-09|2026-06-10|2026-06-11|2026-06-12|2026-06-15|2026-06-16|2026-06-17|2026-06-18|2026-06-22|2026-06-23|2026-06-24,2026-06-24 16:41:58,0.0
Sysco,,2026-05-12|2026-05-13|2026-05-14|2026-05-15|2026-05-18|2026-05-19|2026-05-20|2026-05-21|2026-05-22|2026-05-26|2026-05-27|2026-05-28|2026-05-29|2026-06-01|2026-06-02|2026-06-03|2026-06-04|2026-06-05|2026-06-08|2026-06-09|2026-06-10|2026-06-11|2026-06-12|2026-06-15|2026-06-16|2026-06-17|2026-06-18|2026-06-22|2026-06-23|2026-06-24,2026-06-24 16:41:58,0.0
Progressive Insurance,,2026-05-12|2026-05-13|2026-05-14|2026-05-15|2026-05-18|2026-05-19|2026-05-20|2026-05-21|2026-05-22|2026-05-26|2026-05-27|2026-05-28|2026-05-29|2026-06-01|2026-06-02|2026-06-03|2026-06-04|2026-06-05|2026-06-08|2026-06-09|2026-06-10|2026-06-11|2026-06-12|2026-06-15|2026-06-16|2026-06-17|2026-06-18|2026-06-22|2026-06-23|2026-06-24,2026-06-24 16:41:58,0.0
American Express,,2026-05-12|2026-05-13|2026-05-14|2026-05-15|2026-05-18|2026-05-19|2026-05-20|2026-05-21|2026-05-22|2026-05-26|2026-05-27|2026-05-28|2026-05-29|2026-06-01|2026-06-02|2026-06-03|2026-06-04|2026-06-05|2026-06-08|2026-06-09|2026-06-10|2026-06-11|2026-06-12|2026-06-15|2026-06-16|2026-06-17|2026-06-18|2026-06-22|2026-06-23|2026-06-24,2026-06-24 16:41:58,0.0
Lockheed Martin,,2026-05-12|2026-05-13|2026-05-14|2026-05-15|2026-05-18|2026-05-19|2026-05-20|2026-05-21|2026-05-22|2026-05-26|2026-05-27|2026-05-28|2026-05-29|2026-06-01|2026-06-02|2026-06-03|2026-06-04|2026-06-05|2026-06-08|2026-06-09|2026-06-10|2026-06-11|2026-06-12|2026-06-15|2026-06-16|2026-06-17|2026-06-18|2026-06-22|2026-06-23|2026-06-24,2026-06-24 16:41:58,0.0
MetLife Inc,,2026-05-12|2026-05-13|2026-05-14|2026-05-15|2026-05-18|2026-05-19|2026-05-20|2026-05-21|2026-05-22|2026-05-26|2026-05-27|2026-05-28|2026-05-29|2026-06-01|2026-06-02|2026-06-03|2026-06-04|2026-06-05|2026-06-08|2026-06-09|2026-06-10|2026-06-11|2026-06-12|2026-06-15|2026-06-16|2026-06-17|2026-06-18|2026-06-22|2026-06-23|2026-06-24,2026-06-24 16:41:58,0.0
HCA Healthcare,,2026-05-12|2026-05-13|2026-05-14|2026-05-15|2026-05-18|2026-05-19|2026-05-20|2026-05-21|2026-05-22|2026-05-26|2026-05-27|2026-05-28|2026-05-29|2026-06-01|2026-06-02|2026-06-03|2026-06-04|2026-06-05|2026-06-08|2026-06-09|2026-06-10|2026-06-11|2026-06-12|2026-06-15|2026-06-16|2026-06-17|2026-06-18|2026-06-22|2026-06-23|2026-06-24,2026-06-24 16:41:58,0.0
Prudential Financial,,2026-05-12|2026-05-13|2026-05-14|2026-05-15|2026-05-18|2026-05-19|2026-05-20|2026-05-21|2026-05-22|2026-05-26|2026-05-27|2026-05-28|2026-05-29|2026-06-01|2026-06-02|2026-06-03|2026-06-04|2026-06-05|2026-06-08|2026-06-09|2026-06-10|2026-06-11|2026-06-12|2026-06-15|2026-06-16|2026-06-17|2026-06-18|2026-06-22|2026-06-23|2026-06-24,2026-06-24 16:41:58,0.0
Boeing,,2026-05-12|2026-05-13|2026-05-14|2026-05-15|2026-05-18|2026-05-19|2026-05-20|2026-05-21|2026-05-22|2026-05-26|2026-05-27|2026-05-28|2026-05-29|2026-06-01|2026-06-02|2026-06-03|2026-06-04|2026-06-05|2026-06-08|2026-06-09|2026-06-10|2026-06-11|2026-06-12|2026-06-15|2026-06-16|2026-06-17|2026-06-18|2026-06-22|2026-06-23|2026-06-24,2026-06-24 16:41:58,0.0
Caterpillar,,2026-05-12|2026-05-13|2026-05-14|2026-05-15|2026-05-18|2026-05-19|2026-05-20|2026-05-21|2026-05-22|2026-05-26|2026-05-27|2026-05-28|2026-05-29|2026-06-01|2026-06-02|2026-06-03|2026-06-04|2026-06-05|2026-06-08|2026-06-09|2026-06-10|2026-06-11|2026-06-12|2026-06-15|2026-06-16|2026-06-17|2026-06-18|2026-06-22|2026-06-23|2026-06-24,2026-06-24 16:41:58,0.0
Merck,,2026-05-12|2026-05-13|2026-05-14|2026-05-15|2026-05-18|2026-05-19|2026-05-20|2026-05-21|2026-05-22|2026-05-26|2026-05-27|2026-05-28|2026-05-29|2026-06-01|2026-06-02|2026-06-03|2026-06-04|2026-06-05|2026-06-08|2026-06-09|2026-06-10|2026-06-11|2026-06-12|2026-06-15|2026-06-16|2026-06-17|2026-06-18|2026-06-22|2026-06-23|2026-06-24,2026-06-24 16:41:58,0.0
Allstate,,2026-05-12|2026-05-13|2026-05-14|2026-05-15|2026-05-18|2026-05-19|2026-05-20|2026-05-21|2026-05-22|2026-05-26|2026-05-27|2026-05-28|2026-05-29|2026-06-01|2026-06-02|2026-06-03|2026-06-04|2026-06-05|2026-06-08|2026-06-09|2026-06-10|2026-06-11|2026-06-12|2026-06-15|2026-06-16|2026-06-17|2026-06-18|2026-06-22|2026-06-23|2026-06-24,2026-06-24 16:41:58,0.0
Pfizer,,2026-05-12|2026-05-13|2026-05-14|2026-05-15|2026-05-18|2026-05-19|2026-05-20|2026-05-21|2026-05-22|2026-05-26|2026-05-27|2026-05-28|2026-05-29|2026-06-01|2026-06-02|2026-06-03|2026-06-04|2026-06-05|2026-06-08|2026-06-09|2026-06-10|2026-06-11|2026-06-12|2026-06-15|2026-06-16|2026-06-17|2026-06-18|2026-06-22|2026-06-23|2026-06-24,2026-06-24 16:41:58,0.0
IBM,,2026-05-12|2026-05-13|2026-05-14|2026-05-15|2026-05-18|2026-05-19|2026-05-20|2026-05-21|2026-05-22|2026-05-26|2026-05-27|2026-05-28|2026-05-29|2026-06-01|2026-06-02|2026-06-03|2026-06-04|2026-06-05|2026-06-08|2026-06-09|2026-06-10|2026-06-11|2026-06-12|2026-06-15|2026-06-16|2026-06-17|2026-06-18|2026-06-22|2026-06-23|2026-06-24,2026-06-24 16:41:58,0.0
Delta Air Lines,,2026-05-12|2026-05-13|2026-05-14|2026-05-15|2026-05-18|2026-05-19|2026-05-20|2026-05-21|2026-05-22|2026-05-26|2026-05-27|2026-05-28|2026-05-29|2026-06-01|2026-06-02|2026-06-03|2026-06-04|2026-06-05|2026-06-08|2026-06-09|2026-06-10|2026-06-11|2026-06-12|2026-06-15|2026-06-16|2026-06-17|2026-06-18|2026-06-22|2026-06-23|2026-06-24,2026-06-24 16:41:58,0.0
Publix Super Markets,,2026-05-12|2026-05-13|2026-05-14|2026-05-15|2026-05-18|2026-05-19|2026-05-20|2026-05-21|2026-05-22|2026-05-26|2026-05-27|2026-05-28|2026-05-29|2026-06-01|2026-06-02|2026-06-03|2026-06-04|2026-06-05|2026-06-08|2026-06-09|2026-06-10|2026-06-11|2026-06-12|2026-06-15|2026-06-16|2026-06-17|2026-06-18|2026-06-22|2026-06-23|2026-06-24,2026-06-24 16:41:58,0.0
TD Synnex,,2026-05-12|2026-05-13|2026-05-14|2026-05-15|2026-05-18|2026-05-19|2026-05-20|2026-05-21|2026-05-22|2026-05-26|2026-05-27|2026-05-28|2026-05-29|2026-06-01|2026-06-02|2026-06-03|2026-06-04|2026-06-05|2026-06-08|2026-06-09|2026-06-10|2026-06-11|2026-06-12|2026-06-15|2026-06-16|2026-06-17|2026-06-18|2026-06-22|2026-06-23|2026-06-24,2026-06-24 16:41:58,0.0
United Airlines,,2026-05-12|2026-05-13|2026-05-14|2026-05-15|2026-05-18|2026-05-19|2026-05-20|2026-05-21|2026-05-22|2026-05-26|2026-05-27|2026-05-28|2026-05-29|2026-06-01|2026-06-02|2026-06-03|2026-06-04|2026-06-05|2026-06-08|2026-06-09|2026-06-10|2026-06-11|2026-06-12|2026-06-15|2026-06-16|2026-06-17|2026-06-18|2026-06-22|2026-06-23|2026-06-24,2026-06-24 16:41:58,0.0
ConocoPhillips,,2026-05-12|2026-05-13|2026-05-14|2026-05-15|2026-05-18|2026-05-19|2026-05-20|2026-05-21|2026-05-22|2026-05-26|2026-05-27|2026-05-28|2026-05-29|2026-06-01|2026-06-02|2026-06-03|2026-06-04|2026-06-05|2026-06-08|2026-06-09|2026-06-10|2026-06-11|2026-06-12|2026-06-15|2026-06-16|2026-06-17|2026-06-18|2026-06-22|2026-06-23|2026-06-24,2026-06-24 16:41:58,0.0
TJX,,2026-05-12|2026-05-13|2026-05-14|2026-05-15|2026-05-18|2026-05-19|2026-05-20|2026-05-21|2026-05-22|2026-05-26|2026-05-27|2026-05-28|2026-05-29|2026-06-01|2026-06-02|2026-06-03|2026-06-04|2026-06-05|2026-06-08|2026-06-09|2026-06-10|2026-06-11|2026-06-12|2026-06-15|2026-06-16|2026-06-17|2026-06-18|2026-06-22|2026-06-23|2026-06-24,2026-06-24 16:41:58,0.0
AbbVie,,2026-05-12|2026-05-13|2026-05-14|2026-05-15|2026-05-18|2026-05-19|2026-05-20|2026-05-21|2026-05-22|2026-05-26|2026-05-27|2026-05-28|2026-05-29|2026-06-01|2026-06-02|2026-06-03|2026-06-04|2026-06-05|2026-06-08|2026-06-09|2026-06-10|2026-06-11|2026-06-12|2026-06-15|2026-06-16|2026-06-17|2026-06-18|2026-06-22|2026-06-23|2026-06-24,2026-06-24 16:41:58,0.0
Enterprise Products Partners,,2026-05-12|2026-05-13|2026-05-14|2026-05-15|2026-05-18|2026-05-19|2026-05-20|2026-05-21|2026-05-22|2026-05-26|2026-05-27|2026-05-28|2026-05-29|2026-06-01|2026-06-02|2026-06-03|2026-06-04|2026-06-05|2026-06-08|2026-06-09|2026-06-10|2026-06-11|2026-06-12|2026-06-15|2026-06-16|2026-06-17|2026-06-18|2026-06-22|2026-06-23|2026-06-24,2026-06-24 16:41:58,0.0
Charter Communications,,2026-05-12|2026-05-13|2026-05-14|2026-05-15|2026-05-18|2026-05-19|2026-05-20|2026-05-21|2026-05-22|2026-05-26|2026-05-27|2026-05-28|2026-05-29|2026-06-01|2026-06-02|2026-06-03|2026-06-04|2026-06-05|2026-06-08|2026-06-09|2026-06-10|2026-06-11|2026-06-12|2026-06-15|2026-06-16|2026-06-17|2026-06-18|2026-06-22|2026-06-23|2026-06-24,2026-06-24 16:41:58,0.0
Performance Food,,2026-05-12|2026-05-13|2026-05-14|2026-05-15|2026-05-18|2026-05-19|2026-05-20|2026-05-21|2026-05-22|2026-05-26|2026-05-27|2026-05-28|2026-05-29|2026-06-01|2026-06-02|2026-06-03|2026-06-04|2026-06-05|2026-06-08|2026-06-09|2026-06-10|2026-06-11|2026-06-12|2026-06-15|2026-06-16|2026-06-17|2026-06-18|2026-06-22|2026-06-23|2026-06-24,2026-06-24 16:41:58,0.0
American Airlines,,2026-05-12|2026-05-13|2026-05-14|2026-05-15|2026-05-18|2026-05-19|2026-05-20|2026-05-21|2026-05-22|2026-05-26|2026-05-27|2026-05-28|2026-05-29|2026-06-01|2026-06-02|2026-06-03|2026-06-04|2026-06-05|2026-06-08|2026-06-09|2026-06-10|2026-06-11|2026-06-12|2026-06-15|2026-06-16|2026-06-17|2026-06-18|2026-06-22|2026-06-23|2026-06-24,2026-06-24 16:41:58,0.0
Capital One,,2026-05-12|2026-05-13|2026-05-14|2026-05-15|2026-05-18|2026-05-19|2026-05-20|2026-05-21|2026-05-22|2026-05-26|2026-05-27|2026-05-28|2026-05-29|2026-06-01|2026-06-02|2026-06-03|2026-06-04|2026-06-05|2026-06-08|2026-06-09|2026-06-10|2026-06-11|2026-06-12|2026-06-15|2026-06-16|2026-06-17|2026-06-18|2026-06-22|2026-06-23|2026-06-24,2026-06-24 16:41:58,0.0
Cisco Systems,,2026-05-12|2026-05-13|2026-05-14|2026-05-15|2026-05-18|2026-05-19|2026-05-20|2026-05-21|2026-05-22|2026-05-26|2026-05-27|2026-05-28|2026-05-29|2026-06-01|2026-06-02|2026-06-03|2026-06-04|2026-06-05|2026-06-08|2026-06-09|2026-06-10|2026-06-11|2026-06-12|2026-06-15|2026-06-16|2026-06-17|2026-06-18|2026-06-22|2026-06-23|2026-06-24,2026-06-24 16:41:58,0.0
HP,,2026-05-12|2026-05-13|2026-05-14|2026-05-15|2026-05-18|2026-05-19|2026-05-20|2026-05-21|2026-05-22|2026-05-26|2026-05-27|2026-05-28|2026-05-29|2026-06-01|2026-06-02|2026-06-03|2026-06-04|2026-06-05|2026-06-08|2026-06-09|2026-06-10|2026-06-11|2026-06-12|2026-06-15|2026-06-16|2026-06-17|2026-06-18|2026-06-22|2026-06-23|2026-06-24,2026-06-24 16:41:58,0.0
Tyson Foods,,2026-05-12|2026-05-13|2026-05-14|2026-05-15|2026-05-18|2026-05-19|2026-05-20|2026-05-21|2026-05-22|2026-05-26|2026-05-27|2026-05-28|2026-05-29|2026-06-01|2026-06-02|2026-06-03|2026-06-04|2026-06-05|2026-06-08|2026-06-09|2026-06-10|2026-06-11|2026-06-12|2026-06-15|2026-06-16|2026-06-17|2026-06-18|2026-06-22|2026-06-23|2026-06-24,2026-06-24 16:41:58,0.0
Intel,,2026-05-12|2026-05-13|2026-05-14|2026-05-15|2026-05-18|2026-05-19|2026-05-20|2026-05-21|2026-05-22|2026-05-26|2026-05-27|2026-05-28|2026-05-29|2026-06-01|2026-06-02|2026-06-03|2026-06-04|2026-06-05|2026-06-08|2026-06-09|2026-06-10|2026-06-11|2026-06-12|2026-06-15|2026-06-16|2026-06-17|2026-06-18|2026-06-22|2026-06-23|2026-06-24,2026-06-24 16:41:58,0.0
Oracle,,2026-05-12|2026-05-13|2026-05-14|2026-05-15|2026-05-18|2026-05-19|2026-05-20|2026-05-21|2026-05-22|2026-05-26|2026-05-27|2026-05-28|2026-05-29|2026-06-01|2026-06-02|2026-06-03|2026-06-04|2026-06-05|2026-06-08|2026-06-09|2026-06-10|2026-06-11|2026-06-12|2026-06-15|2026-06-16|2026-06-17|2026-06-18|2026-06-22|2026-06-23|2026-06-24,2026-06-24 16:41:58,0.0
Broadcom,,2026-05-12|2026-05-13|2026-05-14|2026-05-15|2026-05-18|2026-05-19|2026-05-20|2026-05-21|2026-05-22|2026-05-26|2026-05-27|2026-05-28|2026-05-29|2026-06-01|2026-06-02|2026-06-03|2026-06-04|2026-06-05|2026-06-08|2026-06-09|2026-06-10|2026-06-11|2026-06-12|2026-06-15|2026-06-16|2026-06-17|2026-06-18|2026-06-22|2026-06-23|2026-06-24,2026-06-24 16:41:58,0.0
Deere,,2026-05-12|2026-05-13|2026-05-14|2026-05-15|2026-05-18|2026-05-19|2026-05-20|2026-05-21|2026-05-22|2026-05-26|2026-05-27|2026-05-28|2026-05-29|2026-06-01|2026-06-02|2026-06-03|2026-06-04|2026-06-05|2026-06-08|2026-06-09|2026-06-10|2026-06-11|2026-06-12|2026-06-15|2026-06-16|2026-06-17|2026-06-18|2026-06-22|2026-06-23|2026-06-24,2026-06-24 16:41:58,0.0
Nike,,2026-05-12|2026-05-13|2026-05-14|2026-05-15|2026-05-18|2026-05-19|2026-05-20|2026-05-21|2026-05-22|2026-05-26|2026-05-27|2026-05-28|2026-05-29|2026-06-01|2026-06-02|2026-06-03|2026-06-04|2026-06-05|2026-06-08|2026-06-09|2026-06-10|2026-06-11|2026-06-12|2026-06-15|2026-06-16|2026-06-17|2026-06-18|2026-06-22|2026-06-23|2026-06-24,2026-06-24 16:41:58,0.0
Plains GP,,2026-05-12|2026-05-13|2026-05-14|2026-05-15|2026-05-18|2026-05-19|2026-05-20|2026-05-21|2026-05-22|2026-05-26|2026-05-27|2026-05-28|2026-05-29|2026-06-01|2026-06-02|2026-06-03|2026-06-04|2026-06-05|2026-06-08|2026-06-09|2026-06-10|2026-06-11|2026-06-12|2026-06-15|2026-06-16|2026-06-17|2026-06-18|2026-06-22|2026-06-23|2026-06-24,2026-06-24 16:41:58,0.0
Bristol-Myers Squibb,,2026-05-12|2026-05-13|2026-05-14|2026-05-15|2026-05-18|2026-05-19|2026-05-20|2026-05-21|2026-05-22|2026-05-26|2026-05-27|2026-05-28|2026-05-29|2026-06-01|2026-06-02|2026-06-03|2026-06-04|2026-06-05|2026-06-08|2026-06-09|2026-06-10|2026-06-11|2026-06-12|2026-06-15|2026-06-16|2026-06-17|2026-06-18|2026-06-22|2026-06-23|2026-06-24,2026-06-24 16:41:58,0.0
Ingram Micro,,2026-05-12|2026-05-13|2026-05-14|2026-05-15|2026-05-18|2026-05-19|2026-05-20|2026-05-21|2026-05-22|2026-05-26|2026-05-27|2026-05-28|2026-05-29|2026-06-01|2026-06-02|2026-06-03|2026-06-04|2026-06-05|2026-06-08|2026-06-09|2026-06-10|2026-06-11|2026-06-12|2026-06-15|2026-06-16|2026-06-17|2026-06-18|2026-06-22|2026-06-23|2026-06-24,2026-06-24 16:41:58,0.0
General Dynamics,,2026-05-12|2026-05-13|2026-05-14|2026-05-15|2026-05-18|2026-05-19|2026-05-20|2026-05-21|2026-05-22|2026-05-26|2026-05-27|2026-05-28|2026-05-29|2026-06-01|2026-06-02|2026-06-03|2026-06-04|2026-06-05|2026-06-08|2026-06-09|2026-06-10|2026-06-11|2026-06-12|2026-06-15|2026-06-16|2026-06-17|2026-06-18|2026-06-22|2026-06-23|2026-06-24,2026-06-24 16:41:58,0.0
The Coca-Cola Company,,2026-05-12|2026-05-13|2026-05-14|2026-05-15|2026-05-18|2026-05-19|2026-05-20|2026-05-21|2026-05-22|2026-05-26|2026-05-27|2026-05-28|2026-05-29|2026-06-01|2026-06-02|2026-06-03|2026-06-04|2026-06-05|2026-06-08|2026-06-09|2026-06-10|2026-06-11|2026-06-12|2026-06-15|2026-06-16|2026-06-17|2026-06-18|2026-06-22|2026-06-23|2026-06-24,2026-06-24 16:41:58,0.0
Travelers Insurance,,2026-05-12|2026-05-13|2026-05-14|2026-05-15|2026-05-18|2026-05-19|2026-05-20|2026-05-21|2026-05-22|2026-05-26|2026-05-27|2026-05-28|2026-05-29|2026-06-01|2026-06-02|2026-06-03|2026-06-04|2026-06-05|2026-06-08|2026-06-09|2026-06-10|2026-06-11|2026-06-12|2026-06-15|2026-06-16|2026-06-17|2026-06-18|2026-06-22|2026-06-23|2026-06-24,2026-06-24 16:41:58,0.0
Eli Lilly,,2026-05-12|2026-05-13|2026-05-14|2026-05-15|2026-05-18|2026-05-19|2026-05-20|2026-05-21|2026-05-22|2026-05-26|2026-05-27|2026-05-28|2026-05-29|2026-06-01|2026-06-02|2026-06-03|2026-06-04|2026-06-05|2026-06-08|2026-06-09|2026-06-10|2026-06-11|2026-06-12|2026-06-15|2026-06-16|2026-06-17|2026-06-18|2026-06-22|2026-06-23|2026-06-24,2026-06-24 16:41:58,0.0
Uber,,2026-05-12|2026-05-13|2026-05-14|2026-05-15|2026-05-18|2026-05-19|2026-05-20|2026-05-21|2026-05-22|2026-05-26|2026-05-27|2026-05-28|2026-05-29|2026-06-01|2026-06-02|2026-06-03|2026-06-04|2026-06-05|2026-06-08|2026-06-09|2026-06-10|2026-06-11|2026-06-12|2026-06-15|2026-06-16|2026-06-17|2026-06-18|2026-06-22|2026-06-23|2026-06-24,2026-06-24 16:41:58,0.0
Thermo Fisher Scientific,,2026-05-12|2026-05-13|2026-05-14|2026-05-15|2026-05-18|2026-05-19|2026-05-20|2026-05-21|2026-05-22|2026-05-26|2026-05-27|2026-05-28|2026-05-29|2026-06-01|2026-06-02|2026-06-03|2026-06-04|2026-06-05|2026-06-08|2026-06-09|2026-06-10|2026-06-11|2026-06-12|2026-06-15|2026-06-16|2026-06-17|2026-06-18|2026-06-22|2026-06-23|2026-06-24,2026-06-24 16:41:58,0.0
US Bancorp,,2026-05-12|2026-05-13|2026-05-14|2026-05-15|2026-05-18|2026-05-19|2026-05-20|2026-05-21|2026-05-22|2026-05-26|2026-05-27|2026-05-28|2026-05-29|2026-06-01|2026-06-02|2026-06-03|2026-06-04|2026-06-05|2026-06-08|2026-06-09|2026-06-10|2026-06-11|2026-06-12|2026-06-15|2026-06-16|2026-06-17|2026-06-18|2026-06-22|2026-06-23|2026-06-24,2026-06-24 16:41:58,0.0
World Kinect,,2026-05-12|2026-05-13|2026-05-14|2026-05-15|2026-05-18|2026-05-19|2026-05-20|2026-05-21|2026-05-22|2026-05-26|2026-05-27|2026-05-28|2026-05-29|2026-06-01|2026-06-02|2026-06-03|2026-06-04|2026-06-05|2026-06-08|2026-06-09|2026-06-10|2026-06-11|2026-06-12|2026-06-15|2026-06-16|2026-06-17|2026-06-18|2026-06-22|2026-06-23|2026-06-24,2026-06-24 16:41:58,0.0
Abbott Laboratories,,2026-05-12|2026-05-13|2026-05-14|2026-05-15|2026-05-18|2026-05-19|2026-05-20|2026-05-21|2026-05-22|2026-05-26|2026-05-27|2026-05-28|2026-05-29|2026-06-01|2026-06-02|2026-06-03|2026-06-04|2026-06-05|2026-06-08|2026-06-09|2026-06-10|2026-06-11|2026-06-12|2026-06-15|2026-06-16|2026-06-17|2026-06-18|2026-06-22|2026-06-23|2026-06-24,2026-06-24 16:41:58,0.0
Best Buy,,2026-05-12|2026-05-13|2026-05-14|2026-05-15|2026-05-18|2026-05-19|2026-05-20|2026-05-21|2026-05-22|2026-05-26|2026-05-27|2026-05-28|2026-05-29|2026-06-01|2026-06-02|2026-06-03|2026-06-04|2026-06-05|2026-06-08|2026-06-09|2026-06-10|2026-06-11|2026-06-12|2026-06-15|2026-06-16|2026-06-17|2026-06-18|2026-06-22|2026-06-23|2026-06-24,2026-06-24 16:41:58,0.0
Northrop Grumman,,2026-05-12|2026-05-13|2026-05-14|2026-05-15|2026-05-18|2026-05-19|2026-05-20|2026-05-21|2026-05-22|2026-05-26|2026-05-27|2026-05-28|2026-05-29|2026-06-01|2026-06-02|2026-06-03|2026-06-04|2026-06-05|2026-06-08|2026-06-09|2026-06-10|2026-06-11|2026-06-12|2026-06-15|2026-06-16|2026-06-17|2026-06-18|2026-06-22|2026-06-23|2026-06-24,2026-06-24 16:41:58,0.0
Molina Healthcare,,2026-05-12|2026-05-13|2026-05-14|2026-05-15|2026-05-18|2026-05-19|2026-05-20|2026-05-21|2026-05-22|2026-05-26|2026-05-27|2026-05-28|2026-05-29|2026-06-01|2026-06-02|2026-06-03|2026-06-04|2026-06-05|2026-06-08|2026-06-09|2026-06-10|2026-06-11|2026-06-12|2026-06-15|2026-06-16|2026-06-17|2026-06-18|2026-06-22|2026-06-23|2026-06-24,2026-06-24 16:41:58,0.0
Dollar General,,2026-05-12|2026-05-13|2026-05-14|2026-05-15|2026-05-18|2026-05-19|2026-05-20|2026-05-21|2026-05-22|2026-05-26|2026-05-27|2026-05-28|2026-05-29|2026-06-01|2026-06-02|2026-06-03|2026-06-04|2026-06-05|2026-06-08|2026-06-09|2026-06-10|2026-06-11|2026-06-12|2026-06-15|2026-06-16|2026-06-17|2026-06-18|2026-06-22|2026-06-23|2026-06-24,2026-06-24 16:41:58,0.0
Bank of New York Mellon,,2026-05-07|2026-05-08|2026-05-11|2026-05-12|2026-05-13|2026-05-14|2026-05-15|2026-05-18|2026-05-19|2026-05-20|2026-05-21|2026-05-22|2026-05-26|2026-05-27|2026-05-28|2026-05-29|2026-06-01|2026-06-02|2026-06-03|2026-06-04|2026-06-05|2026-06-08|2026-06-09|2026-06-10|2026-06-11|2026-06-12|2026-06-15|2026-06-16|2026-06-17|2026-06-18,2026-06-24 16:41:58,0.0
Warner Bros Discovery,,2026-05-12|2026-05-13|2026-05-14|2026-05-15|2026-05-18|2026-05-19|2026-05-20|2026-05-21|2026-05-22|2026-05-26|2026-05-27|2026-05-28|2026-05-29|2026-06-01|2026-06-02|2026-06-03|2026-06-04|2026-06-05|2026-06-08|2026-06-09|2026-06-10|2026-06-11|2026-06-12|2026-06-15|2026-06-16|2026-06-17|2026-06-18|2026-06-22|2026-06-23|2026-06-24,2026-06-24 16:41:58,0.0
Netflix,,2026-05-12|2026-05-13|2026-05-14|2026-05-15|2026-05-18|2026-05-19|2026-05-20|2026-05-21|2026-05-22|2026-05-26|2026-05-27|2026-05-28|2026-05-29|2026-06-01|2026-06-02|2026-06-03|2026-06-04|2026-06-05|2026-06-08|2026-06-09|2026-06-10|2026-06-11|2026-06-12|2026-06-15|2026-06-16|2026-06-17|2026-06-18|2026-06-22|2026-06-23|2026-06-24,2026-06-24 16:41:58,0.0
Qualcomm,,2026-05-12|2026-05-13|2026-05-14|2026-05-15|2026-05-18|2026-05-19|2026-05-20|2026-05-21|2026-05-22|2026-05-26|2026-05-27|2026-05-28|2026-05-29|2026-06-01|2026-06-02|2026-06-03|2026-06-04|2026-06-05|2026-06-08|2026-06-09|2026-06-10|2026-06-11|2026-06-12|2026-06-15|2026-06-16|2026-06-17|2026-06-18|2026-06-22|2026-06-23|2026-06-24,2026-06-24 16:41:58,0.0
Honeywell,,2026-05-12|2026-05-13|2026-05-14|2026-05-15|2026-05-18|2026-05-19|2026-05-20|2026-05-21|2026-05-22|2026-05-26|2026-05-27|2026-05-28|2026-05-29|2026-06-01|2026-06-02|2026-06-03|2026-06-04|2026-06-05|2026-06-08|2026-06-09|2026-06-10|2026-06-11|2026-06-12|2026-06-15|2026-06-16|2026-06-17|2026-06-18|2026-06-22|2026-06-23|2026-06-24,2026-06-24 16:41:58,0.0
Salesforce,,2026-05-12|2026-05-13|2026-05-14|2026-05-15|2026-05-18|2026-05-19|2026-05-20|2026-05-21|2026-05-22|2026-05-26|2026-05-27|2026-05-28|2026-05-29|2026-06-01|2026-06-02|2026-06-03|2026-06-04|2026-06-05|2026-06-08|2026-06-09|2026-06-10|2026-06-11|2026-06-12|2026-06-15|2026-06-16|2026-06-17|2026-06-18|2026-06-22|2026-06-23|2026-06-24,2026-06-24 16:41:58,0.0
Philip Morris International,,2026-05-12|2026-05-13|2026-05-14|2026-05-15|2026-05-18|2026-05-19|2026-05-20|2026-05-21|2026-05-22|2026-05-26|2026-05-27|2026-05-28|2026-05-29|2026-06-01|2026-06-02|2026-06-03|2026-06-04|2026-06-05|2026-06-08|2026-06-09|2026-06-10|2026-06-11|2026-06-12|2026-06-15|2026-06-16|2026-06-17|2026-06-18|2026-06-22|2026-06-23|2026-06-24,2026-06-24 16:41:58,0.0
US Foods,,2026-05-12|2026-05-13|2026-05-14|2026-05-15|2026-05-18|2026-05-19|2026-05-20|2026-05-21|2026-05-22|2026-05-26|2026-05-27|2026-05-28|2026-05-29|2026-06-01|2026-06-02|2026-06-03|2026-06-04|2026-06-05|2026-06-08|2026-06-09|2026-06-10|2026-06-11|2026-06-12|2026-06-15|2026-06-16|2026-06-17|2026-06-18|2026-06-22|2026-06-23|2026-06-24,2026-06-24 16:41:58,0.0
DR Horton Inc,,2026-05-12|2026-05-13|2026-05-14|2026-05-15|2026-05-18|2026-05-19|2026-05-20|2026-05-21|2026-05-22|2026-05-26|2026-05-27|2026-05-28|2026-05-29|2026-06-01|2026-06-02|2026-06-03|2026-06-04|2026-06-05|2026-06-08|2026-06-09|2026-06-10|2026-06-11|2026-06-12|2026-06-15|2026-06-16|2026-06-17|2026-06-18|2026-06-22|2026-06-23|2026-06-24,2026-06-24 16:41:58,0.0
Lithia Motors,,2026-05-12|2026-05-13|2026-05-14|2026-05-15|2026-05-18|2026-05-19|2026-05-20|2026-05-21|2026-05-22|2026-05-26|2026-05-27|2026-05-28|2026-05-29|2026-06-01|2026-06-02|2026-06-03|2026-06-04|2026-06-05|2026-06-08|2026-06-09|2026-06-10|2026-06-11|2026-06-12|2026-06-15|2026-06-16|2026-06-17|2026-06-18|2026-06-22|2026-06-23|2026-06-24,2026-06-24 16:41:58,0.0
Mondelez,,2026-05-12|2026-05-13|2026-05-14|2026-05-15|2026-05-18|2026-05-19|2026-05-20|2026-05-21|2026-05-22|2026-05-26|2026-05-27|2026-05-28|2026-05-29|2026-06-01|2026-06-02|2026-06-03|2026-06-04|2026-06-05|2026-06-08|2026-06-09|2026-06-10|2026-06-11|2026-06-12|2026-06-15|2026-06-16|2026-06-17|2026-06-18|2026-06-22|2026-06-23|2026-06-24,2026-06-24 16:41:58,0.0
Starbucks,,2026-05-12|2026-05-13|2026-05-14|2026-05-15|2026-05-18|2026-05-19|2026-05-20|2026-05-21|2026-05-22|2026-05-26|2026-05-27|2026-05-28|2026-05-29|2026-06-01|2026-06-02|2026-06-03|2026-06-04|2026-06-05|2026-06-08|2026-06-09|2026-06-10|2026-06-11|2026-06-12|2026-06-15|2026-06-16|2026-06-17|2026-06-18|2026-06-22|2026-06-23|2026-06-24,2026-06-24 16:41:58,0.0
Visa Inc,,2026-05-12|2026-05-13|2026-05-14|2026-05-15|2026-05-18|2026-05-19|2026-05-20|2026-05-21|2026-05-22|2026-05-26|2026-05-27|2026-05-28|2026-05-29|2026-06-01|2026-06-02|2026-06-03|2026-06-04|2026-06-05|2026-06-08|2026-06-09|2026-06-10|2026-06-11|2026-06-12|2026-06-15|2026-06-16|2026-06-17|2026-06-18|2026-06-22|2026-06-23|2026-06-24,2026-06-24 16:41:58,0.0
CBRE Group,,2026-05-12|2026-05-13|2026-05-14|2026-05-15|2026-05-18|2026-05-19|2026-05-20|2026-05-21|2026-05-22|2026-05-26|2026-05-27|2026-05-28|2026-05-29|2026-06-01|2026-06-02|2026-06-03|2026-06-04|2026-06-05|2026-06-08|2026-06-09|2026-06-10|2026-06-11|2026-06-12|2026-06-15|2026-06-16|2026-06-17|2026-06-18|2026-06-22|2026-06-23|2026-06-24,2026-06-24 16:41:58,0.0
Lennar,,2026-05-12|2026-05-13|2026-05-14|2026-05-15|2026-05-18|2026-05-19|2026-05-20|2026-05-21|2026-05-22|2026-05-26|2026-05-27|2026-05-28|2026-05-29|2026-06-01|2026-06-02|2026-06-03|2026-06-04|2026-06-05|2026-06-08|2026-06-09|2026-06-10|2026-06-11|2026-06-12|2026-06-15|2026-06-16|2026-06-17|2026-06-18|2026-06-22|2026-06-23|2026-06-24,2026-06-24 16:41:58,0.0
GE Vernova,,2026-05-12|2026-05-13|2026-05-14|2026-05-15|2026-05-18|2026-05-19|2026-05-20|2026-05-21|2026-05-22|2026-05-26|2026-05-27|2026-05-28|2026-05-29|2026-06-01|2026-06-02|2026-06-03|2026-06-04|2026-06-05|2026-06-08|2026-06-09|2026-06-10|2026-06-11|2026-06-12|2026-06-15|2026-06-16|2026-06-17|2026-06-18|2026-06-22|2026-06-23|2026-06-24,2026-06-24 16:41:58,0.0
PNC Financial Services,,2026-05-12|2026-05-13|2026-05-14|2026-05-15|2026-05-18|2026-05-19|2026-05-20|2026-05-21|2026-05-22|2026-05-26|2026-05-27|2026-05-28|2026-05-29|2026-06-01|2026-06-02|2026-06-03|2026-06-04|2026-06-05|2026-06-08|2026-06-09|2026-06-10|2026-06-11|2026-06-12|2026-06-15|2026-06-16|2026-06-17|2026-06-18|2026-06-22|2026-06-23|2026-06-24,2026-06-24 16:41:58,0.0
Cummins Inc,,2026-05-12|2026-05-13|2026-05-14|2026-05-15|2026-05-18|2026-05-19|2026-05-20|2026-05-21|2026-05-22|2026-05-26|2026-05-27|2026-05-28|2026-05-29|2026-06-01|2026-06-02|2026-06-03|2026-06-04|2026-06-05|2026-06-08|2026-06-09|2026-06-10|2026-06-11|2026-06-12|2026-06-15|2026-06-16|2026-06-17|2026-06-18|2026-06-22|2026-06-23|2026-06-24,2026-06-24 16:41:58,0.0
Paccar,,2026-05-12|2026-05-13|2026-05-14|2026-05-15|2026-05-18|2026-05-19|2026-05-20|2026-05-21|2026-05-22|2026-05-26|2026-05-27|2026-05-28|2026-05-29|2026-06-01|2026-06-02|2026-06-03|2026-06-04|2026-06-05|2026-06-08|2026-06-09|2026-06-10|2026-06-11|2026-06-12|2026-06-15|2026-06-16|2026-06-17|2026-06-18|2026-06-22|2026-06-23|2026-06-24,2026-06-24 16:41:58,0.0
Amgen,,2026-05-12|2026-05-13|2026-05-14|2026-05-15|2026-05-18|2026-05-19|2026-05-20|2026-05-21|2026-05-22|2026-05-26|2026-05-27|2026-05-28|2026-05-29|2026-06-01|2026-06-02|2026-06-03|2026-06-04|2026-06-05|2026-06-08|2026-06-09|2026-06-10|2026-06-11|2026-06-12|2026-06-15|2026-06-16|2026-06-17|2026-06-18|2026-06-22|2026-06-23|2026-06-24,2026-06-24 16:41:58,0.0
PBF Energy,,2026-05-12|2026-05-13|2026-05-14|2026-05-15|2026-05-18|2026-05-19|2026-05-20|2026-05-21|2026-05-22|2026-05-26|2026-05-27|2026-05-28|2026-05-29|2026-06-01|2026-06-02|2026-06-03|2026-06-04|2026-06-05|2026-06-08|2026-06-09|2026-06-10|2026-06-11|2026-06-12|2026-06-15|2026-06-16|2026-06-17|2026-06-18|2026-06-22|2026-06-23|2026-06-24,2026-06-24 16:41:58,0.0
PayPal,,2026-05-12|2026-05-13|2026-05-14|2026-05-15|2026-05-18|2026-05-19|2026-05-20|2026-05-21|2026-05-22|2026-05-26|2026-05-27|2026-05-28|2026-05-29|2026-06-01|2026-06-02|2026-06-03|2026-06-04|2026-06-05|2026-06-08|2026-06-09|2026-06-10|2026-06-11|2026-06-12|2026-06-15|2026-06-16|2026-06-17|2026-06-18|2026-06-22|2026-06-23|2026-06-24,2026-06-24 16:41:58,0.0
United Natural Foods,,2026-05-12|2026-05-13|2026-05-14|2026-05-15|2026-05-18|2026-05-19|2026-05-20|2026-05-21|2026-05-22|2026-05-26|2026-05-27|2026-05-28|2026-05-29|2026-06-01|2026-06-02|2026-06-03|2026-06-04|2026-06-05|2026-06-08|2026-06-09|2026-06-10|2026-06-11|2026-06-12|2026-06-15|2026-06-16|2026-06-17|2026-06-18|2026-06-22|2026-06-23|2026-06-24,2026-06-24 16:41:58,0.0
Dollar Tree,,2026-05-12|2026-05-13|2026-05-14|2026-05-15|2026-05-18|2026-05-19|2026-05-20|2026-05-21|2026-05-22|2026-05-26|2026-05-27|2026-05-28|2026-05-29|2026-06-01|2026-06-02|2026-06-03|2026-06-04|2026-06-05|2026-06-08|2026-06-09|2026-06-10|2026-06-11|2026-06-12|2026-06-15|2026-06-16|2026-06-17|2026-06-18|2026-06-22|2026-06-23|2026-06-24,2026-06-24 16:41:58,0.0
Nucor,,2026-05-12|2026-05-13|2026-05-14|2026-05-15|2026-05-18|2026-05-19|2026-05-20|2026-05-21|2026-05-22|2026-05-26|2026-05-27|2026-05-28|2026-05-29|2026-06-01|2026-06-02|2026-06-03|2026-06-04|2026-06-05|2026-06-08|2026-06-09|2026-06-10|2026-06-11|2026-06-12|2026-06-15|2026-06-16|2026-06-17|2026-06-18|2026-06-22|2026-06-23|2026-06-24,2026-06-24 16:41:58,0.0
Penske Automotive,,2026-05-12|2026-05-13|2026-05-14|2026-05-15|2026-05-18|2026-05-19|2026-05-20|2026-05-21|2026-05-22|2026-05-26|2026-05-27|2026-05-28|2026-05-29|2026-06-01|2026-06-02|2026-06-03|2026-06-04|2026-06-05|2026-06-08|2026-06-09|2026-06-10|2026-06-11|2026-06-12|2026-06-15|2026-06-16|2026-06-17|2026-06-18|2026-06-22|2026-06-23|2026-06-24,2026-06-24 16:41:58,0.0
Coupang,,2026-05-12|2026-05-13|2026-05-14|2026-05-15|2026-05-18|2026-05-19|2026-05-20|2026-05-21|2026-05-22|2026-05-26|2026-05-27|2026-05-28|2026-05-29|2026-06-01|2026-06-02|2026-06-03|2026-06-04|2026-06-05|2026-06-08|2026-06-09|2026-06-10|2026-06-11|2026-06-12|2026-06-15|2026-06-16|2026-06-17|2026-06-18|2026-06-22|2026-06-23|2026-06-24,2026-06-24 16:41:58,0.0
Hewlett Packard Enterprise,,2026-05-12|2026-05-13|2026-05-14|2026-05-15|2026-05-18|2026-05-19|2026-05-20|2026-05-21|2026-05-22|2026-05-26|2026-05-27|2026-05-28|2026-05-29|2026-06-01|2026-06-02|2026-06-03|2026-06-04|2026-06-05|2026-06-08|2026-06-09|2026-06-10|2026-06-11|2026-06-12|2026-06-15|2026-06-16|2026-06-17|2026-06-18|2026-06-22|2026-06-23|2026-06-24,2026-06-24 16:41:58,0.0
Duke Energy,,2026-05-12|2026-05-13|2026-05-14|2026-05-15|2026-05-18|2026-05-19|2026-05-20|2026-05-21|2026-05-22|2026-05-26|2026-05-27|2026-05-28|2026-05-29|2026-06-01|2026-06-02|2026-06-03|2026-06-04|2026-06-05|2026-06-08|2026-06-09|2026-06-10|2026-06-11|2026-06-12|2026-06-15|2026-06-16|2026-06-17|2026-06-18|2026-06-22|2026-06-23|2026-06-24,2026-06-24 16:41:58,0.0
KKR & Co,,2026-05-12|2026-05-13|2026-05-14|2026-05-15|2026-05-18|2026-05-19|2026-05-20|2026-05-21|2026-05-22|2026-05-26|2026-05-27|2026-05-28|2026-05-29|2026-06-01|2026-06-02|2026-06-03|2026-06-04|2026-06-05|2026-06-08|2026-06-09|2026-06-10|2026-06-11|2026-06-12|2026-06-15|2026-06-16|2026-06-17|2026-06-18|2026-06-22|2026-06-23|2026-06-24,2026-06-24 16:41:58,0.0
Jabil,,2026-05-12|2026-05-13|2026-05-14|2026-05-15|2026-05-18|2026-05-19|2026-05-20|2026-05-21|2026-05-22|2026-05-26|2026-05-27|2026-05-28|2026-05-29|2026-06-01|2026-06-02|2026-06-03|2026-06-04|2026-06-05|2026-06-08|2026-06-09|2026-06-10|2026-06-11|2026-06-12|2026-06-15|2026-06-16|2026-06-17|2026-06-18|2026-06-22|2026-06-23|2026-06-24,2026-06-24 16:41:58,0.0
Gilead Sciences,,2026-05-12|2026-05-13|2026-05-14|2026-05-15|2026-05-18|2026-05-19|2026-05-20|2026-05-21|2026-05-22|2026-05-26|2026-05-27|2026-05-28|2026-05-29|2026-06-01|2026-06-02|2026-06-03|2026-06-04|2026-06-05|2026-06-08|2026-06-09|2026-06-10|2026-06-11|2026-06-12|2026-06-15|2026-06-16|2026-06-17|2026-06-18|2026-06-22|2026-06-23|2026-06-24,2026-06-24 16:41:58,0.0
HF Sinclair,,2026-05-12|2026-05-13|2026-05-14|2026-05-15|2026-05-18|2026-05-19|2026-05-20|2026-05-21|2026-05-22|2026-05-26|2026-05-27|2026-05-28|2026-05-29|2026-06-01|2026-06-02|2026-06-03|2026-06-04|2026-06-05|2026-06-08|2026-06-09|2026-06-10|2026-06-11|2026-06-12|2026-06-15|2026-06-16|2026-06-17|2026-06-18|2026-06-22|2026-06-23|2026-06-24,2026-06-24 16:41:58,0.0
CarMax,,2026-05-12|2026-05-13|2026-05-14|2026-05-15|2026-05-18|2026-05-19|2026-05-20|2026-05-21|2026-05-22|2026-05-26|2026-05-27|2026-05-28|2026-05-29|2026-06-01|2026-06-02|2026-06-03|2026-06-04|2026-06-05|2026-06-08|2026-06-09|2026-06-10|2026-06-11|2026-06-12|2026-06-15|2026-06-16|2026-06-17|2026-06-18|2026-06-22|2026-06-23|2026-06-24,2026-06-24 16:41:58,0.0
Mastercard,,2026-05-12|2026-05-13|2026-05-14|2026-05-15|2026-05-18|2026-05-19|2026-05-20|2026-05-21|2026-05-22|2026-05-26|2026-05-27|2026-05-28|2026-05-29|2026-06-01|2026-06-02|2026-06-03|2026-06-04|2026-06-05|2026-06-08|2026-06-09|2026-06-10|2026-06-11|2026-06-12|2026-06-15|2026-06-16|2026-06-17|2026-06-18|2026-06-22|2026-06-23|2026-06-24,2026-06-24 16:41:58,0.0
NRG Energy,,2026-05-12|2026-05-13|2026-05-14|2026-05-15|2026-05-18|2026-05-19|2026-05-20|2026-05-21|2026-05-22|2026-05-26|2026-05-27|2026-05-28|2026-05-29|2026-06-01|2026-06-02|2026-06-03|2026-06-04|2026-06-05|2026-06-08|2026-06-09|2026-06-10|2026-06-11|2026-06-12|2026-06-15|2026-06-16|2026-06-17|2026-06-18|2026-06-22|2026-06-23|2026-06-24,2026-06-24 16:41:58,0.0
Arrow Electronics,,2026-05-12|2026-05-13|2026-05-14|2026-05-15|2026-05-18|2026-05-19|2026-05-20|2026-05-21|2026-05-22|2026-05-26|2026-05-27|2026-05-28|2026-05-29|2026-06-01|2026-06-02|2026-06-03|2026-06-04|2026-06-05|2026-06-08|2026-06-09|2026-06-10|2026-06-11|2026-06-12|2026-06-15|2026-06-16|2026-06-17|2026-06-18|2026-06-22|2026-06-23|2026-06-24,2026-06-24 16:41:58,0.0
Baker Hughes,,2026-05-12|2026-05-13|2026-05-14|2026-05-15|2026-05-18|2026-05-19|2026-05-20|2026-05-21|2026-05-22|2026-05-26|2026-05-27|2026-05-28|2026-05-29|2026-06-01|2026-06-02|2026-06-03|2026-06-04|2026-06-05|2026-06-08|2026-06-09|2026-06-10|2026-06-11|2026-06-12|2026-06-15|2026-06-16|2026-06-17|2026-06-18|2026-06-22|2026-06-23|2026-06-24,2026-06-24 16:41:58,0.0
Southwest Airlines,,2026-05-12|2026-05-13|2026-05-14|2026-05-15|2026-05-18|2026-05-19|2026-05-20|2026-05-21|2026-05-22|2026-05-26|2026-05-27|2026-05-28|2026-05-29|2026-06-01|2026-06-02|2026-06-03|2026-06-04|2026-06-05|2026-06-08|2026-06-09|2026-06-10|2026-06-11|2026-06-12|2026-06-15|2026-06-16|2026-06-17|2026-06-18|2026-06-22|2026-06-23|2026-06-24,2026-06-24 16:41:58,0.0
AIG,,2026-05-12|2026-05-13|2026-05-14|2026-05-15|2026-05-18|2026-05-19|2026-05-20|2026-05-21|2026-05-22|2026-05-26|2026-05-27|2026-05-28|2026-05-29|2026-06-01|2026-06-02|2026-06-03|2026-06-04|2026-06-05|2026-06-08|2026-06-09|2026-06-10|2026-06-11|2026-06-12|2026-06-15|2026-06-16|2026-06-17|2026-06-18|2026-06-22|2026-06-23|2026-06-24,2026-06-24 16:41:58,0.0
Applied Materials,,2026-05-12|2026-05-13|2026-05-14|2026-05-15|2026-05-18|2026-05-19|2026-05-20|2026-05-21|2026-05-22|2026-05-26|2026-05-27|2026-05-28|2026-05-29|2026-06-01|2026-06-02|2026-06-03|2026-06-04|2026-06-05|2026-06-08|2026-06-09|2026-06-10|2026-06-11|2026-06-12|2026-06-15|2026-06-16|2026-06-17|2026-06-18|2026-06-22|2026-06-23|2026-06-24,2026-06-24 16:41:58,0.0
Occidental Petroleum,,2026-05-12|2026-05-13|2026-05-14|2026-05-15|2026-05-18|2026-05-19|2026-05-20|2026-05-21|2026-05-22|2026-05-26|2026-05-27|2026-05-28|2026-05-29|2026-06-01|2026-06-02|2026-06-03|2026-06-04|2026-06-05|2026-06-08|2026-06-09|2026-06-10|2026-06-11|2026-06-12|2026-06-15|2026-06-16|2026-06-17|2026-06-18|2026-06-22|2026-06-23|2026-06-24,2026-06-24 16:41:58,0.0
AutoNation,,2026-05-12|2026-05-13|2026-05-14|2026-05-15|2026-05-18|2026-05-19|2026-05-20|2026-05-21|2026-05-22|2026-05-26|2026-05-27|2026-05-28|2026-05-29|2026-06-01|2026-06-02|2026-06-03|2026-06-04|2026-06-05|2026-06-08|2026-06-09|2026-06-10|2026-06-11|2026-06-12|2026-06-15|2026-06-16|2026-06-17|2026-06-18|2026-06-22|2026-06-23|2026-06-24,2026-06-24 16:41:58,0.0
Southern Company,,2026-05-12|2026-05-13|2026-05-14|2026-05-15|2026-05-18|2026-05-19|2026-05-20|2026-05-21|2026-05-22|2026-05-26|2026-05-27|2026-05-28|2026-05-29|2026-06-01|2026-06-02|2026-06-03|2026-06-04|2026-06-05|2026-06-08|2026-06-09|2026-06-10|2026-06-11|2026-06-12|2026-06-15|2026-06-16|2026-06-17|2026-06-18|2026-06-22|2026-06-23|2026-06-24,2026-06-24 16:41:58,0.0
The Hartford Insurance Group,,2026-05-12|2026-05-13|2026-05-14|2026-05-15|2026-05-18|2026-05-19|2026-05-20|2026-05-21|2026-05-22|2026-05-26|2026-05-27|2026-05-28|2026-05-29|2026-06-01|2026-06-02|2026-06-03|2026-06-04|2026-06-05|2026-06-08|2026-06-09|2026-06-10|2026-06-11|2026-06-12|2026-06-15|2026-06-16|2026-06-17|2026-06-18|2026-06-22|2026-06-23|2026-06-24,2026-06-24 16:41:58,0.0
Apollo Global Management,,2026-05-12|2026-05-13|2026-05-14|2026-05-15|2026-05-18|2026-05-19|2026-05-20|2026-05-21|2026-05-22|2026-05-26|2026-05-27|2026-05-28|2026-05-29|2026-06-01|2026-06-02|2026-06-03|2026-06-04|2026-06-05|2026-06-08|2026-06-09|2026-06-10|2026-06-11|2026-06-12|2026-06-15|2026-06-16|2026-06-17|2026-06-18|2026-06-22|2026-06-23|2026-06-24,2026-06-24 16:41:58,0.0
Charles Schwab,,2026-05-12|2026-05-13|2026-05-14|2026-05-15|2026-05-18|2026-05-19|2026-05-20|2026-05-21|2026-05-22|2026-05-26|2026-05-27|2026-05-28|2026-05-29|2026-06-01|2026-06-02|2026-06-03|2026-06-04|2026-06-05|2026-06-08|2026-06-09|2026-06-10|2026-06-11|2026-06-12|2026-06-15|2026-06-16|2026-06-17|2026-06-18|2026-06-22|2026-06-23|2026-06-24,2026-06-24 16:41:58,0.0
McDonalds,,2026-05-12|2026-05-13|2026-05-14|2026-05-15|2026-05-18|2026-05-19|2026-05-20|2026-05-21|2026-05-22|2026-05-26|2026-05-27|2026-05-28|2026-05-29|2026-06-01|2026-06-02|2026-06-03|2026-06-04|2026-06-05|2026-06-08|2026-06-09|2026-06-10|2026-06-11|2026-06-12|2026-06-15|2026-06-16|2026-06-17|2026-06-18|2026-06-22|2026-06-23|2026-06-24,2026-06-24 16:41:58,0.0
Kraft Heinz,,2026-05-12|2026-05-13|2026-05-14|2026-05-15|2026-05-18|2026-05-19|2026-05-20|2026-05-21|2026-05-22|2026-05-26|2026-05-27|2026-05-28|2026-05-29|2026-06-01|2026-06-02|2026-06-03|2026-06-04|2026-06-05|2026-06-08|2026-06-09|2026-06-10|2026-06-11|2026-06-12|2026-06-15|2026-06-16|2026-06-17|2026-06-18|2026-06-22|2026-06-23|2026-06-24,2026-06-24 16:41:58,0.0
Advanced Micro Devices,,2026-05-12|2026-05-13|2026-05-14|2026-05-15|2026-05-18|2026-05-19|2026-05-20|2026-05-21|2026-05-22|2026-05-26|2026-05-27|2026-05-28|2026-05-29|2026-06-01|2026-06-02|2026-06-03|2026-06-04|2026-06-05|2026-06-08|2026-06-09|2026-06-10|2026-06-11|2026-06-12|2026-06-15|2026-06-16|2026-06-17|2026-06-18|2026-06-22|2026-06-23|2026-06-24,2026-06-24 16:41:58,0.0
Truist Financial,,2026-05-12|2026-05-13|2026-05-14|2026-05-15|2026-05-18|2026-05-19|2026-05-20|2026-05-21|2026-05-22|2026-05-26|2026-05-27|2026-05-28|2026-05-29|2026-06-01|2026-06-02|2026-06-03|2026-06-04|2026-06-05|2026-06-08|2026-06-09|2026-06-10|2026-06-11|2026-06-12|2026-06-15|2026-06-16|2026-06-17|2026-06-18|2026-06-22|2026-06-23|2026-06-24,2026-06-24 16:41:58,0.0
Freeport-McMoRan,,2026-05-12|2026-05-13|2026-05-14|2026-05-15|2026-05-18|2026-05-19|2026-05-20|2026-05-21|2026-05-22|2026-05-26|2026-05-27|2026-05-28|2026-05-29|2026-06-01|2026-06-02|2026-06-03|2026-06-04|2026-06-05|2026-06-08|2026-06-09|2026-06-10|2026-06-11|2026-06-12|2026-06-15|2026-06-16|2026-06-17|2026-06-18|2026-06-22|2026-06-23|2026-06-24,2026-06-24 16:41:58,0.0
Micron Technology,,2026-05-12|2026-05-13|2026-05-14|2026-05-15|2026-05-18|2026-05-19|2026-05-20|2026-05-21|2026-05-22|2026-05-26|2026-05-27|2026-05-28|2026-05-29|2026-06-01|2026-06-02|2026-06-03|2026-06-04|2026-06-05|2026-06-08|2026-06-09|2026-06-10|2026-06-11|2026-06-12|2026-06-15|2026-06-16|2026-06-17|2026-06-18|2026-06-22|2026-06-23|2026-06-24,2026-06-24 16:41:58,0.0
Marriott International,,2026-05-12|2026-05-13|2026-05-14|2026-05-15|2026-05-18|2026-05-19|2026-05-20|2026-05-21|2026-05-22|2026-05-26|2026-05-27|2026-05-28|2026-05-29|2026-06-01|2026-06-02|2026-06-03|2026-06-04|2026-06-05|2026-06-08|2026-06-09|2026-06-10|2026-06-11|2026-06-12|2026-06-15|2026-06-16|2026-06-17|2026-06-18|2026-06-22|2026-06-23|2026-06-24,2026-06-24 16:41:58,0.0
Carrier Global,,2026-05-12|2026-05-13|2026-05-14|2026-05-15|2026-05-18|2026-05-19|2026-05-20|2026-05-21|2026-05-22|2026-05-26|2026-05-27|2026-05-28|2026-05-29|2026-06-01|2026-06-02|2026-06-03|2026-06-04|2026-06-05|2026-06-08|2026-06-09|2026-06-10|2026-06-11|2026-06-12|2026-06-15|2026-06-16|2026-06-17|2026-06-18|2026-06-22|2026-06-23|2026-06-24,2026-06-24 16:41:58,0.0
NextEra Energy,,2026-05-12|2026-05-13|2026-05-14|2026-05-15|2026-05-18|2026-05-19|2026-05-20|2026-05-21|2026-05-22|2026-05-26|2026-05-27|2026-05-28|2026-05-29|2026-06-01|2026-06-02|2026-06-03|2026-06-04|2026-06-05|2026-06-08|2026-06-09|2026-06-10|2026-06-11|2026-06-12|2026-06-15|2026-06-16|2026-06-17|2026-06-18|2026-06-22|2026-06-23|2026-06-24,2026-06-24 16:41:58,0.0
3M Company,,2026-05-12|2026-05-13|2026-05-14|2026-05-15|2026-05-18|2026-05-19|2026-05-20|2026-05-21|2026-05-22|2026-05-26|2026-05-27|2026-05-28|2026-05-29|2026-06-01|2026-06-02|2026-06-03|2026-06-04|2026-06-05|2026-06-08|2026-06-09|2026-06-10|2026-06-11|2026-06-12|2026-06-15|2026-06-16|2026-06-17|2026-06-18|2026-06-22|2026-06-23|2026-06-24,2026-06-24 16:41:58,0.0
Pacific Gas and Electric Company,,2026-05-12|2026-05-13|2026-05-14|2026-05-15|2026-05-18|2026-05-19|2026-05-20|2026-05-21|2026-05-22|2026-05-26|2026-05-27|2026-05-28|2026-05-29|2026-06-01|2026-06-02|2026-06-03|2026-06-04|2026-06-05|2026-06-08|2026-06-09|2026-06-10|2026-06-11|2026-06-12|2026-06-15|2026-06-16|2026-06-17|2026-06-18|2026-06-22|2026-06-23|2026-06-24,2026-06-24 16:41:58,0.0
Union Pacific,,2026-05-12|2026-05-13|2026-05-14|2026-05-15|2026-05-18|2026-05-19|2026-05-20|2026-05-21|2026-05-22|2026-05-26|2026-05-27|2026-05-28|2026-05-29|2026-06-01|2026-06-02|2026-06-03|2026-06-04|2026-06-05|2026-06-08|2026-06-09|2026-06-10|2026-06-11|2026-06-12|2026-06-15|2026-06-16|2026-06-17|2026-06-18|2026-06-22|2026-06-23|2026-06-24,2026-06-24 16:41:58,0.0
Synchrony Financial,,2026-05-12|2026-05-13|2026-05-14|2026-05-15|2026-05-18|2026-05-19|2026-05-20|2026-05-21|2026-05-22|2026-05-26|2026-05-27|2026-05-28|2026-05-29|2026-06-01|2026-06-02|2026-06-03|2026-06-04|2026-06-05|2026-06-08|2026-06-09|2026-06-10|2026-06-11|2026-06-12|2026-06-15|2026-06-16|2026-06-17|2026-06-18|2026-06-22|2026-06-23|2026-06-24,2026-06-24 16:41:58,0.0
Danaher,,2026-05-12|2026-05-13|2026-05-14|2026-05-15|2026-05-18|2026-05-19|2026-05-20|2026-05-21|2026-05-22|2026-05-26|2026-05-27|2026-05-28|2026-05-29|2026-06-01|2026-06-02|2026-06-03|2026-06-04|2026-06-05|2026-06-08|2026-06-09|2026-06-10|2026-06-11|2026-06-12|2026-06-15|2026-06-16|2026-06-17|2026-06-18|2026-06-22|2026-06-23|2026-06-24,2026-06-24 16:41:58,0.0
Avnet,,2026-05-12|2026-05-13|2026-05-14|2026-05-15|2026-05-18|2026-05-19|2026-05-20|2026-05-21|2026-05-22|2026-05-26|2026-05-27|2026-05-28|2026-05-29|2026-06-01|2026-06-02|2026-06-03|2026-06-04|2026-06-05|2026-06-08|2026-06-09|2026-06-10|2026-06-11|2026-06-12|2026-06-15|2026-06-16|2026-06-17|2026-06-18|2026-06-22|2026-06-23|2026-06-24,2026-06-24 16:41:58,0.0
Booking Holdings,,2026-05-12|2026-05-13|2026-05-14|2026-05-15|2026-05-18|2026-05-19|2026-05-20|2026-05-21|2026-05-22|2026-05-26|2026-05-27|2026-05-28|2026-05-29|2026-06-01|2026-06-02|2026-06-03|2026-06-04|2026-06-05|2026-06-08|2026-06-09|2026-06-10|2026-06-11|2026-06-12|2026-06-15|2026-06-16|2026-06-17|2026-06-18|2026-06-22|2026-06-23|2026-06-24,2026-06-24 16:41:58,0.0
EOG Resources,,2026-05-12|2026-05-13|2026-05-14|2026-05-15|2026-05-18|2026-05-19|2026-05-20|2026-05-21|2026-05-22|2026-05-26|2026-05-27|2026-05-28|2026-05-29|2026-06-01|2026-06-02|2026-06-03|2026-06-04|2026-06-05|2026-06-08|2026-06-09|2026-06-10|2026-06-11|2026-06-12|2026-06-15|2026-06-16|2026-06-17|2026-06-18|2026-06-22|2026-06-23|2026-06-24,2026-06-24 16:41:58,0.0
Quanta Services,,2026-05-12|2026-05-13|2026-05-14|2026-05-15|2026-05-18|2026-05-19|2026-05-20|2026-05-21|2026-05-22|2026-05-26|2026-05-27|2026-05-28|2026-05-29|2026-06-01|2026-06-02|2026-06-03|2026-06-04|2026-06-05|2026-06-08|2026-06-09|2026-06-10|2026-06-11|2026-06-12|2026-06-15|2026-06-16|2026-06-17|2026-06-18|2026-06-22|2026-06-23|2026-06-24,2026-06-24 16:41:58,0.0
Constellation Energy,,2026-05-12|2026-05-13|2026-05-14|2026-05-15|2026-05-18|2026-05-19|2026-05-20|2026-05-21|2026-05-22|2026-05-26|2026-05-27|2026-05-28|2026-05-29|2026-06-01|2026-06-02|2026-06-03|2026-06-04|2026-06-05|2026-06-08|2026-06-09|2026-06-10|2026-06-11|2026-06-12|2026-06-15|2026-06-16|2026-06-17|2026-06-18|2026-06-22|2026-06-23|2026-06-24,2026-06-24 16:41:58,0.0
Genuine Parts Company,,2026-05-12|2026-05-13|2026-05-14|2026-05-15|2026-05-18|2026-05-19|2026-05-20|2026-05-21|2026-05-22|2026-05-26|2026-05-27|2026-05-28|2026-05-29|2026-06-01|2026-06-02|2026-06-03|2026-06-04|2026-06-05|2026-06-08|2026-06-09|2026-06-10|2026-06-11|2026-06-12|2026-06-15|2026-06-16|2026-06-17|2026-06-18|2026-06-22|2026-06-23|2026-06-24,2026-06-24 16:41:58,0.0
Jones Lang LaSalle,,2026-05-12|2026-05-13|2026-05-14|2026-05-15|2026-05-18|2026-05-19|2026-05-20|2026-05-21|2026-05-22|2026-05-26|2026-05-27|2026-05-28|2026-05-29|2026-06-01|2026-06-02|2026-06-03|2026-06-04|2026-06-05|2026-06-08|2026-06-09|2026-06-10|2026-06-11|2026-06-12|2026-06-15|2026-06-16|2026-06-17|2026-06-18|2026-06-22|2026-06-23|2026-06-24,2026-06-24 16:41:58,0.0
Lear Corporation,,2026-05-12|2026-05-13|2026-05-14|2026-05-15|2026-05-18|2026-05-19|2026-05-20|2026-05-21|2026-05-22|2026-05-26|2026-05-27|2026-05-28|2026-05-29|2026-06-01|2026-06-02|2026-06-03|2026-06-04|2026-06-05|2026-06-08|2026-06-09|2026-06-10|2026-06-11|2026-06-12|2026-06-15|2026-06-16|2026-06-17|2026-06-18|2026-06-22|2026-06-23|2026-06-24,2026-06-24 16:41:58,0.0
Live Nation Entertainment,,2026-05-12|2026-05-13|2026-05-14|2026-05-15|2026-05-18|2026-05-19|2026-05-20|2026-05-21|2026-05-22|2026-05-26|2026-05-27|2026-05-28|2026-05-29|2026-06-01|2026-06-02|2026-06-03|2026-06-04|2026-06-05|2026-06-08|2026-06-09|2026-06-10|2026-06-11|2026-06-12|2026-06-15|2026-06-16|2026-06-17|2026-06-18|2026-06-22|2026-06-23|2026-06-24,2026-06-24 16:41:58,0.0
Sherwin-Williams,,2026-05-12|2026-05-13|2026-05-14|2026-05-15|2026-05-18|2026-05-19|2026-05-20|2026-05-21|2026-05-22|2026-05-26|2026-05-27|2026-05-28|2026-05-29|2026-06-01|2026-06-02|2026-06-03|2026-06-04|2026-06-05|2026-06-08|2026-06-09|2026-06-10|2026-06-11|2026-06-12|2026-06-15|2026-06-16|2026-06-17|2026-06-18|2026-06-22|2026-06-23|2026-06-24,2026-06-24 16:41:58,0.0
Exelon,,2026-05-12|2026-05-13|2026-05-14|2026-05-15|2026-05-18|2026-05-19|2026-05-20|2026-05-21|2026-05-22|2026-05-26|2026-05-27|2026-05-28|2026-05-29|2026-06-01|2026-06-02|2026-06-03|2026-06-04|2026-06-05|2026-06-08|2026-06-09|2026-06-10|2026-06-11|2026-06-12|2026-06-15|2026-06-16|2026-06-17|2026-06-18|2026-06-22|2026-06-23|2026-06-24,2026-06-24 16:41:58,0.0
Macys,,2026-05-12|2026-05-13|2026-05-14|2026-05-15|2026-05-18|2026-05-19|2026-05-20|2026-05-21|2026-05-22|2026-05-26|2026-05-27|2026-05-28|2026-05-29|2026-06-01|2026-06-02|2026-06-03|2026-06-04|2026-06-05|2026-06-08|2026-06-09|2026-06-10|2026-06-11|2026-06-12|2026-06-15|2026-06-16|2026-06-17|2026-06-18|2026-06-22|2026-06-23|2026-06-24,2026-06-24 16:41:58,0.0
Halliburton,,2026-05-12|2026-05-13|2026-05-14|2026-05-15|2026-05-18|2026-05-19|2026-05-20|2026-05-21|2026-05-22|2026-05-26|2026-05-27|2026-05-28|2026-05-29|2026-06-01|2026-06-02|2026-06-03|2026-06-04|2026-06-05|2026-06-08|2026-06-09|2026-06-10|2026-06-11|2026-06-12|2026-06-15|2026-06-16|2026-06-17|2026-06-18|2026-06-22|2026-06-23|2026-06-24,2026-06-24 16:41:58,0.0
Stryker,,2026-05-12|2026-05-13|2026-05-14|2026-05-15|2026-05-18|2026-05-19|2026-05-20|2026-05-21|2026-05-22|2026-05-26|2026-05-27|2026-05-28|2026-05-29|2026-06-01|2026-06-02|2026-06-03|2026-06-04|2026-06-05|2026-06-08|2026-06-09|2026-06-10|2026-06-11|2026-06-12|2026-06-15|2026-06-16|2026-06-17|2026-06-18|2026-06-22|2026-06-23|2026-06-24,2026-06-24 16:41:58,0.0
Reinsurance Group of America,,2026-05-12|2026-05-13|2026-05-14|2026-05-15|2026-05-18|2026-05-19|2026-05-20|2026-05-21|2026-05-22|2026-05-26|2026-05-27|2026-05-28|2026-05-29|2026-06-01|2026-06-02|2026-06-03|2026-06-04|2026-06-05|2026-06-08|2026-06-09|2026-06-10|2026-06-11|2026-06-12|2026-06-15|2026-06-16|2026-06-17|2026-06-18|2026-06-22|2026-06-23|2026-06-24,2026-06-24 16:41:58,0.0
State Street,,2026-05-12|2026-05-13|2026-05-14|2026-05-15|2026-05-18|2026-05-19|2026-05-20|2026-05-21|2026-05-22|2026-05-26|2026-05-27|2026-05-28|2026-05-29|2026-06-01|2026-06-02|2026-06-03|2026-06-04|2026-06-05|2026-06-08|2026-06-09|2026-06-10|2026-06-11|2026-06-12|2026-06-15|2026-06-16|2026-06-17|2026-06-18|2026-06-22|2026-06-23|2026-06-24,2026-06-24 16:41:58,0.0
WESCO International,,2026-05-12|2026-05-13|2026-05-14|2026-05-15|2026-05-18|2026-05-19|2026-05-20|2026-05-21|2026-05-22|2026-05-26|2026-05-27|2026-05-28|2026-05-29|2026-06-01|2026-06-02|2026-06-03|2026-06-04|2026-06-05|2026-06-08|2026-06-09|2026-06-10|2026-06-11|2026-06-12|2026-06-15|2026-06-16|2026-06-17|2026-06-18|2026-06-22|2026-06-23|2026-06-24,2026-06-24 16:41:58,0.0
Oneok,,2026-05-12|2026-05-13|2026-05-14|2026-05-15|2026-05-18|2026-05-19|2026-05-20|2026-05-21|2026-05-22|2026-05-26|2026-05-27|2026-05-28|2026-05-29|2026-06-01|2026-06-02|2026-06-03|2026-06-04|2026-06-05|2026-06-08|2026-06-09|2026-06-10|2026-06-11|2026-06-12|2026-06-15|2026-06-16|2026-06-17|2026-06-18|2026-06-22|2026-06-23|2026-06-24,2026-06-24 16:41:58,0.0
Adobe,,2026-05-12|2026-05-13|2026-05-14|2026-05-15|2026-05-18|2026-05-19|2026-05-20|2026-05-21|2026-05-22|2026-05-26|2026-05-27|2026-05-28|2026-05-29|2026-06-01|2026-06-02|2026-06-03|2026-06-04|2026-06-05|2026-06-08|2026-06-09|2026-06-10|2026-06-11|2026-06-12|2026-06-15|2026-06-16|2026-06-17|2026-06-18|2026-06-22|2026-06-23|2026-06-24,2026-06-24 16:41:58,0.0
L3Harris Technologies,,2026-05-12|2026-05-13|2026-05-14|2026-05-15|2026-05-18|2026-05-19|2026-05-20|2026-05-21|2026-05-22|2026-05-26|2026-05-27|2026-05-28|2026-05-29|2026-06-01|2026-06-02|2026-06-03|2026-06-04|2026-06-05|2026-06-08|2026-06-09|2026-06-10|2026-06-11|2026-06-12|2026-06-15|2026-06-16|2026-06-17|2026-06-18|2026-06-22|2026-06-23|2026-06-24,2026-06-24 16:41:58,0.0
Ross Stores,,2026-05-12|2026-05-13|2026-05-14|2026-05-15|2026-05-18|2026-05-19|2026-05-20|2026-05-21|2026-05-22|2026-05-26|2026-05-27|2026-05-28|2026-05-29|2026-06-01|2026-06-02|2026-06-03|2026-06-04|2026-06-05|2026-06-08|2026-06-09|2026-06-10|2026-06-11|2026-06-12|2026-06-15|2026-06-16|2026-06-17|2026-06-18|2026-06-22|2026-06-23|2026-06-24,2026-06-24 16:41:58,0.0
CDW,,2026-05-12|2026-05-13|2026-05-14|2026-05-15|2026-05-18|2026-05-19|2026-05-20|2026-05-21|2026-05-22|2026-05-26|2026-05-27|2026-05-28|2026-05-29|2026-06-01|2026-06-02|2026-06-03|2026-06-04|2026-06-05|2026-06-08|2026-06-09|2026-06-10|2026-06-11|2026-06-12|2026-06-15|2026-06-16|2026-06-17|2026-06-18|2026-06-22|2026-06-23|2026-06-24,2026-06-24 16:41:58,0.0
Tenet Healthcare,,2026-05-12|2026-05-13|2026-05-14|2026-05-15|2026-05-18|2026-05-19|2026-05-20|2026-05-21|2026-05-22|2026-05-26|2026-05-27|2026-05-28|2026-05-29|2026-06-01|2026-06-02|2026-06-03|2026-06-04|2026-06-05|2026-06-08|2026-06-09|2026-06-10|2026-06-11|2026-06-12|2026-06-15|2026-06-16|2026-06-17|2026-06-18|2026-06-22|2026-06-23|2026-06-24,2026-06-24 16:41:58,0.0
BJ's Wholesale Club,,2026-05-12|2026-05-13|2026-05-14|2026-05-15|2026-05-18|2026-05-19|2026-05-20|2026-05-21|2026-05-22|2026-05-26|2026-05-27|2026-05-28|2026-05-29|2026-06-01|2026-06-02|2026-06-03|2026-06-04|2026-06-05|2026-06-08|2026-06-09|2026-06-10|2026-06-11|2026-06-12|2026-06-15|2026-06-16|2026-06-17|2026-06-18|2026-06-22|2026-06-23|2026-06-24,2026-06-24 16:41:58,0.0
Altria,,2026-05-12|2026-05-13|2026-05-14|2026-05-15|2026-05-18|2026-05-19|2026-05-20|2026-05-21|2026-05-22|2026-05-26|2026-05-27|2026-05-28|2026-05-29|2026-06-01|2026-06-02|2026-06-03|2026-06-04|2026-06-05|2026-06-08|2026-06-09|2026-06-10|2026-06-11|2026-06-12|2026-06-15|2026-06-16|2026-06-17|2026-06-18|2026-06-22|2026-06-23|2026-06-24,2026-06-24 16:41:58,0.0
BlackRock,,2026-05-12|2026-05-13|2026-05-14|2026-05-15|2026-05-18|2026-05-19|2026-05-20|2026-05-21|2026-05-22|2026-05-26|2026-05-27|2026-05-28|2026-05-29|2026-06-01|2026-06-02|2026-06-03|2026-06-04|2026-06-05|2026-06-08|2026-06-09|2026-06-10|2026-06-11|2026-06-12|2026-06-15|2026-06-16|2026-06-17|2026-06-18|2026-06-22|2026-06-23|2026-06-24,2026-06-24 16:41:58,0.0
Becton Dickinson,,2026-05-12|2026-05-13|2026-05-14|2026-05-15|2026-05-18|2026-05-19|2026-05-20|2026-05-21|2026-05-22|2026-05-26|2026-05-27|2026-05-28|2026-05-29|2026-06-01|2026-06-02|2026-06-03|2026-06-04|2026-06-05|2026-06-08|2026-06-09|2026-06-10|2026-06-11|2026-06-12|2026-06-15|2026-06-16|2026-06-17|2026-06-18|2026-06-22|2026-06-23|2026-06-24,2026-06-24 16:41:58,0.0
Colgate-Palmolive,,2026-05-12|2026-05-13|2026-05-14|2026-05-15|2026-05-18|2026-05-19|2026-05-20|2026-05-21|2026-05-22|2026-05-26|2026-05-27|2026-05-28|2026-05-29|2026-06-01|2026-06-02|2026-06-03|2026-06-04|2026-06-05|2026-06-08|2026-06-09|2026-06-10|2026-06-11|2026-06-12|2026-06-15|2026-06-16|2026-06-17|2026-06-18|2026-06-22|2026-06-23|2026-06-24,2026-06-24 16:41:58,0.0
Kimberly-Clark,,2026-05-12|2026-05-13|2026-05-14|2026-05-15|2026-05-18|2026-05-19|2026-05-20|2026-05-21|2026-05-22|2026-05-26|2026-05-27|2026-05-28|2026-05-29|2026-06-01|2026-06-02|2026-06-03|2026-06-04|2026-06-05|2026-06-08|2026-06-09|2026-06-10|2026-06-11|2026-06-12|2026-06-15|2026-06-16|2026-06-17|2026-06-18|2026-06-22|2026-06-23|2026-06-24,2026-06-24 16:41:58,0.0
Group 1 Automotive,,2026-05-12|2026-05-13|2026-05-14|2026-05-15|2026-05-18|2026-05-19|2026-05-20|2026-05-21|2026-05-22|2026-05-26|2026-05-27|2026-05-28|2026-05-29|2026-06-01|2026-06-02|2026-06-03|2026-06-04|2026-06-05|2026-06-08|2026-06-09|2026-06-10|2026-06-11|2026-06-12|2026-06-15|2026-06-16|2026-06-17|2026-06-18|2026-06-22|2026-06-23|2026-06-24,2026-06-24 16:41:58,0.0
Parker-Hannifin,,2026-05-12|2026-05-13|2026-05-14|2026-05-15|2026-05-18|2026-05-19|2026-05-20|2026-05-21|2026-05-22|2026-05-26|2026-05-27|2026-05-28|2026-05-29|2026-06-01|2026-06-02|2026-06-03|2026-06-04|2026-06-05|2026-06-08|2026-06-09|2026-06-10|2026-06-11|2026-06-12|2026-06-15|2026-06-16|2026-06-17|2026-06-18|2026-06-22|2026-06-23|2026-06-24,2026-06-24 16:41:58,0.0
General Mills,,2026-05-12|2026-05-13|2026-05-14|2026-05-15|2026-05-18|2026-05-19|2026-05-20|2026-05-21|2026-05-22|2026-05-26|2026-05-27|2026-05-28|2026-05-29|2026-06-01|2026-06-02|2026-06-03|2026-06-04|2026-06-05|2026-06-08|2026-06-09|2026-06-10|2026-06-11|2026-06-12|2026-06-15|2026-06-16|2026-06-17|2026-06-18|2026-06-22|2026-06-23|2026-06-24,2026-06-24 16:41:58,0.0
Cognizant Technology Solutions,,2026-05-12|2026-05-13|2026-05-14|2026-05-15|2026-05-18|2026-05-19|2026-05-20|2026-05-21|2026-05-22|2026-05-26|2026-05-27|2026-05-28|2026-05-29|2026-06-01|2026-06-02|2026-06-03|2026-06-04|2026-06-05|2026-06-08|2026-06-09|2026-06-10|2026-06-11|2026-06-12|2026-06-15|2026-06-16|2026-06-17|2026-06-18|2026-06-22|2026-06-23|2026-06-24,2026-06-24 16:41:58,0.0
American Electric Power,,2026-05-12|2026-05-13|2026-05-14|2026-05-15|2026-05-18|2026-05-19|2026-05-20|2026-05-21|2026-05-22|2026-05-26|2026-05-27|2026-05-28|2026-05-29|2026-06-01|2026-06-02|2026-06-03|2026-06-04|2026-06-05|2026-06-08|2026-06-09|2026-06-10|2026-06-11|2026-06-12|2026-06-15|2026-06-16|2026-06-17|2026-06-18|2026-06-22|2026-06-23|2026-06-24,2026-06-24 16:41:58,0.0
GE HealthCare Technologies,,2026-05-12|2026-05-13|2026-05-14|2026-05-15|2026-05-18|2026-05-19|2026-05-20|2026-05-21|2026-05-22|2026-05-26|2026-05-27|2026-05-28|2026-05-29|2026-06-01|2026-06-02|2026-06-03|2026-06-04|2026-06-05|2026-06-08|2026-06-09|2026-06-10|2026-06-11|2026-06-12|2026-06-15|2026-06-16|2026-06-17|2026-06-18|2026-06-22|2026-06-23|2026-06-24,2026-06-24 16:41:58,0.0
Automatic Data Processing,,2026-05-12|2026-05-13|2026-05-14|2026-05-15|2026-05-18|2026-05-19|2026-05-20|2026-05-21|2026-05-22|2026-05-26|2026-05-27|2026-05-28|2026-05-29|2026-06-01|2026-06-02|2026-06-03|2026-06-04|2026-06-05|2026-06-08|2026-06-09|2026-06-10|2026-06-11|2026-06-12|2026-06-15|2026-06-16|2026-06-17|2026-06-18|2026-06-22|2026-06-23|2026-06-24,2026-06-24 16:41:58,0.0
Cleveland-Cliffs,,2026-05-12|2026-05-13|2026-05-14|2026-05-15|2026-05-18|2026-05-19|2026-05-20|2026-05-21|2026-05-22|2026-05-26|2026-05-27|2026-05-28|2026-05-29|2026-06-01|2026-06-02|2026-06-03|2026-06-04|2026-06-05|2026-06-08|2026-06-09|2026-06-10|2026-06-11|2026-06-12|2026-06-15|2026-06-16|2026-06-17|2026-06-18|2026-06-22|2026-06-23|2026-06-24,2026-06-24 16:41:58,0.0
Aflac,,2026-05-12|2026-05-13|2026-05-14|2026-05-15|2026-05-18|2026-05-19|2026-05-20|2026-05-21|2026-05-22|2026-05-26|2026-05-27|2026-05-28|2026-05-29|2026-06-01|2026-06-02|2026-06-03|2026-06-04|2026-06-05|2026-06-08|2026-06-09|2026-06-10|2026-06-11|2026-06-12|2026-06-15|2026-06-16|2026-06-17|2026-06-18|2026-06-22|2026-06-23|2026-06-24,2026-06-24 16:41:58,0.0
Goodyear Tire & Rubber,,2026-05-12|2026-05-13|2026-05-14|2026-05-15|2026-05-18|2026-05-19|2026-05-20|2026-05-21|2026-05-22|2026-05-26|2026-05-27|2026-05-28|2026-05-29|2026-06-01|2026-06-02|2026-06-03|2026-06-04|2026-06-05|2026-06-08|2026-06-09|2026-06-10|2026-06-11|2026-06-12|2026-06-15|2026-06-16|2026-06-17|2026-06-18|2026-06-22|2026-06-23|2026-06-24,2026-06-24 16:41:58,0.0
Corebridge Financial,,2026-05-12|2026-05-13|2026-05-14|2026-05-15|2026-05-18|2026-05-19|2026-05-20|2026-05-21|2026-05-22|2026-05-26|2026-05-27|2026-05-28|2026-05-29|2026-06-01|2026-06-02|2026-06-03|2026-06-04|2026-06-05|2026-06-08|2026-06-09|2026-06-10|2026-06-11|2026-06-12|2026-06-15|2026-06-16|2026-06-17|2026-06-18|2026-06-22|2026-06-23|2026-06-24,2026-06-24 16:41:58,0.0
Newmont,,2026-05-12|2026-05-13|2026-05-14|2026-05-15|2026-05-18|2026-05-19|2026-05-20|2026-05-21|2026-05-22|2026-05-26|2026-05-27|2026-05-28|2026-05-29|2026-06-01|2026-06-02|2026-06-03|2026-06-04|2026-06-05|2026-06-08|2026-06-09|2026-06-10|2026-06-11|2026-06-12|2026-06-15|2026-06-16|2026-06-17|2026-06-18|2026-06-22|2026-06-23|2026-06-24,2026-06-24 16:41:58,0.0
International Paper,,2026-05-12|2026-05-13|2026-05-14|2026-05-15|2026-05-18|2026-05-19|2026-05-20|2026-05-21|2026-05-22|2026-05-26|2026-05-27|2026-05-28|2026-05-29|2026-06-01|2026-06-02|2026-06-03|2026-06-04|2026-06-05|2026-06-08|2026-06-09|2026-06-10|2026-06-11|2026-06-12|2026-06-15|2026-06-16|2026-06-17|2026-06-18|2026-06-22|2026-06-23|2026-06-24,2026-06-24 16:41:58,0.0
AutoZone,,2026-05-12|2026-05-13|2026-05-14|2026-05-15|2026-05-18|2026-05-19|2026-05-20|2026-05-21|2026-05-22|2026-05-26|2026-05-27|2026-05-28|2026-05-29|2026-06-01|2026-06-02|2026-06-03|2026-06-04|2026-06-05|2026-06-08|2026-06-09|2026-06-10|2026-06-11|2026-06-12|2026-06-15|2026-06-16|2026-06-17|2026-06-18|2026-06-22|2026-06-23|2026-06-24,2026-06-24 16:41:58,0.0
Lincoln National,,2026-05-12|2026-05-13|2026-05-14|2026-05-15|2026-05-18|2026-05-19|2026-05-20|2026-05-21|2026-05-22|2026-05-26|2026-05-27|2026-05-28|2026-05-29|2026-06-01|2026-06-02|2026-06-03|2026-06-04|2026-06-05|2026-06-08|2026-06-09|2026-06-10|2026-06-11|2026-06-12|2026-06-15|2026-06-16|2026-06-17|2026-06-18|2026-06-22|2026-06-23|2026-06-24,2026-06-24 16:41:58,0.0
PulteGroup,,2026-05-12|2026-05-13|2026-05-14|2026-05-15|2026-05-18|2026-05-19|2026-05-20|2026-05-21|2026-05-22|2026-05-26|2026-05-27|2026-05-28|2026-05-29|2026-06-01|2026-06-02|2026-06-03|2026-06-04|2026-06-05|2026-06-08|2026-06-09|2026-06-10|2026-06-11|2026-06-12|2026-06-15|2026-06-16|2026-06-17|2026-06-18|2026-06-22|2026-06-23|2026-06-24,2026-06-24 16:41:58,0.0
Ameriprise Financial,,2026-05-12|2026-05-13|2026-05-14|2026-05-15|2026-05-18|2026-05-19|2026-05-20|2026-05-21|2026-05-22|2026-05-26|2026-05-27|2026-05-28|2026-05-29|2026-06-01|2026-06-02|2026-06-03|2026-06-04|2026-06-05|2026-06-08|2026-06-09|2026-06-10|2026-06-11|2026-06-12|2026-06-15|2026-06-16|2026-06-17|2026-06-18|2026-06-22|2026-06-23|2026-06-24,2026-06-24 16:41:58,0.0
Murphy USA,,2026-05-12|2026-05-13|2026-05-14|2026-05-15|2026-05-18|2026-05-19|2026-05-20|2026-05-21|2026-05-22|2026-05-26|2026-05-27|2026-05-28|2026-05-29|2026-06-01|2026-06-02|2026-06-03|2026-06-04|2026-06-05|2026-06-08|2026-06-09|2026-06-10|2026-06-11|2026-06-12|2026-06-15|2026-06-16|2026-06-17|2026-06-18|2026-06-22|2026-06-23|2026-06-24,2026-06-24 16:41:58,0.0
ManpowerGroup,,2026-05-12|2026-05-13|2026-05-14|2026-05-15|2026-05-18|2026-05-19|2026-05-20|2026-05-21|2026-05-22|2026-05-26|2026-05-27|2026-05-28|2026-05-29|2026-06-01|2026-06-02|2026-06-03|2026-06-04|2026-06-05|2026-06-08|2026-06-09|2026-06-10|2026-06-11|2026-06-12|2026-06-15|2026-06-16|2026-06-17|2026-06-18|2026-06-22|2026-06-23|2026-06-24,2026-06-24 16:41:58,0.0
CH Robinson Worldwide,,2026-05-12|2026-05-13|2026-05-14|2026-05-15|2026-05-18|2026-05-19|2026-05-20|2026-05-21|2026-05-22|2026-05-26|2026-05-27|2026-05-28|2026-05-29|2026-06-01|2026-06-02|2026-06-03|2026-06-04|2026-06-05|2026-06-08|2026-06-09|2026-06-10|2026-06-11|2026-06-12|2026-06-15|2026-06-16|2026-06-17|2026-06-18|2026-06-22|2026-06-23|2026-06-24,2026-06-24 16:41:58,0.0
PPG Industries,,2026-05-12|2026-05-13|2026-05-14|2026-05-15|2026-05-18|2026-05-19|2026-05-20|2026-05-21|2026-05-22|2026-05-26|2026-05-27|2026-05-28|2026-05-29|2026-06-01|2026-06-02|2026-06-03|2026-06-04|2026-06-05|2026-06-08|2026-06-09|2026-06-10|2026-06-11|2026-06-12|2026-06-15|2026-06-16|2026-06-17|2026-06-18|2026-06-22|2026-06-23|2026-06-24,2026-06-24 16:41:58,0.0
Edison International,,2026-05-12|2026-05-13|2026-05-14|2026-05-15|2026-05-18|2026-05-19|2026-05-20|2026-05-21|2026-05-22|2026-05-26|2026-05-27|2026-05-28|2026-05-29|2026-06-01|2026-06-02|2026-06-03|2026-06-04|2026-06-05|2026-06-08|2026-06-09|2026-06-10|2026-06-11|2026-06-12|2026-06-15|2026-06-16|2026-06-17|2026-06-18|2026-06-22|2026-06-23|2026-06-24,2026-06-24 16:41:58,0.0
Steel Dynamics,,2026-05-12|2026-05-13|2026-05-14|2026-05-15|2026-05-18|2026-05-19|2026-05-20|2026-05-21|2026-05-22|2026-05-26|2026-05-27|2026-05-28|2026-05-29|2026-06-01|2026-06-02|2026-06-03|2026-06-04|2026-06-05|2026-06-08|2026-06-09|2026-06-10|2026-06-11|2026-06-12|2026-06-15|2026-06-16|2026-06-17|2026-06-18|2026-06-22|2026-06-23|2026-06-24,2026-06-24 16:41:58,0.0
Loews,,2026-05-12|2026-05-13|2026-05-14|2026-05-15|2026-05-18|2026-05-19|2026-05-20|2026-05-21|2026-05-22|2026-05-26|2026-05-27|2026-05-28|2026-05-29|2026-06-01|2026-06-02|2026-06-03|2026-06-04|2026-06-05|2026-06-08|2026-06-09|2026-06-10|2026-06-11|2026-06-12|2026-06-15|2026-06-16|2026-06-17|2026-06-18|2026-06-22|2026-06-23|2026-06-24,2026-06-24 16:41:58,0.0
Emerson Electric,,2026-05-12|2026-05-13|2026-05-14|2026-05-15|2026-05-18|2026-05-19|2026-05-20|2026-05-21|2026-05-22|2026-05-26|2026-05-27|2026-05-28|2026-05-29|2026-06-01|2026-06-02|2026-06-03|2026-06-04|2026-06-05|2026-06-08|2026-06-09|2026-06-10|2026-06-11|2026-06-12|2026-06-15|2026-06-16|2026-06-17|2026-06-18|2026-06-22|2026-06-23|2026-06-24,2026-06-24 16:41:58,0.0
Aramark,,2026-05-12|2026-05-13|2026-05-14|2026-05-15|2026-05-18|2026-05-19|2026-05-20|2026-05-21|2026-05-22|2026-05-26|2026-05-27|2026-05-28|2026-05-29|2026-06-01|2026-06-02|2026-06-03|2026-06-04|2026-06-05|2026-06-08|2026-06-09|2026-06-10|2026-06-11|2026-06-12|2026-06-15|2026-06-16|2026-06-17|2026-06-18|2026-06-22|2026-06-23|2026-06-24,2026-06-24 16:41:58,0.0
MGM Resorts International,,2026-05-12|2026-05-13|2026-05-14|2026-05-15|2026-05-18|2026-05-19|2026-05-20|2026-05-21|2026-05-22|2026-05-26|2026-05-27|2026-05-28|2026-05-29|2026-06-01|2026-06-02|2026-06-03|2026-06-04|2026-06-05|2026-06-08|2026-06-09|2026-06-10|2026-06-11|2026-06-12|2026-06-15|2026-06-16|2026-06-17|2026-06-18|2026-06-22|2026-06-23|2026-06-24,2026-06-24 16:41:58,0.0
Vistra,,2026-05-12|2026-05-13|2026-05-14|2026-05-15|2026-05-18|2026-05-19|2026-05-20|2026-05-21|2026-05-22|2026-05-26|2026-05-27|2026-05-28|2026-05-29|2026-06-01|2026-06-02|2026-06-03|2026-06-04|2026-06-05|2026-06-08|2026-06-09|2026-06-10|2026-06-11|2026-06-12|2026-06-15|2026-06-16|2026-06-17|2026-06-18|2026-06-22|2026-06-23|2026-06-24,2026-06-24 16:41:58,0.0
Asbury Automotive Group,,2026-05-12|2026-05-13|2026-05-14|2026-05-15|2026-05-18|2026-05-19|2026-05-20|2026-05-21|2026-05-22|2026-05-26|2026-05-27|2026-05-28|2026-05-29|2026-06-01|2026-06-02|2026-06-03|2026-06-04|2026-06-05|2026-06-08|2026-06-09|2026-06-10|2026-06-11|2026-06-12|2026-06-15|2026-06-16|2026-06-17|2026-06-18|2026-06-22|2026-06-23|2026-06-24,2026-06-24 16:41:58,0.0
WW Grainger,,2026-05-12|2026-05-13|2026-05-14|2026-05-15|2026-05-18|2026-05-19|2026-05-20|2026-05-21|2026-05-22|2026-05-26|2026-05-27|2026-05-28|2026-05-29|2026-06-01|2026-06-02|2026-06-03|2026-06-04|2026-06-05|2026-06-08|2026-06-09|2026-06-10|2026-06-11|2026-06-12|2026-06-15|2026-06-16|2026-06-17|2026-06-18|2026-06-22|2026-06-23|2026-06-24,2026-06-24 16:41:58,0.0
Global Partners,,2026-05-12|2026-05-13|2026-05-14|2026-05-15|2026-05-18|2026-05-19|2026-05-20|2026-05-21|2026-05-22|2026-05-26|2026-05-27|2026-05-28|2026-05-29|2026-06-01|2026-06-02|2026-06-03|2026-06-04|2026-06-05|2026-06-08|2026-06-09|2026-06-10|2026-06-11|2026-06-12|2026-06-15|2026-06-16|2026-06-17|2026-06-18|2026-06-22|2026-06-23|2026-06-24,2026-06-24 16:41:58,0.0
Jacobs Solutions,,2026-05-12|2026-05-13|2026-05-14|2026-05-15|2026-05-18|2026-05-19|2026-05-20|2026-05-21|2026-05-22|2026-05-26|2026-05-27|2026-05-28|2026-05-29|2026-06-01|2026-06-02|2026-06-03|2026-06-04|2026-06-05|2026-06-08|2026-06-09|2026-06-10|2026-06-11|2026-06-12|2026-06-15|2026-06-16|2026-06-17|2026-06-18|2026-06-22|2026-06-23|2026-06-24,2026-06-24 16:41:58,0.0
Corteva,,2026-05-12|2026-05-13|2026-05-14|2026-05-15|2026-05-18|2026-05-19|2026-05-20|2026-05-21|2026-05-22|2026-05-26|2026-05-27|2026-05-28|2026-05-29|2026-06-01|2026-06-02|2026-06-03|2026-06-04|2026-06-05|2026-06-08|2026-06-09|2026-06-10|2026-06-11|2026-06-12|2026-06-15|2026-06-16|2026-06-17|2026-06-18|2026-06-22|2026-06-23|2026-06-24,2026-06-24 16:41:58,0.0
Boston Scientific,,2026-05-12|2026-05-13|2026-05-14|2026-05-15|2026-05-18|2026-05-19|2026-05-20|2026-05-21|2026-05-22|2026-05-26|2026-05-27|2026-05-28|2026-05-29|2026-06-01|2026-06-02|2026-06-03|2026-06-04|2026-06-05|2026-06-08|2026-06-09|2026-06-10|2026-06-11|2026-06-12|2026-06-15|2026-06-16|2026-06-17|2026-06-18|2026-06-22|2026-06-23|2026-06-24,2026-06-24 16:41:58,0.0
O'Reilly Automotive,,2026-05-12|2026-05-13|2026-05-14|2026-05-15|2026-05-18|2026-05-19|2026-05-20|2026-05-21|2026-05-22|2026-05-26|2026-05-27|2026-05-28|2026-05-29|2026-06-01|2026-06-02|2026-06-03|2026-06-04|2026-06-05|2026-06-08|2026-06-09|2026-06-10|2026-06-11|2026-06-12|2026-06-15|2026-06-16|2026-06-17|2026-06-18|2026-06-22|2026-06-23|2026-06-24,2026-06-24 16:41:58,0.0
Leidos,,2026-05-12|2026-05-13|2026-05-14|2026-05-15|2026-05-18|2026-05-19|2026-05-20|2026-05-21|2026-05-22|2026-05-26|2026-05-27|2026-05-28|2026-05-29|2026-06-01|2026-06-02|2026-06-03|2026-06-04|2026-06-05|2026-06-08|2026-06-09|2026-06-10|2026-06-11|2026-06-12|2026-06-15|2026-06-16|2026-06-17|2026-06-18|2026-06-22|2026-06-23|2026-06-24,2026-06-24 16:41:58,0.0
Markel Group,,2026-05-12|2026-05-13|2026-05-14|2026-05-15|2026-05-18|2026-05-19|2026-05-20|2026-05-21|2026-05-22|2026-05-26|2026-05-27|2026-05-28|2026-05-29|2026-06-01|2026-06-02|2026-06-03|2026-06-04|2026-06-05|2026-06-08|2026-06-09|2026-06-10|2026-06-11|2026-06-12|2026-06-15|2026-06-16|2026-06-17|2026-06-18|2026-06-22|2026-06-23|2026-06-24,2026-06-24 16:41:58,0.0
Whirlpool,,2026-05-12|2026-05-13|2026-05-14|2026-05-15|2026-05-18|2026-05-19|2026-05-20|2026-05-21|2026-05-22|2026-05-26|2026-05-27|2026-05-28|2026-05-29|2026-06-01|2026-06-02|2026-06-03|2026-06-04|2026-06-05|2026-06-08|2026-06-09|2026-06-10|2026-06-11|2026-06-12|2026-06-15|2026-06-16|2026-06-17|2026-06-18|2026-06-22|2026-06-23|2026-06-24,2026-06-24 16:41:58,0.0
Builders FirstSource,,2026-05-12|2026-05-13|2026-05-14|2026-05-15|2026-05-18|2026-05-19|2026-05-20|2026-05-21|2026-05-22|2026-05-26|2026-05-27|2026-05-28|2026-05-29|2026-06-01|2026-06-02|2026-06-03|2026-06-04|2026-06-05|2026-06-08|2026-06-09|2026-06-10|2026-06-11|2026-06-12|2026-06-15|2026-06-16|2026-06-17|2026-06-18|2026-06-22|2026-06-23|2026-06-24,2026-06-24 16:41:58,0.0
Ally Financial,,2026-05-12|2026-05-13|2026-05-14|2026-05-15|2026-05-18|2026-05-19|2026-05-20|2026-05-21|2026-05-22|2026-05-26|2026-05-27|2026-05-28|2026-05-29|2026-06-01|2026-06-02|2026-06-03|2026-06-04|2026-06-05|2026-06-08|2026-06-09|2026-06-10|2026-06-11|2026-06-12|2026-06-15|2026-06-16|2026-06-17|2026-06-18|2026-06-22|2026-06-23|2026-06-24,2026-06-24 16:41:58,0.0
Targa Resources,,2026-05-12|2026-05-13|2026-05-14|2026-05-15|2026-05-18|2026-05-19|2026-05-20|2026-05-21|2026-05-22|2026-05-26|2026-05-27|2026-05-28|2026-05-29|2026-06-01|2026-06-02|2026-06-03|2026-06-04|2026-06-05|2026-06-08|2026-06-09|2026-06-10|2026-06-11|2026-06-12|2026-06-15|2026-06-16|2026-06-17|2026-06-18|2026-06-22|2026-06-23|2026-06-24,2026-06-24 16:41:58,0.0
Fluor,,2026-05-12|2026-05-13|2026-05-14|2026-05-15|2026-05-18|2026-05-19|2026-05-20|2026-05-21|2026-05-22|2026-05-26|2026-05-27|2026-05-28|2026-05-29|2026-06-01|2026-06-02|2026-06-03|2026-06-04|2026-06-05|2026-06-08|2026-06-09|2026-06-10|2026-06-11|2026-06-12|2026-06-15|2026-06-16|2026-06-17|2026-06-18|2026-06-22|2026-06-23|2026-06-24,2026-06-24 16:41:58,0.0
Intuit,,2026-05-12|2026-05-13|2026-05-14|2026-05-15|2026-05-18|2026-05-19|2026-05-20|2026-05-21|2026-05-22|2026-05-26|2026-05-27|2026-05-28|2026-05-29|2026-06-01|2026-06-02|2026-06-03|2026-06-04|2026-06-05|2026-06-08|2026-06-09|2026-06-10|2026-06-11|2026-06-12|2026-06-15|2026-06-16|2026-06-17|2026-06-18|2026-06-22|2026-06-23|2026-06-24,2026-06-24 16:41:58,0.0
AECOM,,2026-05-12|2026-05-13|2026-05-14|2026-05-15|2026-05-18|2026-05-19|2026-05-20|2026-05-21|2026-05-22|2026-05-26|2026-05-27|2026-05-28|2026-05-29|2026-06-01|2026-06-02|2026-06-03|2026-06-04|2026-06-05|2026-06-08|2026-06-09|2026-06-10|2026-06-11|2026-06-12|2026-06-15|2026-06-16|2026-06-17|2026-06-18|2026-06-22|2026-06-23|2026-06-24,2026-06-24 16:41:58,0.0
Kohl's,,2026-05-12|2026-05-13|2026-05-14|2026-05-15|2026-05-18|2026-05-19|2026-05-20|2026-05-21|2026-05-22|2026-05-26|2026-05-27|2026-05-28|2026-05-29|2026-06-01|2026-06-02|2026-06-03|2026-06-04|2026-06-05|2026-06-08|2026-06-09|2026-06-10|2026-06-11|2026-06-12|2026-06-15|2026-06-16|2026-06-17|2026-06-18|2026-06-22|2026-06-23|2026-06-24,2026-06-24 16:41:58,0.0
PrIncipal Financial,,2026-05-12|2026-05-13|2026-05-14|2026-05-15|2026-05-18|2026-05-19|2026-05-20|2026-05-21|2026-05-22|2026-05-26|2026-05-27|2026-05-28|2026-05-29|2026-06-01|2026-06-02|2026-06-03|2026-06-04|2026-06-05|2026-06-08|2026-06-09|2026-06-10|2026-06-11|2026-06-12|2026-06-15|2026-06-16|2026-06-17|2026-06-18|2026-06-22|2026-06-23|2026-06-24,2026-06-24 16:41:58,0.0
Dominion Energy,,2026-05-12|2026-05-13|2026-05-14|2026-05-15|2026-05-18|2026-05-19|2026-05-20|2026-05-21|2026-05-22|2026-05-26|2026-05-27|2026-05-28|2026-05-29|2026-06-01|2026-06-02|2026-06-03|2026-06-04|2026-06-05|2026-06-08|2026-06-09|2026-06-10|2026-06-11|2026-06-12|2026-06-15|2026-06-16|2026-06-17|2026-06-18|2026-06-22|2026-06-23|2026-06-24,2026-06-24 16:41:58,0.0
Kyndryl,,2026-05-12|2026-05-13|2026-05-14|2026-05-15|2026-05-18|2026-05-19|2026-05-20|2026-05-21|2026-05-22|2026-05-26|2026-05-27|2026-05-28|2026-05-29|2026-06-01|2026-06-02|2026-06-03|2026-06-04|2026-06-05|2026-06-08|2026-06-09|2026-06-10|2026-06-11|2026-06-12|2026-06-15|2026-06-16|2026-06-17|2026-06-18|2026-06-22|2026-06-23|2026-06-24,2026-06-24 16:41:58,0.0
Republic Services,,2026-05-12|2026-05-13|2026-05-14|2026-05-15|2026-05-18|2026-05-19|2026-05-20|2026-05-21|2026-05-22|2026-05-26|2026-05-27|2026-05-28|2026-05-29|2026-06-01|2026-06-02|2026-06-03|2026-06-04|2026-06-05|2026-06-08|2026-06-09|2026-06-10|2026-06-11|2026-06-12|2026-06-15|2026-06-16|2026-06-17|2026-06-18|2026-06-22|2026-06-23|2026-06-24,2026-06-24 16:41:58,0.0
Devon Energy,,2026-05-12|2026-05-13|2026-05-14|2026-05-15|2026-05-18|2026-05-19|2026-05-20|2026-05-21|2026-05-22|2026-05-26|2026-05-27|2026-05-28|2026-05-29|2026-06-01|2026-06-02|2026-06-03|2026-06-04|2026-06-05|2026-06-08|2026-06-09|2026-06-10|2026-06-11|2026-06-12|2026-06-15|2026-06-16|2026-06-17|2026-06-18|2026-06-22|2026-06-23|2026-06-24,2026-06-24 16:41:58,0.0
Illinois Tool Works,,2026-05-12|2026-05-13|2026-05-14|2026-05-15|2026-05-18|2026-05-19|2026-05-20|2026-05-21|2026-05-22|2026-05-26|2026-05-27|2026-05-28|2026-05-29|2026-06-01|2026-06-02|2026-06-03|2026-06-04|2026-06-05|2026-06-08|2026-06-09|2026-06-10|2026-06-11|2026-06-12|2026-06-15|2026-06-16|2026-06-17|2026-06-18|2026-06-22|2026-06-23|2026-06-24,2026-06-24 16:41:58,0.0
Northern Trust,,2026-05-12|2026-05-13|2026-05-14|2026-05-15|2026-05-18|2026-05-19|2026-05-20|2026-05-21|2026-05-22|2026-05-26|2026-05-27|2026-05-28|2026-05-29|2026-06-01|2026-06-02|2026-06-03|2026-06-04|2026-06-05|2026-06-08|2026-06-09|2026-06-10|2026-06-11|2026-06-12|2026-06-15|2026-06-16|2026-06-17|2026-06-18|2026-06-22|2026-06-23|2026-06-24,2026-06-24 16:41:58,0.0
Universal Health Services,,2026-05-12|2026-05-13|2026-05-14|2026-05-15|2026-05-18|2026-05-19|2026-05-20|2026-05-21|2026-05-22|2026-05-26|2026-05-27|2026-05-28|2026-05-29|2026-06-01|2026-06-02|2026-06-03|2026-06-04|2026-06-05|2026-06-08|2026-06-09|2026-06-10|2026-06-11|2026-06-12|2026-06-15|2026-06-16|2026-06-17|2026-06-18|2026-06-22|2026-06-23|2026-06-24,2026-06-24 16:41:58,0.0
EchoStar,,2026-05-07|2026-05-08|2026-05-11|2026-05-12|2026-05-13|2026-05-14|2026-05-15|2026-05-18|2026-05-19|2026-05-20|2026-05-21|2026-05-22|2026-05-26|2026-05-27|2026-05-28|2026-05-29|2026-06-01|2026-06-02|2026-06-03|2026-06-04|2026-06-05|2026-06-08|2026-06-09|2026-06-10|2026-06-11|2026-06-12|2026-06-15|2026-06-16|2026-06-17|2026-06-18,2026-06-24 16:41:58,0.0
Ecolab,,2026-05-12|2026-05-13|2026-05-14|2026-05-15|2026-05-18|2026-05-19|2026-05-20|2026-05-21|2026-05-22|2026-05-26|2026-05-27|2026-05-28|2026-05-29|2026-06-01|2026-06-02|2026-06-03|2026-06-04|2026-06-05|2026-06-08|2026-06-09|2026-06-10|2026-06-11|2026-06-12|2026-06-15|2026-06-16|2026-06-17|2026-06-18|2026-06-22|2026-06-23|2026-06-24,2026-06-24 16:41:58,0.0
Cheniere Energy,,2026-05-12|2026-05-13|2026-05-14|2026-05-15|2026-05-18|2026-05-19|2026-05-20|2026-05-21|2026-05-22|2026-05-26|2026-05-27|2026-05-28|2026-05-29|2026-06-01|2026-06-02|2026-06-03|2026-06-04|2026-06-05|2026-06-08|2026-06-09|2026-06-10|2026-06-11|2026-06-12|2026-06-15|2026-06-16|2026-06-17|2026-06-18|2026-06-22|2026-06-23|2026-06-24,2026-06-24 16:41:58,0.0
Omnicom Group,,2026-05-12|2026-05-13|2026-05-14|2026-05-15|2026-05-18|2026-05-19|2026-05-20|2026-05-21|2026-05-22|2026-05-26|2026-05-27|2026-05-28|2026-05-29|2026-06-01|2026-06-02|2026-06-03|2026-06-04|2026-06-05|2026-06-08|2026-06-09|2026-06-10|2026-06-11|2026-06-12|2026-06-15|2026-06-16|2026-06-17|2026-06-18|2026-06-22|2026-06-23|2026-06-24,2026-06-24 16:41:58,0.0
Texas Instruments,,2026-05-12|2026-05-13|2026-05-14|2026-05-15|2026-05-18|2026-05-19|2026-05-20|2026-05-21|2026-05-22|2026-05-26|2026-05-27|2026-05-28|2026-05-29|2026-06-01|2026-06-02|2026-06-03|2026-06-04|2026-06-05|2026-06-08|2026-06-09|2026-06-10|2026-06-11|2026-06-12|2026-06-15|2026-06-16|2026-06-17|2026-06-18|2026-06-22|2026-06-23|2026-06-24,2026-06-24 16:41:58,0.0
Estée Lauder,,2026-05-12|2026-05-13|2026-05-14|2026-05-15|2026-05-18|2026-05-19|2026-05-20|2026-05-21|2026-05-22|2026-05-26|2026-05-27|2026-05-28|2026-05-29|2026-06-01|2026-06-02|2026-06-03|2026-06-04|2026-06-05|2026-06-08|2026-06-09|2026-06-10|2026-06-11|2026-06-12|2026-06-15|2026-06-16|2026-06-17|2026-06-18|2026-06-22|2026-06-23|2026-06-24,2026-06-24 16:41:58,0.0
Kenvue,,2026-05-12|2026-05-13|2026-05-14|2026-05-15|2026-05-18|2026-05-19|2026-05-20|2026-05-21|2026-05-22|2026-05-26|2026-05-27|2026-05-28|2026-05-29|2026-06-01|2026-06-02|2026-06-03|2026-06-04|2026-06-05|2026-06-08|2026-06-09|2026-06-10|2026-06-11|2026-06-12|2026-06-15|2026-06-16|2026-06-17|2026-06-18|2026-06-22|2026-06-23|2026-06-24,2026-06-24 16:41:58,0.0
IQVIA,,2026-05-12|2026-05-13|2026-05-14|2026-05-15|2026-05-18|2026-05-19|2026-05-20|2026-05-21|2026-05-22|2026-05-26|2026-05-27|2026-05-28|2026-05-29|2026-06-01|2026-06-02|2026-06-03|2026-06-04|2026-06-05|2026-06-08|2026-06-09|2026-06-10|2026-06-11|2026-06-12|2026-06-15|2026-06-16|2026-06-17|2026-06-18|2026-06-22|2026-06-23|2026-06-24,2026-06-24 16:41:58,0.0
Stanley Black & Decker,,2026-05-12|2026-05-13|2026-05-14|2026-05-15|2026-05-18|2026-05-19|2026-05-20|2026-05-21|2026-05-22|2026-05-26|2026-05-27|2026-05-28|2026-05-29|2026-06-01|2026-06-02|2026-06-03|2026-06-04|2026-06-05|2026-06-08|2026-06-09|2026-06-10|2026-06-11|2026-06-12|2026-06-15|2026-06-16|2026-06-17|2026-06-18|2026-06-22|2026-06-23|2026-06-24,2026-06-24 16:41:58,0.0
Keurig Dr Pepper,,2026-05-12|2026-05-13|2026-05-14|2026-05-15|2026-05-18|2026-05-19|2026-05-20|2026-05-21|2026-05-22|2026-05-26|2026-05-27|2026-05-28|2026-05-29|2026-06-01|2026-06-02|2026-06-03|2026-06-04|2026-06-05|2026-06-08|2026-06-09|2026-06-10|2026-06-11|2026-06-12|2026-06-15|2026-06-16|2026-06-17|2026-06-18|2026-06-22|2026-06-23|2026-06-24,2026-06-24 16:41:58,0.0
United Rentals,,2026-05-12|2026-05-13|2026-05-14|2026-05-15|2026-05-18|2026-05-19|2026-05-20|2026-05-21|2026-05-22|2026-05-26|2026-05-27|2026-05-28|2026-05-29|2026-06-01|2026-06-02|2026-06-03|2026-06-04|2026-06-05|2026-06-08|2026-06-09|2026-06-10|2026-06-11|2026-06-12|2026-06-15|2026-06-16|2026-06-17|2026-06-18|2026-06-22|2026-06-23|2026-06-24,2026-06-24 16:41:58,0.0
Consolidated Edison,,2026-05-12|2026-05-13|2026-05-14|2026-05-15|2026-05-18|2026-05-19|2026-05-20|2026-05-21|2026-05-22|2026-05-26|2026-05-27|2026-05-28|2026-05-29|2026-06-01|2026-06-02|2026-06-03|2026-06-04|2026-06-05|2026-06-08|2026-06-09|2026-06-10|2026-06-11|2026-06-12|2026-06-15|2026-06-16|2026-06-17|2026-06-18|2026-06-22|2026-06-23|2026-06-24,2026-06-24 16:41:58,0.0
Amphenol,,2026-05-12|2026-05-13|2026-05-14|2026-05-15|2026-05-18|2026-05-19|2026-05-20|2026-05-21|2026-05-22|2026-05-26|2026-05-27|2026-05-28|2026-05-29|2026-06-01|2026-06-02|2026-06-03|2026-06-04|2026-06-05|2026-06-08|2026-06-09|2026-06-10|2026-06-11|2026-06-12|2026-06-15|2026-06-16|2026-06-17|2026-06-18|2026-06-22|2026-06-23|2026-06-24,2026-06-24 16:41:58,0.0
Baxter International,,2026-05-12|2026-05-13|2026-05-14|2026-05-15|2026-05-18|2026-05-19|2026-05-20|2026-05-21|2026-05-22|2026-05-26|2026-05-27|2026-05-28|2026-05-29|2026-06-01|2026-06-02|2026-06-03|2026-06-04|2026-06-05|2026-06-08|2026-06-09|2026-06-10|2026-06-11|2026-06-12|2026-06-15|2026-06-16|2026-06-17|2026-06-18|2026-06-22|2026-06-23|2026-06-24,2026-06-24 16:41:58,0.0
Kinder Morgan,,2026-05-12|2026-05-13|2026-05-14|2026-05-15|2026-05-18|2026-05-19|2026-05-20|2026-05-21|2026-05-22|2026-05-26|2026-05-27|2026-05-28|2026-05-29|2026-06-01|2026-06-02|2026-06-03|2026-06-04|2026-06-05|2026-06-08|2026-06-09|2026-06-10|2026-06-11|2026-06-12|2026-06-15|2026-06-16|2026-06-17|2026-06-18|2026-06-22|2026-06-23|2026-06-24,2026-06-24 16:41:58,0.0
First Citizens BancShares,,2026-05-12|2026-05-13|2026-05-14|2026-05-15|2026-05-18|2026-05-19|2026-05-20|2026-05-21|2026-05-22|2026-05-26|2026-05-27|2026-05-28|2026-05-29|2026-06-01|2026-06-02|2026-06-03|2026-06-04|2026-06-05|2026-06-08|2026-06-09|2026-06-10|2026-06-11|2026-06-12|2026-06-15|2026-06-16|2026-06-17|2026-06-18|2026-06-22|2026-06-23|2026-06-24,2026-06-24 16:41:58,0.0
Raymond James Financial,,2026-05-12|2026-05-13|2026-05-14|2026-05-15|2026-05-18|2026-05-19|2026-05-20|2026-05-21|2026-05-22|2026-05-26|2026-05-27|2026-05-28|2026-05-29|2026-06-01|2026-06-02|2026-06-03|2026-06-04|2026-06-05|2026-06-08|2026-06-09|2026-06-10|2026-06-11|2026-06-12|2026-06-15|2026-06-16|2026-06-17|2026-06-18|2026-06-22|2026-06-23|2026-06-24,2026-06-24 16:41:58,0.0
Lam Research,,2026-05-12|2026-05-13|2026-05-14|2026-05-15|2026-05-18|2026-05-19|2026-05-20|2026-05-21|2026-05-22|2026-05-26|2026-05-27|2026-05-28|2026-05-29|2026-06-01|2026-06-02|2026-06-03|2026-06-04|2026-06-05|2026-06-08|2026-06-09|2026-06-10|2026-06-11|2026-06-12|2026-06-15|2026-06-16|2026-06-17|2026-06-18|2026-06-22|2026-06-23|2026-06-24,2026-06-24 16:41:58,0.0
Tractor Supply,,2026-05-12|2026-05-13|2026-05-14|2026-05-15|2026-05-18|2026-05-19|2026-05-20|2026-05-21|2026-05-22|2026-05-26|2026-05-27|2026-05-28|2026-05-29|2026-06-01|2026-06-02|2026-06-03|2026-06-04|2026-06-05|2026-06-08|2026-06-09|2026-06-10|2026-06-11|2026-06-12|2026-06-15|2026-06-16|2026-06-17|2026-06-18|2026-06-22|2026-06-23|2026-06-24,2026-06-24 16:41:58,0.0
Caseys General Stores,,2026-05-12|2026-05-13|2026-05-14|2026-05-15|2026-05-18|2026-05-19|2026-05-20|2026-05-21|2026-05-22|2026-05-26|2026-05-27|2026-05-28|2026-05-29|2026-06-01|2026-06-02|2026-06-03|2026-06-04|2026-06-05|2026-06-08|2026-06-09|2026-06-10|2026-06-11|2026-06-12|2026-06-15|2026-06-16|2026-06-17|2026-06-18|2026-06-22|2026-06-23|2026-06-24,2026-06-24 16:41:58,0.0
Viatris,,2026-05-12|2026-05-13|2026-05-14|2026-05-15|2026-05-18|2026-05-19|2026-05-20|2026-05-21|2026-05-22|2026-05-26|2026-05-27|2026-05-28|2026-05-29|2026-06-01|2026-06-02|2026-06-03|2026-06-04|2026-06-05|2026-06-08|2026-06-09|2026-06-10|2026-06-11|2026-06-12|2026-06-15|2026-06-16|2026-06-17|2026-06-18|2026-06-22|2026-06-23|2026-06-24,2026-06-24 16:41:58,0.0
EMCOR Group,,2026-05-12|2026-05-13|2026-05-14|2026-05-15|2026-05-18|2026-05-19|2026-05-20|2026-05-21|2026-05-22|2026-05-26|2026-05-27|2026-05-28|2026-05-29|2026-06-01|2026-06-02|2026-06-03|2026-06-04|2026-06-05|2026-06-08|2026-06-09|2026-06-10|2026-06-11|2026-06-12|2026-06-15|2026-06-16|2026-06-17|2026-06-18|2026-06-22|2026-06-23|2026-06-24,2026-06-24 16:41:58,0.0
CSX,,2026-05-12|2026-05-13|2026-05-14|2026-05-15|2026-05-18|2026-05-19|2026-05-20|2026-05-21|2026-05-22|2026-05-26|2026-05-27|2026-05-28|2026-05-29|2026-06-01|2026-06-02|2026-06-03|2026-06-04|2026-06-05|2026-06-08|2026-06-09|2026-06-10|2026-06-11|2026-06-12|2026-06-15|2026-06-16|2026-06-17|2026-06-18|2026-06-22|2026-06-23|2026-06-24,2026-06-24 16:41:58,0.0
LKQ,,2026-05-12|2026-05-13|2026-05-14|2026-05-15|2026-05-18|2026-05-19|2026-05-20|2026-05-21|2026-05-22|2026-05-26|2026-05-27|2026-05-28|2026-05-29|2026-06-01|2026-06-02|2026-06-03|2026-06-04|2026-06-05|2026-06-08|2026-06-09|2026-06-10|2026-06-11|2026-06-12|2026-06-15|2026-06-16|2026-06-17|2026-06-18|2026-06-22|2026-06-23|2026-06-24,2026-06-24 16:41:58,0.0
Otis Worldwide,,2026-05-12|2026-05-13|2026-05-14|2026-05-15|2026-05-18|2026-05-19|2026-05-20|2026-05-21|2026-05-22|2026-05-26|2026-05-27|2026-05-28|2026-05-29|2026-06-01|2026-06-02|2026-06-03|2026-06-04|2026-06-05|2026-06-08|2026-06-09|2026-06-10|2026-06-11|2026-06-12|2026-06-15|2026-06-16|2026-06-17|2026-06-18|2026-06-22|2026-06-23|2026-06-24,2026-06-24 16:41:58,0.0
Sonic Automotive,,2026-05-12|2026-05-13|2026-05-14|2026-05-15|2026-05-18|2026-05-19|2026-05-20|2026-05-21|2026-05-22|2026-05-26|2026-05-27|2026-05-28|2026-05-29|2026-06-01|2026-06-02|2026-06-03|2026-06-04|2026-06-05|2026-06-08|2026-06-09|2026-06-10|2026-06-11|2026-06-12|2026-06-15|2026-06-16|2026-06-17|2026-06-18|2026-06-22|2026-06-23|2026-06-24,2026-06-24 16:41:58,0.0
S&P Global,,2026-05-12|2026-05-13|2026-05-14|2026-05-15|2026-05-18|2026-05-19|2026-05-20|2026-05-21|2026-05-22|2026-05-26|2026-05-27|2026-05-28|2026-05-29|2026-06-01|2026-06-02|2026-06-03|2026-06-04|2026-06-05|2026-06-08|2026-06-09|2026-06-10|2026-06-11|2026-06-12|2026-06-15|2026-06-16|2026-06-17|2026-06-18|2026-06-22|2026-06-23|2026-06-24,2026-06-24 16:41:58,0.0
Regeneron Pharmaceuticals,,2026-05-12|2026-05-13|2026-05-14|2026-05-15|2026-05-18|2026-05-19|2026-05-20|2026-05-21|2026-05-22|2026-05-26|2026-05-27|2026-05-28|2026-05-29|2026-06-01|2026-06-02|2026-06-03|2026-06-04|2026-06-05|2026-06-08|2026-06-09|2026-06-10|2026-06-11|2026-06-12|2026-06-15|2026-06-16|2026-06-17|2026-06-18|2026-06-22|2026-06-23|2026-06-24,2026-06-24 16:41:58,0.0
BorgWarner,,2026-05-12|2026-05-13|2026-05-14|2026-05-15|2026-05-18|2026-05-19|2026-05-20|2026-05-21|2026-05-22|2026-05-26|2026-05-27|2026-05-28|2026-05-29|2026-06-01|2026-06-02|2026-06-03|2026-06-04|2026-06-05|2026-06-08|2026-06-09|2026-06-10|2026-06-11|2026-06-12|2026-06-15|2026-06-16|2026-06-17|2026-06-18|2026-06-22|2026-06-23|2026-06-24,2026-06-24 16:41:58,0.0
Reliance Inc,,2026-05-12|2026-05-13|2026-05-14|2026-05-15|2026-05-18|2026-05-19|2026-05-20|2026-05-21|2026-05-22|2026-05-26|2026-05-27|2026-05-28|2026-05-29|2026-06-01|2026-06-02|2026-06-03|2026-06-04|2026-06-05|2026-06-08|2026-06-09|2026-06-10|2026-06-11|2026-06-12|2026-06-15|2026-06-16|2026-06-17|2026-06-18|2026-06-22|2026-06-23|2026-06-24,2026-06-24 16:41:58,0.0
Textron,,2026-05-12|2026-05-13|2026-05-14|2026-05-15|2026-05-18|2026-05-19|2026-05-20|2026-05-21|2026-05-22|2026-05-26|2026-05-27|2026-05-28|2026-05-29|2026-06-01|2026-06-02|2026-06-03|2026-06-04|2026-06-05|2026-06-08|2026-06-09|2026-06-10|2026-06-11|2026-06-12|2026-06-15|2026-06-16|2026-06-17|2026-06-18|2026-06-22|2026-06-23|2026-06-24,2026-06-24 16:41:58,0.0
Expedia,,2026-05-12|2026-05-13|2026-05-14|2026-05-15|2026-05-18|2026-05-19|2026-05-20|2026-05-21|2026-05-22|2026-05-26|2026-05-27|2026-05-28|2026-05-29|2026-06-01|2026-06-02|2026-06-03|2026-06-04|2026-06-05|2026-06-08|2026-06-09|2026-06-10|2026-06-11|2026-06-12|2026-06-15|2026-06-16|2026-06-17|2026-06-18|2026-06-22|2026-06-23|2026-06-24,2026-06-24 16:41:58,0.0
Fidelity National Financial,,2026-05-12|2026-05-13|2026-05-14|2026-05-15|2026-05-18|2026-05-19|2026-05-20|2026-05-21|2026-05-22|2026-05-26|2026-05-27|2026-05-28|2026-05-29|2026-06-01|2026-06-02|2026-06-03|2026-06-04|2026-06-05|2026-06-08|2026-06-09|2026-06-10|2026-06-11|2026-06-12|2026-06-15|2026-06-16|2026-06-17|2026-06-18|2026-06-22|2026-06-23|2026-06-24,2026-06-24 16:41:58,0.0
Carvana,,2026-05-12|2026-05-13|2026-05-14|2026-05-15|2026-05-18|2026-05-19|2026-05-20|2026-05-21|2026-05-22|2026-05-26|2026-05-27|2026-05-28|2026-05-29|2026-06-01|2026-06-02|2026-06-03|2026-06-04|2026-06-05|2026-06-08|2026-06-09|2026-06-10|2026-06-11|2026-06-12|2026-06-15|2026-06-16|2026-06-17|2026-06-18|2026-06-22|2026-06-23|2026-06-24,2026-06-24 16:41:58,0.0
DXC Technology,,2026-05-12|2026-05-13|2026-05-14|2026-05-15|2026-05-18|2026-05-19|2026-05-20|2026-05-21|2026-05-22|2026-05-26|2026-05-27|2026-05-28|2026-05-29|2026-06-01|2026-06-02|2026-06-03|2026-06-04|2026-06-05|2026-06-08|2026-06-09|2026-06-10|2026-06-11|2026-06-12|2026-06-15|2026-06-16|2026-06-17|2026-06-18|2026-06-22|2026-06-23|2026-06-24,2026-06-24 16:41:58,0.0
WR Berkley,,2026-05-12|2026-05-13|2026-05-14|2026-05-15|2026-05-18|2026-05-19|2026-05-20|2026-05-21|2026-05-22|2026-05-26|2026-05-27|2026-05-28|2026-05-29|2026-06-01|2026-06-02|2026-06-03|2026-06-04|2026-06-05|2026-06-08|2026-06-09|2026-06-10|2026-06-11|2026-06-12|2026-06-15|2026-06-16|2026-06-17|2026-06-18|2026-06-22|2026-06-23|2026-06-24,2026-06-24 16:41:58,0.0
M&T Bank,,2026-05-12|2026-05-13|2026-05-14|2026-05-15|2026-05-18|2026-05-19|2026-05-20|2026-05-21|2026-05-22|2026-05-26|2026-05-27|2026-05-28|2026-05-29|2026-06-01|2026-06-02|2026-06-03|2026-06-04|2026-06-05|2026-06-08|2026-06-09|2026-06-10|2026-06-11|2026-06-12|2026-06-15|2026-06-16|2026-06-17|2026-06-18|2026-06-22|2026-06-23|2026-06-24,2026-06-24 16:41:58,0.0
Dicks Sporting Goods,,2026-05-12|2026-05-13|2026-05-14|2026-05-15|2026-05-18|2026-05-19|2026-05-20|2026-05-21|2026-05-22|2026-05-26|2026-05-27|2026-05-28|2026-05-29|2026-06-01|2026-06-02|2026-06-03|2026-06-04|2026-06-05|2026-06-08|2026-06-09|2026-06-10|2026-06-11|2026-06-12|2026-06-15|2026-06-16|2026-06-17|2026-06-18|2026-06-22|2026-06-23|2026-06-24,2026-06-24 16:41:58,0.0
Xcel Energy,,2026-05-12|2026-05-13|2026-05-14|2026-05-15|2026-05-18|2026-05-19|2026-05-20|2026-05-21|2026-05-22|2026-05-26|2026-05-27|2026-05-28|2026-05-29|2026-06-01|2026-06-02|2026-06-03|2026-06-04|2026-06-05|2026-06-08|2026-06-09|2026-06-10|2026-06-11|2026-06-12|2026-06-15|2026-06-16|2026-06-17|2026-06-18|2026-06-22|2026-06-23|2026-06-24,2026-06-24 16:41:58,0.0
Fifth Third Bancorp,,2026-05-12|2026-05-13|2026-05-14|2026-05-15|2026-05-18|2026-05-19|2026-05-20|2026-05-21|2026-05-22|2026-05-26|2026-05-27|2026-05-28|2026-05-29|2026-06-01|2026-06-02|2026-06-03|2026-06-04|2026-06-05|2026-06-08|2026-06-09|2026-06-10|2026-06-11|2026-06-12|2026-06-15|2026-06-16|2026-06-17|2026-06-18|2026-06-22|2026-06-23|2026-06-24,2026-06-24 16:41:58,0.0
Blackstone,,2026-05-12|2026-05-13|2026-05-14|2026-05-15|2026-05-18|2026-05-19|2026-05-20|2026-05-21|2026-05-22|2026-05-26|2026-05-27|2026-05-28|2026-05-29|2026-06-01|2026-06-02|2026-06-03|2026-06-04|2026-06-05|2026-06-08|2026-06-09|2026-06-10|2026-06-11|2026-06-12|2026-06-15|2026-06-16|2026-06-17|2026-06-18|2026-06-22|2026-06-23|2026-06-24,2026-06-24 16:41:58,0.0
Sempra,,2026-05-12|2026-05-13|2026-05-14|2026-05-15|2026-05-18|2026-05-19|2026-05-20|2026-05-21|2026-05-22|2026-05-26|2026-05-27|2026-05-28|2026-05-29|2026-06-01|2026-06-02|2026-06-03|2026-06-04|2026-06-05|2026-06-08|2026-06-09|2026-06-10|2026-06-11|2026-06-12|2026-06-15|2026-06-16|2026-06-17|2026-06-18|2026-06-22|2026-06-23|2026-06-24,2026-06-24 16:41:58,0.0
Corning,,2026-05-12|2026-05-13|2026-05-14|2026-05-15|2026-05-18|2026-05-19|2026-05-20|2026-05-21|2026-05-22|2026-05-26|2026-05-27|2026-05-28|2026-05-29|2026-06-01|2026-06-02|2026-06-03|2026-06-04|2026-06-05|2026-06-08|2026-06-09|2026-06-10|2026-06-11|2026-06-12|2026-06-15|2026-06-16|2026-06-17|2026-06-18|2026-06-22|2026-06-23|2026-06-24,2026-06-24 16:41:58,0.0
Lumen Technologies,,2026-05-12|2026-05-13|2026-05-14|2026-05-15|2026-05-18|2026-05-19|2026-05-20|2026-05-21|2026-05-22|2026-05-26|2026-05-27|2026-05-28|2026-05-29|2026-06-01|2026-06-02|2026-06-03|2026-06-04|2026-06-05|2026-06-08|2026-06-09|2026-06-10|2026-06-11|2026-06-12|2026-06-15|2026-06-16|2026-06-17|2026-06-18|2026-06-22|2026-06-23|2026-06-24,2026-06-24 16:41:58,0.0
FirstEnergy,,2026-05-12|2026-05-13|2026-05-14|2026-05-15|2026-05-18|2026-05-19|2026-05-20|2026-05-21|2026-05-22|2026-05-26|2026-05-27|2026-05-28|2026-05-29|2026-06-01|2026-06-02|2026-06-03|2026-06-04|2026-06-05|2026-06-08|2026-06-09|2026-06-10|2026-06-11|2026-06-12|2026-06-15|2026-06-16|2026-06-17|2026-06-18|2026-06-22|2026-06-23|2026-06-24,2026-06-24 16:41:58,0.0
Labcorp Holdings,,2026-05-12|2026-05-13|2026-05-14|2026-05-15|2026-05-18|2026-05-19|2026-05-20|2026-05-21|2026-05-22|2026-05-26|2026-05-27|2026-05-28|2026-05-29|2026-06-01|2026-06-02|2026-06-03|2026-06-04|2026-06-05|2026-06-08|2026-06-09|2026-06-10|2026-06-11|2026-06-12|2026-06-15|2026-06-16|2026-06-17|2026-06-18|2026-06-22|2026-06-23|2026-06-24,2026-06-24 16:41:58,0.0
Western Digital,,2026-05-12|2026-05-13|2026-05-14|2026-05-15|2026-05-18|2026-05-19|2026-05-20|2026-05-21|2026-05-22|2026-05-26|2026-05-27|2026-05-28|2026-05-29|2026-06-01|2026-06-02|2026-06-03|2026-06-04|2026-06-05|2026-06-08|2026-06-09|2026-06-10|2026-06-11|2026-06-12|2026-06-15|2026-06-16|2026-06-17|2026-06-18|2026-06-22|2026-06-23|2026-06-24,2026-06-24 16:41:58,0.0
Unum Group,,2026-05-12|2026-05-13|2026-05-14|2026-05-15|2026-05-18|2026-05-19|2026-05-20|2026-05-21|2026-05-22|2026-05-26|2026-05-27|2026-05-28|2026-05-29|2026-06-01|2026-06-02|2026-06-03|2026-06-04|2026-06-05|2026-06-08|2026-06-09|2026-06-10|2026-06-11|2026-06-12|2026-06-15|2026-06-16|2026-06-17|2026-06-18|2026-06-22|2026-06-23|2026-06-24,2026-06-24 16:41:58,0.0
DaVita,,2026-05-12|2026-05-13|2026-05-14|2026-05-15|2026-05-18|2026-05-19|2026-05-20|2026-05-21|2026-05-22|2026-05-26|2026-05-27|2026-05-28|2026-05-29|2026-06-01|2026-06-02|2026-06-03|2026-06-04|2026-06-05|2026-06-08|2026-06-09|2026-06-10|2026-06-11|2026-06-12|2026-06-15|2026-06-16|2026-06-17|2026-06-18|2026-06-22|2026-06-23|2026-06-24,2026-06-24 16:41:58,0.0
Henry Schein,,2026-05-12|2026-05-13|2026-05-14|2026-05-15|2026-05-18|2026-05-19|2026-05-20|2026-05-21|2026-05-22|2026-05-26|2026-05-27|2026-05-28|2026-05-29|2026-06-01|2026-06-02|2026-06-03|2026-06-04|2026-06-05|2026-06-08|2026-06-09|2026-06-10|2026-06-11|2026-06-12|2026-06-15|2026-06-16|2026-06-17|2026-06-18|2026-06-22|2026-06-23|2026-06-24,2026-06-24 16:41:58,0.0
Ryder System,,2026-05-12|2026-05-13|2026-05-14|2026-05-15|2026-05-18|2026-05-19|2026-05-20|2026-05-21|2026-05-22|2026-05-26|2026-05-27|2026-05-28|2026-05-29|2026-06-01|2026-06-02|2026-06-03|2026-06-04|2026-06-05|2026-06-08|2026-06-09|2026-06-10|2026-06-11|2026-06-12|2026-06-15|2026-06-16|2026-06-17|2026-06-18|2026-06-22|2026-06-23|2026-06-24,2026-06-24 16:41:58,0.0
Community Health Systems,,2026-05-12|2026-05-13|2026-05-14|2026-05-15|2026-05-18|2026-05-19|2026-05-20|2026-05-21|2026-05-22|2026-05-26|2026-05-27|2026-05-28|2026-05-29|2026-06-01|2026-06-02|2026-06-03|2026-06-04|2026-06-05|2026-06-08|2026-06-09|2026-06-10|2026-06-11|2026-06-12|2026-06-15|2026-06-16|2026-06-17|2026-06-18|2026-06-22|2026-06-23|2026-06-24,2026-06-24 16:41:58,0.0
Delek US,,2026-05-12|2026-05-13|2026-05-14|2026-05-15|2026-05-18|2026-05-19|2026-05-20|2026-05-21|2026-05-22|2026-05-26|2026-05-27|2026-05-28|2026-05-29|2026-06-01|2026-06-02|2026-06-03|2026-06-04|2026-06-05|2026-06-08|2026-06-09|2026-06-10|2026-06-11|2026-06-12|2026-06-15|2026-06-16|2026-06-17|2026-06-18|2026-06-22|2026-06-23|2026-06-24,2026-06-24 16:41:58,0.0
DTE Energy,,2026-05-12|2026-05-13|2026-05-14|2026-05-15|2026-05-18|2026-05-19|2026-05-20|2026-05-21|2026-05-22|2026-05-26|2026-05-27|2026-05-28|2026-05-29|2026-06-01|2026-06-02|2026-06-03|2026-06-04|2026-06-05|2026-06-08|2026-06-09|2026-06-10|2026-06-11|2026-06-12|2026-06-15|2026-06-16|2026-06-17|2026-06-18|2026-06-22|2026-06-23|2026-06-24,2026-06-24 16:41:58,0.0
Equitable Holdings,,2026-05-12|2026-05-13|2026-05-14|2026-05-15|2026-05-18|2026-05-19|2026-05-20|2026-05-21|2026-05-22|2026-05-26|2026-05-27|2026-05-28|2026-05-29|2026-06-01|2026-06-02|2026-06-03|2026-06-04|2026-06-05|2026-06-08|2026-06-09|2026-06-10|2026-06-11|2026-06-12|2026-06-15|2026-06-16|2026-06-17|2026-06-18|2026-06-22|2026-06-23|2026-06-24,2026-06-24 16:41:58,0.0
DuPont de Nemours,,2026-05-12|2026-05-13|2026-05-14|2026-05-15|2026-05-18|2026-05-19|2026-05-20|2026-05-21|2026-05-22|2026-05-26|2026-05-27|2026-05-28|2026-05-29|2026-06-01|2026-06-02|2026-06-03|2026-06-04|2026-06-05|2026-06-08|2026-06-09|2026-06-10|2026-06-11|2026-06-12|2026-06-15|2026-06-16|2026-06-17|2026-06-18|2026-06-22|2026-06-23|2026-06-24,2026-06-24 16:41:58,0.0
