company,trends_history,date_history,last_updated,avg_interest
Walmart,,2026-07-09|2026-07-10|2026-07-13|2026-07-14|2026-07-15|2026-07-16|2026-07-17|2026-07-20|2026-07-21|2026-07-22|2026-07-23|2026-07-24|2026-07-27|2026-07-28|2026-07-29|2026-07-30|2026-07-31|2026-08-03|2026-08-04|2026-08-05|2026-08-06|2026-08-07|2026-08-10|2026-08-11|2026-08-12|2026-08-13|2026-08-14|2026-08-17|2026-08-18|2026-08-19,2026-08-19 15:01:47,0.0
Amazon,95|95|94|94|89|97|90|98|99|98|95|92|96|96|94|96|96|98|100|95|91|92|99|98|95|95|89|96|97|90,2026-07-09|2026-07-10|2026-07-13|2026-07-14|2026-07-15|2026-07-16|2026-07-17|2026-07-20|2026-07-21|2026-07-22|2026-07-23|2026-07-24|2026-07-27|2026-07-28|2026-07-29|2026-07-30|2026-07-31|2026-08-03|2026-08-04|2026-08-05|2026-08-06|2026-08-07|2026-08-10|2026-08-11|2026-08-12|2026-08-13|2026-08-14|2026-08-17|2026-08-18|2026-08-19,2026-08-19 15:01:58,95.0
UnitedHealth,76|62|66|92|53|100|50|49|71|59|42|31|30|41|40|32|37|48|43|34|37|28|34|35|48|42|49|58|41|32,2026-07-09|2026-07-10|2026-07-13|2026-07-14|2026-07-15|2026-07-16|2026-07-17|2026-07-20|2026-07-21|2026-07-22|2026-07-23|2026-07-24|2026-07-27|2026-07-28|2026-07-29|2026-07-30|2026-07-31|2026-08-03|2026-08-04|2026-08-05|2026-08-06|2026-08-07|2026-08-10|2026-08-11|2026-08-12|2026-08-13|2026-08-14|2026-08-17|2026-08-18|2026-08-19,2026-08-19 15:02:02,48.7
Apple,91|86|88|84|80|78|87|84|81|80|82|83|93|91|90|90|93|89|86|81|84|83|88|82|82|84|85|84|84|81,2026-07-09|2026-07-10|2026-07-13|2026-07-14|2026-07-15|2026-07-16|2026-07-17|2026-07-20|2026-07-21|2026-07-22|2026-07-23|2026-07-24|2026-07-27|2026-07-28|2026-07-29|2026-07-30|2026-07-31|2026-08-03|2026-08-04|2026-08-05|2026-08-06|2026-08-07|2026-08-10|2026-08-11|2026-08-12|2026-08-13|2026-08-14|2026-08-17|2026-08-18|2026-08-19,2026-08-19 15:02:06,85.1
CVS Health,100|65|80|72|61|68|64|86|77|76|67|58|71|71|67|75|65|70|70|68|68|60|63|67|65|62|59|64|65|59,2026-07-09|2026-07-10|2026-07-13|2026-07-14|2026-07-15|2026-07-16|2026-07-17|2026-07-20|2026-07-21|2026-07-22|2026-07-23|2026-07-24|2026-07-27|2026-07-28|2026-07-29|2026-07-30|2026-07-31|2026-08-03|2026-08-04|2026-08-05|2026-08-06|2026-08-07|2026-08-10|2026-08-11|2026-08-12|2026-08-13|2026-08-14|2026-08-17|2026-08-18|2026-08-19,2026-08-19 15:02:09,68.8
Alphabet,60|59|62|63|59|60|57|66|66|100|98|65|57|67|56|57|56|53|57|55|63|55|58|62|60|61|91|61|60|56,2026-07-09|2026-07-10|2026-07-13|2026-07-14|2026-07-15|2026-07-16|2026-07-17|2026-07-20|2026-07-21|2026-07-22|2026-07-23|2026-07-24|2026-07-27|2026-07-28|2026-07-29|2026-07-30|2026-07-31|2026-08-03|2026-08-04|2026-08-05|2026-08-06|2026-08-07|2026-08-10|2026-08-11|2026-08-12|2026-08-13|2026-08-14|2026-08-17|2026-08-18|2026-08-19,2026-08-19 15:02:12,63.3
Exxon Mobil,100|97|66|64|49|55|49|64|57|60|48|67|53|44|65|45|67|62|63|49|44|42|53|53|45|47|50|49|49|42,2026-07-09|2026-07-10|2026-07-13|2026-07-14|2026-07-15|2026-07-16|2026-07-17|2026-07-20|2026-07-21|2026-07-22|2026-07-23|2026-07-24|2026-07-27|2026-07-28|2026-07-29|2026-07-30|2026-07-31|2026-08-03|2026-08-04|2026-08-05|2026-08-06|2026-08-07|2026-08-10|2026-08-11|2026-08-12|2026-08-13|2026-08-14|2026-08-17|2026-08-18|2026-08-19,2026-08-19 15:02:16,56.6
McKesson,73|76|81|80|65|68|77|77|81|74|89|89|63|65|75|79|80|84|78|100|97|69|73|72|65|68|62|75|86|62,2026-07-06|2026-07-07|2026-07-08|2026-07-09|2026-07-10|2026-07-13|2026-07-14|2026-07-15|2026-07-16|2026-07-17|2026-07-20|2026-07-23|2026-07-24|2026-07-27|2026-07-28|2026-07-29|2026-07-30|2026-08-03|2026-08-04|2026-08-05|2026-08-06|2026-08-07|2026-08-10|2026-08-11|2026-08-12|2026-08-13|2026-08-14|2026-08-17|2026-08-18|2026-08-19,2026-08-19 15:02:20,76.1
Cencora,73|79|74|90|79|70|70|74|75|61|50|71|70|74|72|73|65|59|71|100|71|59|62|74|79|66|60|64|64|58,2026-07-09|2026-07-10|2026-07-13|2026-07-14|2026-07-15|2026-07-16|2026-07-17|2026-07-20|2026-07-21|2026-07-22|2026-07-23|2026-07-24|2026-07-27|2026-07-28|2026-07-29|2026-07-30|2026-07-31|2026-08-03|2026-08-04|2026-08-05|2026-08-06|2026-08-07|2026-08-10|2026-08-11|2026-08-12|2026-08-13|2026-08-14|2026-08-17|2026-08-18|2026-08-19,2026-08-19 15:02:23,70.2
JPMorgan Chase,100|78|77|77|64|60|55|64|61|64|65|49|58|66|64|55|44|92|65|88|65|50|56|61|50|53|52|54|48|47,2026-07-09|2026-07-10|2026-07-13|2026-07-14|2026-07-15|2026-07-16|2026-07-17|2026-07-20|2026-07-21|2026-07-22|2026-07-23|2026-07-24|2026-07-27|2026-07-28|2026-07-29|2026-07-30|2026-07-31|2026-08-03|2026-08-04|2026-08-05|2026-08-06|2026-08-07|2026-08-10|2026-08-11|2026-08-12|2026-08-13|2026-08-14|2026-08-17|2026-08-18|2026-08-19,2026-08-19 15:02:26,62.7
Costco,80|78|73|68|69|74|75|80|73|72|72|76|71|71|70|74|74|74|77|69|74|75|74|71|66|69|72|74|70|62,2026-07-09|2026-07-10|2026-07-13|2026-07-14|2026-07-15|2026-07-16|2026-07-17|2026-07-20|2026-07-21|2026-07-22|2026-07-23|2026-07-24|2026-07-27|2026-07-28|2026-07-29|2026-07-30|2026-07-31|2026-08-03|2026-08-04|2026-08-05|2026-08-06|2026-08-07|2026-08-10|2026-08-11|2026-08-12|2026-08-13|2026-08-14|2026-08-17|2026-08-18|2026-08-19,2026-08-19 15:02:28,72.6
Cigna,81|83|75|66|76|77|74|71|62|100|77|63|75|77|80|76|69|83|83|79|75|63|77|80|76|72|63|74|74|62,2026-07-07|2026-07-08|2026-07-09|2026-07-10|2026-07-13|2026-07-14|2026-07-15|2026-07-16|2026-07-17|2026-07-20|2026-07-23|2026-07-24|2026-07-27|2026-07-28|2026-07-29|2026-07-30|2026-07-31|2026-08-03|2026-08-04|2026-08-05|2026-08-06|2026-08-07|2026-08-10|2026-08-11|2026-08-12|2026-08-13|2026-08-14|2026-08-17|2026-08-18|2026-08-19,2026-08-19 15:02:33,74.8
Microsoft,100|86|88|84|81|72|69|81|73|70|79|65|75|74|79|81|66|77|76|63|61|58|67|70|63|67|63|68|72|62,2026-07-09|2026-07-10|2026-07-13|2026-07-14|2026-07-15|2026-07-16|2026-07-17|2026-07-20|2026-07-21|2026-07-22|2026-07-23|2026-07-24|2026-07-27|2026-07-28|2026-07-29|2026-07-30|2026-07-31|2026-08-03|2026-08-04|2026-08-05|2026-08-06|2026-08-07|2026-08-10|2026-08-11|2026-08-12|2026-08-13|2026-08-14|2026-08-17|2026-08-18|2026-08-19,2026-08-19 15:02:37,73.0
Cardinal Health,85|100|86|79|71|74|69|94|64|59|91|91|58|81|93|92|69|76|81|71|71|60|70|87|74|71|63|65|69|55,2026-07-06|2026-07-07|2026-07-08|2026-07-09|2026-07-10|2026-07-13|2026-07-14|2026-07-15|2026-07-16|2026-07-17|2026-07-20|2026-07-23|2026-07-24|2026-07-27|2026-07-28|2026-07-29|2026-07-30|2026-08-03|2026-08-04|2026-08-05|2026-08-06|2026-08-07|2026-08-10|2026-08-11|2026-08-12|2026-08-13|2026-08-14|2026-08-17|2026-08-18|2026-08-19,2026-08-19 15:02:40,75.6
Chevron,19|16|17|17|15|15|17|18|17|18|17|16|15|17|15|18|21|19|100|36|17|16|17|16|16|16|16|17|17|15,2026-07-09|2026-07-10|2026-07-13|2026-07-14|2026-07-15|2026-07-16|2026-07-17|2026-07-20|2026-07-21|2026-07-22|2026-07-23|2026-07-24|2026-07-27|2026-07-28|2026-07-29|2026-07-30|2026-07-31|2026-08-03|2026-08-04|2026-08-05|2026-08-06|2026-08-07|2026-08-10|2026-08-11|2026-08-12|2026-08-13|2026-08-14|2026-08-17|2026-08-18|2026-08-19,2026-08-19 15:03:13,20.2
Bank of America,88|94|80|92|87|88|97|96|85|93|81|88|88|85|86|85|100|97|92|88|82|92|91|86|80|85|91|87|87|72,2026-07-09|2026-07-10|2026-07-13|2026-07-14|2026-07-15|2026-07-16|2026-07-17|2026-07-20|2026-07-21|2026-07-22|2026-07-23|2026-07-24|2026-07-27|2026-07-28|2026-07-29|2026-07-30|2026-07-31|2026-08-03|2026-08-04|2026-08-05|2026-08-06|2026-08-07|2026-08-10|2026-08-11|2026-08-12|2026-08-13|2026-08-14|2026-08-17|2026-08-18|2026-08-19,2026-08-19 15:03:17,88.1
General Motors,45|34|37|33|34|36|52|42|55|42|32|36|58|44|36|100|35|37|36|33|30|42|36|33|33|33|33|35|33|28,2026-07-09|2026-07-10|2026-07-13|2026-07-14|2026-07-15|2026-07-16|2026-07-17|2026-07-20|2026-07-21|2026-07-22|2026-07-23|2026-07-24|2026-07-27|2026-07-28|2026-07-29|2026-07-30|2026-07-31|2026-08-03|2026-08-04|2026-08-05|2026-08-06|2026-08-07|2026-08-10|2026-08-11|2026-08-12|2026-08-13|2026-08-14|2026-08-17|2026-08-18|2026-08-19,2026-08-19 15:03:51,39.8
Ford Motor,74|78|70|70|73|67|100|81|74|77|70|72|72|77|74|75|74|72|74|72|70|72|76|71|71|70|79|73|70|63,2026-07-09|2026-07-10|2026-07-13|2026-07-14|2026-07-15|2026-07-16|2026-07-17|2026-07-20|2026-07-21|2026-07-22|2026-07-23|2026-07-24|2026-07-27|2026-07-28|2026-07-29|2026-07-30|2026-07-31|2026-08-03|2026-08-04|2026-08-05|2026-08-06|2026-08-07|2026-08-10|2026-08-11|2026-08-12|2026-08-13|2026-08-14|2026-08-17|2026-08-18|2026-08-19,2026-08-19 15:03:55,73.7
Elevance Health,80|65|93|76|64|66|60|100|72|45|67|53|48|54|75|65|71|52|73|62|59|50|60|62|58|60|51|55|62|54,2026-07-06|2026-07-07|2026-07-08|2026-07-09|2026-07-10|2026-07-13|2026-07-14|2026-07-15|2026-07-16|2026-07-17|2026-07-20|2026-07-23|2026-07-24|2026-07-27|2026-07-28|2026-07-29|2026-07-30|2026-08-03|2026-08-04|2026-08-05|2026-08-06|2026-08-07|2026-08-10|2026-08-11|2026-08-12|2026-08-13|2026-08-14|2026-08-17|2026-08-18|2026-08-19,2026-08-19 15:03:58,63.7
Citigroup,54|45|76|100|56|27|31|45|34|23|20|24|28|33|45|36|32|24|32|26|24|23|26|26|24|29|30|30|24|24,2026-07-09|2026-07-10|2026-07-13|2026-07-14|2026-07-15|2026-07-16|2026-07-17|2026-07-20|2026-07-21|2026-07-22|2026-07-23|2026-07-24|2026-07-27|2026-07-28|2026-07-29|2026-07-30|2026-07-31|2026-08-03|2026-08-04|2026-08-05|2026-08-06|2026-08-07|2026-08-10|2026-08-11|2026-08-12|2026-08-13|2026-08-14|2026-08-17|2026-08-18|2026-08-19,2026-08-19 15:04:01,35.0
Meta Platforms,,2026-07-09|2026-07-10|2026-07-13|2026-07-14|2026-07-15|2026-07-16|2026-07-17|2026-07-20|2026-07-21|2026-07-22|2026-07-23|2026-07-24|2026-07-27|2026-07-28|2026-07-29|2026-07-30|2026-07-31|2026-08-03|2026-08-04|2026-08-05|2026-08-06|2026-08-07|2026-08-10|2026-08-11|2026-08-12|2026-08-13|2026-08-14|2026-08-17|2026-08-18|2026-08-19,2026-08-19 15:04:34,0.0
Centene,,2026-07-08|2026-07-09|2026-07-10|2026-07-13|2026-07-14|2026-07-15|2026-07-16|2026-07-17|2026-07-20|2026-07-22|2026-07-23|2026-07-24|2026-07-27|2026-07-28|2026-07-29|2026-07-30|2026-07-31|2026-08-03|2026-08-04|2026-08-05|2026-08-06|2026-08-07|2026-08-10|2026-08-11|2026-08-12|2026-08-13|2026-08-14|2026-08-17|2026-08-18|2026-08-19,2026-08-19 15:05:16,0.0
Home Depot,,2026-07-08|2026-07-09|2026-07-10|2026-07-13|2026-07-14|2026-07-15|2026-07-16|2026-07-17|2026-07-20|2026-07-22|2026-07-23|2026-07-24|2026-07-27|2026-07-28|2026-07-29|2026-07-30|2026-07-31|2026-08-03|2026-08-04|2026-08-05|2026-08-06|2026-08-07|2026-08-10|2026-08-11|2026-08-12|2026-08-13|2026-08-14|2026-08-17|2026-08-18|2026-08-19,2026-08-19 15:05:26,0.0
Fannie Mae,,2026-07-06|2026-07-07|2026-07-08|2026-07-09|2026-07-10|2026-07-13|2026-07-14|2026-07-15|2026-07-16|2026-07-17|2026-07-20|2026-07-23|2026-07-24|2026-07-27|2026-07-28|2026-07-29|2026-07-30|2026-08-03|2026-08-04|2026-08-05|2026-08-06|2026-08-07|2026-08-10|2026-08-11|2026-08-12|2026-08-13|2026-08-14|2026-08-17|2026-08-18|2026-08-19,2026-08-19 15:05:26,0.0
Kroger,,2026-07-08|2026-07-09|2026-07-10|2026-07-13|2026-07-14|2026-07-15|2026-07-16|2026-07-17|2026-07-20|2026-07-21|2026-07-23|2026-07-24|2026-07-27|2026-07-28|2026-07-29|2026-07-30|2026-07-31|2026-08-03|2026-08-04|2026-08-05|2026-08-06|2026-08-07|2026-08-10|2026-08-11|2026-08-12|2026-08-13|2026-08-14|2026-08-17|2026-08-18|2026-08-19,2026-08-19 15:05:26,0.0
Phillips 66,,2026-07-09|2026-07-10|2026-07-13|2026-07-14|2026-07-15|2026-07-16|2026-07-17|2026-07-20|2026-07-21|2026-07-22|2026-07-23|2026-07-24|2026-07-27|2026-07-28|2026-07-29|2026-07-30|2026-07-31|2026-08-03|2026-08-04|2026-08-05|2026-08-06|2026-08-07|2026-08-10|2026-08-11|2026-08-12|2026-08-13|2026-08-14|2026-08-17|2026-08-18|2026-08-19,2026-08-19 15:05:26,0.0
Marathon Petroleum,,2026-07-09|2026-07-10|2026-07-13|2026-07-14|2026-07-15|2026-07-16|2026-07-17|2026-07-20|2026-07-21|2026-07-22|2026-07-23|2026-07-24|2026-07-27|2026-07-28|2026-07-29|2026-07-30|2026-07-31|2026-08-03|2026-08-04|2026-08-05|2026-08-06|2026-08-07|2026-08-10|2026-08-11|2026-08-12|2026-08-13|2026-08-14|2026-08-17|2026-08-18|2026-08-19,2026-08-19 15:05:26,0.0
Verizon,,2026-07-09|2026-07-10|2026-07-13|2026-07-14|2026-07-15|2026-07-16|2026-07-17|2026-07-20|2026-07-21|2026-07-22|2026-07-23|2026-07-24|2026-07-27|2026-07-28|2026-07-29|2026-07-30|2026-07-31|2026-08-03|2026-08-04|2026-08-05|2026-08-06|2026-08-07|2026-08-10|2026-08-11|2026-08-12|2026-08-13|2026-08-14|2026-08-17|2026-08-18|2026-08-19,2026-08-19 15:05:26,0.0
Nvidia,,2026-07-09|2026-07-10|2026-07-13|2026-07-14|2026-07-15|2026-07-16|2026-07-17|2026-07-20|2026-07-21|2026-07-22|2026-07-23|2026-07-24|2026-07-27|2026-07-28|2026-07-29|2026-07-30|2026-07-31|2026-08-03|2026-08-04|2026-08-05|2026-08-06|2026-08-07|2026-08-10|2026-08-11|2026-08-12|2026-08-13|2026-08-14|2026-08-17|2026-08-18|2026-08-19,2026-08-19 15:05:26,0.0
Goldman Sachs,,2026-07-09|2026-07-10|2026-07-13|2026-07-14|2026-07-15|2026-07-16|2026-07-17|2026-07-20|2026-07-21|2026-07-22|2026-07-23|2026-07-24|2026-07-27|2026-07-28|2026-07-29|2026-07-30|2026-07-31|2026-08-03|2026-08-04|2026-08-05|2026-08-06|2026-08-07|2026-08-10|2026-08-11|2026-08-12|2026-08-13|2026-08-14|2026-08-17|2026-08-18|2026-08-19,2026-08-19 15:05:26,0.0
Wells Fargo,,2026-07-08|2026-07-09|2026-07-10|2026-07-13|2026-07-14|2026-07-15|2026-07-16|2026-07-17|2026-07-20|2026-07-22|2026-07-23|2026-07-24|2026-07-27|2026-07-28|2026-07-29|2026-07-30|2026-07-31|2026-08-03|2026-08-04|2026-08-05|2026-08-06|2026-08-07|2026-08-10|2026-08-11|2026-08-12|2026-08-13|2026-08-14|2026-08-17|2026-08-18|2026-08-19,2026-08-19 15:05:26,0.0
Valero Energy,,2026-07-09|2026-07-10|2026-07-13|2026-07-14|2026-07-15|2026-07-16|2026-07-17|2026-07-20|2026-07-21|2026-07-22|2026-07-23|2026-07-24|2026-07-27|2026-07-28|2026-07-29|2026-07-30|2026-07-31|2026-08-03|2026-08-04|2026-08-05|2026-08-06|2026-08-07|2026-08-10|2026-08-11|2026-08-12|2026-08-13|2026-08-14|2026-08-17|2026-08-18|2026-08-19,2026-08-19 15:05:26,0.0
Comcast,,2026-07-09|2026-07-10|2026-07-13|2026-07-14|2026-07-15|2026-07-16|2026-07-17|2026-07-20|2026-07-21|2026-07-22|2026-07-23|2026-07-24|2026-07-27|2026-07-28|2026-07-29|2026-07-30|2026-07-31|2026-08-03|2026-08-04|2026-08-05|2026-08-06|2026-08-07|2026-08-10|2026-08-11|2026-08-12|2026-08-13|2026-08-14|2026-08-17|2026-08-18|2026-08-19,2026-08-19 15:05:26,0.0
AT&T,,2026-07-09|2026-07-10|2026-07-13|2026-07-14|2026-07-15|2026-07-16|2026-07-17|2026-07-20|2026-07-21|2026-07-22|2026-07-23|2026-07-24|2026-07-27|2026-07-28|2026-07-29|2026-07-30|2026-07-31|2026-08-03|2026-08-04|2026-08-05|2026-08-06|2026-08-07|2026-08-10|2026-08-11|2026-08-12|2026-08-13|2026-08-14|2026-08-17|2026-08-18|2026-08-19,2026-08-19 15:05:26,0.0
Freddie Mac,,2026-07-06|2026-07-07|2026-07-08|2026-07-09|2026-07-10|2026-07-13|2026-07-14|2026-07-15|2026-07-16|2026-07-17|2026-07-20|2026-07-23|2026-07-24|2026-07-27|2026-07-28|2026-07-29|2026-07-30|2026-08-03|2026-08-04|2026-08-05|2026-08-06|2026-08-07|2026-08-10|2026-08-11|2026-08-12|2026-08-13|2026-08-14|2026-08-17|2026-08-18|2026-08-19,2026-08-19 15:05:26,0.0
Humana,,2026-07-06|2026-07-07|2026-07-08|2026-07-09|2026-07-10|2026-07-13|2026-07-14|2026-07-15|2026-07-16|2026-07-17|2026-07-20|2026-07-23|2026-07-24|2026-07-27|2026-07-28|2026-07-29|2026-07-30|2026-08-03|2026-08-04|2026-08-05|2026-08-06|2026-08-07|2026-08-10|2026-08-11|2026-08-12|2026-08-13|2026-08-14|2026-08-17|2026-08-18|2026-08-19,2026-08-19 15:05:26,0.0
Morgan Stanley,,2026-07-08|2026-07-09|2026-07-10|2026-07-13|2026-07-14|2026-07-15|2026-07-16|2026-07-17|2026-07-20|2026-07-22|2026-07-23|2026-07-24|2026-07-27|2026-07-28|2026-07-29|2026-07-30|2026-07-31|2026-08-03|2026-08-04|2026-08-05|2026-08-06|2026-08-07|2026-08-10|2026-08-11|2026-08-12|2026-08-13|2026-08-14|2026-08-17|2026-08-18|2026-08-19,2026-08-19 15:05:26,0.0
Target Corporation,,2026-07-09|2026-07-10|2026-07-13|2026-07-14|2026-07-15|2026-07-16|2026-07-17|2026-07-20|2026-07-21|2026-07-22|2026-07-23|2026-07-24|2026-07-27|2026-07-28|2026-07-29|2026-07-30|2026-07-31|2026-08-03|2026-08-04|2026-08-05|2026-08-06|2026-08-07|2026-08-10|2026-08-11|2026-08-12|2026-08-13|2026-08-14|2026-08-17|2026-08-18|2026-08-19,2026-08-19 15:05:26,0.0
StoneX Group,,2026-07-08|2026-07-09|2026-07-10|2026-07-13|2026-07-14|2026-07-15|2026-07-16|2026-07-17|2026-07-20|2026-07-21|2026-07-22|2026-07-23|2026-07-24|2026-07-27|2026-07-28|2026-07-29|2026-07-30|2026-08-03|2026-08-04|2026-08-05|2026-08-06|2026-08-07|2026-08-10|2026-08-11|2026-08-12|2026-08-13|2026-08-14|2026-08-17|2026-08-18|2026-08-19,2026-08-19 15:05:26,0.0
Tesla,,2026-07-09|2026-07-10|2026-07-13|2026-07-14|2026-07-15|2026-07-16|2026-07-17|2026-07-20|2026-07-21|2026-07-22|2026-07-23|2026-07-24|2026-07-27|2026-07-28|2026-07-29|2026-07-30|2026-07-31|2026-08-03|2026-08-04|2026-08-05|2026-08-06|2026-08-07|2026-08-10|2026-08-11|2026-08-12|2026-08-13|2026-08-14|2026-08-17|2026-08-18|2026-08-19,2026-08-19 15:05:26,0.0
Dell Technologies,,2026-07-09|2026-07-10|2026-07-13|2026-07-14|2026-07-15|2026-07-16|2026-07-17|2026-07-20|2026-07-21|2026-07-22|2026-07-23|2026-07-24|2026-07-27|2026-07-28|2026-07-29|2026-07-30|2026-07-31|2026-08-03|2026-08-04|2026-08-05|2026-08-06|2026-08-07|2026-08-10|2026-08-11|2026-08-12|2026-08-13|2026-08-14|2026-08-17|2026-08-18|2026-08-19,2026-08-19 15:05:26,0.0
PepsiCo,,2026-07-09|2026-07-10|2026-07-13|2026-07-14|2026-07-15|2026-07-16|2026-07-17|2026-07-20|2026-07-21|2026-07-22|2026-07-23|2026-07-24|2026-07-27|2026-07-28|2026-07-29|2026-07-30|2026-07-31|2026-08-03|2026-08-04|2026-08-05|2026-08-06|2026-08-07|2026-08-10|2026-08-11|2026-08-12|2026-08-13|2026-08-14|2026-08-17|2026-08-18|2026-08-19,2026-08-19 15:05:26,0.0
Disney,,2026-07-09|2026-07-10|2026-07-13|2026-07-14|2026-07-15|2026-07-16|2026-07-17|2026-07-20|2026-07-21|2026-07-22|2026-07-23|2026-07-24|2026-07-27|2026-07-28|2026-07-29|2026-07-30|2026-07-31|2026-08-03|2026-08-04|2026-08-05|2026-08-06|2026-08-07|2026-08-10|2026-08-11|2026-08-12|2026-08-13|2026-08-14|2026-08-17|2026-08-18|2026-08-19,2026-08-19 15:05:26,0.0
UPS,,2026-07-08|2026-07-09|2026-07-10|2026-07-13|2026-07-14|2026-07-15|2026-07-16|2026-07-17|2026-07-20|2026-07-22|2026-07-23|2026-07-24|2026-07-27|2026-07-28|2026-07-29|2026-07-30|2026-07-31|2026-08-03|2026-08-04|2026-08-05|2026-08-06|2026-08-07|2026-08-10|2026-08-11|2026-08-12|2026-08-13|2026-08-14|2026-08-17|2026-08-18|2026-08-19,2026-08-19 15:05:26,0.0
Johnson & Johnson,,2026-07-09|2026-07-10|2026-07-13|2026-07-14|2026-07-15|2026-07-16|2026-07-17|2026-07-20|2026-07-21|2026-07-22|2026-07-23|2026-07-24|2026-07-27|2026-07-28|2026-07-29|2026-07-30|2026-07-31|2026-08-03|2026-08-04|2026-08-05|2026-08-06|2026-08-07|2026-08-10|2026-08-11|2026-08-12|2026-08-13|2026-08-14|2026-08-17|2026-08-18|2026-08-19,2026-08-19 15:05:26,0.0
FedEx,,2026-07-08|2026-07-09|2026-07-10|2026-07-13|2026-07-14|2026-07-15|2026-07-16|2026-07-17|2026-07-20|2026-07-21|2026-07-23|2026-07-24|2026-07-27|2026-07-28|2026-07-29|2026-07-30|2026-07-31|2026-08-03|2026-08-04|2026-08-05|2026-08-06|2026-08-07|2026-08-10|2026-08-11|2026-08-12|2026-08-13|2026-08-14|2026-08-17|2026-08-18|2026-08-19,2026-08-19 15:05:26,0.0
Archer Daniels Midland,,2026-07-09|2026-07-10|2026-07-13|2026-07-14|2026-07-15|2026-07-16|2026-07-17|2026-07-20|2026-07-21|2026-07-22|2026-07-23|2026-07-24|2026-07-27|2026-07-28|2026-07-29|2026-07-30|2026-07-31|2026-08-03|2026-08-04|2026-08-05|2026-08-06|2026-08-07|2026-08-10|2026-08-11|2026-08-12|2026-08-13|2026-08-14|2026-08-17|2026-08-18|2026-08-19,2026-08-19 15:05:26,0.0
Procter & Gamble,,2026-07-09|2026-07-10|2026-07-13|2026-07-14|2026-07-15|2026-07-16|2026-07-17|2026-07-20|2026-07-21|2026-07-22|2026-07-23|2026-07-24|2026-07-27|2026-07-28|2026-07-29|2026-07-30|2026-07-31|2026-08-03|2026-08-04|2026-08-05|2026-08-06|2026-08-07|2026-08-10|2026-08-11|2026-08-12|2026-08-13|2026-08-14|2026-08-17|2026-08-18|2026-08-19,2026-08-19 15:05:26,0.0
Lowe's,,2026-07-09|2026-07-10|2026-07-13|2026-07-14|2026-07-15|2026-07-16|2026-07-17|2026-07-20|2026-07-21|2026-07-22|2026-07-23|2026-07-24|2026-07-27|2026-07-28|2026-07-29|2026-07-30|2026-07-31|2026-08-03|2026-08-04|2026-08-05|2026-08-06|2026-08-07|2026-08-10|2026-08-11|2026-08-12|2026-08-13|2026-08-14|2026-08-17|2026-08-18|2026-08-19,2026-08-19 15:05:26,0.0
Energy Transfer,,2026-07-09|2026-07-10|2026-07-13|2026-07-14|2026-07-15|2026-07-16|2026-07-17|2026-07-20|2026-07-21|2026-07-22|2026-07-23|2026-07-24|2026-07-27|2026-07-28|2026-07-29|2026-07-30|2026-07-31|2026-08-03|2026-08-04|2026-08-05|2026-08-06|2026-08-07|2026-08-10|2026-08-11|2026-08-12|2026-08-13|2026-08-14|2026-08-17|2026-08-18|2026-08-19,2026-08-19 15:05:26,0.0
RTX,,2026-07-09|2026-07-10|2026-07-13|2026-07-14|2026-07-15|2026-07-16|2026-07-17|2026-07-20|2026-07-21|2026-07-22|2026-07-23|2026-07-24|2026-07-27|2026-07-28|2026-07-29|2026-07-30|2026-07-31|2026-08-03|2026-08-04|2026-08-05|2026-08-06|2026-08-07|2026-08-10|2026-08-11|2026-08-12|2026-08-13|2026-08-14|2026-08-17|2026-08-18|2026-08-19,2026-08-19 15:05:26,0.0
Albertsons,,2026-07-09|2026-07-10|2026-07-13|2026-07-14|2026-07-15|2026-07-16|2026-07-17|2026-07-20|2026-07-21|2026-07-22|2026-07-23|2026-07-24|2026-07-27|2026-07-28|2026-07-29|2026-07-30|2026-07-31|2026-08-03|2026-08-04|2026-08-05|2026-08-06|2026-08-07|2026-08-10|2026-08-11|2026-08-12|2026-08-13|2026-08-14|2026-08-17|2026-08-18|2026-08-19,2026-08-19 15:05:26,0.0
Sysco,,2026-07-07|2026-07-08|2026-07-09|2026-07-10|2026-07-13|2026-07-14|2026-07-15|2026-07-16|2026-07-17|2026-07-20|2026-07-23|2026-07-24|2026-07-27|2026-07-28|2026-07-29|2026-07-30|2026-07-31|2026-08-03|2026-08-04|2026-08-05|2026-08-06|2026-08-07|2026-08-10|2026-08-11|2026-08-12|2026-08-13|2026-08-14|2026-08-17|2026-08-18|2026-08-19,2026-08-19 15:05:26,0.0
Progressive Insurance,,2026-07-07|2026-07-08|2026-07-09|2026-07-10|2026-07-13|2026-07-14|2026-07-15|2026-07-16|2026-07-17|2026-07-20|2026-07-23|2026-07-24|2026-07-27|2026-07-28|2026-07-29|2026-07-30|2026-07-31|2026-08-03|2026-08-04|2026-08-05|2026-08-06|2026-08-07|2026-08-10|2026-08-11|2026-08-12|2026-08-13|2026-08-14|2026-08-17|2026-08-18|2026-08-19,2026-08-19 15:05:26,0.0
American Express,,2026-07-08|2026-07-09|2026-07-10|2026-07-13|2026-07-14|2026-07-15|2026-07-16|2026-07-17|2026-07-20|2026-07-22|2026-07-23|2026-07-24|2026-07-27|2026-07-28|2026-07-29|2026-07-30|2026-07-31|2026-08-03|2026-08-04|2026-08-05|2026-08-06|2026-08-07|2026-08-10|2026-08-11|2026-08-12|2026-08-13|2026-08-14|2026-08-17|2026-08-18|2026-08-19,2026-08-19 15:05:26,0.0
Lockheed Martin,,2026-07-09|2026-07-10|2026-07-13|2026-07-14|2026-07-15|2026-07-16|2026-07-17|2026-07-20|2026-07-21|2026-07-22|2026-07-23|2026-07-24|2026-07-27|2026-07-28|2026-07-29|2026-07-30|2026-07-31|2026-08-03|2026-08-04|2026-08-05|2026-08-06|2026-08-07|2026-08-10|2026-08-11|2026-08-12|2026-08-13|2026-08-14|2026-08-17|2026-08-18|2026-08-19,2026-08-19 15:05:26,0.0
MetLife Inc,,2026-07-09|2026-07-10|2026-07-13|2026-07-14|2026-07-15|2026-07-16|2026-07-17|2026-07-20|2026-07-21|2026-07-22|2026-07-23|2026-07-24|2026-07-27|2026-07-28|2026-07-29|2026-07-30|2026-07-31|2026-08-03|2026-08-04|2026-08-05|2026-08-06|2026-08-07|2026-08-10|2026-08-11|2026-08-12|2026-08-13|2026-08-14|2026-08-17|2026-08-18|2026-08-19,2026-08-19 15:05:26,0.0
HCA Healthcare,,2026-07-09|2026-07-10|2026-07-13|2026-07-14|2026-07-15|2026-07-16|2026-07-17|2026-07-20|2026-07-21|2026-07-22|2026-07-23|2026-07-24|2026-07-27|2026-07-28|2026-07-29|2026-07-30|2026-07-31|2026-08-03|2026-08-04|2026-08-05|2026-08-06|2026-08-07|2026-08-10|2026-08-11|2026-08-12|2026-08-13|2026-08-14|2026-08-17|2026-08-18|2026-08-19,2026-08-19 15:05:26,0.0
Prudential Financial,,2026-07-09|2026-07-10|2026-07-13|2026-07-14|2026-07-15|2026-07-16|2026-07-17|2026-07-20|2026-07-21|2026-07-22|2026-07-23|2026-07-24|2026-07-27|2026-07-28|2026-07-29|2026-07-30|2026-07-31|2026-08-03|2026-08-04|2026-08-05|2026-08-06|2026-08-07|2026-08-10|2026-08-11|2026-08-12|2026-08-13|2026-08-14|2026-08-17|2026-08-18|2026-08-19,2026-08-19 15:05:26,0.0
Boeing,,2026-07-09|2026-07-10|2026-07-13|2026-07-14|2026-07-15|2026-07-16|2026-07-17|2026-07-20|2026-07-21|2026-07-22|2026-07-23|2026-07-24|2026-07-27|2026-07-28|2026-07-29|2026-07-30|2026-07-31|2026-08-03|2026-08-04|2026-08-05|2026-08-06|2026-08-07|2026-08-10|2026-08-11|2026-08-12|2026-08-13|2026-08-14|2026-08-17|2026-08-18|2026-08-19,2026-08-19 15:05:26,0.0
Caterpillar,,2026-07-09|2026-07-10|2026-07-13|2026-07-14|2026-07-15|2026-07-16|2026-07-17|2026-07-20|2026-07-21|2026-07-22|2026-07-23|2026-07-24|2026-07-27|2026-07-28|2026-07-29|2026-07-30|2026-07-31|2026-08-03|2026-08-04|2026-08-05|2026-08-06|2026-08-07|2026-08-10|2026-08-11|2026-08-12|2026-08-13|2026-08-14|2026-08-17|2026-08-18|2026-08-19,2026-08-19 15:05:26,0.0
Merck,,2026-07-09|2026-07-10|2026-07-13|2026-07-14|2026-07-15|2026-07-16|2026-07-17|2026-07-20|2026-07-21|2026-07-22|2026-07-23|2026-07-24|2026-07-27|2026-07-28|2026-07-29|2026-07-30|2026-07-31|2026-08-03|2026-08-04|2026-08-05|2026-08-06|2026-08-07|2026-08-10|2026-08-11|2026-08-12|2026-08-13|2026-08-14|2026-08-17|2026-08-18|2026-08-19,2026-08-19 15:05:26,0.0
Allstate,,2026-07-07|2026-07-08|2026-07-09|2026-07-10|2026-07-13|2026-07-14|2026-07-15|2026-07-16|2026-07-17|2026-07-20|2026-07-23|2026-07-24|2026-07-27|2026-07-28|2026-07-29|2026-07-30|2026-07-31|2026-08-03|2026-08-04|2026-08-05|2026-08-06|2026-08-07|2026-08-10|2026-08-11|2026-08-12|2026-08-13|2026-08-14|2026-08-17|2026-08-18|2026-08-19,2026-08-19 15:05:26,0.0
Pfizer,,2026-07-09|2026-07-10|2026-07-13|2026-07-14|2026-07-15|2026-07-16|2026-07-17|2026-07-20|2026-07-21|2026-07-22|2026-07-23|2026-07-24|2026-07-27|2026-07-28|2026-07-29|2026-07-30|2026-07-31|2026-08-03|2026-08-04|2026-08-05|2026-08-06|2026-08-07|2026-08-10|2026-08-11|2026-08-12|2026-08-13|2026-08-14|2026-08-17|2026-08-18|2026-08-19,2026-08-19 15:05:26,0.0
IBM,,2026-07-09|2026-07-10|2026-07-13|2026-07-14|2026-07-15|2026-07-16|2026-07-17|2026-07-20|2026-07-21|2026-07-22|2026-07-23|2026-07-24|2026-07-27|2026-07-28|2026-07-29|2026-07-30|2026-07-31|2026-08-03|2026-08-04|2026-08-05|2026-08-06|2026-08-07|2026-08-10|2026-08-11|2026-08-12|2026-08-13|2026-08-14|2026-08-17|2026-08-18|2026-08-19,2026-08-19 15:05:26,0.0
Delta Air Lines,,2026-07-09|2026-07-10|2026-07-13|2026-07-14|2026-07-15|2026-07-16|2026-07-17|2026-07-20|2026-07-21|2026-07-22|2026-07-23|2026-07-24|2026-07-27|2026-07-28|2026-07-29|2026-07-30|2026-07-31|2026-08-03|2026-08-04|2026-08-05|2026-08-06|2026-08-07|2026-08-10|2026-08-11|2026-08-12|2026-08-13|2026-08-14|2026-08-17|2026-08-18|2026-08-19,2026-08-19 15:05:26,0.0
Publix Super Markets,,2026-07-09|2026-07-10|2026-07-13|2026-07-14|2026-07-15|2026-07-16|2026-07-17|2026-07-20|2026-07-21|2026-07-22|2026-07-23|2026-07-24|2026-07-27|2026-07-28|2026-07-29|2026-07-30|2026-07-31|2026-08-03|2026-08-04|2026-08-05|2026-08-06|2026-08-07|2026-08-10|2026-08-11|2026-08-12|2026-08-13|2026-08-14|2026-08-17|2026-08-18|2026-08-19,2026-08-19 15:05:26,0.0
TD Synnex,,2026-07-06|2026-07-07|2026-07-08|2026-07-09|2026-07-10|2026-07-13|2026-07-14|2026-07-15|2026-07-16|2026-07-17|2026-07-20|2026-07-23|2026-07-24|2026-07-27|2026-07-28|2026-07-29|2026-07-30|2026-08-03|2026-08-04|2026-08-05|2026-08-06|2026-08-07|2026-08-10|2026-08-11|2026-08-12|2026-08-13|2026-08-14|2026-08-17|2026-08-18|2026-08-19,2026-08-19 15:05:26,0.0
United Airlines,,2026-07-08|2026-07-09|2026-07-10|2026-07-13|2026-07-14|2026-07-15|2026-07-16|2026-07-17|2026-07-20|2026-07-22|2026-07-23|2026-07-24|2026-07-27|2026-07-28|2026-07-29|2026-07-30|2026-07-31|2026-08-03|2026-08-04|2026-08-05|2026-08-06|2026-08-07|2026-08-10|2026-08-11|2026-08-12|2026-08-13|2026-08-14|2026-08-17|2026-08-18|2026-08-19,2026-08-19 15:05:26,0.0
ConocoPhillips,,2026-07-09|2026-07-10|2026-07-13|2026-07-14|2026-07-15|2026-07-16|2026-07-17|2026-07-20|2026-07-21|2026-07-22|2026-07-23|2026-07-24|2026-07-27|2026-07-28|2026-07-29|2026-07-30|2026-07-31|2026-08-03|2026-08-04|2026-08-05|2026-08-06|2026-08-07|2026-08-10|2026-08-11|2026-08-12|2026-08-13|2026-08-14|2026-08-17|2026-08-18|2026-08-19,2026-08-19 15:05:26,0.0
TJX,,2026-07-07|2026-07-08|2026-07-09|2026-07-10|2026-07-13|2026-07-14|2026-07-15|2026-07-16|2026-07-17|2026-07-20|2026-07-23|2026-07-24|2026-07-27|2026-07-28|2026-07-29|2026-07-30|2026-07-31|2026-08-03|2026-08-04|2026-08-05|2026-08-06|2026-08-07|2026-08-10|2026-08-11|2026-08-12|2026-08-13|2026-08-14|2026-08-17|2026-08-18|2026-08-19,2026-08-19 15:05:26,0.0
AbbVie,,2026-07-09|2026-07-10|2026-07-13|2026-07-14|2026-07-15|2026-07-16|2026-07-17|2026-07-20|2026-07-21|2026-07-22|2026-07-23|2026-07-24|2026-07-27|2026-07-28|2026-07-29|2026-07-30|2026-07-31|2026-08-03|2026-08-04|2026-08-05|2026-08-06|2026-08-07|2026-08-10|2026-08-11|2026-08-12|2026-08-13|2026-08-14|2026-08-17|2026-08-18|2026-08-19,2026-08-19 15:05:26,0.0
Enterprise Products Partners,,2026-07-09|2026-07-10|2026-07-13|2026-07-14|2026-07-15|2026-07-16|2026-07-17|2026-07-20|2026-07-21|2026-07-22|2026-07-23|2026-07-24|2026-07-27|2026-07-28|2026-07-29|2026-07-30|2026-07-31|2026-08-03|2026-08-04|2026-08-05|2026-08-06|2026-08-07|2026-08-10|2026-08-11|2026-08-12|2026-08-13|2026-08-14|2026-08-17|2026-08-18|2026-08-19,2026-08-19 15:05:26,0.0
Charter Communications,,2026-07-09|2026-07-10|2026-07-13|2026-07-14|2026-07-15|2026-07-16|2026-07-17|2026-07-20|2026-07-21|2026-07-22|2026-07-23|2026-07-24|2026-07-27|2026-07-28|2026-07-29|2026-07-30|2026-07-31|2026-08-03|2026-08-04|2026-08-05|2026-08-06|2026-08-07|2026-08-10|2026-08-11|2026-08-12|2026-08-13|2026-08-14|2026-08-17|2026-08-18|2026-08-19,2026-08-19 15:05:26,0.0
Performance Food,,2026-07-06|2026-07-07|2026-07-08|2026-07-09|2026-07-10|2026-07-13|2026-07-14|2026-07-15|2026-07-16|2026-07-17|2026-07-20|2026-07-23|2026-07-24|2026-07-27|2026-07-28|2026-07-29|2026-07-30|2026-08-03|2026-08-04|2026-08-05|2026-08-06|2026-08-07|2026-08-10|2026-08-11|2026-08-12|2026-08-13|2026-08-14|2026-08-17|2026-08-18|2026-08-19,2026-08-19 15:05:26,0.0
American Airlines,,2026-07-09|2026-07-10|2026-07-13|2026-07-14|2026-07-15|2026-07-16|2026-07-17|2026-07-20|2026-07-21|2026-07-22|2026-07-23|2026-07-24|2026-07-27|2026-07-28|2026-07-29|2026-07-30|2026-07-31|2026-08-03|2026-08-04|2026-08-05|2026-08-06|2026-08-07|2026-08-10|2026-08-11|2026-08-12|2026-08-13|2026-08-14|2026-08-17|2026-08-18|2026-08-19,2026-08-19 15:05:26,0.0
Capital One,,2026-07-09|2026-07-10|2026-07-13|2026-07-14|2026-07-15|2026-07-16|2026-07-17|2026-07-20|2026-07-21|2026-07-22|2026-07-23|2026-07-24|2026-07-27|2026-07-28|2026-07-29|2026-07-30|2026-07-31|2026-08-03|2026-08-04|2026-08-05|2026-08-06|2026-08-07|2026-08-10|2026-08-11|2026-08-12|2026-08-13|2026-08-14|2026-08-17|2026-08-18|2026-08-19,2026-08-19 15:05:26,0.0
Cisco Systems,,2026-07-09|2026-07-10|2026-07-13|2026-07-14|2026-07-15|2026-07-16|2026-07-17|2026-07-20|2026-07-21|2026-07-22|2026-07-23|2026-07-24|2026-07-27|2026-07-28|2026-07-29|2026-07-30|2026-07-31|2026-08-03|2026-08-04|2026-08-05|2026-08-06|2026-08-07|2026-08-10|2026-08-11|2026-08-12|2026-08-13|2026-08-14|2026-08-17|2026-08-18|2026-08-19,2026-08-19 15:05:26,0.0
HP,,2026-07-09|2026-07-10|2026-07-13|2026-07-14|2026-07-15|2026-07-16|2026-07-17|2026-07-20|2026-07-21|2026-07-22|2026-07-23|2026-07-24|2026-07-27|2026-07-28|2026-07-29|2026-07-30|2026-07-31|2026-08-03|2026-08-04|2026-08-05|2026-08-06|2026-08-07|2026-08-10|2026-08-11|2026-08-12|2026-08-13|2026-08-14|2026-08-17|2026-08-18|2026-08-19,2026-08-19 15:05:26,0.0
Tyson Foods,,2026-07-07|2026-07-08|2026-07-09|2026-07-10|2026-07-13|2026-07-14|2026-07-15|2026-07-16|2026-07-17|2026-07-20|2026-07-23|2026-07-24|2026-07-27|2026-07-28|2026-07-29|2026-07-30|2026-07-31|2026-08-03|2026-08-04|2026-08-05|2026-08-06|2026-08-07|2026-08-10|2026-08-11|2026-08-12|2026-08-13|2026-08-14|2026-08-17|2026-08-18|2026-08-19,2026-08-19 15:05:26,0.0
Intel,,2026-07-09|2026-07-10|2026-07-13|2026-07-14|2026-07-15|2026-07-16|2026-07-17|2026-07-20|2026-07-21|2026-07-22|2026-07-23|2026-07-24|2026-07-27|2026-07-28|2026-07-29|2026-07-30|2026-07-31|2026-08-03|2026-08-04|2026-08-05|2026-08-06|2026-08-07|2026-08-10|2026-08-11|2026-08-12|2026-08-13|2026-08-14|2026-08-17|2026-08-18|2026-08-19,2026-08-19 15:05:26,0.0
Oracle,,2026-07-09|2026-07-10|2026-07-13|2026-07-14|2026-07-15|2026-07-16|2026-07-17|2026-07-20|2026-07-21|2026-07-22|2026-07-23|2026-07-24|2026-07-27|2026-07-28|2026-07-29|2026-07-30|2026-07-31|2026-08-03|2026-08-04|2026-08-05|2026-08-06|2026-08-07|2026-08-10|2026-08-11|2026-08-12|2026-08-13|2026-08-14|2026-08-17|2026-08-18|2026-08-19,2026-08-19 15:05:26,0.0
Broadcom,,2026-07-09|2026-07-10|2026-07-13|2026-07-14|2026-07-15|2026-07-16|2026-07-17|2026-07-20|2026-07-21|2026-07-22|2026-07-23|2026-07-24|2026-07-27|2026-07-28|2026-07-29|2026-07-30|2026-07-31|2026-08-03|2026-08-04|2026-08-05|2026-08-06|2026-08-07|2026-08-10|2026-08-11|2026-08-12|2026-08-13|2026-08-14|2026-08-17|2026-08-18|2026-08-19,2026-08-19 15:05:26,0.0
Deere,,2026-07-06|2026-07-07|2026-07-08|2026-07-09|2026-07-10|2026-07-13|2026-07-14|2026-07-15|2026-07-16|2026-07-17|2026-07-20|2026-07-23|2026-07-24|2026-07-27|2026-07-28|2026-07-29|2026-07-30|2026-08-03|2026-08-04|2026-08-05|2026-08-06|2026-08-07|2026-08-10|2026-08-11|2026-08-12|2026-08-13|2026-08-14|2026-08-17|2026-08-18|2026-08-19,2026-08-19 15:05:26,0.0
Nike,,2026-07-09|2026-07-10|2026-07-13|2026-07-14|2026-07-15|2026-07-16|2026-07-17|2026-07-20|2026-07-21|2026-07-22|2026-07-23|2026-07-24|2026-07-27|2026-07-28|2026-07-29|2026-07-30|2026-07-31|2026-08-03|2026-08-04|2026-08-05|2026-08-06|2026-08-07|2026-08-10|2026-08-11|2026-08-12|2026-08-13|2026-08-14|2026-08-17|2026-08-18|2026-08-19,2026-08-19 15:05:26,0.0
Plains GP,,2026-07-09|2026-07-10|2026-07-13|2026-07-14|2026-07-15|2026-07-16|2026-07-17|2026-07-20|2026-07-21|2026-07-22|2026-07-23|2026-07-24|2026-07-27|2026-07-28|2026-07-29|2026-07-30|2026-07-31|2026-08-03|2026-08-04|2026-08-05|2026-08-06|2026-08-07|2026-08-10|2026-08-11|2026-08-12|2026-08-13|2026-08-14|2026-08-17|2026-08-18|2026-08-19,2026-08-19 15:05:26,0.0
Bristol-Myers Squibb,,2026-07-08|2026-07-09|2026-07-10|2026-07-13|2026-07-14|2026-07-15|2026-07-16|2026-07-17|2026-07-20|2026-07-22|2026-07-23|2026-07-24|2026-07-27|2026-07-28|2026-07-29|2026-07-30|2026-07-31|2026-08-03|2026-08-04|2026-08-05|2026-08-06|2026-08-07|2026-08-10|2026-08-11|2026-08-12|2026-08-13|2026-08-14|2026-08-17|2026-08-18|2026-08-19,2026-08-19 15:05:26,0.0
Ingram Micro,,2026-07-09|2026-07-10|2026-07-13|2026-07-14|2026-07-15|2026-07-16|2026-07-17|2026-07-20|2026-07-21|2026-07-22|2026-07-23|2026-07-24|2026-07-27|2026-07-28|2026-07-29|2026-07-30|2026-07-31|2026-08-03|2026-08-04|2026-08-05|2026-08-06|2026-08-07|2026-08-10|2026-08-11|2026-08-12|2026-08-13|2026-08-14|2026-08-17|2026-08-18|2026-08-19,2026-08-19 15:05:26,0.0
General Dynamics,,2026-07-07|2026-07-08|2026-07-09|2026-07-10|2026-07-13|2026-07-14|2026-07-15|2026-07-16|2026-07-17|2026-07-20|2026-07-23|2026-07-24|2026-07-27|2026-07-28|2026-07-29|2026-07-30|2026-07-31|2026-08-03|2026-08-04|2026-08-05|2026-08-06|2026-08-07|2026-08-10|2026-08-11|2026-08-12|2026-08-13|2026-08-14|2026-08-17|2026-08-18|2026-08-19,2026-08-19 15:05:26,0.0
The Coca-Cola Company,,2026-07-09|2026-07-10|2026-07-13|2026-07-14|2026-07-15|2026-07-16|2026-07-17|2026-07-20|2026-07-21|2026-07-22|2026-07-23|2026-07-24|2026-07-27|2026-07-28|2026-07-29|2026-07-30|2026-07-31|2026-08-03|2026-08-04|2026-08-05|2026-08-06|2026-08-07|2026-08-10|2026-08-11|2026-08-12|2026-08-13|2026-08-14|2026-08-17|2026-08-18|2026-08-19,2026-08-19 15:05:26,0.0
Travelers Insurance,,2026-07-08|2026-07-09|2026-07-10|2026-07-13|2026-07-14|2026-07-15|2026-07-16|2026-07-17|2026-07-20|2026-07-21|2026-07-23|2026-07-24|2026-07-27|2026-07-28|2026-07-29|2026-07-30|2026-07-31|2026-08-03|2026-08-04|2026-08-05|2026-08-06|2026-08-07|2026-08-10|2026-08-11|2026-08-12|2026-08-13|2026-08-14|2026-08-17|2026-08-18|2026-08-19,2026-08-19 15:05:26,0.0
Eli Lilly,,2026-07-09|2026-07-10|2026-07-13|2026-07-14|2026-07-15|2026-07-16|2026-07-17|2026-07-20|2026-07-21|2026-07-22|2026-07-23|2026-07-24|2026-07-27|2026-07-28|2026-07-29|2026-07-30|2026-07-31|2026-08-03|2026-08-04|2026-08-05|2026-08-06|2026-08-07|2026-08-10|2026-08-11|2026-08-12|2026-08-13|2026-08-14|2026-08-17|2026-08-18|2026-08-19,2026-08-19 15:05:26,0.0
Uber,,2026-07-09|2026-07-10|2026-07-13|2026-07-14|2026-07-15|2026-07-16|2026-07-17|2026-07-20|2026-07-21|2026-07-22|2026-07-23|2026-07-24|2026-07-27|2026-07-28|2026-07-29|2026-07-30|2026-07-31|2026-08-03|2026-08-04|2026-08-05|2026-08-06|2026-08-07|2026-08-10|2026-08-11|2026-08-12|2026-08-13|2026-08-14|2026-08-17|2026-08-18|2026-08-19,2026-08-19 15:05:26,0.0
Thermo Fisher Scientific,,2026-07-09|2026-07-10|2026-07-13|2026-07-14|2026-07-15|2026-07-16|2026-07-17|2026-07-20|2026-07-21|2026-07-22|2026-07-23|2026-07-24|2026-07-27|2026-07-28|2026-07-29|2026-07-30|2026-07-31|2026-08-03|2026-08-04|2026-08-05|2026-08-06|2026-08-07|2026-08-10|2026-08-11|2026-08-12|2026-08-13|2026-08-14|2026-08-17|2026-08-18|2026-08-19,2026-08-19 15:05:26,0.0
US Bancorp,,2026-07-07|2026-07-08|2026-07-09|2026-07-10|2026-07-13|2026-07-14|2026-07-15|2026-07-16|2026-07-17|2026-07-20|2026-07-23|2026-07-24|2026-07-27|2026-07-28|2026-07-29|2026-07-30|2026-07-31|2026-08-03|2026-08-04|2026-08-05|2026-08-06|2026-08-07|2026-08-10|2026-08-11|2026-08-12|2026-08-13|2026-08-14|2026-08-17|2026-08-18|2026-08-19,2026-08-19 15:05:26,0.0
World Kinect,,2026-07-06|2026-07-07|2026-07-08|2026-07-09|2026-07-10|2026-07-13|2026-07-14|2026-07-15|2026-07-16|2026-07-17|2026-07-20|2026-07-23|2026-07-24|2026-07-27|2026-07-28|2026-07-29|2026-07-30|2026-08-03|2026-08-04|2026-08-05|2026-08-06|2026-08-07|2026-08-10|2026-08-11|2026-08-12|2026-08-13|2026-08-14|2026-08-17|2026-08-18|2026-08-19,2026-08-19 15:05:26,0.0
Abbott Laboratories,,2026-07-09|2026-07-10|2026-07-13|2026-07-14|2026-07-15|2026-07-16|2026-07-17|2026-07-20|2026-07-21|2026-07-22|2026-07-23|2026-07-24|2026-07-27|2026-07-28|2026-07-29|2026-07-30|2026-07-31|2026-08-03|2026-08-04|2026-08-05|2026-08-06|2026-08-07|2026-08-10|2026-08-11|2026-08-12|2026-08-13|2026-08-14|2026-08-17|2026-08-18|2026-08-19,2026-08-19 15:05:26,0.0
Best Buy,,2026-07-06|2026-07-07|2026-07-08|2026-07-09|2026-07-10|2026-07-13|2026-07-14|2026-07-15|2026-07-16|2026-07-17|2026-07-20|2026-07-23|2026-07-24|2026-07-27|2026-07-28|2026-07-29|2026-07-30|2026-08-03|2026-08-04|2026-08-05|2026-08-06|2026-08-07|2026-08-10|2026-08-11|2026-08-12|2026-08-13|2026-08-14|2026-08-17|2026-08-18|2026-08-19,2026-08-19 15:05:26,0.0
Northrop Grumman,,2026-07-09|2026-07-10|2026-07-13|2026-07-14|2026-07-15|2026-07-16|2026-07-17|2026-07-20|2026-07-21|2026-07-22|2026-07-23|2026-07-24|2026-07-27|2026-07-28|2026-07-29|2026-07-30|2026-07-31|2026-08-03|2026-08-04|2026-08-05|2026-08-06|2026-08-07|2026-08-10|2026-08-11|2026-08-12|2026-08-13|2026-08-14|2026-08-17|2026-08-18|2026-08-19,2026-08-19 15:05:26,0.0
Molina Healthcare,,2026-07-09|2026-07-10|2026-07-13|2026-07-14|2026-07-15|2026-07-16|2026-07-17|2026-07-20|2026-07-21|2026-07-22|2026-07-23|2026-07-24|2026-07-27|2026-07-28|2026-07-29|2026-07-30|2026-07-31|2026-08-03|2026-08-04|2026-08-05|2026-08-06|2026-08-07|2026-08-10|2026-08-11|2026-08-12|2026-08-13|2026-08-14|2026-08-17|2026-08-18|2026-08-19,2026-08-19 15:05:26,0.0
Dollar General,,2026-07-09|2026-07-10|2026-07-13|2026-07-14|2026-07-15|2026-07-16|2026-07-17|2026-07-20|2026-07-21|2026-07-22|2026-07-23|2026-07-24|2026-07-27|2026-07-28|2026-07-29|2026-07-30|2026-07-31|2026-08-03|2026-08-04|2026-08-05|2026-08-06|2026-08-07|2026-08-10|2026-08-11|2026-08-12|2026-08-13|2026-08-14|2026-08-17|2026-08-18|2026-08-19,2026-08-19 15:05:26,0.0
Warner Bros Discovery,,2026-07-09|2026-07-10|2026-07-13|2026-07-14|2026-07-15|2026-07-16|2026-07-17|2026-07-20|2026-07-21|2026-07-22|2026-07-23|2026-07-24|2026-07-27|2026-07-28|2026-07-29|2026-07-30|2026-07-31|2026-08-03|2026-08-04|2026-08-05|2026-08-06|2026-08-07|2026-08-10|2026-08-11|2026-08-12|2026-08-13|2026-08-14|2026-08-17|2026-08-18|2026-08-19,2026-08-19 15:05:26,0.0
Netflix,,2026-07-09|2026-07-10|2026-07-13|2026-07-14|2026-07-15|2026-07-16|2026-07-17|2026-07-20|2026-07-21|2026-07-22|2026-07-23|2026-07-24|2026-07-27|2026-07-28|2026-07-29|2026-07-30|2026-07-31|2026-08-03|2026-08-04|2026-08-05|2026-08-06|2026-08-07|2026-08-10|2026-08-11|2026-08-12|2026-08-13|2026-08-14|2026-08-17|2026-08-18|2026-08-19,2026-08-19 15:05:26,0.0
Qualcomm,,2026-07-09|2026-07-10|2026-07-13|2026-07-14|2026-07-15|2026-07-16|2026-07-17|2026-07-20|2026-07-21|2026-07-22|2026-07-23|2026-07-24|2026-07-27|2026-07-28|2026-07-29|2026-07-30|2026-07-31|2026-08-03|2026-08-04|2026-08-05|2026-08-06|2026-08-07|2026-08-10|2026-08-11|2026-08-12|2026-08-13|2026-08-14|2026-08-17|2026-08-18|2026-08-19,2026-08-19 15:05:26,0.0
Honeywell,,2026-07-08|2026-07-09|2026-07-10|2026-07-13|2026-07-14|2026-07-15|2026-07-16|2026-07-17|2026-07-20|2026-07-22|2026-07-23|2026-07-24|2026-07-27|2026-07-28|2026-07-29|2026-07-30|2026-07-31|2026-08-03|2026-08-04|2026-08-05|2026-08-06|2026-08-07|2026-08-10|2026-08-11|2026-08-12|2026-08-13|2026-08-14|2026-08-17|2026-08-18|2026-08-19,2026-08-19 15:05:26,0.0
Salesforce,,2026-07-09|2026-07-10|2026-07-13|2026-07-14|2026-07-15|2026-07-16|2026-07-17|2026-07-20|2026-07-21|2026-07-22|2026-07-23|2026-07-24|2026-07-27|2026-07-28|2026-07-29|2026-07-30|2026-07-31|2026-08-03|2026-08-04|2026-08-05|2026-08-06|2026-08-07|2026-08-10|2026-08-11|2026-08-12|2026-08-13|2026-08-14|2026-08-17|2026-08-18|2026-08-19,2026-08-19 15:05:26,0.0
Philip Morris International,,2026-07-09|2026-07-10|2026-07-13|2026-07-14|2026-07-15|2026-07-16|2026-07-17|2026-07-20|2026-07-21|2026-07-22|2026-07-23|2026-07-24|2026-07-27|2026-07-28|2026-07-29|2026-07-30|2026-07-31|2026-08-03|2026-08-04|2026-08-05|2026-08-06|2026-08-07|2026-08-10|2026-08-11|2026-08-12|2026-08-13|2026-08-14|2026-08-17|2026-08-18|2026-08-19,2026-08-19 15:05:26,0.0
US Foods,,2026-07-06|2026-07-07|2026-07-08|2026-07-09|2026-07-10|2026-07-13|2026-07-14|2026-07-15|2026-07-16|2026-07-17|2026-07-20|2026-07-23|2026-07-24|2026-07-27|2026-07-28|2026-07-29|2026-07-30|2026-08-03|2026-08-04|2026-08-05|2026-08-06|2026-08-07|2026-08-10|2026-08-11|2026-08-12|2026-08-13|2026-08-14|2026-08-17|2026-08-18|2026-08-19,2026-08-19 15:05:26,0.0
DR Horton Inc,,2026-07-06|2026-07-07|2026-07-08|2026-07-09|2026-07-10|2026-07-13|2026-07-14|2026-07-15|2026-07-16|2026-07-17|2026-07-20|2026-07-23|2026-07-24|2026-07-27|2026-07-28|2026-07-29|2026-07-30|2026-08-03|2026-08-04|2026-08-05|2026-08-06|2026-08-07|2026-08-10|2026-08-11|2026-08-12|2026-08-13|2026-08-14|2026-08-17|2026-08-18|2026-08-19,2026-08-19 15:05:26,0.0
Lithia Motors,,2026-07-09|2026-07-10|2026-07-13|2026-07-14|2026-07-15|2026-07-16|2026-07-17|2026-07-20|2026-07-21|2026-07-22|2026-07-23|2026-07-24|2026-07-27|2026-07-28|2026-07-29|2026-07-30|2026-07-31|2026-08-03|2026-08-04|2026-08-05|2026-08-06|2026-08-07|2026-08-10|2026-08-11|2026-08-12|2026-08-13|2026-08-14|2026-08-17|2026-08-18|2026-08-19,2026-08-19 15:05:26,0.0
Mondelez,,2026-07-09|2026-07-10|2026-07-13|2026-07-14|2026-07-15|2026-07-16|2026-07-17|2026-07-20|2026-07-21|2026-07-22|2026-07-23|2026-07-24|2026-07-27|2026-07-28|2026-07-29|2026-07-30|2026-07-31|2026-08-03|2026-08-04|2026-08-05|2026-08-06|2026-08-07|2026-08-10|2026-08-11|2026-08-12|2026-08-13|2026-08-14|2026-08-17|2026-08-18|2026-08-19,2026-08-19 15:05:26,0.0
Starbucks,,2026-07-09|2026-07-10|2026-07-13|2026-07-14|2026-07-15|2026-07-16|2026-07-17|2026-07-20|2026-07-21|2026-07-22|2026-07-23|2026-07-24|2026-07-27|2026-07-28|2026-07-29|2026-07-30|2026-07-31|2026-08-03|2026-08-04|2026-08-05|2026-08-06|2026-08-07|2026-08-10|2026-08-11|2026-08-12|2026-08-13|2026-08-14|2026-08-17|2026-08-18|2026-08-19,2026-08-19 15:05:26,0.0
Visa Inc,,2026-07-09|2026-07-10|2026-07-13|2026-07-14|2026-07-15|2026-07-16|2026-07-17|2026-07-20|2026-07-21|2026-07-22|2026-07-23|2026-07-24|2026-07-27|2026-07-28|2026-07-29|2026-07-30|2026-07-31|2026-08-03|2026-08-04|2026-08-05|2026-08-06|2026-08-07|2026-08-10|2026-08-11|2026-08-12|2026-08-13|2026-08-14|2026-08-17|2026-08-18|2026-08-19,2026-08-19 15:05:26,0.0
CBRE Group,,2026-07-07|2026-07-08|2026-07-09|2026-07-10|2026-07-13|2026-07-14|2026-07-15|2026-07-16|2026-07-17|2026-07-20|2026-07-23|2026-07-24|2026-07-27|2026-07-28|2026-07-29|2026-07-30|2026-07-31|2026-08-03|2026-08-04|2026-08-05|2026-08-06|2026-08-07|2026-08-10|2026-08-11|2026-08-12|2026-08-13|2026-08-14|2026-08-17|2026-08-18|2026-08-19,2026-08-19 15:05:26,0.0
Lennar,,2026-07-09|2026-07-10|2026-07-13|2026-07-14|2026-07-15|2026-07-16|2026-07-17|2026-07-20|2026-07-21|2026-07-22|2026-07-23|2026-07-24|2026-07-27|2026-07-28|2026-07-29|2026-07-30|2026-07-31|2026-08-03|2026-08-04|2026-08-05|2026-08-06|2026-08-07|2026-08-10|2026-08-11|2026-08-12|2026-08-13|2026-08-14|2026-08-17|2026-08-18|2026-08-19,2026-08-19 15:05:26,0.0
GE Vernova,,2026-07-09|2026-07-10|2026-07-13|2026-07-14|2026-07-15|2026-07-16|2026-07-17|2026-07-20|2026-07-21|2026-07-22|2026-07-23|2026-07-24|2026-07-27|2026-07-28|2026-07-29|2026-07-30|2026-07-31|2026-08-03|2026-08-04|2026-08-05|2026-08-06|2026-08-07|2026-08-10|2026-08-11|2026-08-12|2026-08-13|2026-08-14|2026-08-17|2026-08-18|2026-08-19,2026-08-19 15:05:26,0.0
PNC Financial Services,,2026-07-09|2026-07-10|2026-07-13|2026-07-14|2026-07-15|2026-07-16|2026-07-17|2026-07-20|2026-07-21|2026-07-22|2026-07-23|2026-07-24|2026-07-27|2026-07-28|2026-07-29|2026-07-30|2026-07-31|2026-08-03|2026-08-04|2026-08-05|2026-08-06|2026-08-07|2026-08-10|2026-08-11|2026-08-12|2026-08-13|2026-08-14|2026-08-17|2026-08-18|2026-08-19,2026-08-19 15:05:26,0.0
Cummins Inc,,2026-07-06|2026-07-07|2026-07-08|2026-07-09|2026-07-10|2026-07-13|2026-07-14|2026-07-15|2026-07-16|2026-07-17|2026-07-20|2026-07-23|2026-07-24|2026-07-27|2026-07-28|2026-07-29|2026-07-30|2026-08-03|2026-08-04|2026-08-05|2026-08-06|2026-08-07|2026-08-10|2026-08-11|2026-08-12|2026-08-13|2026-08-14|2026-08-17|2026-08-18|2026-08-19,2026-08-19 15:05:26,0.0
Paccar,,2026-07-08|2026-07-09|2026-07-10|2026-07-13|2026-07-14|2026-07-15|2026-07-16|2026-07-17|2026-07-20|2026-07-21|2026-07-23|2026-07-24|2026-07-27|2026-07-28|2026-07-29|2026-07-30|2026-07-31|2026-08-03|2026-08-04|2026-08-05|2026-08-06|2026-08-07|2026-08-10|2026-08-11|2026-08-12|2026-08-13|2026-08-14|2026-08-17|2026-08-18|2026-08-19,2026-08-19 15:05:26,0.0
Amgen,,2026-07-08|2026-07-09|2026-07-10|2026-07-13|2026-07-14|2026-07-15|2026-07-16|2026-07-17|2026-07-20|2026-07-22|2026-07-23|2026-07-24|2026-07-27|2026-07-28|2026-07-29|2026-07-30|2026-07-31|2026-08-03|2026-08-04|2026-08-05|2026-08-06|2026-08-07|2026-08-10|2026-08-11|2026-08-12|2026-08-13|2026-08-14|2026-08-17|2026-08-18|2026-08-19,2026-08-19 15:05:26,0.0
PBF Energy,,2026-07-09|2026-07-10|2026-07-13|2026-07-14|2026-07-15|2026-07-16|2026-07-17|2026-07-20|2026-07-21|2026-07-22|2026-07-23|2026-07-24|2026-07-27|2026-07-28|2026-07-29|2026-07-30|2026-07-31|2026-08-03|2026-08-04|2026-08-05|2026-08-06|2026-08-07|2026-08-10|2026-08-11|2026-08-12|2026-08-13|2026-08-14|2026-08-17|2026-08-18|2026-08-19,2026-08-19 15:05:26,0.0
PayPal,,2026-07-09|2026-07-10|2026-07-13|2026-07-14|2026-07-15|2026-07-16|2026-07-17|2026-07-20|2026-07-21|2026-07-22|2026-07-23|2026-07-24|2026-07-27|2026-07-28|2026-07-29|2026-07-30|2026-07-31|2026-08-03|2026-08-04|2026-08-05|2026-08-06|2026-08-07|2026-08-10|2026-08-11|2026-08-12|2026-08-13|2026-08-14|2026-08-17|2026-08-18|2026-08-19,2026-08-19 15:05:26,0.0
United Natural Foods,,2026-07-06|2026-07-07|2026-07-08|2026-07-09|2026-07-10|2026-07-13|2026-07-14|2026-07-15|2026-07-16|2026-07-17|2026-07-20|2026-07-23|2026-07-24|2026-07-27|2026-07-28|2026-07-29|2026-07-30|2026-08-03|2026-08-04|2026-08-05|2026-08-06|2026-08-07|2026-08-10|2026-08-11|2026-08-12|2026-08-13|2026-08-14|2026-08-17|2026-08-18|2026-08-19,2026-08-19 15:05:26,0.0
Dollar Tree,,2026-07-06|2026-07-07|2026-07-08|2026-07-09|2026-07-10|2026-07-13|2026-07-14|2026-07-15|2026-07-16|2026-07-17|2026-07-20|2026-07-23|2026-07-24|2026-07-27|2026-07-28|2026-07-29|2026-07-30|2026-08-03|2026-08-04|2026-08-05|2026-08-06|2026-08-07|2026-08-10|2026-08-11|2026-08-12|2026-08-13|2026-08-14|2026-08-17|2026-08-18|2026-08-19,2026-08-19 15:05:26,0.0
Nucor,,2026-07-08|2026-07-09|2026-07-10|2026-07-13|2026-07-14|2026-07-15|2026-07-16|2026-07-17|2026-07-20|2026-07-21|2026-07-23|2026-07-24|2026-07-27|2026-07-28|2026-07-29|2026-07-30|2026-07-31|2026-08-03|2026-08-04|2026-08-05|2026-08-06|2026-08-07|2026-08-10|2026-08-11|2026-08-12|2026-08-13|2026-08-14|2026-08-17|2026-08-18|2026-08-19,2026-08-19 15:05:26,0.0
Penske Automotive,,2026-07-06|2026-07-07|2026-07-08|2026-07-09|2026-07-10|2026-07-13|2026-07-14|2026-07-15|2026-07-16|2026-07-17|2026-07-20|2026-07-23|2026-07-24|2026-07-27|2026-07-28|2026-07-29|2026-07-30|2026-08-03|2026-08-04|2026-08-05|2026-08-06|2026-08-07|2026-08-10|2026-08-11|2026-08-12|2026-08-13|2026-08-14|2026-08-17|2026-08-18|2026-08-19,2026-08-19 15:05:26,0.0
Coupang,,2026-07-09|2026-07-10|2026-07-13|2026-07-14|2026-07-15|2026-07-16|2026-07-17|2026-07-20|2026-07-21|2026-07-22|2026-07-23|2026-07-24|2026-07-27|2026-07-28|2026-07-29|2026-07-30|2026-07-31|2026-08-03|2026-08-04|2026-08-05|2026-08-06|2026-08-07|2026-08-10|2026-08-11|2026-08-12|2026-08-13|2026-08-14|2026-08-17|2026-08-18|2026-08-19,2026-08-19 15:05:26,0.0
Hewlett Packard Enterprise,,2026-07-09|2026-07-10|2026-07-13|2026-07-14|2026-07-15|2026-07-16|2026-07-17|2026-07-20|2026-07-21|2026-07-22|2026-07-23|2026-07-24|2026-07-27|2026-07-28|2026-07-29|2026-07-30|2026-07-31|2026-08-03|2026-08-04|2026-08-05|2026-08-06|2026-08-07|2026-08-10|2026-08-11|2026-08-12|2026-08-13|2026-08-14|2026-08-17|2026-08-18|2026-08-19,2026-08-19 15:05:26,0.0
Duke Energy,,2026-07-07|2026-07-08|2026-07-09|2026-07-10|2026-07-13|2026-07-14|2026-07-15|2026-07-16|2026-07-17|2026-07-20|2026-07-23|2026-07-24|2026-07-27|2026-07-28|2026-07-29|2026-07-30|2026-07-31|2026-08-03|2026-08-04|2026-08-05|2026-08-06|2026-08-07|2026-08-10|2026-08-11|2026-08-12|2026-08-13|2026-08-14|2026-08-17|2026-08-18|2026-08-19,2026-08-19 15:05:26,0.0
KKR & Co,,2026-07-09|2026-07-10|2026-07-13|2026-07-14|2026-07-15|2026-07-16|2026-07-17|2026-07-20|2026-07-21|2026-07-22|2026-07-23|2026-07-24|2026-07-27|2026-07-28|2026-07-29|2026-07-30|2026-07-31|2026-08-03|2026-08-04|2026-08-05|2026-08-06|2026-08-07|2026-08-10|2026-08-11|2026-08-12|2026-08-13|2026-08-14|2026-08-17|2026-08-18|2026-08-19,2026-08-19 15:05:26,0.0
Paramount Global,,2026-07-09|2026-07-10|2026-07-13|2026-07-14|2026-07-15|2026-07-16|2026-07-17|2026-07-20|2026-07-21|2026-07-22|2026-07-23|2026-07-24|2026-07-27|2026-07-28|2026-07-29|2026-07-30|2026-07-31|2026-08-03|2026-08-04|2026-08-05|2026-08-06|2026-08-07|2026-08-10|2026-08-11|2026-08-12|2026-08-13|2026-08-14|2026-08-17|2026-08-18|2026-08-19,2026-08-19 15:05:26,0.0
Jabil,,2026-07-06|2026-07-07|2026-07-08|2026-07-09|2026-07-10|2026-07-13|2026-07-14|2026-07-15|2026-07-16|2026-07-17|2026-07-20|2026-07-23|2026-07-24|2026-07-27|2026-07-28|2026-07-29|2026-07-30|2026-08-03|2026-08-04|2026-08-05|2026-08-06|2026-08-07|2026-08-10|2026-08-11|2026-08-12|2026-08-13|2026-08-14|2026-08-17|2026-08-18|2026-08-19,2026-08-19 15:05:26,0.0
Gilead Sciences,,2026-07-09|2026-07-10|2026-07-13|2026-07-14|2026-07-15|2026-07-16|2026-07-17|2026-07-20|2026-07-21|2026-07-22|2026-07-23|2026-07-24|2026-07-27|2026-07-28|2026-07-29|2026-07-30|2026-07-31|2026-08-03|2026-08-04|2026-08-05|2026-08-06|2026-08-07|2026-08-10|2026-08-11|2026-08-12|2026-08-13|2026-08-14|2026-08-17|2026-08-18|2026-08-19,2026-08-19 15:05:26,0.0
HF Sinclair,,2026-07-09|2026-07-10|2026-07-13|2026-07-14|2026-07-15|2026-07-16|2026-07-17|2026-07-20|2026-07-21|2026-07-22|2026-07-23|2026-07-24|2026-07-27|2026-07-28|2026-07-29|2026-07-30|2026-07-31|2026-08-03|2026-08-04|2026-08-05|2026-08-06|2026-08-07|2026-08-10|2026-08-11|2026-08-12|2026-08-13|2026-08-14|2026-08-17|2026-08-18|2026-08-19,2026-08-19 15:05:26,0.0
CarMax,,2026-07-06|2026-07-07|2026-07-08|2026-07-09|2026-07-10|2026-07-13|2026-07-14|2026-07-15|2026-07-16|2026-07-17|2026-07-20|2026-07-23|2026-07-24|2026-07-27|2026-07-28|2026-07-29|2026-07-30|2026-08-03|2026-08-04|2026-08-05|2026-08-06|2026-08-07|2026-08-10|2026-08-11|2026-08-12|2026-08-13|2026-08-14|2026-08-17|2026-08-18|2026-08-19,2026-08-19 15:05:26,0.0
Mastercard,,2026-07-09|2026-07-10|2026-07-13|2026-07-14|2026-07-15|2026-07-16|2026-07-17|2026-07-20|2026-07-21|2026-07-22|2026-07-23|2026-07-24|2026-07-27|2026-07-28|2026-07-29|2026-07-30|2026-07-31|2026-08-03|2026-08-04|2026-08-05|2026-08-06|2026-08-07|2026-08-10|2026-08-11|2026-08-12|2026-08-13|2026-08-14|2026-08-17|2026-08-18|2026-08-19,2026-08-19 15:05:26,0.0
NRG Energy,,2026-07-07|2026-07-08|2026-07-09|2026-07-10|2026-07-13|2026-07-14|2026-07-15|2026-07-16|2026-07-17|2026-07-20|2026-07-23|2026-07-24|2026-07-27|2026-07-28|2026-07-29|2026-07-30|2026-07-31|2026-08-03|2026-08-04|2026-08-05|2026-08-06|2026-08-07|2026-08-10|2026-08-11|2026-08-12|2026-08-13|2026-08-14|2026-08-17|2026-08-18|2026-08-19,2026-08-19 15:05:26,0.0
Arrow Electronics,,2026-07-09|2026-07-10|2026-07-13|2026-07-14|2026-07-15|2026-07-16|2026-07-17|2026-07-20|2026-07-21|2026-07-22|2026-07-23|2026-07-24|2026-07-27|2026-07-28|2026-07-29|2026-07-30|2026-07-31|2026-08-03|2026-08-04|2026-08-05|2026-08-06|2026-08-07|2026-08-10|2026-08-11|2026-08-12|2026-08-13|2026-08-14|2026-08-17|2026-08-18|2026-08-19,2026-08-19 15:05:26,0.0
Baker Hughes,,2026-07-09|2026-07-10|2026-07-13|2026-07-14|2026-07-15|2026-07-16|2026-07-17|2026-07-20|2026-07-21|2026-07-22|2026-07-23|2026-07-24|2026-07-27|2026-07-28|2026-07-29|2026-07-30|2026-07-31|2026-08-03|2026-08-04|2026-08-05|2026-08-06|2026-08-07|2026-08-10|2026-08-11|2026-08-12|2026-08-13|2026-08-14|2026-08-17|2026-08-18|2026-08-19,2026-08-19 15:05:26,0.0
Southwest Airlines,,2026-07-08|2026-07-09|2026-07-10|2026-07-13|2026-07-14|2026-07-15|2026-07-16|2026-07-17|2026-07-20|2026-07-22|2026-07-23|2026-07-24|2026-07-27|2026-07-28|2026-07-29|2026-07-30|2026-07-31|2026-08-03|2026-08-04|2026-08-05|2026-08-06|2026-08-07|2026-08-10|2026-08-11|2026-08-12|2026-08-13|2026-08-14|2026-08-17|2026-08-18|2026-08-19,2026-08-19 15:05:26,0.0
AIG,,2026-07-09|2026-07-10|2026-07-13|2026-07-14|2026-07-15|2026-07-16|2026-07-17|2026-07-20|2026-07-21|2026-07-22|2026-07-23|2026-07-24|2026-07-27|2026-07-28|2026-07-29|2026-07-30|2026-07-31|2026-08-03|2026-08-04|2026-08-05|2026-08-06|2026-08-07|2026-08-10|2026-08-11|2026-08-12|2026-08-13|2026-08-14|2026-08-17|2026-08-18|2026-08-19,2026-08-19 15:05:26,0.0
Applied Materials,,2026-07-09|2026-07-10|2026-07-13|2026-07-14|2026-07-15|2026-07-16|2026-07-17|2026-07-20|2026-07-21|2026-07-22|2026-07-23|2026-07-24|2026-07-27|2026-07-28|2026-07-29|2026-07-30|2026-07-31|2026-08-03|2026-08-04|2026-08-05|2026-08-06|2026-08-07|2026-08-10|2026-08-11|2026-08-12|2026-08-13|2026-08-14|2026-08-17|2026-08-18|2026-08-19,2026-08-19 15:05:26,0.0
Occidental Petroleum,,2026-07-09|2026-07-10|2026-07-13|2026-07-14|2026-07-15|2026-07-16|2026-07-17|2026-07-20|2026-07-21|2026-07-22|2026-07-23|2026-07-24|2026-07-27|2026-07-28|2026-07-29|2026-07-30|2026-07-31|2026-08-03|2026-08-04|2026-08-05|2026-08-06|2026-08-07|2026-08-10|2026-08-11|2026-08-12|2026-08-13|2026-08-14|2026-08-17|2026-08-18|2026-08-19,2026-08-19 15:05:26,0.0
AutoNation,,2026-07-06|2026-07-07|2026-07-08|2026-07-09|2026-07-10|2026-07-13|2026-07-14|2026-07-15|2026-07-16|2026-07-17|2026-07-20|2026-07-23|2026-07-24|2026-07-27|2026-07-28|2026-07-29|2026-07-30|2026-08-03|2026-08-04|2026-08-05|2026-08-06|2026-08-07|2026-08-10|2026-08-11|2026-08-12|2026-08-13|2026-08-14|2026-08-17|2026-08-18|2026-08-19,2026-08-19 15:05:26,0.0
Southern Company,,2026-07-07|2026-07-08|2026-07-09|2026-07-10|2026-07-13|2026-07-14|2026-07-15|2026-07-16|2026-07-17|2026-07-20|2026-07-23|2026-07-24|2026-07-27|2026-07-28|2026-07-29|2026-07-30|2026-07-31|2026-08-03|2026-08-04|2026-08-05|2026-08-06|2026-08-07|2026-08-10|2026-08-11|2026-08-12|2026-08-13|2026-08-14|2026-08-17|2026-08-18|2026-08-19,2026-08-19 15:05:26,0.0
The Hartford Insurance Group,,2026-07-07|2026-07-08|2026-07-09|2026-07-10|2026-07-13|2026-07-14|2026-07-15|2026-07-16|2026-07-17|2026-07-20|2026-07-23|2026-07-24|2026-07-27|2026-07-28|2026-07-29|2026-07-30|2026-07-31|2026-08-03|2026-08-04|2026-08-05|2026-08-06|2026-08-07|2026-08-10|2026-08-11|2026-08-12|2026-08-13|2026-08-14|2026-08-17|2026-08-18|2026-08-19,2026-08-19 15:05:26,0.0
Apollo Global Management,,2026-07-07|2026-07-08|2026-07-09|2026-07-10|2026-07-13|2026-07-14|2026-07-15|2026-07-16|2026-07-17|2026-07-20|2026-07-23|2026-07-24|2026-07-27|2026-07-28|2026-07-29|2026-07-30|2026-07-31|2026-08-03|2026-08-04|2026-08-05|2026-08-06|2026-08-07|2026-08-10|2026-08-11|2026-08-12|2026-08-13|2026-08-14|2026-08-17|2026-08-18|2026-08-19,2026-08-19 15:05:26,0.0
Charles Schwab,,2026-07-08|2026-07-09|2026-07-10|2026-07-13|2026-07-14|2026-07-15|2026-07-16|2026-07-17|2026-07-20|2026-07-21|2026-07-23|2026-07-24|2026-07-27|2026-07-28|2026-07-29|2026-07-30|2026-07-31|2026-08-03|2026-08-04|2026-08-05|2026-08-06|2026-08-07|2026-08-10|2026-08-11|2026-08-12|2026-08-13|2026-08-14|2026-08-17|2026-08-18|2026-08-19,2026-08-19 15:05:26,0.0
McDonalds,,2026-07-09|2026-07-10|2026-07-13|2026-07-14|2026-07-15|2026-07-16|2026-07-17|2026-07-20|2026-07-21|2026-07-22|2026-07-23|2026-07-24|2026-07-27|2026-07-28|2026-07-29|2026-07-30|2026-07-31|2026-08-03|2026-08-04|2026-08-05|2026-08-06|2026-08-07|2026-08-10|2026-08-11|2026-08-12|2026-08-13|2026-08-14|2026-08-17|2026-08-18|2026-08-19,2026-08-19 15:05:26,0.0
Kraft Heinz,,2026-07-09|2026-07-10|2026-07-13|2026-07-14|2026-07-15|2026-07-16|2026-07-17|2026-07-20|2026-07-21|2026-07-22|2026-07-23|2026-07-24|2026-07-27|2026-07-28|2026-07-29|2026-07-30|2026-07-31|2026-08-03|2026-08-04|2026-08-05|2026-08-06|2026-08-07|2026-08-10|2026-08-11|2026-08-12|2026-08-13|2026-08-14|2026-08-17|2026-08-18|2026-08-19,2026-08-19 15:05:26,0.0
Advanced Micro Devices,,2026-07-09|2026-07-10|2026-07-13|2026-07-14|2026-07-15|2026-07-16|2026-07-17|2026-07-20|2026-07-21|2026-07-22|2026-07-23|2026-07-24|2026-07-27|2026-07-28|2026-07-29|2026-07-30|2026-07-31|2026-08-03|2026-08-04|2026-08-05|2026-08-06|2026-08-07|2026-08-10|2026-08-11|2026-08-12|2026-08-13|2026-08-14|2026-08-17|2026-08-18|2026-08-19,2026-08-19 15:05:26,0.0
Truist Financial,,2026-07-07|2026-07-08|2026-07-09|2026-07-10|2026-07-13|2026-07-14|2026-07-15|2026-07-16|2026-07-17|2026-07-20|2026-07-23|2026-07-24|2026-07-27|2026-07-28|2026-07-29|2026-07-30|2026-07-31|2026-08-03|2026-08-04|2026-08-05|2026-08-06|2026-08-07|2026-08-10|2026-08-11|2026-08-12|2026-08-13|2026-08-14|2026-08-17|2026-08-18|2026-08-19,2026-08-19 15:05:26,0.0
Freeport-McMoRan,,2026-07-09|2026-07-10|2026-07-13|2026-07-14|2026-07-15|2026-07-16|2026-07-17|2026-07-20|2026-07-21|2026-07-22|2026-07-23|2026-07-24|2026-07-27|2026-07-28|2026-07-29|2026-07-30|2026-07-31|2026-08-03|2026-08-04|2026-08-05|2026-08-06|2026-08-07|2026-08-10|2026-08-11|2026-08-12|2026-08-13|2026-08-14|2026-08-17|2026-08-18|2026-08-19,2026-08-19 15:05:26,0.0
Micron Technology,,2026-07-09|2026-07-10|2026-07-13|2026-07-14|2026-07-15|2026-07-16|2026-07-17|2026-07-20|2026-07-21|2026-07-22|2026-07-23|2026-07-24|2026-07-27|2026-07-28|2026-07-29|2026-07-30|2026-07-31|2026-08-03|2026-08-04|2026-08-05|2026-08-06|2026-08-07|2026-08-10|2026-08-11|2026-08-12|2026-08-13|2026-08-14|2026-08-17|2026-08-18|2026-08-19,2026-08-19 15:05:26,0.0
Marriott International,,2026-07-08|2026-07-09|2026-07-10|2026-07-13|2026-07-14|2026-07-15|2026-07-16|2026-07-17|2026-07-20|2026-07-21|2026-07-23|2026-07-24|2026-07-27|2026-07-28|2026-07-29|2026-07-30|2026-07-31|2026-08-03|2026-08-04|2026-08-05|2026-08-06|2026-08-07|2026-08-10|2026-08-11|2026-08-12|2026-08-13|2026-08-14|2026-08-17|2026-08-18|2026-08-19,2026-08-19 15:05:26,0.0
Carrier Global,,2026-07-09|2026-07-10|2026-07-13|2026-07-14|2026-07-15|2026-07-16|2026-07-17|2026-07-20|2026-07-21|2026-07-22|2026-07-23|2026-07-24|2026-07-27|2026-07-28|2026-07-29|2026-07-30|2026-07-31|2026-08-03|2026-08-04|2026-08-05|2026-08-06|2026-08-07|2026-08-10|2026-08-11|2026-08-12|2026-08-13|2026-08-14|2026-08-17|2026-08-18|2026-08-19,2026-08-19 15:05:26,0.0
NextEra Energy,,2026-07-09|2026-07-10|2026-07-13|2026-07-14|2026-07-15|2026-07-16|2026-07-17|2026-07-20|2026-07-21|2026-07-22|2026-07-23|2026-07-24|2026-07-27|2026-07-28|2026-07-29|2026-07-30|2026-07-31|2026-08-03|2026-08-04|2026-08-05|2026-08-06|2026-08-07|2026-08-10|2026-08-11|2026-08-12|2026-08-13|2026-08-14|2026-08-17|2026-08-18|2026-08-19,2026-08-19 15:05:26,0.0
3M Company,,2026-07-09|2026-07-10|2026-07-13|2026-07-14|2026-07-15|2026-07-16|2026-07-17|2026-07-20|2026-07-21|2026-07-22|2026-07-23|2026-07-24|2026-07-27|2026-07-28|2026-07-29|2026-07-30|2026-07-31|2026-08-03|2026-08-04|2026-08-05|2026-08-06|2026-08-07|2026-08-10|2026-08-11|2026-08-12|2026-08-13|2026-08-14|2026-08-17|2026-08-18|2026-08-19,2026-08-19 15:05:26,0.0
Pacific Gas and Electric Company,,2026-07-08|2026-07-09|2026-07-10|2026-07-13|2026-07-14|2026-07-15|2026-07-16|2026-07-17|2026-07-20|2026-07-22|2026-07-23|2026-07-24|2026-07-27|2026-07-28|2026-07-29|2026-07-30|2026-07-31|2026-08-03|2026-08-04|2026-08-05|2026-08-06|2026-08-07|2026-08-10|2026-08-11|2026-08-12|2026-08-13|2026-08-14|2026-08-17|2026-08-18|2026-08-19,2026-08-19 15:05:26,0.0
Union Pacific,,2026-07-08|2026-07-09|2026-07-10|2026-07-13|2026-07-14|2026-07-15|2026-07-16|2026-07-17|2026-07-20|2026-07-22|2026-07-23|2026-07-24|2026-07-27|2026-07-28|2026-07-29|2026-07-30|2026-07-31|2026-08-03|2026-08-04|2026-08-05|2026-08-06|2026-08-07|2026-08-10|2026-08-11|2026-08-12|2026-08-13|2026-08-14|2026-08-17|2026-08-18|2026-08-19,2026-08-19 15:05:26,0.0
Synchrony Financial,,2026-07-09|2026-07-10|2026-07-13|2026-07-14|2026-07-15|2026-07-16|2026-07-17|2026-07-20|2026-07-21|2026-07-22|2026-07-23|2026-07-24|2026-07-27|2026-07-28|2026-07-29|2026-07-30|2026-07-31|2026-08-03|2026-08-04|2026-08-05|2026-08-06|2026-08-07|2026-08-10|2026-08-11|2026-08-12|2026-08-13|2026-08-14|2026-08-17|2026-08-18|2026-08-19,2026-08-19 15:05:26,0.0
Danaher,,2026-07-09|2026-07-10|2026-07-13|2026-07-14|2026-07-15|2026-07-16|2026-07-17|2026-07-20|2026-07-21|2026-07-22|2026-07-23|2026-07-24|2026-07-27|2026-07-28|2026-07-29|2026-07-30|2026-07-31|2026-08-03|2026-08-04|2026-08-05|2026-08-06|2026-08-07|2026-08-10|2026-08-11|2026-08-12|2026-08-13|2026-08-14|2026-08-17|2026-08-18|2026-08-19,2026-08-19 15:05:26,0.0
Avnet,,2026-07-06|2026-07-07|2026-07-08|2026-07-09|2026-07-10|2026-07-13|2026-07-14|2026-07-15|2026-07-16|2026-07-17|2026-07-20|2026-07-23|2026-07-24|2026-07-27|2026-07-28|2026-07-29|2026-07-30|2026-08-03|2026-08-04|2026-08-05|2026-08-06|2026-08-07|2026-08-10|2026-08-11|2026-08-12|2026-08-13|2026-08-14|2026-08-17|2026-08-18|2026-08-19,2026-08-19 15:05:26,0.0
Booking Holdings,,2026-07-08|2026-07-09|2026-07-10|2026-07-13|2026-07-14|2026-07-15|2026-07-16|2026-07-17|2026-07-20|2026-07-22|2026-07-23|2026-07-24|2026-07-27|2026-07-28|2026-07-29|2026-07-30|2026-07-31|2026-08-03|2026-08-04|2026-08-05|2026-08-06|2026-08-07|2026-08-10|2026-08-11|2026-08-12|2026-08-13|2026-08-14|2026-08-17|2026-08-18|2026-08-19,2026-08-19 15:05:26,0.0
EOG Resources,,2026-07-09|2026-07-10|2026-07-13|2026-07-14|2026-07-15|2026-07-16|2026-07-17|2026-07-20|2026-07-21|2026-07-22|2026-07-23|2026-07-24|2026-07-27|2026-07-28|2026-07-29|2026-07-30|2026-07-31|2026-08-03|2026-08-04|2026-08-05|2026-08-06|2026-08-07|2026-08-10|2026-08-11|2026-08-12|2026-08-13|2026-08-14|2026-08-17|2026-08-18|2026-08-19,2026-08-19 15:05:26,0.0
Quanta Services,,2026-07-09|2026-07-10|2026-07-13|2026-07-14|2026-07-15|2026-07-16|2026-07-17|2026-07-20|2026-07-21|2026-07-22|2026-07-23|2026-07-24|2026-07-27|2026-07-28|2026-07-29|2026-07-30|2026-07-31|2026-08-03|2026-08-04|2026-08-05|2026-08-06|2026-08-07|2026-08-10|2026-08-11|2026-08-12|2026-08-13|2026-08-14|2026-08-17|2026-08-18|2026-08-19,2026-08-19 15:05:26,0.0
Constellation Energy,,2026-07-09|2026-07-10|2026-07-13|2026-07-14|2026-07-15|2026-07-16|2026-07-17|2026-07-20|2026-07-21|2026-07-22|2026-07-23|2026-07-24|2026-07-27|2026-07-28|2026-07-29|2026-07-30|2026-07-31|2026-08-03|2026-08-04|2026-08-05|2026-08-06|2026-08-07|2026-08-10|2026-08-11|2026-08-12|2026-08-13|2026-08-14|2026-08-17|2026-08-18|2026-08-19,2026-08-19 15:05:26,0.0
Genuine Parts Company,,2026-07-06|2026-07-07|2026-07-08|2026-07-09|2026-07-10|2026-07-13|2026-07-14|2026-07-15|2026-07-16|2026-07-17|2026-07-20|2026-07-23|2026-07-24|2026-07-27|2026-07-28|2026-07-29|2026-07-30|2026-08-03|2026-08-04|2026-08-05|2026-08-06|2026-08-07|2026-08-10|2026-08-11|2026-08-12|2026-08-13|2026-08-14|2026-08-17|2026-08-18|2026-08-19,2026-08-19 15:05:26,0.0
Jones Lang LaSalle,,2026-07-06|2026-07-07|2026-07-08|2026-07-09|2026-07-10|2026-07-13|2026-07-14|2026-07-15|2026-07-16|2026-07-17|2026-07-20|2026-07-23|2026-07-24|2026-07-27|2026-07-28|2026-07-29|2026-07-30|2026-08-03|2026-08-04|2026-08-05|2026-08-06|2026-08-07|2026-08-10|2026-08-11|2026-08-12|2026-08-13|2026-08-14|2026-08-17|2026-08-18|2026-08-19,2026-08-19 15:05:26,0.0
Lear Corporation,,2026-07-09|2026-07-10|2026-07-13|2026-07-14|2026-07-15|2026-07-16|2026-07-17|2026-07-20|2026-07-21|2026-07-22|2026-07-23|2026-07-24|2026-07-27|2026-07-28|2026-07-29|2026-07-30|2026-07-31|2026-08-03|2026-08-04|2026-08-05|2026-08-06|2026-08-07|2026-08-10|2026-08-11|2026-08-12|2026-08-13|2026-08-14|2026-08-17|2026-08-18|2026-08-19,2026-08-19 15:05:26,0.0
Live Nation Entertainment,,2026-07-06|2026-07-07|2026-07-08|2026-07-09|2026-07-10|2026-07-13|2026-07-14|2026-07-15|2026-07-16|2026-07-17|2026-07-20|2026-07-23|2026-07-24|2026-07-27|2026-07-28|2026-07-29|2026-07-30|2026-08-03|2026-08-04|2026-08-05|2026-08-06|2026-08-07|2026-08-10|2026-08-11|2026-08-12|2026-08-13|2026-08-14|2026-08-17|2026-08-18|2026-08-19,2026-08-19 15:05:26,0.0
Sherwin-Williams,,2026-07-06|2026-07-07|2026-07-08|2026-07-09|2026-07-10|2026-07-13|2026-07-14|2026-07-15|2026-07-16|2026-07-17|2026-07-20|2026-07-23|2026-07-24|2026-07-27|2026-07-28|2026-07-29|2026-07-30|2026-08-03|2026-08-04|2026-08-05|2026-08-06|2026-08-07|2026-08-10|2026-08-11|2026-08-12|2026-08-13|2026-08-14|2026-08-17|2026-08-18|2026-08-19,2026-08-19 15:05:26,0.0
Exelon,,2026-07-08|2026-07-09|2026-07-10|2026-07-13|2026-07-14|2026-07-15|2026-07-16|2026-07-17|2026-07-20|2026-07-21|2026-07-23|2026-07-24|2026-07-27|2026-07-28|2026-07-29|2026-07-30|2026-07-31|2026-08-03|2026-08-04|2026-08-05|2026-08-06|2026-08-07|2026-08-10|2026-08-11|2026-08-12|2026-08-13|2026-08-14|2026-08-17|2026-08-18|2026-08-19,2026-08-19 15:05:26,0.0
Macys,,2026-07-09|2026-07-10|2026-07-13|2026-07-14|2026-07-15|2026-07-16|2026-07-17|2026-07-20|2026-07-21|2026-07-22|2026-07-23|2026-07-24|2026-07-27|2026-07-28|2026-07-29|2026-07-30|2026-07-31|2026-08-03|2026-08-04|2026-08-05|2026-08-06|2026-08-07|2026-08-10|2026-08-11|2026-08-12|2026-08-13|2026-08-14|2026-08-17|2026-08-18|2026-08-19,2026-08-19 15:05:26,0.0
Halliburton,,2026-07-09|2026-07-10|2026-07-13|2026-07-14|2026-07-15|2026-07-16|2026-07-17|2026-07-20|2026-07-21|2026-07-22|2026-07-23|2026-07-24|2026-07-27|2026-07-28|2026-07-29|2026-07-30|2026-07-31|2026-08-03|2026-08-04|2026-08-05|2026-08-06|2026-08-07|2026-08-10|2026-08-11|2026-08-12|2026-08-13|2026-08-14|2026-08-17|2026-08-18|2026-08-19,2026-08-19 15:05:26,0.0
Stryker,,2026-07-09|2026-07-10|2026-07-13|2026-07-14|2026-07-15|2026-07-16|2026-07-17|2026-07-20|2026-07-21|2026-07-22|2026-07-23|2026-07-24|2026-07-27|2026-07-28|2026-07-29|2026-07-30|2026-07-31|2026-08-03|2026-08-04|2026-08-05|2026-08-06|2026-08-07|2026-08-10|2026-08-11|2026-08-12|2026-08-13|2026-08-14|2026-08-17|2026-08-18|2026-08-19,2026-08-19 15:05:26,0.0
Reinsurance Group of America,,2026-07-09|2026-07-10|2026-07-13|2026-07-14|2026-07-15|2026-07-16|2026-07-17|2026-07-20|2026-07-21|2026-07-22|2026-07-23|2026-07-24|2026-07-27|2026-07-28|2026-07-29|2026-07-30|2026-07-31|2026-08-03|2026-08-04|2026-08-05|2026-08-06|2026-08-07|2026-08-10|2026-08-11|2026-08-12|2026-08-13|2026-08-14|2026-08-17|2026-08-18|2026-08-19,2026-08-19 15:05:26,0.0
State Street,,2026-07-07|2026-07-08|2026-07-09|2026-07-10|2026-07-13|2026-07-14|2026-07-15|2026-07-16|2026-07-17|2026-07-20|2026-07-23|2026-07-24|2026-07-27|2026-07-28|2026-07-29|2026-07-30|2026-07-31|2026-08-03|2026-08-04|2026-08-05|2026-08-06|2026-08-07|2026-08-10|2026-08-11|2026-08-12|2026-08-13|2026-08-14|2026-08-17|2026-08-18|2026-08-19,2026-08-19 15:05:26,0.0
WESCO International,,2026-07-09|2026-07-10|2026-07-13|2026-07-14|2026-07-15|2026-07-16|2026-07-17|2026-07-20|2026-07-21|2026-07-22|2026-07-23|2026-07-24|2026-07-27|2026-07-28|2026-07-29|2026-07-30|2026-07-31|2026-08-03|2026-08-04|2026-08-05|2026-08-06|2026-08-07|2026-08-10|2026-08-11|2026-08-12|2026-08-13|2026-08-14|2026-08-17|2026-08-18|2026-08-19,2026-08-19 15:05:26,0.0
Oneok,,2026-07-07|2026-07-08|2026-07-09|2026-07-10|2026-07-13|2026-07-14|2026-07-15|2026-07-16|2026-07-17|2026-07-20|2026-07-23|2026-07-24|2026-07-27|2026-07-28|2026-07-29|2026-07-30|2026-07-31|2026-08-03|2026-08-04|2026-08-05|2026-08-06|2026-08-07|2026-08-10|2026-08-11|2026-08-12|2026-08-13|2026-08-14|2026-08-17|2026-08-18|2026-08-19,2026-08-19 15:05:26,0.0
Adobe,,2026-07-09|2026-07-10|2026-07-13|2026-07-14|2026-07-15|2026-07-16|2026-07-17|2026-07-20|2026-07-21|2026-07-22|2026-07-23|2026-07-24|2026-07-27|2026-07-28|2026-07-29|2026-07-30|2026-07-31|2026-08-03|2026-08-04|2026-08-05|2026-08-06|2026-08-07|2026-08-10|2026-08-11|2026-08-12|2026-08-13|2026-08-14|2026-08-17|2026-08-18|2026-08-19,2026-08-19 15:05:26,0.0
L3Harris Technologies,,2026-07-09|2026-07-10|2026-07-13|2026-07-14|2026-07-15|2026-07-16|2026-07-17|2026-07-20|2026-07-21|2026-07-22|2026-07-23|2026-07-24|2026-07-27|2026-07-28|2026-07-29|2026-07-30|2026-07-31|2026-08-03|2026-08-04|2026-08-05|2026-08-06|2026-08-07|2026-08-10|2026-08-11|2026-08-12|2026-08-13|2026-08-14|2026-08-17|2026-08-18|2026-08-19,2026-08-19 15:05:26,0.0
Ross Stores,,2026-07-07|2026-07-08|2026-07-09|2026-07-10|2026-07-13|2026-07-14|2026-07-15|2026-07-16|2026-07-17|2026-07-20|2026-07-23|2026-07-24|2026-07-27|2026-07-28|2026-07-29|2026-07-30|2026-07-31|2026-08-03|2026-08-04|2026-08-05|2026-08-06|2026-08-07|2026-08-10|2026-08-11|2026-08-12|2026-08-13|2026-08-14|2026-08-17|2026-08-18|2026-08-19,2026-08-19 15:05:26,0.0
CDW,,2026-07-09|2026-07-10|2026-07-13|2026-07-14|2026-07-15|2026-07-16|2026-07-17|2026-07-20|2026-07-21|2026-07-22|2026-07-23|2026-07-24|2026-07-27|2026-07-28|2026-07-29|2026-07-30|2026-07-31|2026-08-03|2026-08-04|2026-08-05|2026-08-06|2026-08-07|2026-08-10|2026-08-11|2026-08-12|2026-08-13|2026-08-14|2026-08-17|2026-08-18|2026-08-19,2026-08-19 15:05:26,0.0
Tenet Healthcare,,2026-07-06|2026-07-07|2026-07-08|2026-07-09|2026-07-10|2026-07-13|2026-07-14|2026-07-15|2026-07-16|2026-07-17|2026-07-20|2026-07-23|2026-07-24|2026-07-27|2026-07-28|2026-07-29|2026-07-30|2026-08-03|2026-08-04|2026-08-05|2026-08-06|2026-08-07|2026-08-10|2026-08-11|2026-08-12|2026-08-13|2026-08-14|2026-08-17|2026-08-18|2026-08-19,2026-08-19 15:05:26,0.0
BJ's Wholesale Club,,2026-07-06|2026-07-07|2026-07-08|2026-07-09|2026-07-10|2026-07-13|2026-07-14|2026-07-15|2026-07-16|2026-07-17|2026-07-20|2026-07-23|2026-07-24|2026-07-27|2026-07-28|2026-07-29|2026-07-30|2026-08-03|2026-08-04|2026-08-05|2026-08-06|2026-08-07|2026-08-10|2026-08-11|2026-08-12|2026-08-13|2026-08-14|2026-08-17|2026-08-18|2026-08-19,2026-08-19 15:05:26,0.0
Altria,,2026-07-09|2026-07-10|2026-07-13|2026-07-14|2026-07-15|2026-07-16|2026-07-17|2026-07-20|2026-07-21|2026-07-22|2026-07-23|2026-07-24|2026-07-27|2026-07-28|2026-07-29|2026-07-30|2026-07-31|2026-08-03|2026-08-04|2026-08-05|2026-08-06|2026-08-07|2026-08-10|2026-08-11|2026-08-12|2026-08-13|2026-08-14|2026-08-17|2026-08-18|2026-08-19,2026-08-19 15:05:26,0.0
BlackRock,,2026-07-09|2026-07-10|2026-07-13|2026-07-14|2026-07-15|2026-07-16|2026-07-17|2026-07-20|2026-07-21|2026-07-22|2026-07-23|2026-07-24|2026-07-27|2026-07-28|2026-07-29|2026-07-30|2026-07-31|2026-08-03|2026-08-04|2026-08-05|2026-08-06|2026-08-07|2026-08-10|2026-08-11|2026-08-12|2026-08-13|2026-08-14|2026-08-17|2026-08-18|2026-08-19,2026-08-19 15:05:26,0.0
Becton Dickinson,,2026-07-06|2026-07-07|2026-07-08|2026-07-09|2026-07-10|2026-07-13|2026-07-14|2026-07-15|2026-07-16|2026-07-17|2026-07-20|2026-07-23|2026-07-24|2026-07-27|2026-07-28|2026-07-29|2026-07-30|2026-08-03|2026-08-04|2026-08-05|2026-08-06|2026-08-07|2026-08-10|2026-08-11|2026-08-12|2026-08-13|2026-08-14|2026-08-17|2026-08-18|2026-08-19,2026-08-19 15:05:26,0.0
Colgate-Palmolive,,2026-07-09|2026-07-10|2026-07-13|2026-07-14|2026-07-15|2026-07-16|2026-07-17|2026-07-20|2026-07-21|2026-07-22|2026-07-23|2026-07-24|2026-07-27|2026-07-28|2026-07-29|2026-07-30|2026-07-31|2026-08-03|2026-08-04|2026-08-05|2026-08-06|2026-08-07|2026-08-10|2026-08-11|2026-08-12|2026-08-13|2026-08-14|2026-08-17|2026-08-18|2026-08-19,2026-08-19 15:05:26,0.0
Kimberly-Clark,,2026-07-08|2026-07-09|2026-07-10|2026-07-13|2026-07-14|2026-07-15|2026-07-16|2026-07-17|2026-07-20|2026-07-21|2026-07-23|2026-07-24|2026-07-27|2026-07-28|2026-07-29|2026-07-30|2026-07-31|2026-08-03|2026-08-04|2026-08-05|2026-08-06|2026-08-07|2026-08-10|2026-08-11|2026-08-12|2026-08-13|2026-08-14|2026-08-17|2026-08-18|2026-08-19,2026-08-19 15:05:26,0.0
Group 1 Automotive,,2026-07-09|2026-07-10|2026-07-13|2026-07-14|2026-07-15|2026-07-16|2026-07-17|2026-07-20|2026-07-21|2026-07-22|2026-07-23|2026-07-24|2026-07-27|2026-07-28|2026-07-29|2026-07-30|2026-07-31|2026-08-03|2026-08-04|2026-08-05|2026-08-06|2026-08-07|2026-08-10|2026-08-11|2026-08-12|2026-08-13|2026-08-14|2026-08-17|2026-08-18|2026-08-19,2026-08-19 15:05:26,0.0
Parker-Hannifin,,2026-07-09|2026-07-10|2026-07-13|2026-07-14|2026-07-15|2026-07-16|2026-07-17|2026-07-20|2026-07-21|2026-07-22|2026-07-23|2026-07-24|2026-07-27|2026-07-28|2026-07-29|2026-07-30|2026-07-31|2026-08-03|2026-08-04|2026-08-05|2026-08-06|2026-08-07|2026-08-10|2026-08-11|2026-08-12|2026-08-13|2026-08-14|2026-08-17|2026-08-18|2026-08-19,2026-08-19 15:05:26,0.0
General Mills,,2026-07-09|2026-07-10|2026-07-13|2026-07-14|2026-07-15|2026-07-16|2026-07-17|2026-07-20|2026-07-21|2026-07-22|2026-07-23|2026-07-24|2026-07-27|2026-07-28|2026-07-29|2026-07-30|2026-07-31|2026-08-03|2026-08-04|2026-08-05|2026-08-06|2026-08-07|2026-08-10|2026-08-11|2026-08-12|2026-08-13|2026-08-14|2026-08-17|2026-08-18|2026-08-19,2026-08-19 15:05:26,0.0
Cognizant Technology Solutions,,2026-07-07|2026-07-08|2026-07-09|2026-07-10|2026-07-13|2026-07-14|2026-07-15|2026-07-16|2026-07-17|2026-07-20|2026-07-23|2026-07-24|2026-07-27|2026-07-28|2026-07-29|2026-07-30|2026-07-31|2026-08-03|2026-08-04|2026-08-05|2026-08-06|2026-08-07|2026-08-10|2026-08-11|2026-08-12|2026-08-13|2026-08-14|2026-08-17|2026-08-18|2026-08-19,2026-08-19 15:05:26,0.0
American Electric Power,,2026-07-09|2026-07-10|2026-07-13|2026-07-14|2026-07-15|2026-07-16|2026-07-17|2026-07-20|2026-07-21|2026-07-22|2026-07-23|2026-07-24|2026-07-27|2026-07-28|2026-07-29|2026-07-30|2026-07-31|2026-08-03|2026-08-04|2026-08-05|2026-08-06|2026-08-07|2026-08-10|2026-08-11|2026-08-12|2026-08-13|2026-08-14|2026-08-17|2026-08-18|2026-08-19,2026-08-19 15:05:26,0.0
GE HealthCare Technologies,,2026-07-09|2026-07-10|2026-07-13|2026-07-14|2026-07-15|2026-07-16|2026-07-17|2026-07-20|2026-07-21|2026-07-22|2026-07-23|2026-07-24|2026-07-27|2026-07-28|2026-07-29|2026-07-30|2026-07-31|2026-08-03|2026-08-04|2026-08-05|2026-08-06|2026-08-07|2026-08-10|2026-08-11|2026-08-12|2026-08-13|2026-08-14|2026-08-17|2026-08-18|2026-08-19,2026-08-19 15:05:26,0.0
Automatic Data Processing,,2026-07-07|2026-07-08|2026-07-09|2026-07-10|2026-07-13|2026-07-14|2026-07-15|2026-07-16|2026-07-17|2026-07-20|2026-07-23|2026-07-24|2026-07-27|2026-07-28|2026-07-29|2026-07-30|2026-07-31|2026-08-03|2026-08-04|2026-08-05|2026-08-06|2026-08-07|2026-08-10|2026-08-11|2026-08-12|2026-08-13|2026-08-14|2026-08-17|2026-08-18|2026-08-19,2026-08-19 15:05:26,0.0
Cleveland-Cliffs,,2026-07-09|2026-07-10|2026-07-13|2026-07-14|2026-07-15|2026-07-16|2026-07-17|2026-07-20|2026-07-21|2026-07-22|2026-07-23|2026-07-24|2026-07-27|2026-07-28|2026-07-29|2026-07-30|2026-07-31|2026-08-03|2026-08-04|2026-08-05|2026-08-06|2026-08-07|2026-08-10|2026-08-11|2026-08-12|2026-08-13|2026-08-14|2026-08-17|2026-08-18|2026-08-19,2026-08-19 15:05:26,0.0
Aflac,,2026-07-09|2026-07-10|2026-07-13|2026-07-14|2026-07-15|2026-07-16|2026-07-17|2026-07-20|2026-07-21|2026-07-22|2026-07-23|2026-07-24|2026-07-27|2026-07-28|2026-07-29|2026-07-30|2026-07-31|2026-08-03|2026-08-04|2026-08-05|2026-08-06|2026-08-07|2026-08-10|2026-08-11|2026-08-12|2026-08-13|2026-08-14|2026-08-17|2026-08-18|2026-08-19,2026-08-19 15:05:26,0.0
Goodyear Tire & Rubber,,2026-07-06|2026-07-07|2026-07-08|2026-07-09|2026-07-10|2026-07-13|2026-07-14|2026-07-15|2026-07-16|2026-07-17|2026-07-20|2026-07-23|2026-07-24|2026-07-27|2026-07-28|2026-07-29|2026-07-30|2026-08-03|2026-08-04|2026-08-05|2026-08-06|2026-08-07|2026-08-10|2026-08-11|2026-08-12|2026-08-13|2026-08-14|2026-08-17|2026-08-18|2026-08-19,2026-08-19 15:05:26,0.0
Corebridge Financial,,2026-07-06|2026-07-07|2026-07-08|2026-07-09|2026-07-10|2026-07-13|2026-07-14|2026-07-15|2026-07-16|2026-07-17|2026-07-20|2026-07-23|2026-07-24|2026-07-27|2026-07-28|2026-07-29|2026-07-30|2026-08-03|2026-08-04|2026-08-05|2026-08-06|2026-08-07|2026-08-10|2026-08-11|2026-08-12|2026-08-13|2026-08-14|2026-08-17|2026-08-18|2026-08-19,2026-08-19 15:05:26,0.0
Newmont,,2026-07-09|2026-07-10|2026-07-13|2026-07-14|2026-07-15|2026-07-16|2026-07-17|2026-07-20|2026-07-21|2026-07-22|2026-07-23|2026-07-24|2026-07-27|2026-07-28|2026-07-29|2026-07-30|2026-07-31|2026-08-03|2026-08-04|2026-08-05|2026-08-06|2026-08-07|2026-08-10|2026-08-11|2026-08-12|2026-08-13|2026-08-14|2026-08-17|2026-08-18|2026-08-19,2026-08-19 15:05:26,0.0
International Paper,,2026-07-09|2026-07-10|2026-07-13|2026-07-14|2026-07-15|2026-07-16|2026-07-17|2026-07-20|2026-07-21|2026-07-22|2026-07-23|2026-07-24|2026-07-27|2026-07-28|2026-07-29|2026-07-30|2026-07-31|2026-08-03|2026-08-04|2026-08-05|2026-08-06|2026-08-07|2026-08-10|2026-08-11|2026-08-12|2026-08-13|2026-08-14|2026-08-17|2026-08-18|2026-08-19,2026-08-19 15:05:26,0.0
AutoZone,,2026-07-09|2026-07-10|2026-07-13|2026-07-14|2026-07-15|2026-07-16|2026-07-17|2026-07-20|2026-07-21|2026-07-22|2026-07-23|2026-07-24|2026-07-27|2026-07-28|2026-07-29|2026-07-30|2026-07-31|2026-08-03|2026-08-04|2026-08-05|2026-08-06|2026-08-07|2026-08-10|2026-08-11|2026-08-12|2026-08-13|2026-08-14|2026-08-17|2026-08-18|2026-08-19,2026-08-19 15:05:26,0.0
Lincoln National,,2026-07-06|2026-07-07|2026-07-08|2026-07-09|2026-07-10|2026-07-13|2026-07-14|2026-07-15|2026-07-16|2026-07-17|2026-07-20|2026-07-23|2026-07-24|2026-07-27|2026-07-28|2026-07-29|2026-07-30|2026-08-03|2026-08-04|2026-08-05|2026-08-06|2026-08-07|2026-08-10|2026-08-11|2026-08-12|2026-08-13|2026-08-14|2026-08-17|2026-08-18|2026-08-19,2026-08-19 15:05:26,0.0
PulteGroup,,2026-07-07|2026-07-08|2026-07-09|2026-07-10|2026-07-13|2026-07-14|2026-07-15|2026-07-16|2026-07-17|2026-07-20|2026-07-23|2026-07-24|2026-07-27|2026-07-28|2026-07-29|2026-07-30|2026-07-31|2026-08-03|2026-08-04|2026-08-05|2026-08-06|2026-08-07|2026-08-10|2026-08-11|2026-08-12|2026-08-13|2026-08-14|2026-08-17|2026-08-18|2026-08-19,2026-08-19 15:05:26,0.0
Ameriprise Financial,,2026-07-06|2026-07-07|2026-07-08|2026-07-09|2026-07-10|2026-07-13|2026-07-14|2026-07-15|2026-07-16|2026-07-17|2026-07-20|2026-07-23|2026-07-24|2026-07-27|2026-07-28|2026-07-29|2026-07-30|2026-08-03|2026-08-04|2026-08-05|2026-08-06|2026-08-07|2026-08-10|2026-08-11|2026-08-12|2026-08-13|2026-08-14|2026-08-17|2026-08-18|2026-08-19,2026-08-19 15:05:26,0.0
Murphy USA,,2026-07-09|2026-07-10|2026-07-13|2026-07-14|2026-07-15|2026-07-16|2026-07-17|2026-07-20|2026-07-21|2026-07-22|2026-07-23|2026-07-24|2026-07-27|2026-07-28|2026-07-29|2026-07-30|2026-07-31|2026-08-03|2026-08-04|2026-08-05|2026-08-06|2026-08-07|2026-08-10|2026-08-11|2026-08-12|2026-08-13|2026-08-14|2026-08-17|2026-08-18|2026-08-19,2026-08-19 15:05:26,0.0
ManpowerGroup,,2026-07-09|2026-07-10|2026-07-13|2026-07-14|2026-07-15|2026-07-16|2026-07-17|2026-07-20|2026-07-21|2026-07-22|2026-07-23|2026-07-24|2026-07-27|2026-07-28|2026-07-29|2026-07-30|2026-07-31|2026-08-03|2026-08-04|2026-08-05|2026-08-06|2026-08-07|2026-08-10|2026-08-11|2026-08-12|2026-08-13|2026-08-14|2026-08-17|2026-08-18|2026-08-19,2026-08-19 15:05:26,0.0
CH Robinson Worldwide,,2026-07-09|2026-07-10|2026-07-13|2026-07-14|2026-07-15|2026-07-16|2026-07-17|2026-07-20|2026-07-21|2026-07-22|2026-07-23|2026-07-24|2026-07-27|2026-07-28|2026-07-29|2026-07-30|2026-07-31|2026-08-03|2026-08-04|2026-08-05|2026-08-06|2026-08-07|2026-08-10|2026-08-11|2026-08-12|2026-08-13|2026-08-14|2026-08-17|2026-08-18|2026-08-19,2026-08-19 15:05:26,0.0
PPG Industries,,2026-07-09|2026-07-10|2026-07-13|2026-07-14|2026-07-15|2026-07-16|2026-07-17|2026-07-20|2026-07-21|2026-07-22|2026-07-23|2026-07-24|2026-07-27|2026-07-28|2026-07-29|2026-07-30|2026-07-31|2026-08-03|2026-08-04|2026-08-05|2026-08-06|2026-08-07|2026-08-10|2026-08-11|2026-08-12|2026-08-13|2026-08-14|2026-08-17|2026-08-18|2026-08-19,2026-08-19 15:05:26,0.0
Edison International,,2026-07-08|2026-07-09|2026-07-10|2026-07-13|2026-07-14|2026-07-15|2026-07-16|2026-07-17|2026-07-20|2026-07-21|2026-07-23|2026-07-24|2026-07-27|2026-07-28|2026-07-29|2026-07-30|2026-07-31|2026-08-03|2026-08-04|2026-08-05|2026-08-06|2026-08-07|2026-08-10|2026-08-11|2026-08-12|2026-08-13|2026-08-14|2026-08-17|2026-08-18|2026-08-19,2026-08-19 15:05:26,0.0
Steel Dynamics,,2026-07-09|2026-07-10|2026-07-13|2026-07-14|2026-07-15|2026-07-16|2026-07-17|2026-07-20|2026-07-21|2026-07-22|2026-07-23|2026-07-24|2026-07-27|2026-07-28|2026-07-29|2026-07-30|2026-07-31|2026-08-03|2026-08-04|2026-08-05|2026-08-06|2026-08-07|2026-08-10|2026-08-11|2026-08-12|2026-08-13|2026-08-14|2026-08-17|2026-08-18|2026-08-19,2026-08-19 15:05:26,0.0
Loews,,2026-07-06|2026-07-07|2026-07-08|2026-07-09|2026-07-10|2026-07-13|2026-07-14|2026-07-15|2026-07-16|2026-07-17|2026-07-20|2026-07-23|2026-07-24|2026-07-27|2026-07-28|2026-07-29|2026-07-30|2026-08-03|2026-08-04|2026-08-05|2026-08-06|2026-08-07|2026-08-10|2026-08-11|2026-08-12|2026-08-13|2026-08-14|2026-08-17|2026-08-18|2026-08-19,2026-08-19 15:05:26,0.0
Emerson Electric,,2026-07-07|2026-07-08|2026-07-09|2026-07-10|2026-07-13|2026-07-14|2026-07-15|2026-07-16|2026-07-17|2026-07-20|2026-07-23|2026-07-24|2026-07-27|2026-07-28|2026-07-29|2026-07-30|2026-07-31|2026-08-03|2026-08-04|2026-08-05|2026-08-06|2026-08-07|2026-08-10|2026-08-11|2026-08-12|2026-08-13|2026-08-14|2026-08-17|2026-08-18|2026-08-19,2026-08-19 15:05:26,0.0
Aramark,,2026-07-07|2026-07-08|2026-07-09|2026-07-10|2026-07-13|2026-07-14|2026-07-15|2026-07-16|2026-07-17|2026-07-20|2026-07-22|2026-07-23|2026-07-24|2026-07-27|2026-07-28|2026-07-29|2026-07-30|2026-08-03|2026-08-04|2026-08-05|2026-08-06|2026-08-07|2026-08-10|2026-08-11|2026-08-12|2026-08-13|2026-08-14|2026-08-17|2026-08-18|2026-08-19,2026-08-19 15:05:26,0.0
MGM Resorts International,,2026-07-06|2026-07-07|2026-07-08|2026-07-09|2026-07-10|2026-07-13|2026-07-14|2026-07-15|2026-07-16|2026-07-17|2026-07-20|2026-07-23|2026-07-24|2026-07-27|2026-07-28|2026-07-29|2026-07-30|2026-08-03|2026-08-04|2026-08-05|2026-08-06|2026-08-07|2026-08-10|2026-08-11|2026-08-12|2026-08-13|2026-08-14|2026-08-17|2026-08-18|2026-08-19,2026-08-19 15:05:26,0.0
Vistra,,2026-07-09|2026-07-10|2026-07-13|2026-07-14|2026-07-15|2026-07-16|2026-07-17|2026-07-20|2026-07-21|2026-07-22|2026-07-23|2026-07-24|2026-07-27|2026-07-28|2026-07-29|2026-07-30|2026-07-31|2026-08-03|2026-08-04|2026-08-05|2026-08-06|2026-08-07|2026-08-10|2026-08-11|2026-08-12|2026-08-13|2026-08-14|2026-08-17|2026-08-18|2026-08-19,2026-08-19 15:05:26,0.0
Asbury Automotive Group,,2026-07-06|2026-07-07|2026-07-08|2026-07-09|2026-07-10|2026-07-13|2026-07-14|2026-07-15|2026-07-16|2026-07-17|2026-07-20|2026-07-23|2026-07-24|2026-07-27|2026-07-28|2026-07-29|2026-07-30|2026-08-03|2026-08-04|2026-08-05|2026-08-06|2026-08-07|2026-08-10|2026-08-11|2026-08-12|2026-08-13|2026-08-14|2026-08-17|2026-08-18|2026-08-19,2026-08-19 15:05:26,0.0
WW Grainger,,2026-07-06|2026-07-07|2026-07-08|2026-07-09|2026-07-10|2026-07-13|2026-07-14|2026-07-15|2026-07-16|2026-07-17|2026-07-20|2026-07-23|2026-07-24|2026-07-27|2026-07-28|2026-07-29|2026-07-30|2026-08-03|2026-08-04|2026-08-05|2026-08-06|2026-08-07|2026-08-10|2026-08-11|2026-08-12|2026-08-13|2026-08-14|2026-08-17|2026-08-18|2026-08-19,2026-08-19 15:05:26,0.0
Global Partners,,2026-07-06|2026-07-07|2026-07-08|2026-07-09|2026-07-10|2026-07-13|2026-07-14|2026-07-15|2026-07-16|2026-07-17|2026-07-20|2026-07-23|2026-07-24|2026-07-27|2026-07-28|2026-07-29|2026-07-30|2026-08-03|2026-08-04|2026-08-05|2026-08-06|2026-08-07|2026-08-10|2026-08-11|2026-08-12|2026-08-13|2026-08-14|2026-08-17|2026-08-18|2026-08-19,2026-08-19 15:05:26,0.0
Jacobs Solutions,,2026-07-06|2026-07-07|2026-07-08|2026-07-09|2026-07-10|2026-07-13|2026-07-14|2026-07-15|2026-07-16|2026-07-17|2026-07-20|2026-07-23|2026-07-24|2026-07-27|2026-07-28|2026-07-29|2026-07-30|2026-08-03|2026-08-04|2026-08-05|2026-08-06|2026-08-07|2026-08-10|2026-08-11|2026-08-12|2026-08-13|2026-08-14|2026-08-17|2026-08-18|2026-08-19,2026-08-19 15:05:26,0.0
Corteva,,2026-07-07|2026-07-08|2026-07-09|2026-07-10|2026-07-13|2026-07-14|2026-07-15|2026-07-16|2026-07-17|2026-07-20|2026-07-23|2026-07-24|2026-07-27|2026-07-28|2026-07-29|2026-07-30|2026-07-31|2026-08-03|2026-08-04|2026-08-05|2026-08-06|2026-08-07|2026-08-10|2026-08-11|2026-08-12|2026-08-13|2026-08-14|2026-08-17|2026-08-18|2026-08-19,2026-08-19 15:05:26,0.0
Boston Scientific,,2026-07-09|2026-07-10|2026-07-13|2026-07-14|2026-07-15|2026-07-16|2026-07-17|2026-07-20|2026-07-21|2026-07-22|2026-07-23|2026-07-24|2026-07-27|2026-07-28|2026-07-29|2026-07-30|2026-07-31|2026-08-03|2026-08-04|2026-08-05|2026-08-06|2026-08-07|2026-08-10|2026-08-11|2026-08-12|2026-08-13|2026-08-14|2026-08-17|2026-08-18|2026-08-19,2026-08-19 15:05:26,0.0
O'Reilly Automotive,,2026-07-08|2026-07-09|2026-07-10|2026-07-13|2026-07-14|2026-07-15|2026-07-16|2026-07-17|2026-07-20|2026-07-21|2026-07-23|2026-07-24|2026-07-27|2026-07-28|2026-07-29|2026-07-30|2026-07-31|2026-08-03|2026-08-04|2026-08-05|2026-08-06|2026-08-07|2026-08-10|2026-08-11|2026-08-12|2026-08-13|2026-08-14|2026-08-17|2026-08-18|2026-08-19,2026-08-19 15:05:26,0.0
Leidos,,2026-07-07|2026-07-08|2026-07-09|2026-07-10|2026-07-13|2026-07-14|2026-07-15|2026-07-16|2026-07-17|2026-07-20|2026-07-23|2026-07-24|2026-07-27|2026-07-28|2026-07-29|2026-07-30|2026-07-31|2026-08-03|2026-08-04|2026-08-05|2026-08-06|2026-08-07|2026-08-10|2026-08-11|2026-08-12|2026-08-13|2026-08-14|2026-08-17|2026-08-18|2026-08-19,2026-08-19 15:05:26,0.0
Markel Group,,2026-07-06|2026-07-07|2026-07-08|2026-07-09|2026-07-10|2026-07-13|2026-07-14|2026-07-15|2026-07-16|2026-07-17|2026-07-20|2026-07-23|2026-07-24|2026-07-27|2026-07-28|2026-07-29|2026-07-30|2026-08-03|2026-08-04|2026-08-05|2026-08-06|2026-08-07|2026-08-10|2026-08-11|2026-08-12|2026-08-13|2026-08-14|2026-08-17|2026-08-18|2026-08-19,2026-08-19 15:05:26,0.0
Whirlpool,,2026-07-08|2026-07-09|2026-07-10|2026-07-13|2026-07-14|2026-07-15|2026-07-16|2026-07-17|2026-07-20|2026-07-21|2026-07-23|2026-07-24|2026-07-27|2026-07-28|2026-07-29|2026-07-30|2026-07-31|2026-08-03|2026-08-04|2026-08-05|2026-08-06|2026-08-07|2026-08-10|2026-08-11|2026-08-12|2026-08-13|2026-08-14|2026-08-17|2026-08-18|2026-08-19,2026-08-19 15:05:26,0.0
Builders FirstSource,,2026-07-07|2026-07-08|2026-07-09|2026-07-10|2026-07-13|2026-07-14|2026-07-15|2026-07-16|2026-07-17|2026-07-20|2026-07-21|2026-07-23|2026-07-24|2026-07-27|2026-07-28|2026-07-29|2026-07-30|2026-08-03|2026-08-04|2026-08-05|2026-08-06|2026-08-07|2026-08-10|2026-08-11|2026-08-12|2026-08-13|2026-08-14|2026-08-17|2026-08-18|2026-08-19,2026-08-19 15:05:26,0.0
Ally Financial,,2026-07-07|2026-07-08|2026-07-09|2026-07-10|2026-07-13|2026-07-14|2026-07-15|2026-07-16|2026-07-17|2026-07-20|2026-07-23|2026-07-24|2026-07-27|2026-07-28|2026-07-29|2026-07-30|2026-07-31|2026-08-03|2026-08-04|2026-08-05|2026-08-06|2026-08-07|2026-08-10|2026-08-11|2026-08-12|2026-08-13|2026-08-14|2026-08-17|2026-08-18|2026-08-19,2026-08-19 15:05:26,0.0
Targa Resources,,2026-07-09|2026-07-10|2026-07-13|2026-07-14|2026-07-15|2026-07-16|2026-07-17|2026-07-20|2026-07-21|2026-07-22|2026-07-23|2026-07-24|2026-07-27|2026-07-28|2026-07-29|2026-07-30|2026-07-31|2026-08-03|2026-08-04|2026-08-05|2026-08-06|2026-08-07|2026-08-10|2026-08-11|2026-08-12|2026-08-13|2026-08-14|2026-08-17|2026-08-18|2026-08-19,2026-08-19 15:05:26,0.0
Fluor,,2026-07-09|2026-07-10|2026-07-13|2026-07-14|2026-07-15|2026-07-16|2026-07-17|2026-07-20|2026-07-21|2026-07-22|2026-07-23|2026-07-24|2026-07-27|2026-07-28|2026-07-29|2026-07-30|2026-07-31|2026-08-03|2026-08-04|2026-08-05|2026-08-06|2026-08-07|2026-08-10|2026-08-11|2026-08-12|2026-08-13|2026-08-14|2026-08-17|2026-08-18|2026-08-19,2026-08-19 15:05:26,0.0
Intuit,,2026-07-09|2026-07-10|2026-07-13|2026-07-14|2026-07-15|2026-07-16|2026-07-17|2026-07-20|2026-07-21|2026-07-22|2026-07-23|2026-07-24|2026-07-27|2026-07-28|2026-07-29|2026-07-30|2026-07-31|2026-08-03|2026-08-04|2026-08-05|2026-08-06|2026-08-07|2026-08-10|2026-08-11|2026-08-12|2026-08-13|2026-08-14|2026-08-17|2026-08-18|2026-08-19,2026-08-19 15:05:26,0.0
AECOM,,2026-07-06|2026-07-07|2026-07-08|2026-07-09|2026-07-10|2026-07-13|2026-07-14|2026-07-15|2026-07-16|2026-07-17|2026-07-20|2026-07-23|2026-07-24|2026-07-27|2026-07-28|2026-07-29|2026-07-30|2026-08-03|2026-08-04|2026-08-05|2026-08-06|2026-08-07|2026-08-10|2026-08-11|2026-08-12|2026-08-13|2026-08-14|2026-08-17|2026-08-18|2026-08-19,2026-08-19 15:05:26,0.0
Kohl's,,2026-07-07|2026-07-08|2026-07-09|2026-07-10|2026-07-13|2026-07-14|2026-07-15|2026-07-16|2026-07-17|2026-07-20|2026-07-21|2026-07-23|2026-07-24|2026-07-27|2026-07-28|2026-07-29|2026-07-30|2026-08-03|2026-08-04|2026-08-05|2026-08-06|2026-08-07|2026-08-10|2026-08-11|2026-08-12|2026-08-13|2026-08-14|2026-08-17|2026-08-18|2026-08-19,2026-08-19 15:05:26,0.0
PrIncipal Financial,,2026-07-06|2026-07-07|2026-07-08|2026-07-09|2026-07-10|2026-07-13|2026-07-14|2026-07-15|2026-07-16|2026-07-17|2026-07-20|2026-07-23|2026-07-24|2026-07-27|2026-07-28|2026-07-29|2026-07-30|2026-08-03|2026-08-04|2026-08-05|2026-08-06|2026-08-07|2026-08-10|2026-08-11|2026-08-12|2026-08-13|2026-08-14|2026-08-17|2026-08-18|2026-08-19,2026-08-19 15:05:26,0.0
Dominion Energy,,2026-07-07|2026-07-08|2026-07-09|2026-07-10|2026-07-13|2026-07-14|2026-07-15|2026-07-16|2026-07-17|2026-07-20|2026-07-23|2026-07-24|2026-07-27|2026-07-28|2026-07-29|2026-07-30|2026-07-31|2026-08-03|2026-08-04|2026-08-05|2026-08-06|2026-08-07|2026-08-10|2026-08-11|2026-08-12|2026-08-13|2026-08-14|2026-08-17|2026-08-18|2026-08-19,2026-08-19 15:05:26,0.0
Kyndryl,,2026-07-07|2026-07-08|2026-07-09|2026-07-10|2026-07-13|2026-07-14|2026-07-15|2026-07-16|2026-07-17|2026-07-20|2026-07-21|2026-07-23|2026-07-24|2026-07-27|2026-07-28|2026-07-29|2026-07-30|2026-08-03|2026-08-04|2026-08-05|2026-08-06|2026-08-07|2026-08-10|2026-08-11|2026-08-12|2026-08-13|2026-08-14|2026-08-17|2026-08-18|2026-08-19,2026-08-19 15:05:26,0.0
Republic Services,,2026-07-06|2026-07-07|2026-07-08|2026-07-09|2026-07-10|2026-07-13|2026-07-14|2026-07-15|2026-07-16|2026-07-17|2026-07-20|2026-07-23|2026-07-24|2026-07-27|2026-07-28|2026-07-29|2026-07-30|2026-08-03|2026-08-04|2026-08-05|2026-08-06|2026-08-07|2026-08-10|2026-08-11|2026-08-12|2026-08-13|2026-08-14|2026-08-17|2026-08-18|2026-08-19,2026-08-19 15:05:26,0.0
Devon Energy,,2026-07-09|2026-07-10|2026-07-13|2026-07-14|2026-07-15|2026-07-16|2026-07-17|2026-07-20|2026-07-21|2026-07-22|2026-07-23|2026-07-24|2026-07-27|2026-07-28|2026-07-29|2026-07-30|2026-07-31|2026-08-03|2026-08-04|2026-08-05|2026-08-06|2026-08-07|2026-08-10|2026-08-11|2026-08-12|2026-08-13|2026-08-14|2026-08-17|2026-08-18|2026-08-19,2026-08-19 15:05:26,0.0
Illinois Tool Works,,2026-07-07|2026-07-08|2026-07-09|2026-07-10|2026-07-13|2026-07-14|2026-07-15|2026-07-16|2026-07-17|2026-07-20|2026-07-23|2026-07-24|2026-07-27|2026-07-28|2026-07-29|2026-07-30|2026-07-31|2026-08-03|2026-08-04|2026-08-05|2026-08-06|2026-08-07|2026-08-10|2026-08-11|2026-08-12|2026-08-13|2026-08-14|2026-08-17|2026-08-18|2026-08-19,2026-08-19 15:05:26,0.0
Northern Trust,,2026-07-09|2026-07-10|2026-07-13|2026-07-14|2026-07-15|2026-07-16|2026-07-17|2026-07-20|2026-07-21|2026-07-22|2026-07-23|2026-07-24|2026-07-27|2026-07-28|2026-07-29|2026-07-30|2026-07-31|2026-08-03|2026-08-04|2026-08-05|2026-08-06|2026-08-07|2026-08-10|2026-08-11|2026-08-12|2026-08-13|2026-08-14|2026-08-17|2026-08-18|2026-08-19,2026-08-19 15:05:26,0.0
Universal Health Services,,2026-07-06|2026-07-07|2026-07-08|2026-07-09|2026-07-10|2026-07-13|2026-07-14|2026-07-15|2026-07-16|2026-07-17|2026-07-20|2026-07-23|2026-07-24|2026-07-27|2026-07-28|2026-07-29|2026-07-30|2026-08-03|2026-08-04|2026-08-05|2026-08-06|2026-08-07|2026-08-10|2026-08-11|2026-08-12|2026-08-13|2026-08-14|2026-08-17|2026-08-18|2026-08-19,2026-08-19 15:05:26,0.0
EchoStar,,2026-07-17,2026-08-19 15:05:26,0.0
Ecolab,,2026-07-07|2026-07-08|2026-07-09|2026-07-10|2026-07-13|2026-07-14|2026-07-15|2026-07-16|2026-07-17|2026-07-20|2026-07-23|2026-07-24|2026-07-27|2026-07-28|2026-07-29|2026-07-30|2026-07-31|2026-08-03|2026-08-04|2026-08-05|2026-08-06|2026-08-07|2026-08-10|2026-08-11|2026-08-12|2026-08-13|2026-08-14|2026-08-17|2026-08-18|2026-08-19,2026-08-19 15:05:26,0.0
Cheniere Energy,,2026-07-08|2026-07-09|2026-07-10|2026-07-13|2026-07-14|2026-07-15|2026-07-16|2026-07-17|2026-07-20|2026-07-22|2026-07-23|2026-07-24|2026-07-27|2026-07-28|2026-07-29|2026-07-30|2026-07-31|2026-08-03|2026-08-04|2026-08-05|2026-08-06|2026-08-07|2026-08-10|2026-08-11|2026-08-12|2026-08-13|2026-08-14|2026-08-17|2026-08-18|2026-08-19,2026-08-19 15:05:26,0.0
Omnicom Group,,2026-07-06|2026-07-07|2026-07-08|2026-07-09|2026-07-10|2026-07-13|2026-07-14|2026-07-15|2026-07-16|2026-07-17|2026-07-20|2026-07-23|2026-07-24|2026-07-27|2026-07-28|2026-07-29|2026-07-30|2026-08-03|2026-08-04|2026-08-05|2026-08-06|2026-08-07|2026-08-10|2026-08-11|2026-08-12|2026-08-13|2026-08-14|2026-08-17|2026-08-18|2026-08-19,2026-08-19 15:05:26,0.0
Texas Instruments,,2026-07-09|2026-07-10|2026-07-13|2026-07-14|2026-07-15|2026-07-16|2026-07-17|2026-07-20|2026-07-21|2026-07-22|2026-07-23|2026-07-24|2026-07-27|2026-07-28|2026-07-29|2026-07-30|2026-07-31|2026-08-03|2026-08-04|2026-08-05|2026-08-06|2026-08-07|2026-08-10|2026-08-11|2026-08-12|2026-08-13|2026-08-14|2026-08-17|2026-08-18|2026-08-19,2026-08-19 15:05:26,0.0
Estée Lauder,,2026-07-07|2026-07-08|2026-07-09|2026-07-10|2026-07-13|2026-07-14|2026-07-15|2026-07-16|2026-07-17|2026-07-20|2026-07-23|2026-07-24|2026-07-27|2026-07-28|2026-07-29|2026-07-30|2026-07-31|2026-08-03|2026-08-04|2026-08-05|2026-08-06|2026-08-07|2026-08-10|2026-08-11|2026-08-12|2026-08-13|2026-08-14|2026-08-17|2026-08-18|2026-08-19,2026-08-19 15:05:26,0.0
Kenvue,,2026-07-08|2026-07-09|2026-07-10|2026-07-13|2026-07-14|2026-07-15|2026-07-16|2026-07-17|2026-07-20|2026-07-21|2026-07-23|2026-07-24|2026-07-27|2026-07-28|2026-07-29|2026-07-30|2026-07-31|2026-08-03|2026-08-04|2026-08-05|2026-08-06|2026-08-07|2026-08-10|2026-08-11|2026-08-12|2026-08-13|2026-08-14|2026-08-17|2026-08-18|2026-08-19,2026-08-19 15:05:26,0.0
IQVIA,,2026-07-07|2026-07-08|2026-07-09|2026-07-10|2026-07-13|2026-07-14|2026-07-15|2026-07-16|2026-07-17|2026-07-20|2026-07-22|2026-07-23|2026-07-24|2026-07-27|2026-07-28|2026-07-29|2026-07-30|2026-08-03|2026-08-04|2026-08-05|2026-08-06|2026-08-07|2026-08-10|2026-08-11|2026-08-12|2026-08-13|2026-08-14|2026-08-17|2026-08-18|2026-08-19,2026-08-19 15:05:26,0.0
Stanley Black & Decker,,2026-07-06|2026-07-07|2026-07-08|2026-07-09|2026-07-10|2026-07-13|2026-07-14|2026-07-15|2026-07-16|2026-07-17|2026-07-20|2026-07-23|2026-07-24|2026-07-27|2026-07-28|2026-07-29|2026-07-30|2026-08-03|2026-08-04|2026-08-05|2026-08-06|2026-08-07|2026-08-10|2026-08-11|2026-08-12|2026-08-13|2026-08-14|2026-08-17|2026-08-18|2026-08-19,2026-08-19 15:05:26,0.0
Keurig Dr Pepper,,2026-07-08|2026-07-09|2026-07-10|2026-07-13|2026-07-14|2026-07-15|2026-07-16|2026-07-17|2026-07-20|2026-07-21|2026-07-23|2026-07-24|2026-07-27|2026-07-28|2026-07-29|2026-07-30|2026-07-31|2026-08-03|2026-08-04|2026-08-05|2026-08-06|2026-08-07|2026-08-10|2026-08-11|2026-08-12|2026-08-13|2026-08-14|2026-08-17|2026-08-18|2026-08-19,2026-08-19 15:05:26,0.0
United Rentals,,2026-07-09|2026-07-10|2026-07-13|2026-07-14|2026-07-15|2026-07-16|2026-07-17|2026-07-20|2026-07-21|2026-07-22|2026-07-23|2026-07-24|2026-07-27|2026-07-28|2026-07-29|2026-07-30|2026-07-31|2026-08-03|2026-08-04|2026-08-05|2026-08-06|2026-08-07|2026-08-10|2026-08-11|2026-08-12|2026-08-13|2026-08-14|2026-08-17|2026-08-18|2026-08-19,2026-08-19 15:05:26,0.0
Consolidated Edison,,2026-07-07|2026-07-08|2026-07-09|2026-07-10|2026-07-13|2026-07-14|2026-07-15|2026-07-16|2026-07-17|2026-07-20|2026-07-23|2026-07-24|2026-07-27|2026-07-28|2026-07-29|2026-07-30|2026-07-31|2026-08-03|2026-08-04|2026-08-05|2026-08-06|2026-08-07|2026-08-10|2026-08-11|2026-08-12|2026-08-13|2026-08-14|2026-08-17|2026-08-18|2026-08-19,2026-08-19 15:05:26,0.0
Amphenol,,2026-07-09|2026-07-10|2026-07-13|2026-07-14|2026-07-15|2026-07-16|2026-07-17|2026-07-20|2026-07-21|2026-07-22|2026-07-23|2026-07-24|2026-07-27|2026-07-28|2026-07-29|2026-07-30|2026-07-31|2026-08-03|2026-08-04|2026-08-05|2026-08-06|2026-08-07|2026-08-10|2026-08-11|2026-08-12|2026-08-13|2026-08-14|2026-08-17|2026-08-18|2026-08-19,2026-08-19 15:05:26,0.0
Baxter International,,2026-07-07|2026-07-08|2026-07-09|2026-07-10|2026-07-13|2026-07-14|2026-07-15|2026-07-16|2026-07-17|2026-07-20|2026-07-23|2026-07-24|2026-07-27|2026-07-28|2026-07-29|2026-07-30|2026-07-31|2026-08-03|2026-08-04|2026-08-05|2026-08-06|2026-08-07|2026-08-10|2026-08-11|2026-08-12|2026-08-13|2026-08-14|2026-08-17|2026-08-18|2026-08-19,2026-08-19 15:05:26,0.0
Kinder Morgan,,2026-07-09|2026-07-10|2026-07-13|2026-07-14|2026-07-15|2026-07-16|2026-07-17|2026-07-20|2026-07-21|2026-07-22|2026-07-23|2026-07-24|2026-07-27|2026-07-28|2026-07-29|2026-07-30|2026-07-31|2026-08-03|2026-08-04|2026-08-05|2026-08-06|2026-08-07|2026-08-10|2026-08-11|2026-08-12|2026-08-13|2026-08-14|2026-08-17|2026-08-18|2026-08-19,2026-08-19 15:05:26,0.0
First Citizens BancShares,,2026-07-06|2026-07-07|2026-07-08|2026-07-09|2026-07-10|2026-07-13|2026-07-14|2026-07-15|2026-07-16|2026-07-17|2026-07-20|2026-07-23|2026-07-24|2026-07-27|2026-07-28|2026-07-29|2026-07-30|2026-08-03|2026-08-04|2026-08-05|2026-08-06|2026-08-07|2026-08-10|2026-08-11|2026-08-12|2026-08-13|2026-08-14|2026-08-17|2026-08-18|2026-08-19,2026-08-19 15:05:26,0.0
Raymond James Financial,,2026-07-06|2026-07-07|2026-07-08|2026-07-09|2026-07-10|2026-07-13|2026-07-14|2026-07-15|2026-07-16|2026-07-17|2026-07-20|2026-07-23|2026-07-24|2026-07-27|2026-07-28|2026-07-29|2026-07-30|2026-08-03|2026-08-04|2026-08-05|2026-08-06|2026-08-07|2026-08-10|2026-08-11|2026-08-12|2026-08-13|2026-08-14|2026-08-17|2026-08-18|2026-08-19,2026-08-19 15:05:26,0.0
Lam Research,,2026-07-09|2026-07-10|2026-07-13|2026-07-14|2026-07-15|2026-07-16|2026-07-17|2026-07-20|2026-07-21|2026-07-22|2026-07-23|2026-07-24|2026-07-27|2026-07-28|2026-07-29|2026-07-30|2026-07-31|2026-08-03|2026-08-04|2026-08-05|2026-08-06|2026-08-07|2026-08-10|2026-08-11|2026-08-12|2026-08-13|2026-08-14|2026-08-17|2026-08-18|2026-08-19,2026-08-19 15:05:26,0.0
Tractor Supply,,2026-07-08|2026-07-09|2026-07-10|2026-07-13|2026-07-14|2026-07-15|2026-07-16|2026-07-17|2026-07-20|2026-07-22|2026-07-23|2026-07-24|2026-07-27|2026-07-28|2026-07-29|2026-07-30|2026-07-31|2026-08-03|2026-08-04|2026-08-05|2026-08-06|2026-08-07|2026-08-10|2026-08-11|2026-08-12|2026-08-13|2026-08-14|2026-08-17|2026-08-18|2026-08-19,2026-08-19 15:05:26,0.0
Caseys General Stores,,2026-07-07|2026-07-08|2026-07-09|2026-07-10|2026-07-13|2026-07-14|2026-07-15|2026-07-16|2026-07-17|2026-07-20|2026-07-23|2026-07-24|2026-07-27|2026-07-28|2026-07-29|2026-07-30|2026-07-31|2026-08-03|2026-08-04|2026-08-05|2026-08-06|2026-08-07|2026-08-10|2026-08-11|2026-08-12|2026-08-13|2026-08-14|2026-08-17|2026-08-18|2026-08-19,2026-08-19 15:05:26,0.0
Viatris,,2026-07-08|2026-07-09|2026-07-10|2026-07-13|2026-07-14|2026-07-15|2026-07-16|2026-07-17|2026-07-20|2026-07-21|2026-07-23|2026-07-24|2026-07-27|2026-07-28|2026-07-29|2026-07-30|2026-07-31|2026-08-03|2026-08-04|2026-08-05|2026-08-06|2026-08-07|2026-08-10|2026-08-11|2026-08-12|2026-08-13|2026-08-14|2026-08-17|2026-08-18|2026-08-19,2026-08-19 15:05:26,0.0
EMCOR Group,,2026-07-06|2026-07-07|2026-07-08|2026-07-09|2026-07-10|2026-07-13|2026-07-14|2026-07-15|2026-07-16|2026-07-17|2026-07-20|2026-07-23|2026-07-24|2026-07-27|2026-07-28|2026-07-29|2026-07-30|2026-08-03|2026-08-04|2026-08-05|2026-08-06|2026-08-07|2026-08-10|2026-08-11|2026-08-12|2026-08-13|2026-08-14|2026-08-17|2026-08-18|2026-08-19,2026-08-19 15:05:26,0.0
CSX,,2026-07-09|2026-07-10|2026-07-13|2026-07-14|2026-07-15|2026-07-16|2026-07-17|2026-07-20|2026-07-21|2026-07-22|2026-07-23|2026-07-24|2026-07-27|2026-07-28|2026-07-29|2026-07-30|2026-07-31|2026-08-03|2026-08-04|2026-08-05|2026-08-06|2026-08-07|2026-08-10|2026-08-11|2026-08-12|2026-08-13|2026-08-14|2026-08-17|2026-08-18|2026-08-19,2026-08-19 15:05:26,0.0
LKQ,,2026-07-09|2026-07-10|2026-07-13|2026-07-14|2026-07-15|2026-07-16|2026-07-17|2026-07-20|2026-07-21|2026-07-22|2026-07-23|2026-07-24|2026-07-27|2026-07-28|2026-07-29|2026-07-30|2026-07-31|2026-08-03|2026-08-04|2026-08-05|2026-08-06|2026-08-07|2026-08-10|2026-08-11|2026-08-12|2026-08-13|2026-08-14|2026-08-17|2026-08-18|2026-08-19,2026-08-19 15:05:26,0.0
Otis Worldwide,,2026-07-07|2026-07-08|2026-07-09|2026-07-10|2026-07-13|2026-07-14|2026-07-15|2026-07-16|2026-07-17|2026-07-20|2026-07-23|2026-07-24|2026-07-27|2026-07-28|2026-07-29|2026-07-30|2026-07-31|2026-08-03|2026-08-04|2026-08-05|2026-08-06|2026-08-07|2026-08-10|2026-08-11|2026-08-12|2026-08-13|2026-08-14|2026-08-17|2026-08-18|2026-08-19,2026-08-19 15:05:26,0.0
Sonic Automotive,,2026-07-09|2026-07-10|2026-07-13|2026-07-14|2026-07-15|2026-07-16|2026-07-17|2026-07-20|2026-07-21|2026-07-22|2026-07-23|2026-07-24|2026-07-27|2026-07-28|2026-07-29|2026-07-30|2026-07-31|2026-08-03|2026-08-04|2026-08-05|2026-08-06|2026-08-07|2026-08-10|2026-08-11|2026-08-12|2026-08-13|2026-08-14|2026-08-17|2026-08-18|2026-08-19,2026-08-19 15:05:26,0.0
S&P Global,,2026-07-07|2026-07-08|2026-07-09|2026-07-10|2026-07-13|2026-07-14|2026-07-15|2026-07-16|2026-07-17|2026-07-20|2026-07-23|2026-07-24|2026-07-27|2026-07-28|2026-07-29|2026-07-30|2026-07-31|2026-08-03|2026-08-04|2026-08-05|2026-08-06|2026-08-07|2026-08-10|2026-08-11|2026-08-12|2026-08-13|2026-08-14|2026-08-17|2026-08-18|2026-08-19,2026-08-19 15:05:26,0.0
Regeneron Pharmaceuticals,,2026-07-09|2026-07-10|2026-07-13|2026-07-14|2026-07-15|2026-07-16|2026-07-17|2026-07-20|2026-07-21|2026-07-22|2026-07-23|2026-07-24|2026-07-27|2026-07-28|2026-07-29|2026-07-30|2026-07-31|2026-08-03|2026-08-04|2026-08-05|2026-08-06|2026-08-07|2026-08-10|2026-08-11|2026-08-12|2026-08-13|2026-08-14|2026-08-17|2026-08-18|2026-08-19,2026-08-19 15:05:26,0.0
BorgWarner,,2026-07-06|2026-07-07|2026-07-08|2026-07-09|2026-07-10|2026-07-13|2026-07-14|2026-07-15|2026-07-16|2026-07-17|2026-07-20|2026-07-23|2026-07-24|2026-07-27|2026-07-28|2026-07-29|2026-07-30|2026-08-03|2026-08-04|2026-08-05|2026-08-06|2026-08-07|2026-08-10|2026-08-11|2026-08-12|2026-08-13|2026-08-14|2026-08-17|2026-08-18|2026-08-19,2026-08-19 15:05:26,0.0
Reliance Inc,,2026-07-06|2026-07-07|2026-07-08|2026-07-09|2026-07-10|2026-07-13|2026-07-14|2026-07-15|2026-07-16|2026-07-17|2026-07-20|2026-07-23|2026-07-24|2026-07-27|2026-07-28|2026-07-29|2026-07-30|2026-08-03|2026-08-04|2026-08-05|2026-08-06|2026-08-07|2026-08-10|2026-08-11|2026-08-12|2026-08-13|2026-08-14|2026-08-17|2026-08-18|2026-08-19,2026-08-19 15:05:26,0.0
Textron,,2026-07-07|2026-07-08|2026-07-09|2026-07-10|2026-07-13|2026-07-14|2026-07-15|2026-07-16|2026-07-17|2026-07-20|2026-07-23|2026-07-24|2026-07-27|2026-07-28|2026-07-29|2026-07-30|2026-07-31|2026-08-03|2026-08-04|2026-08-05|2026-08-06|2026-08-07|2026-08-10|2026-08-11|2026-08-12|2026-08-13|2026-08-14|2026-08-17|2026-08-18|2026-08-19,2026-08-19 15:05:26,0.0
Expedia,,2026-07-06|2026-07-07|2026-07-08|2026-07-09|2026-07-10|2026-07-13|2026-07-14|2026-07-15|2026-07-16|2026-07-17|2026-07-20|2026-07-23|2026-07-24|2026-07-27|2026-07-28|2026-07-29|2026-07-30|2026-08-03|2026-08-04|2026-08-05|2026-08-06|2026-08-07|2026-08-10|2026-08-11|2026-08-12|2026-08-13|2026-08-14|2026-08-17|2026-08-18|2026-08-19,2026-08-19 15:05:26,0.0
Fidelity National Financial,,2026-07-06|2026-07-07|2026-07-08|2026-07-09|2026-07-10|2026-07-13|2026-07-14|2026-07-15|2026-07-16|2026-07-17|2026-07-20|2026-07-23|2026-07-24|2026-07-27|2026-07-28|2026-07-29|2026-07-30|2026-08-03|2026-08-04|2026-08-05|2026-08-06|2026-08-07|2026-08-10|2026-08-11|2026-08-12|2026-08-13|2026-08-14|2026-08-17|2026-08-18|2026-08-19,2026-08-19 15:05:26,0.0
Carvana,,2026-07-09|2026-07-10|2026-07-13|2026-07-14|2026-07-15|2026-07-16|2026-07-17|2026-07-20|2026-07-21|2026-07-22|2026-07-23|2026-07-24|2026-07-27|2026-07-28|2026-07-29|2026-07-30|2026-07-31|2026-08-03|2026-08-04|2026-08-05|2026-08-06|2026-08-07|2026-08-10|2026-08-11|2026-08-12|2026-08-13|2026-08-14|2026-08-17|2026-08-18|2026-08-19,2026-08-19 15:05:26,0.0
DXC Technology,,2026-07-06|2026-07-07|2026-07-08|2026-07-09|2026-07-10|2026-07-13|2026-07-14|2026-07-15|2026-07-16|2026-07-17|2026-07-20|2026-07-23|2026-07-24|2026-07-27|2026-07-28|2026-07-29|2026-07-30|2026-08-03|2026-08-04|2026-08-05|2026-08-06|2026-08-07|2026-08-10|2026-08-11|2026-08-12|2026-08-13|2026-08-14|2026-08-17|2026-08-18|2026-08-19,2026-08-19 15:05:26,0.0
WR Berkley,,2026-07-07|2026-07-08|2026-07-09|2026-07-10|2026-07-13|2026-07-14|2026-07-15|2026-07-16|2026-07-17|2026-07-20|2026-07-23|2026-07-24|2026-07-27|2026-07-28|2026-07-29|2026-07-30|2026-07-31|2026-08-03|2026-08-04|2026-08-05|2026-08-06|2026-08-07|2026-08-10|2026-08-11|2026-08-12|2026-08-13|2026-08-14|2026-08-17|2026-08-18|2026-08-19,2026-08-19 15:05:26,0.0
M&T Bank,,2026-07-06|2026-07-07|2026-07-08|2026-07-09|2026-07-10|2026-07-13|2026-07-14|2026-07-15|2026-07-16|2026-07-17|2026-07-20|2026-07-23|2026-07-24|2026-07-27|2026-07-28|2026-07-29|2026-07-30|2026-08-03|2026-08-04|2026-08-05|2026-08-06|2026-08-07|2026-08-10|2026-08-11|2026-08-12|2026-08-13|2026-08-14|2026-08-17|2026-08-18|2026-08-19,2026-08-19 15:05:26,0.0
Dicks Sporting Goods,,2026-07-06|2026-07-07|2026-07-08|2026-07-09|2026-07-10|2026-07-13|2026-07-14|2026-07-15|2026-07-16|2026-07-17|2026-07-20|2026-07-23|2026-07-24|2026-07-27|2026-07-28|2026-07-29|2026-07-30|2026-08-03|2026-08-04|2026-08-05|2026-08-06|2026-08-07|2026-08-10|2026-08-11|2026-08-12|2026-08-13|2026-08-14|2026-08-17|2026-08-18|2026-08-19,2026-08-19 15:05:26,0.0
Xcel Energy,,2026-07-08|2026-07-09|2026-07-10|2026-07-13|2026-07-14|2026-07-15|2026-07-16|2026-07-17|2026-07-20|2026-07-21|2026-07-23|2026-07-24|2026-07-27|2026-07-28|2026-07-29|2026-07-30|2026-07-31|2026-08-03|2026-08-04|2026-08-05|2026-08-06|2026-08-07|2026-08-10|2026-08-11|2026-08-12|2026-08-13|2026-08-14|2026-08-17|2026-08-18|2026-08-19,2026-08-19 15:05:26,0.0
Fifth Third Bancorp,,2026-07-09|2026-07-10|2026-07-13|2026-07-14|2026-07-15|2026-07-16|2026-07-17|2026-07-20|2026-07-21|2026-07-22|2026-07-23|2026-07-24|2026-07-27|2026-07-28|2026-07-29|2026-07-30|2026-07-31|2026-08-03|2026-08-04|2026-08-05|2026-08-06|2026-08-07|2026-08-10|2026-08-11|2026-08-12|2026-08-13|2026-08-14|2026-08-17|2026-08-18|2026-08-19,2026-08-19 15:05:26,0.0
Blackstone,,2026-07-09|2026-07-10|2026-07-13|2026-07-14|2026-07-15|2026-07-16|2026-07-17|2026-07-20|2026-07-21|2026-07-22|2026-07-23|2026-07-24|2026-07-27|2026-07-28|2026-07-29|2026-07-30|2026-07-31|2026-08-03|2026-08-04|2026-08-05|2026-08-06|2026-08-07|2026-08-10|2026-08-11|2026-08-12|2026-08-13|2026-08-14|2026-08-17|2026-08-18|2026-08-19,2026-08-19 15:05:26,0.0
Sempra,,2026-07-07|2026-07-08|2026-07-09|2026-07-10|2026-07-13|2026-07-14|2026-07-15|2026-07-16|2026-07-17|2026-07-20|2026-07-23|2026-07-24|2026-07-27|2026-07-28|2026-07-29|2026-07-30|2026-07-31|2026-08-03|2026-08-04|2026-08-05|2026-08-06|2026-08-07|2026-08-10|2026-08-11|2026-08-12|2026-08-13|2026-08-14|2026-08-17|2026-08-18|2026-08-19,2026-08-19 15:05:26,0.0
Corning,,2026-07-09|2026-07-10|2026-07-13|2026-07-14|2026-07-15|2026-07-16|2026-07-17|2026-07-20|2026-07-21|2026-07-22|2026-07-23|2026-07-24|2026-07-27|2026-07-28|2026-07-29|2026-07-30|2026-07-31|2026-08-03|2026-08-04|2026-08-05|2026-08-06|2026-08-07|2026-08-10|2026-08-11|2026-08-12|2026-08-13|2026-08-14|2026-08-17|2026-08-18|2026-08-19,2026-08-19 15:05:26,0.0
Lumen Technologies,,2026-07-08|2026-07-09|2026-07-10|2026-07-13|2026-07-14|2026-07-15|2026-07-16|2026-07-17|2026-07-20|2026-07-21|2026-07-23|2026-07-24|2026-07-27|2026-07-28|2026-07-29|2026-07-30|2026-07-31|2026-08-03|2026-08-04|2026-08-05|2026-08-06|2026-08-07|2026-08-10|2026-08-11|2026-08-12|2026-08-13|2026-08-14|2026-08-17|2026-08-18|2026-08-19,2026-08-19 15:05:26,0.0
FirstEnergy,,2026-07-07|2026-07-08|2026-07-09|2026-07-10|2026-07-13|2026-07-14|2026-07-15|2026-07-16|2026-07-17|2026-07-20|2026-07-23|2026-07-24|2026-07-27|2026-07-28|2026-07-29|2026-07-30|2026-07-31|2026-08-03|2026-08-04|2026-08-05|2026-08-06|2026-08-07|2026-08-10|2026-08-11|2026-08-12|2026-08-13|2026-08-14|2026-08-17|2026-08-18|2026-08-19,2026-08-19 15:05:26,0.0
Labcorp Holdings,,2026-07-06|2026-07-07|2026-07-08|2026-07-09|2026-07-10|2026-07-13|2026-07-14|2026-07-15|2026-07-16|2026-07-17|2026-07-20|2026-07-23|2026-07-24|2026-07-27|2026-07-28|2026-07-29|2026-07-30|2026-08-03|2026-08-04|2026-08-05|2026-08-06|2026-08-07|2026-08-10|2026-08-11|2026-08-12|2026-08-13|2026-08-14|2026-08-17|2026-08-18|2026-08-19,2026-08-19 15:05:26,0.0
Western Digital,,2026-07-09|2026-07-10|2026-07-13|2026-07-14|2026-07-15|2026-07-16|2026-07-17|2026-07-20|2026-07-21|2026-07-22|2026-07-23|2026-07-24|2026-07-27|2026-07-28|2026-07-29|2026-07-30|2026-07-31|2026-08-03|2026-08-04|2026-08-05|2026-08-06|2026-08-07|2026-08-10|2026-08-11|2026-08-12|2026-08-13|2026-08-14|2026-08-17|2026-08-18|2026-08-19,2026-08-19 15:05:26,0.0
Unum Group,,2026-07-06|2026-07-07|2026-07-08|2026-07-09|2026-07-10|2026-07-13|2026-07-14|2026-07-15|2026-07-16|2026-07-17|2026-07-20|2026-07-23|2026-07-24|2026-07-27|2026-07-28|2026-07-29|2026-07-30|2026-08-03|2026-08-04|2026-08-05|2026-08-06|2026-08-07|2026-08-10|2026-08-11|2026-08-12|2026-08-13|2026-08-14|2026-08-17|2026-08-18|2026-08-19,2026-08-19 15:05:26,0.0
DaVita,,2026-07-06|2026-07-07|2026-07-08|2026-07-09|2026-07-10|2026-07-13|2026-07-14|2026-07-15|2026-07-16|2026-07-17|2026-07-20|2026-07-23|2026-07-24|2026-07-27|2026-07-28|2026-07-29|2026-07-30|2026-08-03|2026-08-04|2026-08-05|2026-08-06|2026-08-07|2026-08-10|2026-08-11|2026-08-12|2026-08-13|2026-08-14|2026-08-17|2026-08-18|2026-08-19,2026-08-19 15:05:26,0.0
Henry Schein,,2026-07-06|2026-07-07|2026-07-08|2026-07-09|2026-07-10|2026-07-13|2026-07-14|2026-07-15|2026-07-16|2026-07-17|2026-07-20|2026-07-23|2026-07-24|2026-07-27|2026-07-28|2026-07-29|2026-07-30|2026-08-03|2026-08-04|2026-08-05|2026-08-06|2026-08-07|2026-08-10|2026-08-11|2026-08-12|2026-08-13|2026-08-14|2026-08-17|2026-08-18|2026-08-19,2026-08-19 15:05:26,0.0
Ryder System,,2026-07-06|2026-07-07|2026-07-08|2026-07-09|2026-07-10|2026-07-13|2026-07-14|2026-07-15|2026-07-16|2026-07-17|2026-07-20|2026-07-23|2026-07-24|2026-07-27|2026-07-28|2026-07-29|2026-07-30|2026-08-03|2026-08-04|2026-08-05|2026-08-06|2026-08-07|2026-08-10|2026-08-11|2026-08-12|2026-08-13|2026-08-14|2026-08-17|2026-08-18|2026-08-19,2026-08-19 15:05:26,0.0
Community Health Systems,,2026-07-07|2026-07-08|2026-07-09|2026-07-10|2026-07-13|2026-07-14|2026-07-15|2026-07-16|2026-07-17|2026-07-20|2026-07-22|2026-07-23|2026-07-24|2026-07-27|2026-07-28|2026-07-29|2026-07-30|2026-08-03|2026-08-04|2026-08-05|2026-08-06|2026-08-07|2026-08-10|2026-08-11|2026-08-12|2026-08-13|2026-08-14|2026-08-17|2026-08-18|2026-08-19,2026-08-19 15:05:26,0.0
Delek US,,2026-07-07|2026-07-08|2026-07-09|2026-07-10|2026-07-13|2026-07-14|2026-07-15|2026-07-16|2026-07-17|2026-07-20|2026-07-21|2026-07-23|2026-07-24|2026-07-27|2026-07-28|2026-07-29|2026-07-30|2026-08-03|2026-08-04|2026-08-05|2026-08-06|2026-08-07|2026-08-10|2026-08-11|2026-08-12|2026-08-13|2026-08-14|2026-08-17|2026-08-18|2026-08-19,2026-08-19 15:05:26,0.0
DTE Energy,,2026-07-06|2026-07-07|2026-07-08|2026-07-09|2026-07-10|2026-07-13|2026-07-14|2026-07-15|2026-07-16|2026-07-17|2026-07-20|2026-07-23|2026-07-24|2026-07-27|2026-07-28|2026-07-29|2026-07-30|2026-08-03|2026-08-04|2026-08-05|2026-08-06|2026-08-07|2026-08-10|2026-08-11|2026-08-12|2026-08-13|2026-08-14|2026-08-17|2026-08-18|2026-08-19,2026-08-19 15:05:26,0.0
Equitable Holdings,,2026-07-06|2026-07-07|2026-07-08|2026-07-09|2026-07-10|2026-07-13|2026-07-14|2026-07-15|2026-07-16|2026-07-17|2026-07-20|2026-07-23|2026-07-24|2026-07-27|2026-07-28|2026-07-29|2026-07-30|2026-08-03|2026-08-04|2026-08-05|2026-08-06|2026-08-07|2026-08-10|2026-08-11|2026-08-12|2026-08-13|2026-08-14|2026-08-17|2026-08-18|2026-08-19,2026-08-19 15:05:26,0.0
DuPont de Nemours,,2026-07-06|2026-07-07|2026-07-08|2026-07-09|2026-07-10|2026-07-13|2026-07-14|2026-07-15|2026-07-16|2026-07-17|2026-07-20|2026-07-23|2026-07-24|2026-07-27|2026-07-28|2026-07-29|2026-07-30|2026-08-03|2026-08-04|2026-08-05|2026-08-06|2026-08-07|2026-08-10|2026-08-11|2026-08-12|2026-08-13|2026-08-14|2026-08-17|2026-08-18|2026-08-19,2026-08-19 15:05:26,0.0
LPL Financial,82|84|90|87|90|69|83|77|81|42|82|59|54|59|79|82|82|83|100|90|79|71|76|82|81|80|77|68|80|65,2026-07-06|2026-07-07|2026-07-08|2026-07-09|2026-07-10|2026-07-13|2026-07-14|2026-07-15|2026-07-16|2026-07-17|2026-07-20|2026-07-23|2026-07-24|2026-07-27|2026-07-28|2026-07-29|2026-07-30|2026-08-03|2026-08-04|2026-08-05|2026-08-06|2026-08-07|2026-08-10|2026-08-11|2026-08-12|2026-08-13|2026-08-14|2026-08-17|2026-08-18|2026-08-19,2026-08-19 18:15:01,77.1
Citizens Financial Group,,2026-07-09|2026-07-10|2026-07-13|2026-07-14|2026-07-15|2026-07-16|2026-07-17|2026-07-20|2026-07-21|2026-07-22|2026-07-23|2026-07-24|2026-07-27|2026-07-28|2026-07-29|2026-07-30|2026-07-31|2026-08-03|2026-08-04|2026-08-05|2026-08-06|2026-08-07|2026-08-10|2026-08-11|2026-08-12|2026-08-13|2026-08-14|2026-08-17|2026-08-18|2026-08-19,2026-08-19 18:15:35,0.0
MasTec,94|58|46|46|48|62|42|56|52|52|53|53|48|56|58|63|100|72|63|55|58|43|51|52|51|48|47|58|57|57,2026-07-09|2026-07-10|2026-07-13|2026-07-14|2026-07-15|2026-07-16|2026-07-17|2026-07-20|2026-07-21|2026-07-22|2026-07-23|2026-07-24|2026-07-27|2026-07-28|2026-07-29|2026-07-30|2026-07-31|2026-08-03|2026-08-04|2026-08-05|2026-08-06|2026-08-07|2026-08-10|2026-08-11|2026-08-12|2026-08-13|2026-08-14|2026-08-17|2026-08-18|2026-08-19,2026-08-19 18:15:46,56.6
AES,60|69|64|57|52|54|58|56|57|54|50|47|58|63|48|48|52|51|51|58|51|62|52|100|69|54|56|51|50|47,2026-07-08|2026-07-09|2026-07-10|2026-07-13|2026-07-14|2026-07-15|2026-07-16|2026-07-17|2026-07-20|2026-07-21|2026-07-23|2026-07-24|2026-07-27|2026-07-28|2026-07-29|2026-07-30|2026-07-31|2026-08-03|2026-08-04|2026-08-05|2026-08-06|2026-08-07|2026-08-10|2026-08-11|2026-08-12|2026-08-13|2026-08-14|2026-08-17|2026-08-18|2026-08-19,2026-08-19 18:15:49,56.6
Norfolk Southern,80|82|91|93|80|89|77|69|68|70|77|59|59|100|71|74|69|59|68|62|62|64|64|66|69|64|66|60|66|69,2026-07-07|2026-07-08|2026-07-09|2026-07-10|2026-07-13|2026-07-14|2026-07-15|2026-07-16|2026-07-17|2026-07-20|2026-07-23|2026-07-24|2026-07-27|2026-07-28|2026-07-29|2026-07-30|2026-07-31|2026-08-03|2026-08-04|2026-08-05|2026-08-06|2026-08-07|2026-08-10|2026-08-11|2026-08-12|2026-08-13|2026-08-14|2026-08-17|2026-08-18|2026-08-19,2026-08-19 18:15:53,71.6
Air Products & Chemicals,0|0|0|0|0|0|0|0|0|0|0|0|0|0|0|0|0|0|0|0|0|0|0|0|0|0|0|100|0|0,2026-07-06|2026-07-07|2026-07-08|2026-07-09|2026-07-10|2026-07-13|2026-07-14|2026-07-15|2026-07-16|2026-07-17|2026-07-20|2026-07-23|2026-07-24|2026-07-27|2026-07-28|2026-07-29|2026-07-30|2026-08-03|2026-08-04|2026-08-05|2026-08-06|2026-08-07|2026-08-10|2026-08-11|2026-08-12|2026-08-13|2026-08-14|2026-08-17|2026-08-18|2026-08-19,2026-08-19 18:16:08,3.3
JB Hunt Transport Services,,2026-07-09|2026-07-10|2026-07-13|2026-07-14|2026-07-15|2026-07-16|2026-07-17|2026-07-20|2026-07-21|2026-07-22|2026-07-23|2026-07-24|2026-07-27|2026-07-28|2026-07-29|2026-07-30|2026-07-31|2026-08-03|2026-08-04|2026-08-05|2026-08-06|2026-08-07|2026-08-10|2026-08-11|2026-08-12|2026-08-13|2026-08-14|2026-08-17|2026-08-18|2026-08-19,2026-08-19 18:16:11,0.0
Ball Corporation,43|100|67|55|43|54|46|0|40|48|0|0|0|0|45|44|41|0|0|29|30|20|31|31|30|27|24|26|23|29,2026-07-07|2026-07-08|2026-07-09|2026-07-10|2026-07-13|2026-07-14|2026-07-15|2026-07-16|2026-07-17|2026-07-20|2026-07-23|2026-07-24|2026-07-27|2026-07-28|2026-07-29|2026-07-30|2026-07-31|2026-08-03|2026-08-04|2026-08-05|2026-08-06|2026-08-07|2026-08-10|2026-08-11|2026-08-12|2026-08-13|2026-08-14|2026-08-17|2026-08-18|2026-08-19,2026-08-19 18:16:12,30.9
Conagra Brands,0|50|55|66|82|50|79|100|0|0|0|0|0|0|0|0|0|53|0|35|33|37|42|41|38|37|33|34|36|53,2026-07-09|2026-07-10|2026-07-13|2026-07-14|2026-07-15|2026-07-16|2026-07-17|2026-07-20|2026-07-21|2026-07-22|2026-07-23|2026-07-24|2026-07-27|2026-07-28|2026-07-29|2026-07-30|2026-07-31|2026-08-03|2026-08-04|2026-08-05|2026-08-06|2026-08-07|2026-08-10|2026-08-11|2026-08-12|2026-08-13|2026-08-14|2026-08-17|2026-08-18|2026-08-19,2026-08-19 18:16:17,31.8
Huntington Bancshares,0|0|0|0|0|0|0|0|0|0|0|0|0|0|0|0|0|0|0|63|41|95|81|49|37|52|53|75|31|100,2026-07-08|2026-07-09|2026-07-10|2026-07-13|2026-07-14|2026-07-15|2026-07-16|2026-07-17|2026-07-20|2026-07-22|2026-07-23|2026-07-24|2026-07-27|2026-07-28|2026-07-29|2026-07-30|2026-07-31|2026-08-03|2026-08-04|2026-08-05|2026-08-06|2026-08-07|2026-08-10|2026-08-11|2026-08-12|2026-08-13|2026-08-14|2026-08-17|2026-08-18|2026-08-19,2026-08-19 18:16:31,22.6
Hormel Foods,20|18|100|49|20|0|0|20|0|0|22|0|0|0|0|0|0|21|21|14|14|16|13|14|13|15|13|16|18|13,2026-07-07|2026-07-08|2026-07-09|2026-07-10|2026-07-13|2026-07-14|2026-07-15|2026-07-16|2026-07-17|2026-07-20|2026-07-21|2026-07-23|2026-07-24|2026-07-27|2026-07-28|2026-07-29|2026-07-30|2026-08-03|2026-08-04|2026-08-05|2026-08-06|2026-08-07|2026-08-10|2026-08-11|2026-08-12|2026-08-13|2026-08-14|2026-08-17|2026-08-18|2026-08-19,2026-08-19 18:16:35,15.0
Eversource Energy,53|55|0|0|60|0|0|0|0|100|0|0|0|0|0|0|0|0|0|41|43|35|32|36|29|38|28|36|29|28,2026-07-07|2026-07-08|2026-07-09|2026-07-10|2026-07-13|2026-07-14|2026-07-15|2026-07-16|2026-07-17|2026-07-20|2026-07-23|2026-07-24|2026-07-27|2026-07-28|2026-07-29|2026-07-30|2026-07-31|2026-08-03|2026-08-04|2026-08-05|2026-08-06|2026-08-07|2026-08-10|2026-08-11|2026-08-12|2026-08-13|2026-08-14|2026-08-17|2026-08-18|2026-08-19,2026-08-19 18:16:38,21.4
Alcoa Corporation,,2026-07-09|2026-07-10|2026-07-13|2026-07-14|2026-07-15|2026-07-16|2026-07-17|2026-07-20|2026-07-21|2026-07-22|2026-07-23|2026-07-24|2026-07-27|2026-07-28|2026-07-29|2026-07-30|2026-07-31|2026-08-03|2026-08-04|2026-08-05|2026-08-06|2026-08-07|2026-08-10|2026-08-11|2026-08-12|2026-08-13|2026-08-14|2026-08-17|2026-08-18|2026-08-19,2026-08-19 18:17:12,0.0
Entergy,80|74|94|85|72|78|74|78|75|78|81|66|71|77|76|76|93|66|69|67|75|68|76|71|71|81|69|100|90|71,2026-07-09|2026-07-10|2026-07-13|2026-07-14|2026-07-15|2026-07-16|2026-07-17|2026-07-20|2026-07-21|2026-07-22|2026-07-23|2026-07-24|2026-07-27|2026-07-28|2026-07-29|2026-07-30|2026-07-31|2026-08-03|2026-08-04|2026-08-05|2026-08-06|2026-08-07|2026-08-10|2026-08-11|2026-08-12|2026-08-13|2026-08-14|2026-08-17|2026-08-18|2026-08-19,2026-08-19 18:17:23,76.7
Assurant,85|74|80|93|91|85|85|100|88|82|75|83|91|85|79|77|86|92|89|81|82|74|82|83|81|76|77|75|83|70,2026-07-09|2026-07-10|2026-07-13|2026-07-14|2026-07-15|2026-07-16|2026-07-17|2026-07-20|2026-07-21|2026-07-22|2026-07-23|2026-07-24|2026-07-27|2026-07-28|2026-07-29|2026-07-30|2026-07-31|2026-08-03|2026-08-04|2026-08-05|2026-08-06|2026-08-07|2026-08-10|2026-08-11|2026-08-12|2026-08-13|2026-08-14|2026-08-17|2026-08-18|2026-08-19,2026-08-19 18:17:58,82.8
Chewy,89|88|94|90|91|84|83|86|98|87|90|100|91|89|90|91|92|96|89|84|89|82|89|84|83|84|87|85|87|94,2026-07-08|2026-07-09|2026-07-10|2026-07-13|2026-07-14|2026-07-15|2026-07-16|2026-07-17|2026-07-20|2026-07-22|2026-07-23|2026-07-24|2026-07-27|2026-07-28|2026-07-29|2026-07-30|2026-07-31|2026-08-03|2026-08-04|2026-08-05|2026-08-06|2026-08-07|2026-08-10|2026-08-11|2026-08-12|2026-08-13|2026-08-14|2026-08-17|2026-08-18|2026-08-19,2026-08-19 18:18:12,88.9
Wayfair,77|72|76|75|67|64|62|67|77|75|83|84|86|78|71|73|80|75|79|75|70|74|75|76|72|74|80|82|82|76,2026-07-08|2026-07-09|2026-07-10|2026-07-13|2026-07-14|2026-07-15|2026-07-16|2026-07-17|2026-07-20|2026-07-21|2026-07-23|2026-07-24|2026-07-27|2026-07-28|2026-07-29|2026-07-30|2026-07-31|2026-08-03|2026-08-04|2026-08-05|2026-08-06|2026-08-07|2026-08-10|2026-08-11|2026-08-12|2026-08-13|2026-08-14|2026-08-17|2026-08-18|2026-08-19,2026-08-19 18:18:16,75.2
Avis Budget,,2026-07-06|2026-07-07|2026-07-08|2026-07-09|2026-07-10|2026-07-13|2026-07-14|2026-07-15|2026-07-16|2026-07-17|2026-07-20|2026-07-23|2026-07-24|2026-07-27|2026-07-28|2026-07-29|2026-07-30|2026-08-03|2026-08-04|2026-08-05|2026-08-06|2026-08-07|2026-08-10|2026-08-11|2026-08-12|2026-08-13|2026-08-14|2026-08-17|2026-08-18|2026-08-19,2026-08-19 18:18:52,0.0
Intercontinental Exchange,,2026-07-07|2026-07-08|2026-07-09|2026-07-10|2026-07-13|2026-07-14|2026-07-15|2026-07-16|2026-07-17|2026-07-20|2026-07-23|2026-07-24|2026-07-27|2026-07-28|2026-07-29|2026-07-30|2026-07-31|2026-08-03|2026-08-04|2026-08-05|2026-08-06|2026-08-07|2026-08-10|2026-08-11|2026-08-12|2026-08-13|2026-08-14|2026-08-17|2026-08-18|2026-08-19,2026-08-19 18:19:34,0.0
Alaska Air,,2026-07-07|2026-07-08|2026-07-09|2026-07-10|2026-07-13|2026-07-14|2026-07-15|2026-07-16|2026-07-17|2026-07-20|2026-07-21|2026-07-23|2026-07-24|2026-07-27|2026-07-28|2026-07-29|2026-07-30|2026-08-03|2026-08-04|2026-08-05|2026-08-06|2026-08-07|2026-08-10|2026-08-11|2026-08-12|2026-08-13|2026-08-14|2026-08-17|2026-08-18|2026-08-19,2026-08-19 18:19:44,0.0
GXO Logistics,,2026-07-09|2026-07-10|2026-07-13|2026-07-14|2026-07-15|2026-07-16|2026-07-17|2026-07-20|2026-07-21|2026-07-22|2026-07-23|2026-07-24|2026-07-27|2026-07-28|2026-07-29|2026-07-30|2026-07-31|2026-08-03|2026-08-04|2026-08-05|2026-08-06|2026-08-07|2026-08-10|2026-08-11|2026-08-12|2026-08-13|2026-08-14|2026-08-17|2026-08-18|2026-08-19,2026-08-19 18:19:44,0.0
AGCO,,2026-07-09|2026-07-10|2026-07-13|2026-07-14|2026-07-15|2026-07-16|2026-07-17|2026-07-20|2026-07-21|2026-07-22|2026-07-23|2026-07-24|2026-07-27|2026-07-28|2026-07-29|2026-07-30|2026-07-31|2026-08-03|2026-08-04|2026-08-05|2026-08-06|2026-08-07|2026-08-10|2026-08-11|2026-08-12|2026-08-13|2026-08-14|2026-08-17|2026-08-18|2026-08-19,2026-08-19 18:19:44,0.0
Molson Coors Beverage,,2026-07-06|2026-07-07|2026-07-08|2026-07-09|2026-07-10|2026-07-13|2026-07-14|2026-07-15|2026-07-16|2026-07-17|2026-07-20|2026-07-23|2026-07-24|2026-07-27|2026-07-28|2026-07-29|2026-07-30|2026-08-03|2026-08-04|2026-08-05|2026-08-06|2026-08-07|2026-08-10|2026-08-11|2026-08-12|2026-08-13|2026-08-14|2026-08-17|2026-08-18|2026-08-19,2026-08-19 18:19:44,0.0
Arthur J Gallagher,,2026-07-09|2026-07-10|2026-07-13|2026-07-14|2026-07-15|2026-07-16|2026-07-17|2026-07-20|2026-07-21|2026-07-22|2026-07-23|2026-07-24|2026-07-27|2026-07-28|2026-07-29|2026-07-30|2026-07-31|2026-08-03|2026-08-04|2026-08-05|2026-08-06|2026-08-07|2026-08-10|2026-08-11|2026-08-12|2026-08-13|2026-08-14|2026-08-17|2026-08-18|2026-08-19,2026-08-19 18:19:44,0.0
Huntington Ingalls Industries,,2026-07-09|2026-07-10|2026-07-13|2026-07-14|2026-07-15|2026-07-16|2026-07-17|2026-07-20|2026-07-21|2026-07-22|2026-07-23|2026-07-24|2026-07-27|2026-07-28|2026-07-29|2026-07-30|2026-07-31|2026-08-03|2026-08-04|2026-08-05|2026-08-06|2026-08-07|2026-08-10|2026-08-11|2026-08-12|2026-08-13|2026-08-14|2026-08-17|2026-08-18|2026-08-19,2026-08-19 18:19:44,0.0
International Flavors & Fragrances,,2026-07-06|2026-07-07|2026-07-08|2026-07-09|2026-07-10|2026-07-13|2026-07-14|2026-07-15|2026-07-16|2026-07-17|2026-07-20|2026-07-23|2026-07-24|2026-07-27|2026-07-28|2026-07-29|2026-07-30|2026-08-03|2026-08-04|2026-08-05|2026-08-06|2026-08-07|2026-08-10|2026-08-11|2026-08-12|2026-08-13|2026-08-14|2026-08-17|2026-08-18|2026-08-19,2026-08-19 18:19:44,0.0
Darden Restaurants,,2026-07-07|2026-07-08|2026-07-09|2026-07-10|2026-07-13|2026-07-14|2026-07-15|2026-07-16|2026-07-17|2026-07-20|2026-07-22|2026-07-23|2026-07-24|2026-07-27|2026-07-28|2026-07-29|2026-07-30|2026-08-03|2026-08-04|2026-08-05|2026-08-06|2026-08-07|2026-08-10|2026-08-11|2026-08-12|2026-08-13|2026-08-14|2026-08-17|2026-08-18|2026-08-19,2026-08-19 18:19:44,0.0
CIncinnati Financial,,2026-07-06|2026-07-07|2026-07-08|2026-07-09|2026-07-10|2026-07-13|2026-07-14|2026-07-15|2026-07-16|2026-07-17|2026-07-20|2026-07-23|2026-07-24|2026-07-27|2026-07-28|2026-07-29|2026-07-30|2026-08-03|2026-08-04|2026-08-05|2026-08-06|2026-08-07|2026-08-10|2026-08-11|2026-08-12|2026-08-13|2026-08-14|2026-08-17|2026-08-18|2026-08-19,2026-08-19 18:19:44,0.0
Chipotle Mexican Grill,,2026-07-09|2026-07-10|2026-07-13|2026-07-14|2026-07-15|2026-07-16|2026-07-17|2026-07-20|2026-07-21|2026-07-22|2026-07-23|2026-07-24|2026-07-27|2026-07-28|2026-07-29|2026-07-30|2026-07-31|2026-08-03|2026-08-04|2026-08-05|2026-08-06|2026-08-07|2026-08-10|2026-08-11|2026-08-12|2026-08-13|2026-08-14|2026-08-17|2026-08-18|2026-08-19,2026-08-19 18:19:44,0.0
Yum China,,2026-07-09|2026-07-10|2026-07-13|2026-07-14|2026-07-15|2026-07-16|2026-07-17|2026-07-20|2026-07-21|2026-07-22|2026-07-23|2026-07-24|2026-07-27|2026-07-28|2026-07-29|2026-07-30|2026-07-31|2026-08-03|2026-08-04|2026-08-05|2026-08-06|2026-08-07|2026-08-10|2026-08-11|2026-08-12|2026-08-13|2026-08-14|2026-08-17|2026-08-18|2026-08-19,2026-08-19 18:19:44,0.0
Las Vegas Sands,,2026-07-09|2026-07-10|2026-07-13|2026-07-14|2026-07-15|2026-07-16|2026-07-17|2026-07-20|2026-07-21|2026-07-22|2026-07-23|2026-07-24|2026-07-27|2026-07-28|2026-07-29|2026-07-30|2026-07-31|2026-08-03|2026-08-04|2026-08-05|2026-08-06|2026-08-07|2026-08-10|2026-08-11|2026-08-12|2026-08-13|2026-08-14|2026-08-17|2026-08-18|2026-08-19,2026-08-19 18:19:44,0.0
Ulta Beauty,,2026-07-06|2026-07-07|2026-07-08|2026-07-09|2026-07-10|2026-07-13|2026-07-14|2026-07-15|2026-07-16|2026-07-17|2026-07-20|2026-07-23|2026-07-24|2026-07-27|2026-07-28|2026-07-29|2026-07-30|2026-08-03|2026-08-04|2026-08-05|2026-08-06|2026-08-07|2026-08-10|2026-08-11|2026-08-12|2026-08-13|2026-08-14|2026-08-17|2026-08-18|2026-08-19,2026-08-19 18:19:44,0.0
Caesars Entertainment,,2026-07-06|2026-07-07|2026-07-08|2026-07-09|2026-07-10|2026-07-13|2026-07-14|2026-07-15|2026-07-16|2026-07-17|2026-07-20|2026-07-23|2026-07-24|2026-07-27|2026-07-28|2026-07-29|2026-07-30|2026-08-03|2026-08-04|2026-08-05|2026-08-06|2026-08-07|2026-08-10|2026-08-11|2026-08-12|2026-08-13|2026-08-14|2026-08-17|2026-08-18|2026-08-19,2026-08-19 18:19:44,0.0
The Andersons Inc,,2026-07-09|2026-07-10|2026-07-13|2026-07-14|2026-07-15|2026-07-16|2026-07-17|2026-07-20|2026-07-21|2026-07-22|2026-07-23|2026-07-24|2026-07-27|2026-07-28|2026-07-29|2026-07-30|2026-07-31|2026-08-03|2026-08-04|2026-08-05|2026-08-06|2026-08-07|2026-08-10|2026-08-11|2026-08-12|2026-08-13|2026-08-14|2026-08-17|2026-08-18|2026-08-19,2026-08-19 18:19:44,0.0
Hershey,,2026-07-09|2026-07-10|2026-07-13|2026-07-14|2026-07-15|2026-07-16|2026-07-17|2026-07-20|2026-07-21|2026-07-22|2026-07-23|2026-07-24|2026-07-27|2026-07-28|2026-07-29|2026-07-30|2026-07-31|2026-08-03|2026-08-04|2026-08-05|2026-08-06|2026-08-07|2026-08-10|2026-08-11|2026-08-12|2026-08-13|2026-08-14|2026-08-17|2026-08-18|2026-08-19,2026-08-19 18:19:44,0.0
Hilton Worldwide,,2026-07-09|2026-07-10|2026-07-13|2026-07-14|2026-07-15|2026-07-16|2026-07-17|2026-07-20|2026-07-21|2026-07-22|2026-07-23|2026-07-24|2026-07-27|2026-07-28|2026-07-29|2026-07-30|2026-07-31|2026-08-03|2026-08-04|2026-08-05|2026-08-06|2026-08-07|2026-08-10|2026-08-11|2026-08-12|2026-08-13|2026-08-14|2026-08-17|2026-08-18|2026-08-19,2026-08-19 18:19:44,0.0
The Mosaic Company,,2026-07-09|2026-07-10|2026-07-13|2026-07-14|2026-07-15|2026-07-16|2026-07-17|2026-07-20|2026-07-21|2026-07-22|2026-07-23|2026-07-24|2026-07-27|2026-07-28|2026-07-29|2026-07-30|2026-07-31|2026-08-03|2026-08-04|2026-08-05|2026-08-06|2026-08-07|2026-08-10|2026-08-11|2026-08-12|2026-08-13|2026-08-14|2026-08-17|2026-08-18|2026-08-19,2026-08-19 18:19:44,0.0
Airbnb,,2026-07-09|2026-07-10|2026-07-13|2026-07-14|2026-07-15|2026-07-16|2026-07-17|2026-07-20|2026-07-21|2026-07-22|2026-07-23|2026-07-24|2026-07-27|2026-07-28|2026-07-29|2026-07-30|2026-07-31|2026-08-03|2026-08-04|2026-08-05|2026-08-06|2026-08-07|2026-08-10|2026-08-11|2026-08-12|2026-08-13|2026-08-14|2026-08-17|2026-08-18|2026-08-19,2026-08-19 18:19:44,0.0
Diamondback Energy,,2026-07-09|2026-07-10|2026-07-13|2026-07-14|2026-07-15|2026-07-16|2026-07-17|2026-07-20|2026-07-21|2026-07-22|2026-07-23|2026-07-24|2026-07-27|2026-07-28|2026-07-29|2026-07-30|2026-07-31|2026-08-03|2026-08-04|2026-08-05|2026-08-06|2026-08-07|2026-08-10|2026-08-11|2026-08-12|2026-08-13|2026-08-14|2026-08-17|2026-08-18|2026-08-19,2026-08-19 18:19:44,0.0
American Tower,,2026-07-08|2026-07-09|2026-07-10|2026-07-13|2026-07-14|2026-07-15|2026-07-16|2026-07-17|2026-07-20|2026-07-21|2026-07-23|2026-07-24|2026-07-27|2026-07-28|2026-07-29|2026-07-30|2026-07-31|2026-08-03|2026-08-04|2026-08-05|2026-08-06|2026-08-07|2026-08-10|2026-08-11|2026-08-12|2026-08-13|2026-08-14|2026-08-17|2026-08-18|2026-08-19,2026-08-19 18:19:44,0.0
Vertex Pharmaceuticals,,2026-07-08|2026-07-09|2026-07-10|2026-07-13|2026-07-14|2026-07-15|2026-07-16|2026-07-17|2026-07-20|2026-07-21|2026-07-23|2026-07-24|2026-07-27|2026-07-28|2026-07-29|2026-07-30|2026-07-31|2026-08-03|2026-08-04|2026-08-05|2026-08-06|2026-08-07|2026-08-10|2026-08-11|2026-08-12|2026-08-13|2026-08-14|2026-08-17|2026-08-18|2026-08-19,2026-08-19 18:19:44,0.0
ServiceNow,,2026-07-09|2026-07-10|2026-07-13|2026-07-14|2026-07-15|2026-07-16|2026-07-17|2026-07-20|2026-07-21|2026-07-22|2026-07-23|2026-07-24|2026-07-27|2026-07-28|2026-07-29|2026-07-30|2026-07-31|2026-08-03|2026-08-04|2026-08-05|2026-08-06|2026-08-07|2026-08-10|2026-08-11|2026-08-12|2026-08-13|2026-08-14|2026-08-17|2026-08-18|2026-08-19,2026-08-19 18:19:44,0.0
Owens Corning,,2026-07-06|2026-07-07|2026-07-08|2026-07-09|2026-07-10|2026-07-13|2026-07-14|2026-07-15|2026-07-16|2026-07-17|2026-07-20|2026-07-23|2026-07-24|2026-07-27|2026-07-28|2026-07-29|2026-07-30|2026-08-03|2026-08-04|2026-08-05|2026-08-06|2026-08-07|2026-08-10|2026-08-11|2026-08-12|2026-08-13|2026-08-14|2026-08-17|2026-08-18|2026-08-19,2026-08-19 18:19:44,0.0
Advance Auto Parts,,2026-07-06|2026-07-07|2026-07-08|2026-07-09|2026-07-10|2026-07-13|2026-07-14|2026-07-15|2026-07-16|2026-07-17|2026-07-20|2026-07-23|2026-07-24|2026-07-27|2026-07-28|2026-07-29|2026-07-30|2026-08-03|2026-08-04|2026-08-05|2026-08-06|2026-08-07|2026-08-10|2026-08-11|2026-08-12|2026-08-13|2026-08-14|2026-08-17|2026-08-18|2026-08-19,2026-08-19 18:19:44,0.0
Toll Brothers,,2026-07-06|2026-07-07|2026-07-08|2026-07-09|2026-07-10|2026-07-13|2026-07-14|2026-07-15|2026-07-16|2026-07-17|2026-07-20|2026-07-23|2026-07-24|2026-07-27|2026-07-28|2026-07-29|2026-07-30|2026-08-03|2026-08-04|2026-08-05|2026-08-06|2026-08-07|2026-08-10|2026-08-11|2026-08-12|2026-08-13|2026-08-14|2026-08-17|2026-08-18|2026-08-19,2026-08-19 18:19:44,0.0
Mohawk Industries,,2026-07-06|2026-07-07|2026-07-08|2026-07-09|2026-07-10|2026-07-13|2026-07-14|2026-07-15|2026-07-16|2026-07-17|2026-07-20|2026-07-23|2026-07-24|2026-07-27|2026-07-28|2026-07-29|2026-07-30|2026-08-03|2026-08-04|2026-08-05|2026-08-06|2026-08-07|2026-08-10|2026-08-11|2026-08-12|2026-08-13|2026-08-14|2026-08-17|2026-08-18|2026-08-19,2026-08-19 18:19:44,0.0
Motorola Solutions,,2026-07-06|2026-07-07|2026-07-08|2026-07-09|2026-07-10|2026-07-13|2026-07-14|2026-07-15|2026-07-16|2026-07-17|2026-07-20|2026-07-23|2026-07-24|2026-07-27|2026-07-28|2026-07-29|2026-07-30|2026-08-03|2026-08-04|2026-08-05|2026-08-06|2026-08-07|2026-08-10|2026-08-11|2026-08-12|2026-08-13|2026-08-14|2026-08-17|2026-08-18|2026-08-19,2026-08-19 18:19:44,0.0
Oshkosh Corporation,,2026-07-09|2026-07-10|2026-07-13|2026-07-14|2026-07-15|2026-07-16|2026-07-17|2026-07-20|2026-07-21|2026-07-22|2026-07-23|2026-07-24|2026-07-27|2026-07-28|2026-07-29|2026-07-30|2026-07-31|2026-08-03|2026-08-04|2026-08-05|2026-08-06|2026-08-07|2026-08-10|2026-08-11|2026-08-12|2026-08-13|2026-08-14|2026-08-17|2026-08-18|2026-08-19,2026-08-19 18:19:44,0.0
DoorDash,,2026-07-09|2026-07-10|2026-07-13|2026-07-14|2026-07-15|2026-07-16|2026-07-17|2026-07-20|2026-07-21|2026-07-22|2026-07-23|2026-07-24|2026-07-27|2026-07-28|2026-07-29|2026-07-30|2026-07-31|2026-08-03|2026-08-04|2026-08-05|2026-08-06|2026-08-07|2026-08-10|2026-08-11|2026-08-12|2026-08-13|2026-08-14|2026-08-17|2026-08-18|2026-08-19,2026-08-19 18:19:44,0.0
NVR Inc,,2026-07-06|2026-07-07|2026-07-08|2026-07-09|2026-07-10|2026-07-13|2026-07-14|2026-07-15|2026-07-16|2026-07-17|2026-07-20|2026-07-23|2026-07-24|2026-07-27|2026-07-28|2026-07-29|2026-07-30|2026-08-03|2026-08-04|2026-08-05|2026-08-06|2026-08-07|2026-08-10|2026-08-11|2026-08-12|2026-08-13|2026-08-14|2026-08-17|2026-08-18|2026-08-19,2026-08-19 18:19:44,0.0
Booz Allen Hamilton,,2026-07-06|2026-07-07|2026-07-08|2026-07-09|2026-07-10|2026-07-13|2026-07-14|2026-07-15|2026-07-16|2026-07-17|2026-07-20|2026-07-23|2026-07-24|2026-07-27|2026-07-28|2026-07-29|2026-07-30|2026-08-03|2026-08-04|2026-08-05|2026-08-06|2026-08-07|2026-08-10|2026-08-11|2026-08-12|2026-08-13|2026-08-14|2026-08-17|2026-08-18|2026-08-19,2026-08-19 18:19:44,0.0
Burlington Stores,,2026-07-06|2026-07-07|2026-07-08|2026-07-09|2026-07-10|2026-07-13|2026-07-14|2026-07-15|2026-07-16|2026-07-17|2026-07-20|2026-07-23|2026-07-24|2026-07-27|2026-07-28|2026-07-29|2026-07-30|2026-08-03|2026-08-04|2026-08-05|2026-08-06|2026-08-07|2026-08-10|2026-08-11|2026-08-12|2026-08-13|2026-08-14|2026-08-17|2026-08-18|2026-08-19,2026-08-19 18:19:44,0.0
Expeditors International of Washington,,2026-07-09|2026-07-10|2026-07-13|2026-07-14|2026-07-15|2026-07-16|2026-07-17|2026-07-20|2026-07-21|2026-07-22|2026-07-23|2026-07-24|2026-07-27|2026-07-28|2026-07-29|2026-07-30|2026-07-31|2026-08-03|2026-08-04|2026-08-05|2026-08-06|2026-08-07|2026-08-10|2026-08-11|2026-08-12|2026-08-13|2026-08-14|2026-08-17|2026-08-18|2026-08-19,2026-08-19 18:19:44,0.0
Lululemon athletica,,2026-07-09|2026-07-10|2026-07-13|2026-07-14|2026-07-15|2026-07-16|2026-07-17|2026-07-20|2026-07-21|2026-07-22|2026-07-23|2026-07-24|2026-07-27|2026-07-28|2026-07-29|2026-07-30|2026-07-31|2026-08-03|2026-08-04|2026-08-05|2026-08-06|2026-08-07|2026-08-10|2026-08-11|2026-08-12|2026-08-13|2026-08-14|2026-08-17|2026-08-18|2026-08-19,2026-08-19 18:19:44,0.0
Fidelity National Information Services,,2026-07-07|2026-07-08|2026-07-09|2026-07-10|2026-07-13|2026-07-14|2026-07-15|2026-07-16|2026-07-17|2026-07-20|2026-07-23|2026-07-24|2026-07-27|2026-07-28|2026-07-29|2026-07-30|2026-07-31|2026-08-03|2026-08-04|2026-08-05|2026-08-06|2026-08-07|2026-08-10|2026-08-11|2026-08-12|2026-08-13|2026-08-14|2026-08-17|2026-08-18|2026-08-19,2026-08-19 18:19:44,0.0
Jefferies Financial,,2026-07-06|2026-07-07|2026-07-08|2026-07-09|2026-07-10|2026-07-13|2026-07-14|2026-07-15|2026-07-16|2026-07-17|2026-07-20|2026-07-23|2026-07-24|2026-07-27|2026-07-28|2026-07-29|2026-07-30|2026-08-03|2026-08-04|2026-08-05|2026-08-06|2026-08-07|2026-08-10|2026-08-11|2026-08-12|2026-08-13|2026-08-14|2026-08-17|2026-08-18|2026-08-19,2026-08-19 18:19:44,0.0
Williams Companies,,2026-07-08|2026-07-09|2026-07-10|2026-07-13|2026-07-14|2026-07-15|2026-07-16|2026-07-17|2026-07-20|2026-07-21|2026-07-23|2026-07-24|2026-07-27|2026-07-28|2026-07-29|2026-07-30|2026-07-31|2026-08-03|2026-08-04|2026-08-05|2026-08-06|2026-08-07|2026-08-10|2026-08-11|2026-08-12|2026-08-13|2026-08-14|2026-08-17|2026-08-18|2026-08-19,2026-08-19 18:19:44,0.0
VF Corporation,,2026-07-09|2026-07-10|2026-07-13|2026-07-14|2026-07-15|2026-07-16|2026-07-17|2026-07-20|2026-07-21|2026-07-22|2026-07-23|2026-07-24|2026-07-27|2026-07-28|2026-07-29|2026-07-30|2026-07-31|2026-08-03|2026-08-04|2026-08-05|2026-08-06|2026-08-07|2026-08-10|2026-08-11|2026-08-12|2026-08-13|2026-08-14|2026-08-17|2026-08-18|2026-08-19,2026-08-19 18:19:44,0.0
Autoliv,,2026-07-06|2026-07-07|2026-07-08|2026-07-09|2026-07-10|2026-07-13|2026-07-14|2026-07-15|2026-07-16|2026-07-17|2026-07-20|2026-07-23|2026-07-24|2026-07-27|2026-07-28|2026-07-29|2026-07-30|2026-08-03|2026-08-04|2026-08-05|2026-08-06|2026-08-07|2026-08-10|2026-08-11|2026-08-12|2026-08-13|2026-08-14|2026-08-17|2026-08-18|2026-08-19,2026-08-19 18:19:44,0.0
Westinghouse Air Brake Technologies,,2026-07-06|2026-07-07|2026-07-08|2026-07-09|2026-07-10|2026-07-13|2026-07-14|2026-07-15|2026-07-16|2026-07-17|2026-07-20|2026-07-23|2026-07-24|2026-07-27|2026-07-28|2026-07-29|2026-07-30|2026-08-03|2026-08-04|2026-08-05|2026-08-06|2026-08-07|2026-08-10|2026-08-11|2026-08-12|2026-08-13|2026-08-14|2026-08-17|2026-08-18|2026-08-19,2026-08-19 18:19:44,0.0
Public Service Enterprise Group,,2026-07-07|2026-07-08|2026-07-09|2026-07-10|2026-07-13|2026-07-14|2026-07-15|2026-07-16|2026-07-17|2026-07-20|2026-07-23|2026-07-24|2026-07-27|2026-07-28|2026-07-29|2026-07-30|2026-07-31|2026-08-03|2026-08-04|2026-08-05|2026-08-06|2026-08-07|2026-08-10|2026-08-11|2026-08-12|2026-08-13|2026-08-14|2026-08-17|2026-08-18|2026-08-19,2026-08-19 18:19:44,0.0
Ebay,,2026-07-09|2026-07-10|2026-07-13|2026-07-14|2026-07-15|2026-07-16|2026-07-17|2026-07-20|2026-07-21|2026-07-22|2026-07-23|2026-07-24|2026-07-27|2026-07-28|2026-07-29|2026-07-30|2026-07-31|2026-08-03|2026-08-04|2026-08-05|2026-08-06|2026-08-07|2026-08-10|2026-08-11|2026-08-12|2026-08-13|2026-08-14|2026-08-17|2026-08-18|2026-08-19,2026-08-19 18:19:44,0.0
Celanese,,2026-07-06|2026-07-07|2026-07-08|2026-07-09|2026-07-10|2026-07-13|2026-07-14|2026-07-15|2026-07-16|2026-07-17|2026-07-20|2026-07-23|2026-07-24|2026-07-27|2026-07-28|2026-07-29|2026-07-30|2026-08-03|2026-08-04|2026-08-05|2026-08-06|2026-08-07|2026-08-10|2026-08-11|2026-08-12|2026-08-13|2026-08-14|2026-08-17|2026-08-18|2026-08-19,2026-08-19 18:19:44,0.0
Global Payments,,2026-07-09|2026-07-10|2026-07-13|2026-07-14|2026-07-15|2026-07-16|2026-07-17|2026-07-20|2026-07-21|2026-07-22|2026-07-23|2026-07-24|2026-07-27|2026-07-28|2026-07-29|2026-07-30|2026-07-31|2026-08-03|2026-08-04|2026-08-05|2026-08-06|2026-08-07|2026-08-10|2026-08-11|2026-08-12|2026-08-13|2026-08-14|2026-08-17|2026-08-18|2026-08-19,2026-08-19 18:19:44,0.0
News Corp,,2026-07-09|2026-07-10|2026-07-13|2026-07-14|2026-07-15|2026-07-16|2026-07-17|2026-07-20|2026-07-21|2026-07-22|2026-07-23|2026-07-24|2026-07-27|2026-07-28|2026-07-29|2026-07-30|2026-07-31|2026-08-03|2026-08-04|2026-08-05|2026-08-06|2026-08-07|2026-08-10|2026-08-11|2026-08-12|2026-08-13|2026-08-14|2026-08-17|2026-08-18|2026-08-19,2026-08-19 18:19:44,0.0
THOR Industries,,2026-07-06|2026-07-07|2026-07-08|2026-07-09|2026-07-10|2026-07-13|2026-07-14|2026-07-15|2026-07-16|2026-07-17|2026-07-20|2026-07-23|2026-07-24|2026-07-27|2026-07-28|2026-07-29|2026-07-30|2026-08-03|2026-08-04|2026-08-05|2026-08-06|2026-08-07|2026-08-10|2026-08-11|2026-08-12|2026-08-13|2026-08-14|2026-08-17|2026-08-18|2026-08-19,2026-08-19 18:19:44,0.0
Icahn Enterprises,,2026-07-08|2026-07-09|2026-07-10|2026-07-13|2026-07-14|2026-07-15|2026-07-16|2026-07-17|2026-07-20|2026-07-21|2026-07-23|2026-07-24|2026-07-27|2026-07-28|2026-07-29|2026-07-30|2026-07-31|2026-08-03|2026-08-04|2026-08-05|2026-08-06|2026-08-07|2026-08-10|2026-08-11|2026-08-12|2026-08-13|2026-08-14|2026-08-17|2026-08-18|2026-08-19,2026-08-19 18:19:44,0.0
Constellation Brands,,2026-07-09|2026-07-10|2026-07-13|2026-07-14|2026-07-15|2026-07-16|2026-07-17|2026-07-20|2026-07-21|2026-07-22|2026-07-23|2026-07-24|2026-07-27|2026-07-28|2026-07-29|2026-07-30|2026-07-31|2026-08-03|2026-08-04|2026-08-05|2026-08-06|2026-08-07|2026-08-10|2026-08-11|2026-08-12|2026-08-13|2026-08-14|2026-08-17|2026-08-18|2026-08-19,2026-08-19 18:19:44,0.0
Quest Diagnostics,,2026-07-06|2026-07-07|2026-07-08|2026-07-09|2026-07-10|2026-07-13|2026-07-14|2026-07-15|2026-07-16|2026-07-17|2026-07-20|2026-07-23|2026-07-24|2026-07-27|2026-07-28|2026-07-29|2026-07-30|2026-08-03|2026-08-04|2026-08-05|2026-08-06|2026-08-07|2026-08-10|2026-08-11|2026-08-12|2026-08-13|2026-08-14|2026-08-17|2026-08-18|2026-08-19,2026-08-19 18:19:44,0.0
KLA,,2026-07-09|2026-07-10|2026-07-13|2026-07-14|2026-07-15|2026-07-16|2026-07-17|2026-07-20|2026-07-21|2026-07-22|2026-07-23|2026-07-24|2026-07-27|2026-07-28|2026-07-29|2026-07-30|2026-07-31|2026-08-03|2026-08-04|2026-08-05|2026-08-06|2026-08-07|2026-08-10|2026-08-11|2026-08-12|2026-08-13|2026-08-14|2026-08-17|2026-08-18|2026-08-19,2026-08-19 18:19:44,0.0
QXO Building Products,,2026-07-09|2026-07-10|2026-07-13|2026-07-14|2026-07-15|2026-07-16|2026-07-17|2026-07-20|2026-07-21|2026-07-22|2026-07-23|2026-07-24|2026-07-27|2026-07-28|2026-07-29|2026-07-30|2026-07-31|2026-08-03|2026-08-04|2026-08-05|2026-08-06|2026-08-07|2026-08-10|2026-08-11|2026-08-12|2026-08-13|2026-08-14|2026-08-17|2026-08-18|2026-08-19,2026-08-19 18:19:44,0.0
APA,,2026-07-09|2026-07-10|2026-07-13|2026-07-14|2026-07-15|2026-07-16|2026-07-17|2026-07-20|2026-07-21|2026-07-22|2026-07-23|2026-07-24|2026-07-27|2026-07-28|2026-07-29|2026-07-30|2026-07-31|2026-08-03|2026-08-04|2026-08-05|2026-08-06|2026-08-07|2026-08-10|2026-08-11|2026-08-12|2026-08-13|2026-08-14|2026-08-17|2026-08-18|2026-08-19,2026-08-19 18:19:44,0.0
Biogen,,2026-07-06|2026-07-07|2026-07-08|2026-07-09|2026-07-10|2026-07-13|2026-07-14|2026-07-15|2026-07-16|2026-07-17|2026-07-20|2026-07-23|2026-07-24|2026-07-27|2026-07-28|2026-07-29|2026-07-30|2026-08-03|2026-08-04|2026-08-05|2026-08-06|2026-08-07|2026-08-10|2026-08-11|2026-08-12|2026-08-13|2026-08-14|2026-08-17|2026-08-18|2026-08-19,2026-08-19 18:19:44,0.0
Campbell Soup,,2026-07-09|2026-07-10|2026-07-13|2026-07-14|2026-07-15|2026-07-16|2026-07-17|2026-07-20|2026-07-21|2026-07-22|2026-07-23|2026-07-24|2026-07-27|2026-07-28|2026-07-29|2026-07-30|2026-07-31|2026-08-03|2026-08-04|2026-08-05|2026-08-06|2026-08-07|2026-08-10|2026-08-11|2026-08-12|2026-08-13|2026-08-14|2026-08-17|2026-08-18|2026-08-19,2026-08-19 18:19:44,0.0
Concentrix,,2026-07-09|2026-07-10|2026-07-13|2026-07-14|2026-07-15|2026-07-16|2026-07-17|2026-07-20|2026-07-21|2026-07-22|2026-07-23|2026-07-24|2026-07-27|2026-07-28|2026-07-29|2026-07-30|2026-07-31|2026-08-03|2026-08-04|2026-08-05|2026-08-06|2026-08-07|2026-08-10|2026-08-11|2026-08-12|2026-08-13|2026-08-14|2026-08-17|2026-08-18|2026-08-19,2026-08-19 18:19:44,0.0
Cintas,,2026-07-07|2026-07-08|2026-07-09|2026-07-10|2026-07-13|2026-07-14|2026-07-15|2026-07-16|2026-07-17|2026-07-20|2026-07-23|2026-07-24|2026-07-27|2026-07-28|2026-07-29|2026-07-30|2026-07-31|2026-08-03|2026-08-04|2026-08-05|2026-08-06|2026-08-07|2026-08-10|2026-08-11|2026-08-12|2026-08-13|2026-08-14|2026-08-17|2026-08-18|2026-08-19,2026-08-19 18:19:44,0.0
Analog Devices,,2026-07-09|2026-07-10|2026-07-13|2026-07-14|2026-07-15|2026-07-16|2026-07-17|2026-07-20|2026-07-21|2026-07-22|2026-07-23|2026-07-24|2026-07-27|2026-07-28|2026-07-29|2026-07-30|2026-07-31|2026-08-03|2026-08-04|2026-08-05|2026-08-06|2026-08-07|2026-08-10|2026-08-11|2026-08-12|2026-08-13|2026-08-14|2026-08-17|2026-08-18|2026-08-19,2026-08-19 18:19:44,0.0
Eastman Chemical,,2026-07-06|2026-07-07|2026-07-08|2026-07-09|2026-07-10|2026-07-13|2026-07-14|2026-07-15|2026-07-16|2026-07-17|2026-07-20|2026-07-23|2026-07-24|2026-07-27|2026-07-28|2026-07-29|2026-07-30|2026-08-03|2026-08-04|2026-08-05|2026-08-06|2026-08-07|2026-08-10|2026-08-11|2026-08-12|2026-08-13|2026-08-14|2026-08-17|2026-08-18|2026-08-19,2026-08-19 18:19:44,0.0
Interactive Brokers,,2026-07-09|2026-07-10|2026-07-13|2026-07-14|2026-07-15|2026-07-16|2026-07-17|2026-07-20|2026-07-21|2026-07-22|2026-07-23|2026-07-24|2026-07-27|2026-07-28|2026-07-29|2026-07-30|2026-07-31|2026-08-03|2026-08-04|2026-08-05|2026-08-06|2026-08-07|2026-08-10|2026-08-11|2026-08-12|2026-08-13|2026-08-14|2026-08-17|2026-08-18|2026-08-19,2026-08-19 18:19:44,0.0
Regions Financial,,2026-07-07|2026-07-08|2026-07-09|2026-07-10|2026-07-13|2026-07-14|2026-07-15|2026-07-16|2026-07-17|2026-07-20|2026-07-23|2026-07-24|2026-07-27|2026-07-28|2026-07-29|2026-07-30|2026-07-31|2026-08-03|2026-08-04|2026-08-05|2026-08-06|2026-08-07|2026-08-10|2026-08-11|2026-08-12|2026-08-13|2026-08-14|2026-08-17|2026-08-18|2026-08-19,2026-08-19 18:19:44,0.0
JetBlue Airways,,2026-07-09|2026-07-10|2026-07-13|2026-07-14|2026-07-15|2026-07-16|2026-07-17|2026-07-20|2026-07-21|2026-07-22|2026-07-23|2026-07-24|2026-07-27|2026-07-28|2026-07-29|2026-07-30|2026-07-31|2026-08-03|2026-08-04|2026-08-05|2026-08-06|2026-08-07|2026-08-10|2026-08-11|2026-08-12|2026-08-13|2026-08-14|2026-08-17|2026-08-18|2026-08-19,2026-08-19 18:19:44,0.0
Zoetis,,2026-07-09|2026-07-10|2026-07-13|2026-07-14|2026-07-15|2026-07-16|2026-07-17|2026-07-20|2026-07-21|2026-07-22|2026-07-23|2026-07-24|2026-07-27|2026-07-28|2026-07-29|2026-07-30|2026-07-31|2026-08-03|2026-08-04|2026-08-05|2026-08-06|2026-08-07|2026-08-10|2026-08-11|2026-08-12|2026-08-13|2026-08-14|2026-08-17|2026-08-18|2026-08-19,2026-08-19 18:19:44,0.0
KeyCorp,,2026-07-09|2026-07-10|2026-07-13|2026-07-14|2026-07-15|2026-07-16|2026-07-17|2026-07-20|2026-07-21|2026-07-22|2026-07-23|2026-07-24|2026-07-27|2026-07-28|2026-07-29|2026-07-30|2026-07-31|2026-08-03|2026-08-04|2026-08-05|2026-08-06|2026-08-07|2026-08-10|2026-08-11|2026-08-12|2026-08-13|2026-08-14|2026-08-17|2026-08-18|2026-08-19,2026-08-19 18:19:44,0.0
Oscar Health,,2026-07-09|2026-07-10|2026-07-13|2026-07-14|2026-07-15|2026-07-16|2026-07-17|2026-07-20|2026-07-21|2026-07-22|2026-07-23|2026-07-24|2026-07-27|2026-07-28|2026-07-29|2026-07-30|2026-07-31|2026-08-03|2026-08-04|2026-08-05|2026-08-06|2026-08-07|2026-08-10|2026-08-11|2026-08-12|2026-08-13|2026-08-14|2026-08-17|2026-08-18|2026-08-19,2026-08-19 18:19:44,0.0
Ovintiv,,2026-07-06|2026-07-07|2026-07-08|2026-07-09|2026-07-10|2026-07-13|2026-07-14|2026-07-15|2026-07-16|2026-07-17|2026-07-20|2026-07-23|2026-07-24|2026-07-27|2026-07-28|2026-07-29|2026-07-30|2026-08-03|2026-08-04|2026-08-05|2026-08-06|2026-08-07|2026-08-10|2026-08-11|2026-08-12|2026-08-13|2026-08-14|2026-08-17|2026-08-18|2026-08-19,2026-08-19 18:19:44,0.0
Seaboard,,2026-07-06|2026-07-07|2026-07-08|2026-07-09|2026-07-10|2026-07-13|2026-07-14|2026-07-15|2026-07-16|2026-07-17|2026-07-20|2026-07-23|2026-07-24|2026-07-27|2026-07-28|2026-07-29|2026-07-30|2026-08-03|2026-08-04|2026-08-05|2026-08-06|2026-08-07|2026-08-10|2026-08-11|2026-08-12|2026-08-13|2026-08-14|2026-08-17|2026-08-18|2026-08-19,2026-08-19 18:19:44,0.0
Hertz,,2026-07-09|2026-07-10|2026-07-13|2026-07-14|2026-07-15|2026-07-16|2026-07-17|2026-07-20|2026-07-21|2026-07-22|2026-07-23|2026-07-24|2026-07-27|2026-07-28|2026-07-29|2026-07-30|2026-07-31|2026-08-03|2026-08-04|2026-08-05|2026-08-06|2026-08-07|2026-08-10|2026-08-11|2026-08-12|2026-08-13|2026-08-14|2026-08-17|2026-08-18|2026-08-19,2026-08-19 18:19:44,0.0
NOV,,2026-07-08|2026-07-09|2026-07-10|2026-07-13|2026-07-14|2026-07-15|2026-07-16|2026-07-17|2026-07-20|2026-07-22|2026-07-23|2026-07-24|2026-07-27|2026-07-28|2026-07-29|2026-07-30|2026-07-31|2026-08-03|2026-08-04|2026-08-05|2026-08-06|2026-08-07|2026-08-10|2026-08-11|2026-08-12|2026-08-13|2026-08-14|2026-08-17|2026-08-18|2026-08-19,2026-08-19 18:19:44,0.0
Graphic Packaging,,2026-07-06|2026-07-07|2026-07-08|2026-07-09|2026-07-10|2026-07-13|2026-07-14|2026-07-15|2026-07-16|2026-07-17|2026-07-20|2026-07-23|2026-07-24|2026-07-27|2026-07-28|2026-07-29|2026-07-30|2026-08-03|2026-08-04|2026-08-05|2026-08-06|2026-08-07|2026-08-10|2026-08-11|2026-08-12|2026-08-13|2026-08-14|2026-08-17|2026-08-18|2026-08-19,2026-08-19 18:19:44,0.0
Avery Dennison,,2026-07-06|2026-07-07|2026-07-08|2026-07-09|2026-07-10|2026-07-13|2026-07-14|2026-07-15|2026-07-16|2026-07-17|2026-07-20|2026-07-23|2026-07-24|2026-07-27|2026-07-28|2026-07-29|2026-07-30|2026-08-03|2026-08-04|2026-08-05|2026-08-06|2026-08-07|2026-08-10|2026-08-11|2026-08-12|2026-08-13|2026-08-14|2026-08-17|2026-08-18|2026-08-19,2026-08-19 18:19:44,0.0
Equinix,,2026-07-09|2026-07-10|2026-07-13|2026-07-14|2026-07-15|2026-07-16|2026-07-17|2026-07-20|2026-07-21|2026-07-22|2026-07-23|2026-07-24|2026-07-27|2026-07-28|2026-07-29|2026-07-30|2026-07-31|2026-08-03|2026-08-04|2026-08-05|2026-08-06|2026-08-07|2026-08-10|2026-08-11|2026-08-12|2026-08-13|2026-08-14|2026-08-17|2026-08-18|2026-08-19,2026-08-19 18:19:44,0.0
Insight Enterprises,,2026-07-09|2026-07-10|2026-07-13|2026-07-14|2026-07-15|2026-07-16|2026-07-17|2026-07-20|2026-07-21|2026-07-22|2026-07-23|2026-07-24|2026-07-27|2026-07-28|2026-07-29|2026-07-30|2026-07-31|2026-08-03|2026-08-04|2026-08-05|2026-08-06|2026-08-07|2026-08-10|2026-08-11|2026-08-12|2026-08-13|2026-08-14|2026-08-17|2026-08-18|2026-08-19,2026-08-19 18:19:44,0.0
Sirius XM,,2026-07-07|2026-07-08|2026-07-09|2026-07-10|2026-07-13|2026-07-14|2026-07-15|2026-07-16|2026-07-17|2026-07-20|2026-07-23|2026-07-24|2026-07-27|2026-07-28|2026-07-29|2026-07-30|2026-07-31|2026-08-03|2026-08-04|2026-08-05|2026-08-06|2026-08-07|2026-08-10|2026-08-11|2026-08-12|2026-08-13|2026-08-14|2026-08-17|2026-08-18|2026-08-19,2026-08-19 18:19:44,0.0
PVH,,2026-07-06|2026-07-07|2026-07-08|2026-07-09|2026-07-10|2026-07-13|2026-07-14|2026-07-15|2026-07-16|2026-07-17|2026-07-20|2026-07-23|2026-07-24|2026-07-27|2026-07-28|2026-07-29|2026-07-30|2026-08-03|2026-08-04|2026-08-05|2026-08-06|2026-08-07|2026-08-10|2026-08-11|2026-08-12|2026-08-13|2026-08-14|2026-08-17|2026-08-18|2026-08-19,2026-08-19 18:19:44,0.0
CenterPoint Energy,,2026-07-07|2026-07-08|2026-07-09|2026-07-10|2026-07-13|2026-07-14|2026-07-15|2026-07-16|2026-07-17|2026-07-20|2026-07-23|2026-07-24|2026-07-27|2026-07-28|2026-07-29|2026-07-30|2026-07-31|2026-08-03|2026-08-04|2026-08-05|2026-08-06|2026-08-07|2026-08-10|2026-08-11|2026-08-12|2026-08-13|2026-08-14|2026-08-17|2026-08-18|2026-08-19,2026-08-19 18:19:44,0.0
WEC Energy,,2026-07-09|2026-07-10|2026-07-13|2026-07-14|2026-07-15|2026-07-16|2026-07-17|2026-07-20|2026-07-21|2026-07-22|2026-07-23|2026-07-24|2026-07-27|2026-07-28|2026-07-29|2026-07-30|2026-07-31|2026-08-03|2026-08-04|2026-08-05|2026-08-06|2026-08-07|2026-08-10|2026-08-11|2026-08-12|2026-08-13|2026-08-14|2026-08-17|2026-08-18|2026-08-19,2026-08-19 18:19:44,0.0
Xylem Inc,,2026-07-09|2026-07-10|2026-07-13|2026-07-14|2026-07-15|2026-07-16|2026-07-17|2026-07-20|2026-07-21|2026-07-22|2026-07-23|2026-07-24|2026-07-27|2026-07-28|2026-07-29|2026-07-30|2026-07-31|2026-08-03|2026-08-04|2026-08-05|2026-08-06|2026-08-07|2026-08-10|2026-08-11|2026-08-12|2026-08-13|2026-08-14|2026-08-17|2026-08-18|2026-08-19,2026-08-19 18:19:44,0.0
Franklin Resources,,2026-07-07|2026-07-08|2026-07-09|2026-07-10|2026-07-13|2026-07-14|2026-07-15|2026-07-16|2026-07-17|2026-07-20|2026-07-23|2026-07-24|2026-07-27|2026-07-28|2026-07-29|2026-07-30|2026-07-31|2026-08-03|2026-08-04|2026-08-05|2026-08-06|2026-08-07|2026-08-10|2026-08-11|2026-08-12|2026-08-13|2026-08-14|2026-08-17|2026-08-18|2026-08-19,2026-08-19 18:19:44,0.0
PPL Corporation,,2026-07-07|2026-07-08|2026-07-09|2026-07-10|2026-07-13|2026-07-14|2026-07-15|2026-07-16|2026-07-17|2026-07-20|2026-07-23|2026-07-24|2026-07-27|2026-07-28|2026-07-29|2026-07-30|2026-07-31|2026-08-03|2026-08-04|2026-08-05|2026-08-06|2026-08-07|2026-08-10|2026-08-11|2026-08-12|2026-08-13|2026-08-14|2026-08-17|2026-08-18|2026-08-19,2026-08-19 18:19:44,0.0
Workday,,2026-07-09|2026-07-10|2026-07-13|2026-07-14|2026-07-15|2026-07-16|2026-07-17|2026-07-20|2026-07-21|2026-07-22|2026-07-23|2026-07-24|2026-07-27|2026-07-28|2026-07-29|2026-07-30|2026-07-31|2026-08-03|2026-08-04|2026-08-05|2026-08-06|2026-08-07|2026-08-10|2026-08-11|2026-08-12|2026-08-13|2026-08-14|2026-08-17|2026-08-18|2026-08-19,2026-08-19 18:19:44,0.0
Dover Corporation,,2026-07-06|2026-07-07|2026-07-08|2026-07-09|2026-07-10|2026-07-13|2026-07-14|2026-07-15|2026-07-16|2026-07-17|2026-07-20|2026-07-23|2026-07-24|2026-07-27|2026-07-28|2026-07-29|2026-07-30|2026-08-03|2026-08-04|2026-08-05|2026-08-06|2026-08-07|2026-08-10|2026-08-11|2026-08-12|2026-08-13|2026-08-14|2026-08-17|2026-08-18|2026-08-19,2026-08-19 18:19:44,0.0
Packaging Corp of America,,2026-07-06|2026-07-07|2026-07-08|2026-07-09|2026-07-10|2026-07-13|2026-07-14|2026-07-15|2026-07-16|2026-07-17|2026-07-20|2026-07-23|2026-07-24|2026-07-27|2026-07-28|2026-07-29|2026-07-30|2026-08-03|2026-08-04|2026-08-05|2026-08-06|2026-08-07|2026-08-10|2026-08-11|2026-08-12|2026-08-13|2026-08-14|2026-08-17|2026-08-18|2026-08-19,2026-08-19 18:19:44,0.0
ABM Industries,,2026-07-06|2026-07-07|2026-07-08|2026-07-09|2026-07-10|2026-07-13|2026-07-14|2026-07-15|2026-07-16|2026-07-17|2026-07-20|2026-07-23|2026-07-24|2026-07-27|2026-07-28|2026-07-29|2026-07-30|2026-08-03|2026-08-04|2026-08-05|2026-08-06|2026-08-07|2026-08-10|2026-08-11|2026-08-12|2026-08-13|2026-08-14|2026-08-17|2026-08-18|2026-08-19,2026-08-19 18:19:44,0.0
Intuitive Surgical,,2026-07-09|2026-07-10|2026-07-13|2026-07-14|2026-07-15|2026-07-16|2026-07-17|2026-07-20|2026-07-21|2026-07-22|2026-07-23|2026-07-24|2026-07-27|2026-07-28|2026-07-29|2026-07-30|2026-07-31|2026-08-03|2026-08-04|2026-08-05|2026-08-06|2026-08-07|2026-08-10|2026-08-11|2026-08-12|2026-08-13|2026-08-14|2026-08-17|2026-08-18|2026-08-19,2026-08-19 18:19:44,0.0
American Financial Group,,2026-07-06|2026-07-07|2026-07-08|2026-07-09|2026-07-10|2026-07-13|2026-07-14|2026-07-15|2026-07-16|2026-07-17|2026-07-20|2026-07-23|2026-07-24|2026-07-27|2026-07-28|2026-07-29|2026-07-30|2026-08-03|2026-08-04|2026-08-05|2026-08-06|2026-08-07|2026-08-10|2026-08-11|2026-08-12|2026-08-13|2026-08-14|2026-08-17|2026-08-18|2026-08-19,2026-08-19 18:19:44,0.0
Rockwell Automation,,2026-07-06|2026-07-07|2026-07-08|2026-07-09|2026-07-10|2026-07-13|2026-07-14|2026-07-15|2026-07-16|2026-07-17|2026-07-20|2026-07-23|2026-07-24|2026-07-27|2026-07-28|2026-07-29|2026-07-30|2026-08-03|2026-08-04|2026-08-05|2026-08-06|2026-08-07|2026-08-10|2026-08-11|2026-08-12|2026-08-13|2026-08-14|2026-08-17|2026-08-18|2026-08-19,2026-08-19 18:19:44,0.0
Solventum,,2026-07-09|2026-07-10|2026-07-13|2026-07-14|2026-07-15|2026-07-16|2026-07-17|2026-07-20|2026-07-21|2026-07-22|2026-07-23|2026-07-24|2026-07-27|2026-07-28|2026-07-29|2026-07-30|2026-07-31|2026-08-03|2026-08-04|2026-08-05|2026-08-06|2026-08-07|2026-08-10|2026-08-11|2026-08-12|2026-08-13|2026-08-14|2026-08-17|2026-08-18|2026-08-19,2026-08-19 18:19:44,0.0
Old Republic International,,2026-07-09|2026-07-10|2026-07-13|2026-07-14|2026-07-15|2026-07-16|2026-07-17|2026-07-20|2026-07-21|2026-07-22|2026-07-23|2026-07-24|2026-07-27|2026-07-28|2026-07-29|2026-07-30|2026-07-31|2026-08-03|2026-08-04|2026-08-05|2026-08-06|2026-08-07|2026-08-10|2026-08-11|2026-08-12|2026-08-13|2026-08-14|2026-08-17|2026-08-18|2026-08-19,2026-08-19 18:19:44,0.0
Prologis,,2026-07-07|2026-07-08|2026-07-09|2026-07-10|2026-07-13|2026-07-14|2026-07-15|2026-07-16|2026-07-17|2026-07-20|2026-07-23|2026-07-24|2026-07-27|2026-07-28|2026-07-29|2026-07-30|2026-07-31|2026-08-03|2026-08-04|2026-08-05|2026-08-06|2026-08-07|2026-08-10|2026-08-11|2026-08-12|2026-08-13|2026-08-14|2026-08-17|2026-08-18|2026-08-19,2026-08-19 18:19:44,0.0
JM Smucker,,2026-07-06|2026-07-07|2026-07-08|2026-07-09|2026-07-10|2026-07-13|2026-07-14|2026-07-15|2026-07-16|2026-07-17|2026-07-20|2026-07-23|2026-07-24|2026-07-27|2026-07-28|2026-07-29|2026-07-30|2026-08-03|2026-08-04|2026-08-05|2026-08-06|2026-08-07|2026-08-10|2026-08-11|2026-08-12|2026-08-13|2026-08-14|2026-08-17|2026-08-18|2026-08-19,2026-08-19 18:19:44,0.0
Taylor Morrison Home,,2026-07-17|2026-07-23,2026-08-19 18:19:44,0.0
XPO,,2026-07-09|2026-07-10|2026-07-13|2026-07-14|2026-07-15|2026-07-16|2026-07-17|2026-07-20|2026-07-21|2026-07-22|2026-07-23|2026-07-24|2026-07-27|2026-07-28|2026-07-29|2026-07-30|2026-07-31|2026-08-03|2026-08-04|2026-08-05|2026-08-06|2026-08-07|2026-08-10|2026-08-11|2026-08-12|2026-08-13|2026-08-14|2026-08-17|2026-08-18|2026-08-19,2026-08-19 18:19:44,0.0
Voya Financial,,2026-07-06|2026-07-07|2026-07-08|2026-07-09|2026-07-10|2026-07-13|2026-07-14|2026-07-15|2026-07-16|2026-07-17|2026-07-20|2026-07-23|2026-07-24|2026-07-27|2026-07-28|2026-07-29|2026-07-30|2026-08-03|2026-08-04|2026-08-05|2026-08-06|2026-08-07|2026-08-10|2026-08-11|2026-08-12|2026-08-13|2026-08-14|2026-08-17|2026-08-18|2026-08-19,2026-08-19 18:19:44,0.0
Palo Alto Networks,,2026-07-09|2026-07-10|2026-07-13|2026-07-14|2026-07-15|2026-07-16|2026-07-17|2026-07-20|2026-07-21|2026-07-22|2026-07-23|2026-07-24|2026-07-27|2026-07-28|2026-07-29|2026-07-30|2026-07-31|2026-08-03|2026-08-04|2026-08-05|2026-08-06|2026-08-07|2026-08-10|2026-08-11|2026-08-12|2026-08-13|2026-08-14|2026-08-17|2026-08-18|2026-08-19,2026-08-19 18:19:44,0.0
Vertiv,,2026-07-09|2026-07-10|2026-07-13|2026-07-14|2026-07-15|2026-07-16|2026-07-17|2026-07-20|2026-07-21|2026-07-22|2026-07-23|2026-07-24|2026-07-27|2026-07-28|2026-07-29|2026-07-30|2026-07-31|2026-08-03|2026-08-04|2026-08-05|2026-08-06|2026-08-07|2026-08-10|2026-08-11|2026-08-12|2026-08-13|2026-08-14|2026-08-17|2026-08-18|2026-08-19,2026-08-19 18:19:44,0.0
Welltower,,2026-07-09|2026-07-10|2026-07-13|2026-07-14|2026-07-15|2026-07-16|2026-07-17|2026-07-20|2026-07-21|2026-07-22|2026-07-23|2026-07-24|2026-07-27|2026-07-28|2026-07-29|2026-07-30|2026-07-31|2026-08-03|2026-08-04|2026-08-05|2026-08-06|2026-08-07|2026-08-10|2026-08-11|2026-08-12|2026-08-13|2026-08-14|2026-08-17|2026-08-18|2026-08-19,2026-08-19 18:19:44,0.0
Par Pacific,,2026-07-07|2026-07-08|2026-07-09|2026-07-10|2026-07-13|2026-07-14|2026-07-15|2026-07-16|2026-07-17|2026-07-20|2026-07-21|2026-07-23|2026-07-24|2026-07-27|2026-07-28|2026-07-29|2026-07-30|2026-08-03|2026-08-04|2026-08-05|2026-08-06|2026-08-07|2026-08-10|2026-08-11|2026-08-12|2026-08-13|2026-08-14|2026-08-17|2026-08-18|2026-08-19,2026-08-19 18:19:44,0.0
TransDigm,,2026-07-06|2026-07-07|2026-07-08|2026-07-09|2026-07-10|2026-07-13|2026-07-14|2026-07-15|2026-07-16|2026-07-17|2026-07-20|2026-07-23|2026-07-24|2026-07-27|2026-07-28|2026-07-29|2026-07-30|2026-08-03|2026-08-04|2026-08-05|2026-08-06|2026-08-07|2026-08-10|2026-08-11|2026-08-12|2026-08-13|2026-08-14|2026-08-17|2026-08-18|2026-08-19,2026-08-19 18:19:44,0.0
Commercial Metals,,2026-07-06|2026-07-07|2026-07-08|2026-07-09|2026-07-10|2026-07-13|2026-07-14|2026-07-15|2026-07-16|2026-07-17|2026-07-20|2026-07-23|2026-07-24|2026-07-27|2026-07-28|2026-07-29|2026-07-30|2026-08-03|2026-08-04|2026-08-05|2026-08-06|2026-08-07|2026-08-10|2026-08-11|2026-08-12|2026-08-13|2026-08-14|2026-08-17|2026-08-18|2026-08-19,2026-08-19 18:19:44,0.0
Post Holdings,,2026-07-06|2026-07-07|2026-07-08|2026-07-09|2026-07-10|2026-07-13|2026-07-14|2026-07-15|2026-07-16|2026-07-17|2026-07-20|2026-07-23|2026-07-24|2026-07-27|2026-07-28|2026-07-29|2026-07-30|2026-08-03|2026-08-04|2026-08-05|2026-08-06|2026-08-07|2026-08-10|2026-08-11|2026-08-12|2026-08-13|2026-08-14|2026-08-17|2026-08-18|2026-08-19,2026-08-19 18:19:44,0.0
Masco,,2026-07-06|2026-07-07|2026-07-08|2026-07-09|2026-07-10|2026-07-13|2026-07-14|2026-07-15|2026-07-16|2026-07-17|2026-07-20|2026-07-23|2026-07-24|2026-07-27|2026-07-28|2026-07-29|2026-07-30|2026-08-03|2026-08-04|2026-08-05|2026-08-06|2026-08-07|2026-08-10|2026-08-11|2026-08-12|2026-08-13|2026-08-14|2026-08-17|2026-08-18|2026-08-19,2026-08-19 18:19:44,0.0
Rush Enterprises,,2026-07-01|2026-07-02|2026-07-06|2026-07-07|2026-07-08|2026-07-09|2026-07-10|2026-07-13|2026-07-14|2026-07-15|2026-07-16|2026-07-17|2026-07-20|2026-07-23|2026-07-24|2026-07-27|2026-07-28|2026-07-29|2026-07-30|2026-08-03|2026-08-04|2026-08-05|2026-08-06|2026-08-07|2026-08-12|2026-08-13|2026-08-14|2026-08-17|2026-08-18|2026-08-19,2026-08-19 18:19:44,0.0
KBR,,2026-07-06|2026-07-07|2026-07-08|2026-07-09|2026-07-10|2026-07-13|2026-07-14|2026-07-15|2026-07-16|2026-07-17|2026-07-20|2026-07-23|2026-07-24|2026-07-27|2026-07-28|2026-07-29|2026-07-30|2026-08-03|2026-08-04|2026-08-05|2026-08-06|2026-08-07|2026-08-10|2026-08-11|2026-08-12|2026-08-13|2026-08-14|2026-08-17|2026-08-18|2026-08-19,2026-08-19 18:19:44,0.0
Sprouts Farmers Market,,2026-07-09|2026-07-10|2026-07-13|2026-07-14|2026-07-15|2026-07-16|2026-07-17|2026-07-20|2026-07-21|2026-07-22|2026-07-23|2026-07-24|2026-07-27|2026-07-28|2026-07-29|2026-07-30|2026-07-31|2026-08-03|2026-08-04|2026-08-05|2026-08-06|2026-08-07|2026-08-10|2026-08-11|2026-08-12|2026-08-13|2026-08-14|2026-08-17|2026-08-18|2026-08-19,2026-08-19 18:19:44,0.0
Williams-Sonoma,,2026-07-06|2026-07-07|2026-07-08|2026-07-09|2026-07-10|2026-07-13|2026-07-14|2026-07-15|2026-07-16|2026-07-17|2026-07-20|2026-07-23|2026-07-24|2026-07-27|2026-07-28|2026-07-29|2026-07-30|2026-08-03|2026-08-04|2026-08-05|2026-08-06|2026-08-07|2026-08-10|2026-08-11|2026-08-12|2026-08-13|2026-08-14|2026-08-17|2026-08-18|2026-08-19,2026-08-19 18:19:44,0.0
Zimmer Biomet,,2026-07-06|2026-07-07|2026-07-08|2026-07-09|2026-07-10|2026-07-13|2026-07-14|2026-07-15|2026-07-16|2026-07-17|2026-07-20|2026-07-23|2026-07-24|2026-07-27|2026-07-28|2026-07-29|2026-07-30|2026-08-03|2026-08-04|2026-08-05|2026-08-06|2026-08-07|2026-08-10|2026-08-11|2026-08-12|2026-08-13|2026-08-14|2026-08-17|2026-08-18|2026-08-19,2026-08-19 18:19:44,0.0
CACI International,,2026-07-06|2026-07-07|2026-07-08|2026-07-09|2026-07-10|2026-07-13|2026-07-14|2026-07-15|2026-07-16|2026-07-17|2026-07-20|2026-07-23|2026-07-24|2026-07-27|2026-07-28|2026-07-29|2026-07-30|2026-08-03|2026-08-04|2026-08-05|2026-08-06|2026-08-07|2026-08-10|2026-08-11|2026-08-12|2026-08-13|2026-08-14|2026-08-17|2026-08-18|2026-08-19,2026-08-19 18:19:44,0.0
Microchip Technology,,2026-07-09|2026-07-10|2026-07-13|2026-07-14|2026-07-15|2026-07-16|2026-07-17|2026-07-20|2026-07-21|2026-07-22|2026-07-23|2026-07-24|2026-07-27|2026-07-28|2026-07-29|2026-07-30|2026-07-31|2026-08-03|2026-08-04|2026-08-05|2026-08-06|2026-08-07|2026-08-10|2026-08-11|2026-08-12|2026-08-13|2026-08-14|2026-08-17|2026-08-18|2026-08-19,2026-08-19 18:19:44,0.0
Watsco,,2026-07-06|2026-07-07|2026-07-08|2026-07-09|2026-07-10|2026-07-13|2026-07-14|2026-07-15|2026-07-16|2026-07-17|2026-07-20|2026-07-23|2026-07-24|2026-07-27|2026-07-28|2026-07-29|2026-07-30|2026-08-03|2026-08-04|2026-08-05|2026-08-06|2026-08-07|2026-08-10|2026-08-11|2026-08-12|2026-08-13|2026-08-14|2026-08-17|2026-08-18|2026-08-19,2026-08-19 18:19:44,0.0
Newell Brands,,2026-07-08|2026-07-09|2026-07-10|2026-07-13|2026-07-14|2026-07-15|2026-07-16|2026-07-17|2026-07-20|2026-07-22|2026-07-23|2026-07-24|2026-07-27|2026-07-28|2026-07-29|2026-07-30|2026-07-31|2026-08-03|2026-08-04|2026-08-05|2026-08-06|2026-08-07|2026-08-10|2026-08-11|2026-08-12|2026-08-13|2026-08-14|2026-08-17|2026-08-18|2026-08-19,2026-08-19 18:19:44,0.0
ARKO,,2026-07-09|2026-07-10|2026-07-13|2026-07-14|2026-07-15|2026-07-16|2026-07-17|2026-07-20|2026-07-21|2026-07-22|2026-07-23|2026-07-24|2026-07-27|2026-07-28|2026-07-29|2026-07-30|2026-07-31|2026-08-03|2026-08-04|2026-08-05|2026-08-06|2026-08-07|2026-08-10|2026-08-11|2026-08-12|2026-08-13|2026-08-14|2026-08-17|2026-08-18|2026-08-19,2026-08-19 18:19:44,0.0
Sanmina,,2026-07-07|2026-07-08|2026-07-09|2026-07-10|2026-07-13|2026-07-14|2026-07-15|2026-07-16|2026-07-17|2026-07-20|2026-07-21|2026-07-23|2026-07-24|2026-07-27|2026-07-28|2026-07-29|2026-07-30|2026-08-03|2026-08-04|2026-08-05|2026-08-06|2026-08-07|2026-08-10|2026-08-11|2026-08-12|2026-08-13|2026-08-14|2026-08-17|2026-08-18|2026-08-19,2026-08-19 18:19:44,0.0
Electronic Arts,,2026-07-17|2026-08-04|2026-08-05|2026-08-06|2026-08-07|2026-08-10,2026-08-19 18:19:44,0.0
Yum Brands,,2026-07-07|2026-07-08|2026-07-09|2026-07-10|2026-07-13|2026-07-14|2026-07-15|2026-07-16|2026-07-17|2026-07-20|2026-07-23|2026-07-24|2026-07-27|2026-07-28|2026-07-29|2026-07-30|2026-07-31|2026-08-03|2026-08-04|2026-08-05|2026-08-06|2026-08-07|2026-08-10|2026-08-11|2026-08-12|2026-08-13|2026-08-14|2026-08-17|2026-08-18|2026-08-19,2026-08-19 18:19:44,0.0
Fastenal,,2026-07-08|2026-07-09|2026-07-10|2026-07-13|2026-07-14|2026-07-15|2026-07-16|2026-07-17|2026-07-20|2026-07-21|2026-07-23|2026-07-24|2026-07-27|2026-07-28|2026-07-29|2026-07-30|2026-07-31|2026-08-03|2026-08-04|2026-08-05|2026-08-06|2026-08-07|2026-08-10|2026-08-11|2026-08-12|2026-08-13|2026-08-14|2026-08-17|2026-08-18|2026-08-19,2026-08-19 18:19:44,0.0
CMS Energy,,2026-07-07|2026-07-08|2026-07-09|2026-07-10|2026-07-13|2026-07-14|2026-07-15|2026-07-16|2026-07-17|2026-07-20|2026-07-23|2026-07-24|2026-07-27|2026-07-28|2026-07-29|2026-07-30|2026-07-31|2026-08-03|2026-08-04|2026-08-05|2026-08-06|2026-08-07|2026-08-10|2026-08-11|2026-08-12|2026-08-13|2026-08-14|2026-08-17|2026-08-18|2026-08-19,2026-08-19 18:19:44,0.0
Monster Beverage,,2026-07-07|2026-07-08|2026-07-09|2026-07-10|2026-07-13|2026-07-14|2026-07-15|2026-07-16|2026-07-17|2026-07-20|2026-07-21|2026-07-23|2026-07-24|2026-07-27|2026-07-28|2026-07-29|2026-07-30|2026-07-31|2026-08-03|2026-08-04|2026-08-05|2026-08-06|2026-08-07|2026-08-11|2026-08-12|2026-08-13|2026-08-14|2026-08-17|2026-08-18|2026-08-19,2026-08-19 18:19:44,0.0
Science Applications International,,2026-07-06|2026-07-07|2026-07-08|2026-07-09|2026-07-10|2026-07-13|2026-07-14|2026-07-15|2026-07-16|2026-07-17|2026-07-20|2026-07-23|2026-07-24|2026-07-27|2026-07-28|2026-07-29|2026-07-30|2026-08-03|2026-08-04|2026-08-05|2026-08-06|2026-08-07|2026-08-10|2026-08-11|2026-08-12|2026-08-13|2026-08-14|2026-08-17|2026-08-18|2026-08-19,2026-08-19 18:19:44,0.0
Core & Main,,2026-07-06|2026-07-07|2026-07-08|2026-07-09|2026-07-10|2026-07-13|2026-07-14|2026-07-15|2026-07-16|2026-07-17|2026-07-20|2026-07-23|2026-07-24|2026-07-27|2026-07-28|2026-07-29|2026-07-30|2026-08-03|2026-08-04|2026-08-05|2026-08-06|2026-08-07|2026-08-10|2026-08-11|2026-08-12|2026-08-13|2026-08-14|2026-08-17|2026-08-18|2026-08-19,2026-08-19 18:19:44,0.0
Howmet Aerospace,,2026-07-08|2026-07-09|2026-07-10|2026-07-13|2026-07-14|2026-07-15|2026-07-16|2026-07-17|2026-07-20|2026-07-22|2026-07-23|2026-07-24|2026-07-27|2026-07-28|2026-07-29|2026-07-30|2026-07-31|2026-08-03|2026-08-04|2026-08-05|2026-08-06|2026-08-07|2026-08-10|2026-08-11|2026-08-12|2026-08-13|2026-08-14|2026-08-17|2026-08-18|2026-08-19,2026-08-19 18:19:44,0.0
Ingredion,,2026-07-06|2026-07-07|2026-07-08|2026-07-09|2026-07-10|2026-07-13|2026-07-14|2026-07-15|2026-07-16|2026-07-17|2026-07-20|2026-07-23|2026-07-24|2026-07-27|2026-07-28|2026-07-29|2026-07-30|2026-08-03|2026-08-04|2026-08-05|2026-08-06|2026-08-07|2026-08-10|2026-08-11|2026-08-12|2026-08-13|2026-08-14|2026-08-17|2026-08-18|2026-08-19,2026-08-19 18:19:44,0.0
Vulcan Materials,,2026-07-06|2026-07-07|2026-07-08|2026-07-09|2026-07-10|2026-07-13|2026-07-14|2026-07-15|2026-07-16|2026-07-17|2026-07-20|2026-07-23|2026-07-24|2026-07-27|2026-07-28|2026-07-29|2026-07-30|2026-08-03|2026-08-04|2026-08-05|2026-08-06|2026-08-07|2026-08-10|2026-08-11|2026-08-12|2026-08-13|2026-08-14|2026-08-17|2026-08-18|2026-08-19,2026-08-19 18:19:44,0.0
Smurfit Westrock,,2026-07-09|2026-07-10|2026-07-13|2026-07-14|2026-07-15|2026-07-16|2026-07-17|2026-07-20|2026-07-21|2026-07-22|2026-07-23|2026-07-24|2026-07-27|2026-07-28|2026-07-29|2026-07-30|2026-07-31|2026-08-03|2026-08-04|2026-08-05|2026-08-06|2026-08-07|2026-08-10|2026-08-11|2026-08-12|2026-08-13|2026-08-14|2026-08-17|2026-08-18|2026-08-19,2026-08-19 18:19:44,0.0
Crown Holdings,,2026-07-07|2026-07-08|2026-07-09|2026-07-10|2026-07-13|2026-07-14|2026-07-15|2026-07-16|2026-07-17|2026-07-20|2026-07-22|2026-07-23|2026-07-24|2026-07-27|2026-07-28|2026-07-29|2026-07-30|2026-08-03|2026-08-04|2026-08-05|2026-08-06|2026-08-07|2026-08-10|2026-08-11|2026-08-12|2026-08-13|2026-08-14|2026-08-17|2026-08-18|2026-08-19,2026-08-19 18:19:44,0.0
Dana Incorporated,,2026-07-06|2026-07-07|2026-07-08|2026-07-09|2026-07-10|2026-07-13|2026-07-14|2026-07-15|2026-07-16|2026-07-17|2026-07-20|2026-07-23|2026-07-24|2026-07-27|2026-07-28|2026-07-29|2026-07-30|2026-08-03|2026-08-04|2026-08-05|2026-08-06|2026-08-07|2026-08-10|2026-08-11|2026-08-12|2026-08-13|2026-08-14|2026-08-17|2026-08-18|2026-08-19,2026-08-19 18:19:44,0.0
Albemarle Corporation,,2026-07-09|2026-07-10|2026-07-13|2026-07-14|2026-07-15|2026-07-16|2026-07-17|2026-07-20|2026-07-21|2026-07-22|2026-07-23|2026-07-24|2026-07-27|2026-07-28|2026-07-29|2026-07-30|2026-07-31|2026-08-03|2026-08-04|2026-08-05|2026-08-06|2026-08-07|2026-08-10|2026-08-11|2026-08-12|2026-08-13|2026-08-14|2026-08-17|2026-08-18|2026-08-19,2026-08-19 18:19:44,0.0
Polaris Inc,,2026-07-06|2026-07-07|2026-07-08|2026-07-09|2026-07-10|2026-07-13|2026-07-14|2026-07-15|2026-07-16|2026-07-17|2026-07-20|2026-07-23|2026-07-24|2026-07-27|2026-07-28|2026-07-29|2026-07-30|2026-08-03|2026-08-04|2026-08-05|2026-08-06|2026-08-07|2026-08-10|2026-08-11|2026-08-12|2026-08-13|2026-08-14|2026-08-17|2026-08-18|2026-08-19,2026-08-19 18:19:44,0.0
UGI Utilities Inc,,2026-07-06|2026-07-07|2026-07-08|2026-07-09|2026-07-10|2026-07-13|2026-07-14|2026-07-15|2026-07-16|2026-07-17|2026-07-20|2026-07-23|2026-07-24|2026-07-27|2026-07-28|2026-07-29|2026-07-30|2026-08-03|2026-08-04|2026-08-05|2026-08-06|2026-08-07|2026-08-10|2026-08-11|2026-08-12|2026-08-13|2026-08-14|2026-08-17|2026-08-18|2026-08-19,2026-08-19 18:19:44,0.0
Expand Energy Corporation,,2026-07-09|2026-07-10|2026-07-13|2026-07-14|2026-07-15|2026-07-16|2026-07-17|2026-07-20|2026-07-21|2026-07-22|2026-07-23|2026-07-24|2026-07-27|2026-07-28|2026-07-29|2026-07-30|2026-07-31|2026-08-03|2026-08-04|2026-08-05|2026-08-06|2026-08-07|2026-08-10|2026-08-11|2026-08-12|2026-08-13|2026-08-14|2026-08-17|2026-08-18|2026-08-19,2026-08-19 18:19:44,0.0
NGL Energy Partners,,2026-07-07|2026-07-08|2026-07-09|2026-07-10|2026-07-13|2026-07-14|2026-07-15|2026-07-16|2026-07-17|2026-07-20|2026-07-22|2026-07-23|2026-07-24|2026-07-27|2026-07-28|2026-07-29|2026-07-30|2026-08-03|2026-08-04|2026-08-05|2026-08-06|2026-08-07|2026-08-10|2026-08-11|2026-08-12|2026-08-13|2026-08-14|2026-08-17|2026-08-18|2026-08-19,2026-08-19 18:19:44,0.0
ON Semiconductor,,2026-07-09|2026-07-10|2026-07-13|2026-07-14|2026-07-15|2026-07-16|2026-07-17|2026-07-20|2026-07-21|2026-07-22|2026-07-23|2026-07-24|2026-07-27|2026-07-28|2026-07-29|2026-07-30|2026-07-31|2026-08-03|2026-08-04|2026-08-05|2026-08-06|2026-08-07|2026-08-10|2026-08-11|2026-08-12|2026-08-13|2026-08-14|2026-08-17|2026-08-18|2026-08-19,2026-08-19 18:19:44,0.0
Flagstar Financial,,2026-07-06|2026-07-07|2026-07-08|2026-07-09|2026-07-10|2026-07-13|2026-07-14|2026-07-15|2026-07-16|2026-07-17|2026-07-20|2026-07-23|2026-07-24|2026-07-27|2026-07-28|2026-07-29|2026-07-30|2026-08-03|2026-08-04|2026-08-05|2026-08-06|2026-08-07|2026-08-10|2026-08-11|2026-08-12|2026-08-13|2026-08-14|2026-08-17|2026-08-18|2026-08-19,2026-08-19 18:19:44,0.0
Weyerhaeuser,,2026-07-07|2026-07-08|2026-07-09|2026-07-10|2026-07-13|2026-07-14|2026-07-15|2026-07-16|2026-07-17|2026-07-20|2026-07-23|2026-07-24|2026-07-27|2026-07-28|2026-07-29|2026-07-30|2026-07-31|2026-08-03|2026-08-04|2026-08-05|2026-08-06|2026-08-07|2026-08-10|2026-08-11|2026-08-12|2026-08-13|2026-08-14|2026-08-17|2026-08-18|2026-08-19,2026-08-19 18:19:44,0.0
Genworth Financial,,2026-07-06|2026-07-07|2026-07-08|2026-07-09|2026-07-10|2026-07-13|2026-07-14|2026-07-15|2026-07-16|2026-07-17|2026-07-20|2026-07-23|2026-07-24|2026-07-27|2026-07-28|2026-07-29|2026-07-30|2026-08-03|2026-08-04|2026-08-05|2026-08-06|2026-08-07|2026-08-10|2026-08-11|2026-08-12|2026-08-13|2026-08-14|2026-08-17|2026-08-18|2026-08-19,2026-08-19 18:19:44,0.0
Bath & Body Works,,2026-07-06|2026-07-07|2026-07-08|2026-07-09|2026-07-10|2026-07-13|2026-07-14|2026-07-15|2026-07-16|2026-07-17|2026-07-20|2026-07-23|2026-07-24|2026-07-27|2026-07-28|2026-07-29|2026-07-30|2026-08-03|2026-08-04|2026-08-05|2026-08-06|2026-08-07|2026-08-10|2026-08-11|2026-08-12|2026-08-13|2026-08-14|2026-08-17|2026-08-18|2026-08-19,2026-08-19 18:19:44,0.0
Clorox,,2026-07-07|2026-07-08|2026-07-09|2026-07-10|2026-07-13|2026-07-14|2026-07-15|2026-07-16|2026-07-17|2026-07-20|2026-07-23|2026-07-24|2026-07-27|2026-07-28|2026-07-29|2026-07-30|2026-07-31|2026-08-03|2026-08-04|2026-08-05|2026-08-06|2026-08-07|2026-08-10|2026-08-11|2026-08-12|2026-08-13|2026-08-14|2026-08-17|2026-08-18|2026-08-19,2026-08-19 18:19:44,0.0
RPM International,,2026-07-06|2026-07-07|2026-07-08|2026-07-09|2026-07-10|2026-07-13|2026-07-14|2026-07-15|2026-07-16|2026-07-17|2026-07-20|2026-07-23|2026-07-24|2026-07-27|2026-07-28|2026-07-29|2026-07-30|2026-08-03|2026-08-04|2026-08-05|2026-08-06|2026-08-07|2026-08-10|2026-08-11|2026-08-12|2026-08-13|2026-08-14|2026-08-17|2026-08-18|2026-08-19,2026-08-19 18:19:44,0.0
UFP Industries,,2026-07-06|2026-07-07|2026-07-08|2026-07-09|2026-07-10|2026-07-13|2026-07-14|2026-07-15|2026-07-16|2026-07-17|2026-07-20|2026-07-23|2026-07-24|2026-07-27|2026-07-28|2026-07-29|2026-07-30|2026-08-03|2026-08-04|2026-08-05|2026-08-06|2026-08-07|2026-08-10|2026-08-11|2026-08-12|2026-08-13|2026-08-14|2026-08-17|2026-08-18|2026-08-19,2026-08-19 18:19:44,0.0
Ameren,,2026-07-06|2026-07-07|2026-07-08|2026-07-09|2026-07-10|2026-07-13|2026-07-14|2026-07-15|2026-07-16|2026-07-17|2026-07-20|2026-07-23|2026-07-24|2026-07-27|2026-07-28|2026-07-29|2026-07-30|2026-08-03|2026-08-04|2026-08-05|2026-08-06|2026-08-07|2026-08-10|2026-08-11|2026-08-12|2026-08-13|2026-08-14|2026-08-17|2026-08-18|2026-08-19,2026-08-19 18:19:44,0.0
Knight Swift Transportation,,2026-07-06|2026-07-07|2026-07-08|2026-07-09|2026-07-10|2026-07-13|2026-07-14|2026-07-15|2026-07-16|2026-07-17|2026-07-20|2026-07-23|2026-07-24|2026-07-27|2026-07-28|2026-07-29|2026-07-30|2026-08-03|2026-08-04|2026-08-05|2026-08-06|2026-08-07|2026-08-10|2026-08-11|2026-08-12|2026-08-13|2026-08-14|2026-08-17|2026-08-18|2026-08-19,2026-08-19 18:19:44,0.0
Super Micro Computer,,2026-07-09|2026-07-10|2026-07-13|2026-07-14|2026-07-15|2026-07-16|2026-07-17|2026-07-20|2026-07-21|2026-07-22|2026-07-23|2026-07-24|2026-07-27|2026-07-28|2026-07-29|2026-07-30|2026-07-31|2026-08-03|2026-08-04|2026-08-05|2026-08-06|2026-08-07|2026-08-10|2026-08-11|2026-08-12|2026-08-13|2026-08-14|2026-08-17|2026-08-18|2026-08-19,2026-08-19 18:19:44,0.0
O-I Glass,,2026-07-07|2026-07-08|2026-07-09|2026-07-10|2026-07-13|2026-07-14|2026-07-15|2026-07-16|2026-07-17|2026-07-20|2026-07-21|2026-07-23|2026-07-24|2026-07-27|2026-07-28|2026-07-29|2026-07-30|2026-08-03|2026-08-04|2026-08-05|2026-08-06|2026-08-07|2026-08-10|2026-08-11|2026-08-12|2026-08-13|2026-08-14|2026-08-17|2026-08-18|2026-08-19,2026-08-19 18:19:44,0.0
Crown Castle,,2026-07-09|2026-07-10|2026-07-13|2026-07-14|2026-07-15|2026-07-16|2026-07-17|2026-07-20|2026-07-21|2026-07-22|2026-07-23|2026-07-24|2026-07-27|2026-07-28|2026-07-29|2026-07-30|2026-07-31|2026-08-03|2026-08-04|2026-08-05|2026-08-06|2026-08-07|2026-08-10|2026-08-11|2026-08-12|2026-08-13|2026-08-14|2026-08-17|2026-08-18|2026-08-19,2026-08-19 18:19:44,0.0
Avantor,,2026-07-07|2026-07-08|2026-07-09|2026-07-10|2026-07-13|2026-07-14|2026-07-15|2026-07-16|2026-07-17|2026-07-20|2026-07-21|2026-07-23|2026-07-24|2026-07-27|2026-07-28|2026-07-29|2026-07-30|2026-08-03|2026-08-04|2026-08-05|2026-08-06|2026-08-07|2026-08-10|2026-08-11|2026-08-12|2026-08-13|2026-08-14|2026-08-17|2026-08-18|2026-08-19,2026-08-19 18:19:44,0.0
Opendoor Technologies,,2026-07-09|2026-07-10|2026-07-13|2026-07-14|2026-07-15|2026-07-16|2026-07-17|2026-07-20|2026-07-21|2026-07-22|2026-07-23|2026-07-24|2026-07-27|2026-07-28|2026-07-29|2026-07-30|2026-07-31|2026-08-03|2026-08-04|2026-08-05|2026-08-06|2026-08-07|2026-08-10|2026-08-11|2026-08-12|2026-08-13|2026-08-14|2026-08-17|2026-08-18|2026-08-19,2026-08-19 18:19:44,0.0
APi Group,,2026-07-06|2026-07-07|2026-07-08|2026-07-09|2026-07-10|2026-07-13|2026-07-14|2026-07-15|2026-07-16|2026-07-17|2026-07-20|2026-07-23|2026-07-24|2026-07-27|2026-07-28|2026-07-29|2026-07-30|2026-08-03|2026-08-04|2026-08-05|2026-08-06|2026-08-07|2026-08-10|2026-08-11|2026-08-12|2026-08-13|2026-08-14|2026-08-17|2026-08-18|2026-08-19,2026-08-19 18:19:44,0.0
EQT,,2026-07-09|2026-07-10|2026-07-13|2026-07-14|2026-07-15|2026-07-16|2026-07-17|2026-07-20|2026-07-21|2026-07-22|2026-07-23|2026-07-24|2026-07-27|2026-07-28|2026-07-29|2026-07-30|2026-07-31|2026-08-03|2026-08-04|2026-08-05|2026-08-06|2026-08-07|2026-08-10|2026-08-11|2026-08-12|2026-08-13|2026-08-14|2026-08-17|2026-08-18|2026-08-19,2026-08-19 18:19:44,0.0
Xerox,,2026-07-08|2026-07-09|2026-07-10|2026-07-13|2026-07-14|2026-07-15|2026-07-16|2026-07-17|2026-07-20|2026-07-21|2026-07-23|2026-07-24|2026-07-27|2026-07-28|2026-07-29|2026-07-30|2026-07-31|2026-08-03|2026-08-04|2026-08-05|2026-08-06|2026-08-07|2026-08-10|2026-08-11|2026-08-12|2026-08-13|2026-08-14|2026-08-17|2026-08-18|2026-08-19,2026-08-19 18:19:44,0.0
Ingersoll Rand,,2026-07-09|2026-07-10|2026-07-13|2026-07-14|2026-07-15|2026-07-16|2026-07-17|2026-07-20|2026-07-21|2026-07-22|2026-07-23|2026-07-24|2026-07-27|2026-07-28|2026-07-29|2026-07-30|2026-07-31|2026-08-03|2026-08-04|2026-08-05|2026-08-06|2026-08-07|2026-08-10|2026-08-11|2026-08-12|2026-08-13|2026-08-14|2026-08-17|2026-08-18|2026-08-19,2026-08-19 18:19:44,0.0
Dillards,,2026-07-09|2026-07-10|2026-07-13|2026-07-14|2026-07-15|2026-07-16|2026-07-17|2026-07-20|2026-07-21|2026-07-22|2026-07-23|2026-07-24|2026-07-27|2026-07-28|2026-07-29|2026-07-30|2026-07-31|2026-08-03|2026-08-04|2026-08-05|2026-08-06|2026-08-07|2026-08-10|2026-08-11|2026-08-12|2026-08-13|2026-08-14|2026-08-17|2026-08-18|2026-08-19,2026-08-19 18:19:44,0.0
Martin Marietta Materials,,2026-07-07|2026-07-08|2026-07-09|2026-07-10|2026-07-13|2026-07-14|2026-07-15|2026-07-16|2026-07-17|2026-07-20|2026-07-23|2026-07-24|2026-07-27|2026-07-28|2026-07-29|2026-07-30|2026-07-31|2026-08-03|2026-08-04|2026-08-05|2026-08-06|2026-08-07|2026-08-10|2026-08-11|2026-08-12|2026-08-13|2026-08-14|2026-08-17|2026-08-18|2026-08-19,2026-08-19 18:19:44,0.0
Moderna,,2026-07-09|2026-07-10|2026-07-13|2026-07-14|2026-07-15|2026-07-16|2026-07-17|2026-07-20|2026-07-21|2026-07-22|2026-07-23|2026-07-24|2026-07-27|2026-07-28|2026-07-29|2026-07-30|2026-07-31|2026-08-03|2026-08-04|2026-08-05|2026-08-06|2026-08-07|2026-08-10|2026-08-11|2026-08-12|2026-08-13|2026-08-14|2026-08-17|2026-08-18|2026-08-19,2026-08-19 18:19:44,0.0
Boise Cascade,,2026-07-06|2026-07-07|2026-07-08|2026-07-09|2026-07-10|2026-07-13|2026-07-14|2026-07-15|2026-07-16|2026-07-17|2026-07-20|2026-07-23|2026-07-24|2026-07-27|2026-07-28|2026-07-29|2026-07-30|2026-08-03|2026-08-04|2026-08-05|2026-08-06|2026-08-07|2026-08-10|2026-08-11|2026-08-12|2026-08-13|2026-08-14|2026-08-17|2026-08-18|2026-08-19,2026-08-19 18:19:44,0.0
Agilent Technologies,,2026-07-09|2026-07-10|2026-07-13|2026-07-14|2026-07-15|2026-07-16|2026-07-17|2026-07-20|2026-07-21|2026-07-22|2026-07-23|2026-07-24|2026-07-27|2026-07-28|2026-07-29|2026-07-30|2026-07-31|2026-08-03|2026-08-04|2026-08-05|2026-08-06|2026-08-07|2026-08-10|2026-08-11|2026-08-12|2026-08-13|2026-08-14|2026-08-17|2026-08-18|2026-08-19,2026-08-19 18:19:44,0.0
Olin Corporation,,2026-07-06|2026-07-07|2026-07-08|2026-07-09|2026-07-10|2026-07-13|2026-07-14|2026-07-15|2026-07-16|2026-07-17|2026-07-20|2026-07-23|2026-07-24|2026-07-27|2026-07-28|2026-07-29|2026-07-30|2026-08-03|2026-08-04|2026-08-05|2026-08-06|2026-08-07|2026-08-10|2026-08-11|2026-08-12|2026-08-13|2026-08-14|2026-08-17|2026-08-18|2026-08-19,2026-08-19 18:19:44,0.0
Darling Ingredients,,2026-07-06|2026-07-07|2026-07-08|2026-07-09|2026-07-10|2026-07-13|2026-07-14|2026-07-15|2026-07-16|2026-07-17|2026-07-20|2026-07-23|2026-07-24|2026-07-27|2026-07-28|2026-07-29|2026-07-30|2026-08-03|2026-08-04|2026-08-05|2026-08-06|2026-08-07|2026-08-10|2026-08-11|2026-08-12|2026-08-13|2026-08-14|2026-08-17|2026-08-18|2026-08-19,2026-08-19 18:19:44,0.0
Sonoco Products,,2026-07-06|2026-07-07|2026-07-08|2026-07-09|2026-07-10|2026-07-13|2026-07-14|2026-07-15|2026-07-16|2026-07-17|2026-07-20|2026-07-23|2026-07-24|2026-07-27|2026-07-28|2026-07-29|2026-07-30|2026-08-03|2026-08-04|2026-08-05|2026-08-06|2026-08-07|2026-08-10|2026-08-11|2026-08-12|2026-08-13|2026-08-14|2026-08-17|2026-08-18|2026-08-19,2026-08-19 18:19:44,0.0
Hyatt Hotels,,2026-07-09|2026-07-10|2026-07-13|2026-07-14|2026-07-15|2026-07-16|2026-07-17|2026-07-20|2026-07-21|2026-07-22|2026-07-23|2026-07-24|2026-07-27|2026-07-28|2026-07-29|2026-07-30|2026-07-31|2026-08-03|2026-08-04|2026-08-05|2026-08-06|2026-08-07|2026-08-10|2026-08-11|2026-08-12|2026-08-13|2026-08-14|2026-08-17|2026-08-18|2026-08-19,2026-08-19 18:19:44,0.0
Select Medical Holdings,,2026-06-30,2026-08-19 18:19:44,0.0
McCormick & Company,,2026-07-07|2026-07-08|2026-07-09|2026-07-10|2026-07-13|2026-07-14|2026-07-15|2026-07-16|2026-07-17|2026-07-20|2026-07-23|2026-07-24|2026-07-27|2026-07-28|2026-07-29|2026-07-30|2026-07-31|2026-08-03|2026-08-04|2026-08-05|2026-08-06|2026-08-07|2026-08-10|2026-08-11|2026-08-12|2026-08-13|2026-08-14|2026-08-17|2026-08-18|2026-08-19,2026-08-19 18:19:44,0.0
Tapestry,,2026-07-06|2026-07-07|2026-07-08|2026-07-09|2026-07-10|2026-07-13|2026-07-14|2026-07-15|2026-07-16|2026-07-17|2026-07-20|2026-07-23|2026-07-24|2026-07-27|2026-07-28|2026-07-29|2026-07-30|2026-08-03|2026-08-04|2026-08-05|2026-08-06|2026-08-07|2026-08-10|2026-08-11|2026-08-12|2026-08-13|2026-08-14|2026-08-17|2026-08-18|2026-08-19,2026-08-19 18:19:44,0.0
CF Industries,,2026-07-09|2026-07-10|2026-07-13|2026-07-14|2026-07-15|2026-07-16|2026-07-17|2026-07-20|2026-07-21|2026-07-22|2026-07-23|2026-07-24|2026-07-27|2026-07-28|2026-07-29|2026-07-30|2026-07-31|2026-08-03|2026-08-04|2026-08-05|2026-08-06|2026-08-07|2026-08-10|2026-08-11|2026-08-12|2026-08-13|2026-08-14|2026-08-17|2026-08-18|2026-08-19,2026-08-19 18:19:44,0.0
Ametek,,2026-07-06|2026-07-07|2026-07-08|2026-07-09|2026-07-10|2026-07-13|2026-07-14|2026-07-15|2026-07-16|2026-07-17|2026-07-20|2026-07-23|2026-07-24|2026-07-27|2026-07-28|2026-07-29|2026-07-30|2026-08-03|2026-08-04|2026-08-05|2026-08-06|2026-08-07|2026-08-10|2026-08-11|2026-08-12|2026-08-13|2026-08-14|2026-08-17|2026-08-18|2026-08-19,2026-08-19 18:19:44,0.0
Wynn Resorts,,2026-07-07|2026-07-08|2026-07-09|2026-07-10|2026-07-13|2026-07-14|2026-07-15|2026-07-16|2026-07-17|2026-07-20|2026-07-21|2026-07-23|2026-07-24|2026-07-27|2026-07-28|2026-07-29|2026-07-30|2026-08-03|2026-08-04|2026-08-05|2026-08-06|2026-08-07|2026-08-10|2026-08-11|2026-08-12|2026-08-13|2026-08-14|2026-08-17|2026-08-18|2026-08-19,2026-08-19 18:19:44,0.0
Amkor Technology,,2026-07-09|2026-07-10|2026-07-13|2026-07-14|2026-07-15|2026-07-16|2026-07-17|2026-07-20|2026-07-21|2026-07-22|2026-07-23|2026-07-24|2026-07-27|2026-07-28|2026-07-29|2026-07-30|2026-07-31|2026-08-03|2026-08-04|2026-08-05|2026-08-06|2026-08-07|2026-08-10|2026-08-11|2026-08-12|2026-08-13|2026-08-14|2026-08-17|2026-08-18|2026-08-19,2026-08-19 18:19:44,0.0
Insperity,,2026-07-06|2026-07-07|2026-07-08|2026-07-09|2026-07-10|2026-07-13|2026-07-14|2026-07-15|2026-07-16|2026-07-17|2026-07-20|2026-07-23|2026-07-24|2026-07-27|2026-07-28|2026-07-29|2026-07-30|2026-08-03|2026-08-04|2026-08-05|2026-08-06|2026-08-07|2026-08-10|2026-08-11|2026-08-12|2026-08-13|2026-08-14|2026-08-17|2026-08-18|2026-08-19,2026-08-19 18:19:44,0.0
T Rowe Price,,2026-07-06|2026-07-07|2026-07-08|2026-07-09|2026-07-10|2026-07-13|2026-07-14|2026-07-15|2026-07-16|2026-07-17|2026-07-20|2026-07-23|2026-07-24|2026-07-27|2026-07-28|2026-07-29|2026-07-30|2026-08-03|2026-08-04|2026-08-05|2026-08-06|2026-08-07|2026-08-10|2026-08-11|2026-08-12|2026-08-13|2026-08-14|2026-08-17|2026-08-18|2026-08-19,2026-08-19 18:19:44,0.0
Ralph Lauren,,2026-07-09|2026-07-10|2026-07-13|2026-07-14|2026-07-15|2026-07-16|2026-07-17|2026-07-20|2026-07-21|2026-07-22|2026-07-23|2026-07-24|2026-07-27|2026-07-28|2026-07-29|2026-07-30|2026-07-31|2026-08-03|2026-08-04|2026-08-05|2026-08-06|2026-08-07|2026-08-10|2026-08-11|2026-08-12|2026-08-13|2026-08-14|2026-08-17|2026-08-18|2026-08-19,2026-08-19 18:19:44,0.0
KB Home,,2026-07-09|2026-07-10|2026-07-13|2026-07-14|2026-07-15|2026-07-16|2026-07-17|2026-07-20|2026-07-21|2026-07-22|2026-07-23|2026-07-24|2026-07-27|2026-07-28|2026-07-29|2026-07-30|2026-07-31|2026-08-03|2026-08-04|2026-08-05|2026-08-06|2026-08-07|2026-08-10|2026-08-11|2026-08-12|2026-08-13|2026-08-14|2026-08-17|2026-08-18|2026-08-19,2026-08-19 18:19:44,0.0
Brunswick Corporation,,2026-07-06|2026-07-07|2026-07-08|2026-07-09|2026-07-10|2026-07-13|2026-07-14|2026-07-15|2026-07-16|2026-07-17|2026-07-20|2026-07-23|2026-07-24|2026-07-27|2026-07-28|2026-07-29|2026-07-30|2026-08-03|2026-08-04|2026-08-05|2026-08-06|2026-08-07|2026-08-10|2026-08-11|2026-08-12|2026-08-13|2026-08-14|2026-08-17|2026-08-18|2026-08-19,2026-08-19 18:19:44,0.0
Robert Half,,2026-07-06|2026-07-07|2026-07-08|2026-07-09|2026-07-10|2026-07-13|2026-07-14|2026-07-15|2026-07-16|2026-07-17|2026-07-20|2026-07-23|2026-07-24|2026-07-27|2026-07-28|2026-07-29|2026-07-30|2026-08-03|2026-08-04|2026-08-05|2026-08-06|2026-08-07|2026-08-10|2026-08-11|2026-08-12|2026-08-13|2026-08-14|2026-08-17|2026-08-18|2026-08-19,2026-08-19 18:19:44,0.0
PENN Entertainment,,2026-07-07|2026-07-08|2026-07-09|2026-07-10|2026-07-13|2026-07-14|2026-07-15|2026-07-16|2026-07-17|2026-07-20|2026-07-23|2026-07-24|2026-07-27|2026-07-28|2026-07-29|2026-07-30|2026-07-31|2026-08-03|2026-08-04|2026-08-05|2026-08-06|2026-08-07|2026-08-10|2026-08-11|2026-08-12|2026-08-13|2026-08-14|2026-08-17|2026-08-18|2026-08-19,2026-08-19 18:19:44,0.0
NetApp,,2026-07-07|2026-07-08|2026-07-09|2026-07-10|2026-07-13|2026-07-14|2026-07-15|2026-07-16|2026-07-17|2026-07-20|2026-07-23|2026-07-24|2026-07-27|2026-07-28|2026-07-29|2026-07-30|2026-07-31|2026-08-03|2026-08-04|2026-08-05|2026-08-06|2026-08-07|2026-08-10|2026-08-11|2026-08-12|2026-08-13|2026-08-14|2026-08-17|2026-08-18|2026-08-19,2026-08-19 18:19:44,0.0
Organon,,2026-07-09|2026-07-10|2026-07-13|2026-07-14|2026-07-15|2026-07-16|2026-07-17|2026-07-20|2026-07-21|2026-07-22|2026-07-23|2026-07-24|2026-07-27|2026-07-28|2026-07-29|2026-07-30|2026-07-31|2026-08-03|2026-08-04|2026-08-05|2026-08-06|2026-08-07|2026-08-10|2026-08-11|2026-08-12|2026-08-13|2026-08-14|2026-08-17|2026-08-18|2026-08-19,2026-08-19 18:19:44,0.0
Petco Health and Wellness,,2026-07-07|2026-07-08|2026-07-09|2026-07-10|2026-07-13|2026-07-14|2026-07-15|2026-07-16|2026-07-17|2026-07-20|2026-07-23|2026-07-24|2026-07-27|2026-07-28|2026-07-29|2026-07-30|2026-07-31|2026-08-03|2026-08-04|2026-08-05|2026-08-06|2026-08-07|2026-08-10|2026-08-11|2026-08-12|2026-08-13|2026-08-14|2026-08-17|2026-08-18|2026-08-19,2026-08-19 18:19:44,0.0
Regal Rexnord,,2026-07-07|2026-07-08|2026-07-09|2026-07-10|2026-07-13|2026-07-14|2026-07-15|2026-07-16|2026-07-17|2026-07-20|2026-07-21|2026-07-23|2026-07-24|2026-07-27|2026-07-28|2026-07-29|2026-07-30|2026-08-03|2026-08-04|2026-08-05|2026-08-06|2026-08-07|2026-08-10|2026-08-11|2026-08-12|2026-08-13|2026-08-14|2026-08-17|2026-08-18|2026-08-19,2026-08-19 18:19:44,0.0
Resideo Technologies,,2026-07-09|2026-07-10|2026-07-13|2026-07-14|2026-07-15|2026-07-16|2026-07-17|2026-07-20|2026-07-21|2026-07-22|2026-07-23|2026-07-24|2026-07-27|2026-07-28|2026-07-29|2026-07-30|2026-07-31|2026-08-03|2026-08-04|2026-08-05|2026-08-06|2026-08-07|2026-08-10|2026-08-11|2026-08-12|2026-08-13|2026-08-14|2026-08-17|2026-08-18|2026-08-19,2026-08-19 18:19:44,0.0
Camping World,,2026-07-06|2026-07-07|2026-07-08|2026-07-09|2026-07-10|2026-07-13|2026-07-14|2026-07-15|2026-07-16|2026-07-17|2026-07-20|2026-07-23|2026-07-24|2026-07-27|2026-07-28|2026-07-29|2026-07-30|2026-08-03|2026-08-04|2026-08-05|2026-08-06|2026-08-07|2026-08-10|2026-08-11|2026-08-12|2026-08-13|2026-08-14|2026-08-17|2026-08-18|2026-08-19,2026-08-19 18:19:44,0.0
Huntsman Corporation,,2026-07-08|2026-07-09|2026-07-10|2026-07-13|2026-07-14|2026-07-15|2026-07-16|2026-07-17|2026-07-20|2026-07-21|2026-07-23|2026-07-24|2026-07-27|2026-07-28|2026-07-29|2026-07-30|2026-07-31|2026-08-03|2026-08-04|2026-08-05|2026-08-06|2026-08-07|2026-08-10|2026-08-11|2026-08-12|2026-08-13|2026-08-14|2026-08-17|2026-08-18|2026-08-19,2026-08-19 18:19:44,0.0
Levi Strauss,,2026-07-09|2026-07-10|2026-07-13|2026-07-14|2026-07-15|2026-07-16|2026-07-17|2026-07-20|2026-07-21|2026-07-22|2026-07-23|2026-07-24|2026-07-27|2026-07-28|2026-07-29|2026-07-30|2026-07-31|2026-08-03|2026-08-04|2026-08-05|2026-08-06|2026-08-07|2026-08-10|2026-08-11|2026-08-12|2026-08-13|2026-08-14|2026-08-17|2026-08-18|2026-08-19,2026-08-19 18:19:44,0.0
Roper Technologies,,2026-07-09|2026-07-10|2026-07-13|2026-07-14|2026-07-15|2026-07-16|2026-07-17|2026-07-20|2026-07-21|2026-07-22|2026-07-23|2026-07-24|2026-07-27|2026-07-28|2026-07-29|2026-07-30|2026-07-31|2026-08-03|2026-08-04|2026-08-05|2026-08-06|2026-08-07|2026-08-10|2026-08-11|2026-08-12|2026-08-13|2026-08-14|2026-08-17|2026-08-18|2026-08-19,2026-08-19 18:19:44,0.0
Academy Sports and Outdoors,,2026-07-09|2026-07-10|2026-07-13|2026-07-14|2026-07-15|2026-07-16|2026-07-17|2026-07-20|2026-07-21|2026-07-22|2026-07-23|2026-07-24|2026-07-27|2026-07-28|2026-07-29|2026-07-30|2026-07-31|2026-08-03|2026-08-04|2026-08-05|2026-08-06|2026-08-07|2026-08-10|2026-08-11|2026-08-12|2026-08-13|2026-08-14|2026-08-17|2026-08-18|2026-08-19,2026-08-19 18:19:44,0.0
Meritage Homes,,2026-07-09|2026-07-10|2026-07-13|2026-07-14|2026-07-15|2026-07-16|2026-07-17|2026-07-20|2026-07-21|2026-07-22|2026-07-23|2026-07-24|2026-07-27|2026-07-28|2026-07-29|2026-07-30|2026-07-31|2026-08-03|2026-08-04|2026-08-05|2026-08-06|2026-08-07|2026-08-10|2026-08-11|2026-08-12|2026-08-13|2026-08-14|2026-08-17|2026-08-18|2026-08-19,2026-08-19 18:19:44,0.0
Fortive,,2026-07-09|2026-07-10|2026-07-13|2026-07-14|2026-07-15|2026-07-16|2026-07-17|2026-07-20|2026-07-21|2026-07-22|2026-07-23|2026-07-24|2026-07-27|2026-07-28|2026-07-29|2026-07-30|2026-07-31|2026-08-03|2026-08-04|2026-08-05|2026-08-06|2026-08-07|2026-08-10|2026-08-11|2026-08-12|2026-08-13|2026-08-14|2026-08-17|2026-08-18|2026-08-19,2026-08-19 18:19:44,0.0
Nasdaq Inc,,2026-07-09|2026-07-10|2026-07-13|2026-07-14|2026-07-15|2026-07-16|2026-07-17|2026-07-20|2026-07-21|2026-07-22|2026-07-23|2026-07-24|2026-07-27|2026-07-28|2026-07-29|2026-07-30|2026-07-31|2026-08-03|2026-08-04|2026-08-05|2026-08-06|2026-08-07|2026-08-10|2026-08-11|2026-08-12|2026-08-13|2026-08-14|2026-08-17|2026-08-18|2026-08-19,2026-08-19 18:19:44,0.0
Broadridge Financial Solutions,,2026-07-09|2026-07-10|2026-07-13|2026-07-14|2026-07-15|2026-07-16|2026-07-17|2026-07-20|2026-07-21|2026-07-22|2026-07-23|2026-07-24|2026-07-27|2026-07-28|2026-07-29|2026-07-30|2026-07-31|2026-08-03|2026-08-04|2026-08-05|2026-08-06|2026-08-07|2026-08-10|2026-08-11|2026-08-12|2026-08-13|2026-08-14|2026-08-17|2026-08-18|2026-08-19,2026-08-19 18:19:44,0.0
Warner Music Group,,2026-07-06|2026-07-07|2026-07-08|2026-07-09|2026-07-10|2026-07-13|2026-07-14|2026-07-15|2026-07-16|2026-07-17|2026-07-20|2026-07-23|2026-07-24|2026-07-27|2026-07-28|2026-07-29|2026-07-30|2026-08-03|2026-08-04|2026-08-05|2026-08-06|2026-08-07|2026-08-10|2026-08-11|2026-08-12|2026-08-13|2026-08-14|2026-08-17|2026-08-18|2026-08-19,2026-08-19 18:19:44,0.0
Chemours,,2026-07-07|2026-07-08|2026-07-09|2026-07-10|2026-07-13|2026-07-14|2026-07-15|2026-07-16|2026-07-17|2026-07-20|2026-07-21|2026-07-23|2026-07-24|2026-07-27|2026-07-28|2026-07-29|2026-07-30|2026-08-03|2026-08-04|2026-08-05|2026-08-06|2026-08-07|2026-08-10|2026-08-11|2026-08-12|2026-08-13|2026-08-14|2026-08-17|2026-08-18|2026-08-19,2026-08-19 18:19:44,0.0
ADT,,2026-07-09|2026-07-10|2026-07-13|2026-07-14|2026-07-15|2026-07-16|2026-07-17|2026-07-20|2026-07-21|2026-07-22|2026-07-23|2026-07-24|2026-07-27|2026-07-28|2026-07-29|2026-07-30|2026-07-31|2026-08-03|2026-08-04|2026-08-05|2026-08-06|2026-08-07|2026-08-10|2026-08-11|2026-08-12|2026-08-13|2026-08-14|2026-08-17|2026-08-18|2026-08-19,2026-08-19 18:19:44,0.0
Edwards Lifesciences,,2026-07-07|2026-07-08|2026-07-09|2026-07-10|2026-07-13|2026-07-14|2026-07-15|2026-07-16|2026-07-17|2026-07-20|2026-07-23|2026-07-24|2026-07-27|2026-07-28|2026-07-29|2026-07-30|2026-07-31|2026-08-03|2026-08-04|2026-08-05|2026-08-06|2026-08-07|2026-08-10|2026-08-11|2026-08-12|2026-08-13|2026-08-14|2026-08-17|2026-08-18|2026-08-19,2026-08-19 18:19:44,0.0
First American Financial,,2026-07-09|2026-07-10|2026-07-13|2026-07-14|2026-07-15|2026-07-16|2026-07-17|2026-07-20|2026-07-21|2026-07-22|2026-07-23|2026-07-24|2026-07-27|2026-07-28|2026-07-29|2026-07-30|2026-07-31|2026-08-03|2026-08-04|2026-08-05|2026-08-06|2026-08-07|2026-08-10|2026-08-11|2026-08-12|2026-08-13|2026-08-14|2026-08-17|2026-08-18|2026-08-19,2026-08-19 18:19:44,0.0
Hanover Insurance Group,,2026-07-09|2026-07-10|2026-07-13|2026-07-14|2026-07-15|2026-07-16|2026-07-17|2026-07-20|2026-07-21|2026-07-22|2026-07-23|2026-07-24|2026-07-27|2026-07-28|2026-07-29|2026-07-30|2026-07-31|2026-08-03|2026-08-04|2026-08-05|2026-08-06|2026-08-07|2026-08-10|2026-08-11|2026-08-12|2026-08-13|2026-08-14|2026-08-17|2026-08-18|2026-08-19,2026-08-19 18:19:44,0.0
Silgan,,2026-07-06|2026-07-07|2026-07-08|2026-07-09|2026-07-10|2026-07-13|2026-07-14|2026-07-15|2026-07-16|2026-07-17|2026-07-20|2026-07-23|2026-07-24|2026-07-27|2026-07-28|2026-07-29|2026-07-30|2026-08-03|2026-08-04|2026-08-05|2026-08-06|2026-08-07|2026-08-10|2026-08-11|2026-08-12|2026-08-13|2026-08-14|2026-08-17|2026-08-18|2026-08-19,2026-08-19 18:19:44,0.0
Moodys Corporation,,2026-07-06|2026-07-07|2026-07-08|2026-07-09|2026-07-10|2026-07-13|2026-07-14|2026-07-15|2026-07-16|2026-07-17|2026-07-20|2026-07-23|2026-07-24|2026-07-27|2026-07-28|2026-07-29|2026-07-30|2026-08-03|2026-08-04|2026-08-05|2026-08-06|2026-08-07|2026-08-10|2026-08-11|2026-08-12|2026-08-13|2026-08-14|2026-08-17|2026-08-18|2026-08-19,2026-08-19 18:19:44,0.0
Gartner,,2026-07-06|2026-07-07|2026-07-08|2026-07-09|2026-07-10|2026-07-13|2026-07-14|2026-07-15|2026-07-16|2026-07-17|2026-07-20|2026-07-23|2026-07-24|2026-07-27|2026-07-28|2026-07-29|2026-07-30|2026-08-03|2026-08-04|2026-08-05|2026-08-06|2026-08-07|2026-08-10|2026-08-11|2026-08-12|2026-08-13|2026-08-14|2026-08-17|2026-08-18|2026-08-19,2026-08-19 18:19:44,0.0
Under Armour,,2026-07-08|2026-07-09|2026-07-10|2026-07-13|2026-07-14|2026-07-15|2026-07-16|2026-07-17|2026-07-20|2026-07-22|2026-07-23|2026-07-24|2026-07-27|2026-07-28|2026-07-29|2026-07-30|2026-07-31|2026-08-03|2026-08-04|2026-08-05|2026-08-06|2026-08-07|2026-08-10|2026-08-11|2026-08-12|2026-08-13|2026-08-14|2026-08-17|2026-08-18|2026-08-19,2026-08-19 18:19:44,0.0
Ingles Markets,,2026-07-06|2026-07-07|2026-07-08|2026-07-09|2026-07-10|2026-07-13|2026-07-14|2026-07-15|2026-07-16|2026-07-17|2026-07-20|2026-07-23|2026-07-24|2026-07-27|2026-07-28|2026-07-29|2026-07-30|2026-08-03|2026-08-04|2026-08-05|2026-08-06|2026-08-07|2026-08-10|2026-08-11|2026-08-12|2026-08-13|2026-08-14|2026-08-17|2026-08-18|2026-08-19,2026-08-19 18:19:44,0.0
Church & Dwight,,2026-07-09|2026-07-10|2026-07-13|2026-07-14|2026-07-15|2026-07-16|2026-07-17|2026-07-20|2026-07-21|2026-07-22|2026-07-23|2026-07-24|2026-07-27|2026-07-28|2026-07-29|2026-07-30|2026-07-31|2026-08-03|2026-08-04|2026-08-05|2026-08-06|2026-08-07|2026-08-10|2026-08-11|2026-08-12|2026-08-13|2026-08-14|2026-08-17|2026-08-18|2026-08-19,2026-08-19 18:19:44,0.0
Old Dominion Freight Line,,2026-07-06|2026-07-07|2026-07-08|2026-07-09|2026-07-10|2026-07-13|2026-07-14|2026-07-15|2026-07-16|2026-07-17|2026-07-20|2026-07-23|2026-07-24|2026-07-27|2026-07-28|2026-07-29|2026-07-30|2026-08-03|2026-08-04|2026-08-05|2026-08-06|2026-08-07|2026-08-10|2026-08-11|2026-08-12|2026-08-13|2026-08-14|2026-08-17|2026-08-18|2026-08-19,2026-08-19 18:19:44,0.0
U-Haul,,2026-07-06|2026-07-07|2026-07-08|2026-07-09|2026-07-10|2026-07-13|2026-07-14|2026-07-15|2026-07-16|2026-07-17|2026-07-20|2026-07-23|2026-07-24|2026-07-27|2026-07-28|2026-07-29|2026-07-30|2026-08-03|2026-08-04|2026-08-05|2026-08-06|2026-08-07|2026-08-10|2026-08-11|2026-08-12|2026-08-13|2026-08-14|2026-08-17|2026-08-18|2026-08-19,2026-08-19 18:19:44,0.0
Arista Networks,,2026-07-09|2026-07-10|2026-07-13|2026-07-14|2026-07-15|2026-07-16|2026-07-17|2026-07-20|2026-07-21|2026-07-22|2026-07-23|2026-07-24|2026-07-27|2026-07-28|2026-07-29|2026-07-30|2026-07-31|2026-08-03|2026-08-04|2026-08-05|2026-08-06|2026-08-07|2026-08-10|2026-08-11|2026-08-12|2026-08-13|2026-08-14|2026-08-17|2026-08-18|2026-08-19,2026-08-19 18:19:44,0.0
Synopsys,,2026-07-09|2026-07-10|2026-07-13|2026-07-14|2026-07-15|2026-07-16|2026-07-17|2026-07-20|2026-07-21|2026-07-22|2026-07-23|2026-07-24|2026-07-27|2026-07-28|2026-07-29|2026-07-30|2026-07-31|2026-08-03|2026-08-04|2026-08-05|2026-08-06|2026-08-07|2026-08-10|2026-08-11|2026-08-12|2026-08-13|2026-08-14|2026-08-17|2026-08-18|2026-08-19,2026-08-19 18:19:44,0.0
Harley-Davidson,,2026-07-06|2026-07-07|2026-07-08|2026-07-09|2026-07-10|2026-07-13|2026-07-14|2026-07-15|2026-07-16|2026-07-17|2026-07-20|2026-07-23|2026-07-24|2026-07-27|2026-07-28|2026-07-29|2026-07-30|2026-08-03|2026-08-04|2026-08-05|2026-08-06|2026-08-07|2026-08-10|2026-08-11|2026-08-12|2026-08-13|2026-08-14|2026-08-17|2026-08-18|2026-08-19,2026-08-19 18:19:44,0.0
Primoris Services,,2026-07-06|2026-07-07|2026-07-08|2026-07-09|2026-07-10|2026-07-13|2026-07-14|2026-07-15|2026-07-16|2026-07-17|2026-07-20|2026-07-23|2026-07-24|2026-07-27|2026-07-28|2026-07-29|2026-07-30|2026-08-03|2026-08-04|2026-08-05|2026-08-06|2026-08-07|2026-08-10|2026-08-11|2026-08-12|2026-08-13|2026-08-14|2026-08-17|2026-08-18|2026-08-19,2026-08-19 18:19:44,0.0
Carlisle Companies,,2026-07-06|2026-07-07|2026-07-08|2026-07-09|2026-07-10|2026-07-13|2026-07-14|2026-07-15|2026-07-16|2026-07-17|2026-07-20|2026-07-23|2026-07-24|2026-07-27|2026-07-28|2026-07-29|2026-07-30|2026-08-03|2026-08-04|2026-08-05|2026-08-06|2026-08-07|2026-08-10|2026-08-11|2026-08-12|2026-08-13|2026-08-14|2026-08-17|2026-08-18|2026-08-19,2026-08-19 18:19:44,0.0
Simon Property Group,,2026-07-09|2026-07-10|2026-07-13|2026-07-14|2026-07-15|2026-07-16|2026-07-17|2026-07-20|2026-07-21|2026-07-22|2026-07-23|2026-07-24|2026-07-27|2026-07-28|2026-07-29|2026-07-30|2026-07-31|2026-08-03|2026-08-04|2026-08-05|2026-08-06|2026-08-07|2026-08-10|2026-08-11|2026-08-12|2026-08-13|2026-08-14|2026-08-17|2026-08-18|2026-08-19,2026-08-19 18:19:44,0.0
Teledyne Technologies,,2026-07-07|2026-07-08|2026-07-09|2026-07-10|2026-07-13|2026-07-14|2026-07-15|2026-07-16|2026-07-17|2026-07-20|2026-07-21|2026-07-23|2026-07-24|2026-07-27|2026-07-28|2026-07-29|2026-07-30|2026-08-03|2026-08-04|2026-08-05|2026-08-06|2026-08-07|2026-08-10|2026-08-11|2026-08-12|2026-08-13|2026-08-14|2026-08-17|2026-08-18|2026-08-19,2026-08-19 18:19:44,0.0
CME Group,,2026-07-09|2026-07-10|2026-07-13|2026-07-14|2026-07-15|2026-07-16|2026-07-17|2026-07-20|2026-07-21|2026-07-22|2026-07-23|2026-07-24|2026-07-27|2026-07-28|2026-07-29|2026-07-30|2026-07-31|2026-08-03|2026-08-04|2026-08-05|2026-08-06|2026-08-07|2026-08-10|2026-08-11|2026-08-12|2026-08-13|2026-08-14|2026-08-17|2026-08-18|2026-08-19,2026-08-19 18:19:44,0.0
Coty,,2026-07-09|2026-07-10|2026-07-13|2026-07-14|2026-07-15|2026-07-16|2026-07-17|2026-07-20|2026-07-21|2026-07-22|2026-07-23|2026-07-24|2026-07-27|2026-07-28|2026-07-29|2026-07-30|2026-07-31|2026-08-03|2026-08-04|2026-08-05|2026-08-06|2026-08-07|2026-08-10|2026-08-11|2026-08-12|2026-08-13|2026-08-14|2026-08-17|2026-08-18|2026-08-19,2026-08-19 18:19:44,0.0
Pool Corporation,,2026-07-08|2026-07-09|2026-07-10|2026-07-13|2026-07-14|2026-07-15|2026-07-16|2026-07-17|2026-07-20|2026-07-22|2026-07-23|2026-07-24|2026-07-27|2026-07-28|2026-07-29|2026-07-30|2026-07-31|2026-08-03|2026-08-04|2026-08-05|2026-08-06|2026-08-07|2026-08-10|2026-08-11|2026-08-12|2026-08-13|2026-08-14|2026-08-17|2026-08-18|2026-08-19,2026-08-19 18:19:44,0.0
Evergy,,2026-07-06|2026-07-07|2026-07-08|2026-07-09|2026-07-10|2026-07-13|2026-07-14|2026-07-15|2026-07-16|2026-07-17|2026-07-20|2026-07-23|2026-07-24|2026-07-27|2026-07-28|2026-07-29|2026-07-30|2026-08-03|2026-08-04|2026-08-05|2026-08-06|2026-08-07|2026-08-10|2026-08-11|2026-08-12|2026-08-13|2026-08-14|2026-08-17|2026-08-18|2026-08-19,2026-08-19 18:19:44,0.0
Marvell Technology,,2026-07-09|2026-07-10|2026-07-13|2026-07-14|2026-07-15|2026-07-16|2026-07-17|2026-07-20|2026-07-21|2026-07-22|2026-07-23|2026-07-24|2026-07-27|2026-07-28|2026-07-29|2026-07-30|2026-07-31|2026-08-03|2026-08-04|2026-08-05|2026-08-06|2026-08-07|2026-08-10|2026-08-11|2026-08-12|2026-08-13|2026-08-14|2026-08-17|2026-08-18|2026-08-19,2026-08-19 18:19:44,0.0
NiSource,,2026-07-07|2026-07-08|2026-07-09|2026-07-10|2026-07-13|2026-07-14|2026-07-15|2026-07-16|2026-07-17|2026-07-20|2026-07-23|2026-07-24|2026-07-27|2026-07-28|2026-07-29|2026-07-30|2026-07-31|2026-08-03|2026-08-04|2026-08-05|2026-08-06|2026-08-07|2026-08-10|2026-08-11|2026-08-12|2026-08-13|2026-08-14|2026-08-17|2026-08-18|2026-08-19,2026-08-19 18:19:44,0.0
SS&C Technologies,,2026-07-06|2026-07-07|2026-07-08|2026-07-09|2026-07-10|2026-07-13|2026-07-14|2026-07-15|2026-07-16|2026-07-17|2026-07-20|2026-07-23|2026-07-24|2026-07-27|2026-07-28|2026-07-29|2026-07-30|2026-08-03|2026-08-04|2026-08-05|2026-08-06|2026-08-07|2026-08-10|2026-08-11|2026-08-12|2026-08-13|2026-08-14|2026-08-17|2026-08-18|2026-08-19,2026-08-19 18:19:44,0.0
Schneider National,,2026-07-06|2026-07-07|2026-07-08|2026-07-09|2026-07-10|2026-07-13|2026-07-14|2026-07-15|2026-07-16|2026-07-17|2026-07-20|2026-07-23|2026-07-24|2026-07-27|2026-07-28|2026-07-29|2026-07-30|2026-08-03|2026-08-04|2026-08-05|2026-08-06|2026-08-07|2026-08-10|2026-08-11|2026-08-12|2026-08-13|2026-08-14|2026-08-17|2026-08-18|2026-08-19,2026-08-19 18:19:44,0.0
Autodesk,,2026-07-06|2026-07-07|2026-07-08|2026-07-09|2026-07-10|2026-07-13|2026-07-14|2026-07-15|2026-07-16|2026-07-17|2026-07-20|2026-07-23|2026-07-24|2026-07-27|2026-07-28|2026-07-29|2026-07-30|2026-08-03|2026-08-04|2026-08-05|2026-08-06|2026-08-07|2026-08-10|2026-08-11|2026-08-12|2026-08-13|2026-08-14|2026-08-17|2026-08-18|2026-08-19,2026-08-19 18:19:44,0.0
Iron Mountain,,2026-07-07|2026-07-08|2026-07-09|2026-07-10|2026-07-13|2026-07-14|2026-07-15|2026-07-16|2026-07-17|2026-07-20|2026-07-23|2026-07-24|2026-07-27|2026-07-28|2026-07-29|2026-07-30|2026-07-31|2026-08-03|2026-08-04|2026-08-05|2026-08-06|2026-08-07|2026-08-10|2026-08-11|2026-08-12|2026-08-13|2026-08-14|2026-08-17|2026-08-18|2026-08-19,2026-08-19 18:19:44,0.0
Digital Realty Trust,,2026-07-09|2026-07-10|2026-07-13|2026-07-14|2026-07-15|2026-07-16|2026-07-17|2026-07-20|2026-07-21|2026-07-22|2026-07-23|2026-07-24|2026-07-27|2026-07-28|2026-07-29|2026-07-30|2026-07-31|2026-08-03|2026-08-04|2026-08-05|2026-08-06|2026-08-07|2026-08-10|2026-08-11|2026-08-12|2026-08-13|2026-08-14|2026-08-17|2026-08-18|2026-08-19,2026-08-19 18:19:44,0.0
Keysight Technologies,,2026-07-06|2026-07-07|2026-07-08|2026-07-09|2026-07-10|2026-07-13|2026-07-14|2026-07-15|2026-07-16|2026-07-17|2026-07-20|2026-07-23|2026-07-24|2026-07-27|2026-07-28|2026-07-29|2026-07-30|2026-08-03|2026-08-04|2026-08-05|2026-08-06|2026-08-07|2026-08-10|2026-08-11|2026-08-12|2026-08-13|2026-08-14|2026-08-17|2026-08-18|2026-08-19,2026-08-19 18:19:44,0.0
Globe Life,,2026-07-06|2026-07-07|2026-07-08|2026-07-09|2026-07-10|2026-07-13|2026-07-14|2026-07-15|2026-07-16|2026-07-17|2026-07-20|2026-07-23|2026-07-24|2026-07-27|2026-07-28|2026-07-29|2026-07-30|2026-08-03|2026-08-04|2026-08-05|2026-08-06|2026-08-07|2026-08-10|2026-08-11|2026-08-12|2026-08-13|2026-08-14|2026-08-17|2026-08-18|2026-08-19,2026-08-19 18:19:44,0.0
Parsons Corporation,,2026-07-09|2026-07-10|2026-07-13|2026-07-14|2026-07-15|2026-07-16|2026-07-17|2026-07-20|2026-07-21|2026-07-22|2026-07-23|2026-07-24|2026-07-27|2026-07-28|2026-07-29|2026-07-30|2026-07-31|2026-08-03|2026-08-04|2026-08-05|2026-08-06|2026-08-07|2026-08-10|2026-08-11|2026-08-12|2026-08-13|2026-08-14|2026-08-17|2026-08-18|2026-08-19,2026-08-19 18:19:44,0.0
Mattel,,2026-07-06|2026-07-07|2026-07-08|2026-07-09|2026-07-10|2026-07-13|2026-07-14|2026-07-15|2026-07-16|2026-07-17|2026-07-20|2026-07-23|2026-07-24|2026-07-27|2026-07-28|2026-07-29|2026-07-30|2026-08-03|2026-08-04|2026-08-05|2026-08-06|2026-08-07|2026-08-10|2026-08-11|2026-08-12|2026-08-13|2026-08-14|2026-08-17|2026-08-18|2026-08-19,2026-08-19 18:19:44,0.0
Southwest Gas Holdings,,2026-07-06|2026-07-07|2026-07-08|2026-07-09|2026-07-10|2026-07-13|2026-07-14|2026-07-15|2026-07-16|2026-07-17|2026-07-20|2026-07-23|2026-07-24|2026-07-27|2026-07-28|2026-07-29|2026-07-30|2026-08-03|2026-08-04|2026-08-05|2026-08-06|2026-08-07|2026-08-10|2026-08-11|2026-08-12|2026-08-13|2026-08-14|2026-08-17|2026-08-18|2026-08-19,2026-08-19 18:19:44,0.0
Clean Harbors,,2026-07-06|2026-07-07|2026-07-08|2026-07-09|2026-07-10|2026-07-13|2026-07-14|2026-07-15|2026-07-16|2026-07-17|2026-07-20|2026-07-23|2026-07-24|2026-07-27|2026-07-28|2026-07-29|2026-07-30|2026-08-03|2026-08-04|2026-08-05|2026-08-06|2026-08-07|2026-08-10|2026-08-11|2026-08-12|2026-08-13|2026-08-14|2026-08-17|2026-08-18|2026-08-19,2026-08-19 18:19:44,0.0
Hubbell,,2026-07-09|2026-07-10|2026-07-13|2026-07-14|2026-07-15|2026-07-16|2026-07-17|2026-07-20|2026-07-21|2026-07-22|2026-07-23|2026-07-24|2026-07-27|2026-07-28|2026-07-29|2026-07-30|2026-07-31|2026-08-03|2026-08-04|2026-08-05|2026-08-06|2026-08-07|2026-08-10|2026-08-11|2026-08-12|2026-08-13|2026-08-14|2026-08-17|2026-08-18|2026-08-19,2026-08-19 18:19:44,0.0
Lamb Weston,,2026-07-06|2026-07-07|2026-07-08|2026-07-09|2026-07-10|2026-07-13|2026-07-14|2026-07-15|2026-07-16|2026-07-17|2026-07-20|2026-07-23|2026-07-24|2026-07-27|2026-07-28|2026-07-29|2026-07-30|2026-08-03|2026-08-04|2026-08-05|2026-08-06|2026-08-07|2026-08-10|2026-08-11|2026-08-12|2026-08-13|2026-08-14|2026-08-17|2026-08-18|2026-08-19,2026-08-19 18:19:44,0.0
Take-Two Interactive Software,,2026-07-09|2026-07-10|2026-07-13|2026-07-14|2026-07-15|2026-07-16|2026-07-17|2026-07-20|2026-07-21|2026-07-22|2026-07-23|2026-07-24|2026-07-27|2026-07-28|2026-07-29|2026-07-30|2026-07-31|2026-08-03|2026-08-04|2026-08-05|2026-08-06|2026-08-07|2026-08-10|2026-08-11|2026-08-12|2026-08-13|2026-08-14|2026-08-17|2026-08-18|2026-08-19,2026-08-19 18:19:44,0.0
Landstar System,,2026-07-09|2026-07-10|2026-07-13|2026-07-14|2026-07-15|2026-07-16|2026-07-17|2026-07-20|2026-07-21|2026-07-22|2026-07-23|2026-07-24|2026-07-27|2026-07-28|2026-07-29|2026-07-30|2026-07-31|2026-08-03|2026-08-04|2026-08-05|2026-08-06|2026-08-07|2026-08-10|2026-08-11|2026-08-12|2026-08-13|2026-08-14|2026-08-17|2026-08-18|2026-08-19,2026-08-19 18:19:44,0.0
Host Hotels & Resorts,,2026-07-09|2026-07-10|2026-07-13|2026-07-14|2026-07-15|2026-07-16|2026-07-17|2026-07-20|2026-07-21|2026-07-22|2026-07-23|2026-07-24|2026-07-27|2026-07-28|2026-07-29|2026-07-30|2026-07-31|2026-08-03|2026-08-04|2026-08-05|2026-08-06|2026-08-07|2026-08-10|2026-08-11|2026-08-12|2026-08-13|2026-08-14|2026-08-17|2026-08-18|2026-08-19,2026-08-19 18:19:44,0.0
Fortinet,,2026-07-09|2026-07-10|2026-07-13|2026-07-14|2026-07-15|2026-07-16|2026-07-17|2026-07-20|2026-07-21|2026-07-22|2026-07-23|2026-07-24|2026-07-27|2026-07-28|2026-07-29|2026-07-30|2026-07-31|2026-08-03|2026-08-04|2026-08-05|2026-08-06|2026-08-07|2026-08-10|2026-08-11|2026-08-12|2026-08-13|2026-08-14|2026-08-17|2026-08-18|2026-08-19,2026-08-19 18:19:44,0.0
OneMain,,2026-07-06|2026-07-07|2026-07-08|2026-07-09|2026-07-10|2026-07-13|2026-07-14|2026-07-15|2026-07-16|2026-07-17|2026-07-20|2026-07-23|2026-07-24|2026-07-27|2026-07-28|2026-07-29|2026-07-30|2026-08-03|2026-08-04|2026-08-05|2026-08-06|2026-08-07|2026-08-10|2026-08-11|2026-08-12|2026-08-13|2026-08-14|2026-08-17|2026-08-18|2026-08-19,2026-08-19 18:19:44,0.0
GameStop,,2026-07-09|2026-07-10|2026-07-13|2026-07-14|2026-07-15|2026-07-16|2026-07-17|2026-07-20|2026-07-21|2026-07-22|2026-07-23|2026-07-24|2026-07-27|2026-07-28|2026-07-29|2026-07-30|2026-07-31|2026-08-03|2026-08-04|2026-08-05|2026-08-06|2026-08-07|2026-08-10|2026-08-11|2026-08-12|2026-08-13|2026-08-14|2026-08-17|2026-08-18|2026-08-19,2026-08-19 18:19:44,0.0
Equifax,,2026-07-09|2026-07-10|2026-07-13|2026-07-14|2026-07-15|2026-07-16|2026-07-17|2026-07-20|2026-07-21|2026-07-22|2026-07-23|2026-07-24|2026-07-27|2026-07-28|2026-07-29|2026-07-30|2026-07-31|2026-08-03|2026-08-04|2026-08-05|2026-08-06|2026-08-07|2026-08-10|2026-08-11|2026-08-12|2026-08-13|2026-08-14|2026-08-17|2026-08-18|2026-08-19,2026-08-19 18:19:44,0.0
American Eagle Outfitters,,2026-07-06|2026-07-07|2026-07-08|2026-07-09|2026-07-10|2026-07-13|2026-07-14|2026-07-15|2026-07-16|2026-07-17|2026-07-20|2026-07-23|2026-07-24|2026-07-27|2026-07-28|2026-07-29|2026-07-30|2026-08-03|2026-08-04|2026-08-05|2026-08-06|2026-08-07|2026-08-10|2026-08-11|2026-08-12|2026-08-13|2026-08-14|2026-08-17|2026-08-18|2026-08-19,2026-08-19 18:19:44,0.0
Greif,,2026-07-06|2026-07-07|2026-07-08|2026-07-09|2026-07-10|2026-07-13|2026-07-14|2026-07-15|2026-07-16|2026-07-17|2026-07-20|2026-07-23|2026-07-24|2026-07-27|2026-07-28|2026-07-29|2026-07-30|2026-08-03|2026-08-04|2026-08-05|2026-08-06|2026-08-07|2026-08-10|2026-08-11|2026-08-12|2026-08-13|2026-08-14|2026-08-17|2026-08-18|2026-08-19,2026-08-19 18:19:44,0.0
Comfort Systems USA,,2026-07-07|2026-07-08|2026-07-09|2026-07-10|2026-07-13|2026-07-14|2026-07-15|2026-07-16|2026-07-17|2026-07-20|2026-07-22|2026-07-23|2026-07-24|2026-07-27|2026-07-28|2026-07-29|2026-07-30|2026-08-03|2026-08-04|2026-08-05|2026-08-06|2026-08-07|2026-08-10|2026-08-11|2026-08-12|2026-08-13|2026-08-14|2026-08-17|2026-08-18|2026-08-19,2026-08-19 18:19:44,0.0
TopBuild,,2026-06-30,2026-08-19 18:19:44,0.0
Bread Financial,,2026-07-06|2026-07-07|2026-07-08|2026-07-09|2026-07-10|2026-07-13|2026-07-14|2026-07-15|2026-07-16|2026-07-17|2026-07-20|2026-07-23|2026-07-24|2026-07-27|2026-07-28|2026-07-29|2026-07-30|2026-08-03|2026-08-04|2026-08-05|2026-08-06|2026-08-07|2026-08-10|2026-08-11|2026-08-12|2026-08-13|2026-08-14|2026-08-17|2026-08-18|2026-08-19,2026-08-19 18:19:44,0.0
Coherent,,2026-07-09|2026-07-10|2026-07-13|2026-07-14|2026-07-15|2026-07-16|2026-07-17|2026-07-20|2026-07-21|2026-07-22|2026-07-23|2026-07-24|2026-07-27|2026-07-28|2026-07-29|2026-07-30|2026-07-31|2026-08-03|2026-08-04|2026-08-05|2026-08-06|2026-08-07|2026-08-10|2026-08-11|2026-08-12|2026-08-13|2026-08-14|2026-08-17|2026-08-18|2026-08-19,2026-08-19 18:19:44,0.0
Telephone & Data Systems,,2026-07-09|2026-07-10|2026-07-13|2026-07-14|2026-07-15|2026-07-16|2026-07-17|2026-07-20|2026-07-21|2026-07-22|2026-07-23|2026-07-24|2026-07-27|2026-07-28|2026-07-29|2026-07-30|2026-07-31|2026-08-03|2026-08-04|2026-08-05|2026-08-06|2026-08-07|2026-08-10|2026-08-11|2026-08-12|2026-08-13|2026-08-14|2026-08-17|2026-08-18|2026-08-19,2026-08-19 18:19:44,0.0
Stifel Financial,,2026-07-09|2026-07-10|2026-07-13|2026-07-14|2026-07-15|2026-07-16|2026-07-17|2026-07-20|2026-07-21|2026-07-22|2026-07-23|2026-07-24|2026-07-27|2026-07-28|2026-07-29|2026-07-30|2026-07-31|2026-08-03|2026-08-04|2026-08-05|2026-08-06|2026-08-07|2026-08-10|2026-08-11|2026-08-12|2026-08-13|2026-08-14|2026-08-17|2026-08-18|2026-08-19,2026-08-19 18:19:44,0.0
Urban Outfitters,,2026-07-06|2026-07-07|2026-07-08|2026-07-09|2026-07-10|2026-07-13|2026-07-14|2026-07-15|2026-07-16|2026-07-17|2026-07-20|2026-07-23|2026-07-24|2026-07-27|2026-07-28|2026-07-29|2026-07-30|2026-08-03|2026-08-04|2026-08-05|2026-08-06|2026-08-07|2026-08-10|2026-08-11|2026-08-12|2026-08-13|2026-08-14|2026-08-17|2026-08-18|2026-08-19,2026-08-19 18:19:44,0.0
Terex,,2026-07-06|2026-07-07|2026-07-08|2026-07-09|2026-07-10|2026-07-13|2026-07-14|2026-07-15|2026-07-16|2026-07-17|2026-07-20|2026-07-23|2026-07-24|2026-07-27|2026-07-28|2026-07-29|2026-07-30|2026-08-03|2026-08-04|2026-08-05|2026-08-06|2026-08-07|2026-08-10|2026-08-11|2026-08-12|2026-08-13|2026-08-14|2026-08-17|2026-08-18|2026-08-19,2026-08-19 18:19:44,0.0
Snap-on,,2026-07-06|2026-07-07|2026-07-08|2026-07-09|2026-07-10|2026-07-13|2026-07-14|2026-07-15|2026-07-16|2026-07-17|2026-07-20|2026-07-23|2026-07-24|2026-07-27|2026-07-28|2026-07-29|2026-07-30|2026-08-03|2026-08-04|2026-08-05|2026-08-06|2026-08-07|2026-08-10|2026-08-11|2026-08-12|2026-08-13|2026-08-14|2026-08-17|2026-08-18|2026-08-19,2026-08-19 18:19:44,0.0
Flowers Foods,,2026-07-09|2026-07-10|2026-07-13|2026-07-14|2026-07-15|2026-07-16|2026-07-17|2026-07-20|2026-07-21|2026-07-22|2026-07-23|2026-07-24|2026-07-27|2026-07-28|2026-07-29|2026-07-30|2026-07-31|2026-08-03|2026-08-04|2026-08-05|2026-08-06|2026-08-07|2026-08-10|2026-08-11|2026-08-12|2026-08-13|2026-08-14|2026-08-17|2026-08-18|2026-08-19,2026-08-19 18:19:44,0.0
First Horizon,,2026-07-09|2026-07-10|2026-07-13|2026-07-14|2026-07-15|2026-07-16|2026-07-17|2026-07-20|2026-07-21|2026-07-22|2026-07-23|2026-07-24|2026-07-27|2026-07-28|2026-07-29|2026-07-30|2026-07-31|2026-08-03|2026-08-04|2026-08-05|2026-08-06|2026-08-07|2026-08-10|2026-08-11|2026-08-12|2026-08-13|2026-08-14|2026-08-17|2026-08-18|2026-08-19,2026-08-19 18:19:44,0.0
Paychex,,2026-07-08|2026-07-09|2026-07-10|2026-07-13|2026-07-14|2026-07-15|2026-07-16|2026-07-17|2026-07-20|2026-07-22|2026-07-23|2026-07-24|2026-07-27|2026-07-28|2026-07-29|2026-07-30|2026-07-31|2026-08-03|2026-08-04|2026-08-05|2026-08-06|2026-08-07|2026-08-10|2026-08-11|2026-08-12|2026-08-13|2026-08-14|2026-08-17|2026-08-18|2026-08-19,2026-08-19 18:19:44,0.0
Hasbro,,2026-07-06|2026-07-07|2026-07-08|2026-07-09|2026-07-10|2026-07-13|2026-07-14|2026-07-15|2026-07-16|2026-07-17|2026-07-20|2026-07-23|2026-07-24|2026-07-27|2026-07-28|2026-07-29|2026-07-30|2026-08-03|2026-08-04|2026-08-05|2026-08-06|2026-08-07|2026-08-10|2026-08-11|2026-08-12|2026-08-13|2026-08-14|2026-08-17|2026-08-18|2026-08-19,2026-08-19 18:19:44,0.0
Ares Management,,2026-07-07|2026-07-08|2026-07-09|2026-07-10|2026-07-13|2026-07-14|2026-07-15|2026-07-16|2026-07-17|2026-07-20|2026-07-23|2026-07-24|2026-07-27|2026-07-28|2026-07-29|2026-07-30|2026-07-31|2026-08-03|2026-08-04|2026-08-05|2026-08-06|2026-08-07|2026-08-10|2026-08-11|2026-08-12|2026-08-13|2026-08-14|2026-08-17|2026-08-18|2026-08-19,2026-08-19 18:19:44,0.0
Lennox International,,2026-07-06|2026-07-07|2026-07-08|2026-07-09|2026-07-10|2026-07-13|2026-07-14|2026-07-15|2026-07-16|2026-07-17|2026-07-20|2026-07-23|2026-07-24|2026-07-27|2026-07-28|2026-07-29|2026-07-30|2026-08-03|2026-08-04|2026-08-05|2026-08-06|2026-08-07|2026-08-10|2026-08-11|2026-08-12|2026-08-13|2026-08-14|2026-08-17|2026-08-18|2026-08-19,2026-08-19 18:19:44,0.0
Peabody Energy,,2026-07-07|2026-07-08|2026-07-09|2026-07-10|2026-07-13|2026-07-14|2026-07-15|2026-07-16|2026-07-17|2026-07-20|2026-07-22|2026-07-23|2026-07-24|2026-07-27|2026-07-28|2026-07-29|2026-07-30|2026-08-03|2026-08-04|2026-08-05|2026-08-06|2026-08-07|2026-08-10|2026-08-11|2026-08-12|2026-08-13|2026-08-14|2026-08-17|2026-08-18|2026-08-19,2026-08-19 18:19:44,0.0
Kemper Corporation,,2026-07-06|2026-07-07|2026-07-08|2026-07-09|2026-07-10|2026-07-13|2026-07-14|2026-07-15|2026-07-16|2026-07-17|2026-07-20|2026-07-23|2026-07-24|2026-07-27|2026-07-28|2026-07-29|2026-07-30|2026-08-03|2026-08-04|2026-08-05|2026-08-06|2026-08-07|2026-08-10|2026-08-11|2026-08-12|2026-08-13|2026-08-14|2026-08-17|2026-08-18|2026-08-19,2026-08-19 18:19:44,0.0
Nexstar Media Group,,2026-07-09|2026-07-10|2026-07-13|2026-07-14|2026-07-15|2026-07-16|2026-07-17|2026-07-20|2026-07-21|2026-07-22|2026-07-23|2026-07-24|2026-07-27|2026-07-28|2026-07-29|2026-07-30|2026-07-31|2026-08-03|2026-08-04|2026-08-05|2026-08-06|2026-08-07|2026-08-10|2026-08-11|2026-08-12|2026-08-13|2026-08-14|2026-08-17|2026-08-18|2026-08-19,2026-08-19 18:19:44,0.0
TriNet Group,,2026-07-06|2026-07-07|2026-07-08|2026-07-09|2026-07-10|2026-07-13|2026-07-14|2026-07-15|2026-07-16|2026-07-17|2026-07-20|2026-07-23|2026-07-24|2026-07-27|2026-07-28|2026-07-29|2026-07-30|2026-08-03|2026-08-04|2026-08-05|2026-08-06|2026-08-07|2026-08-10|2026-08-11|2026-08-12|2026-08-13|2026-08-14|2026-08-17|2026-08-18|2026-08-19,2026-08-19 18:19:44,0.0
Worthington Enterprises,,2026-07-09|2026-07-10|2026-07-13|2026-07-14|2026-07-15|2026-07-16|2026-07-17|2026-07-20|2026-07-21|2026-07-22|2026-07-23|2026-07-24|2026-07-27|2026-07-28|2026-07-29|2026-07-30|2026-07-31|2026-08-03|2026-08-04|2026-08-05|2026-08-06|2026-08-07|2026-08-10|2026-08-11|2026-08-12|2026-08-13|2026-08-14|2026-08-17|2026-08-18|2026-08-19,2026-08-19 18:19:44,0.0
Maximus,,2026-07-06|2026-07-07|2026-07-08|2026-07-09|2026-07-10|2026-07-13|2026-07-14|2026-07-15|2026-07-16|2026-07-17|2026-07-20|2026-07-23|2026-07-24|2026-07-27|2026-07-28|2026-07-29|2026-07-30|2026-08-03|2026-08-04|2026-08-05|2026-08-06|2026-08-07|2026-08-10|2026-08-11|2026-08-12|2026-08-13|2026-08-14|2026-08-17|2026-08-18|2026-08-19,2026-08-19 18:19:44,0.0
Compass Group,,2026-07-08|2026-07-09|2026-07-10|2026-07-13|2026-07-14|2026-07-15|2026-07-16|2026-07-17|2026-07-20|2026-07-21|2026-07-22|2026-07-23|2026-07-24|2026-07-27|2026-07-28|2026-07-29|2026-07-30|2026-08-03|2026-08-04|2026-08-05|2026-08-06|2026-08-07|2026-08-10|2026-08-11|2026-08-12|2026-08-13|2026-08-14|2026-08-17|2026-08-18|2026-08-19,2026-08-19 18:19:44,0.0
Brinks Company,,2026-07-06|2026-07-07|2026-07-08|2026-07-09|2026-07-10|2026-07-13|2026-07-14|2026-07-15|2026-07-16|2026-07-17|2026-07-20|2026-07-23|2026-07-24|2026-07-27|2026-07-28|2026-07-29|2026-07-30|2026-08-03|2026-08-04|2026-08-05|2026-08-06|2026-08-07|2026-08-10|2026-08-11|2026-08-12|2026-08-13|2026-08-14|2026-08-17|2026-08-18|2026-08-19,2026-08-19 18:19:44,0.0
Kelly Services Inc,,2026-07-06|2026-07-07|2026-07-08|2026-07-09|2026-07-10|2026-07-13|2026-07-14|2026-07-15|2026-07-16|2026-07-17|2026-07-20|2026-07-23|2026-07-24|2026-07-27|2026-07-28|2026-07-29|2026-07-30|2026-08-03|2026-08-04|2026-08-05|2026-08-06|2026-08-07|2026-08-10|2026-08-11|2026-08-12|2026-08-13|2026-08-14|2026-08-17|2026-08-18|2026-08-19,2026-08-19 18:19:44,0.0
Navient,,2026-07-06|2026-07-07|2026-07-08|2026-07-09|2026-07-10|2026-07-13|2026-07-14|2026-07-15|2026-07-16|2026-07-17|2026-07-20|2026-07-23|2026-07-24|2026-07-27|2026-07-28|2026-07-29|2026-07-30|2026-08-03|2026-08-04|2026-08-05|2026-08-06|2026-08-07|2026-08-10|2026-08-11|2026-08-12|2026-08-13|2026-08-14|2026-08-17|2026-08-18|2026-08-19,2026-08-19 18:19:44,0.0
AMC Entertainment,,2026-07-09|2026-07-10|2026-07-13|2026-07-14|2026-07-15|2026-07-16|2026-07-17|2026-07-20|2026-07-21|2026-07-22|2026-07-23|2026-07-24|2026-07-27|2026-07-28|2026-07-29|2026-07-30|2026-07-31|2026-08-03|2026-08-04|2026-08-05|2026-08-06|2026-08-07|2026-08-10|2026-08-11|2026-08-12|2026-08-13|2026-08-14|2026-08-17|2026-08-18|2026-08-19,2026-08-19 18:19:44,0.0
Encompass Health,,2026-07-06|2026-07-07|2026-07-08|2026-07-09|2026-07-10|2026-07-13|2026-07-14|2026-07-15|2026-07-16|2026-07-17|2026-07-20|2026-07-23|2026-07-24|2026-07-27|2026-07-28|2026-07-29|2026-07-30|2026-08-03|2026-08-04|2026-08-05|2026-08-06|2026-08-07|2026-08-10|2026-08-11|2026-08-12|2026-08-13|2026-08-14|2026-08-17|2026-08-18|2026-08-19,2026-08-19 18:19:44,0.0
Skyworks Solutions,,2026-07-07|2026-07-08|2026-07-09|2026-07-10|2026-07-13|2026-07-14|2026-07-15|2026-07-16|2026-07-17|2026-07-20|2026-07-22|2026-07-23|2026-07-24|2026-07-27|2026-07-28|2026-07-29|2026-07-30|2026-08-03|2026-08-04|2026-08-05|2026-08-06|2026-08-07|2026-08-10|2026-08-11|2026-08-12|2026-08-13|2026-08-14|2026-08-17|2026-08-18|2026-08-19,2026-08-19 18:19:44,0.0
Timken,,2026-07-09|2026-07-10|2026-07-13|2026-07-14|2026-07-15|2026-07-16|2026-07-17|2026-07-20|2026-07-21|2026-07-22|2026-07-23|2026-07-24|2026-07-27|2026-07-28|2026-07-29|2026-07-30|2026-07-31|2026-08-03|2026-08-04|2026-08-05|2026-08-06|2026-08-07|2026-08-10|2026-08-11|2026-08-12|2026-08-13|2026-08-14|2026-08-17|2026-08-18|2026-08-19,2026-08-19 18:19:44,0.0
Liberty Energy,,2026-07-08|2026-07-09|2026-07-10|2026-07-13|2026-07-14|2026-07-15|2026-07-16|2026-07-17|2026-07-20|2026-07-22|2026-07-23|2026-07-24|2026-07-27|2026-07-28|2026-07-29|2026-07-30|2026-07-31|2026-08-03|2026-08-04|2026-08-05|2026-08-06|2026-08-07|2026-08-10|2026-08-11|2026-08-12|2026-08-13|2026-08-14|2026-08-17|2026-08-18|2026-08-19,2026-08-19 18:19:44,0.0
Marriott Vacations Worldwide,,2026-07-06|2026-07-07|2026-07-08|2026-07-09|2026-07-10|2026-07-13|2026-07-14|2026-07-15|2026-07-16|2026-07-17|2026-07-20|2026-07-23|2026-07-24|2026-07-27|2026-07-28|2026-07-29|2026-07-30|2026-08-03|2026-08-04|2026-08-05|2026-08-06|2026-08-07|2026-08-10|2026-08-11|2026-08-12|2026-08-13|2026-08-14|2026-08-17|2026-08-18|2026-08-19,2026-08-19 18:19:44,0.0
Leggett & Platt,,2026-07-06|2026-07-07|2026-07-08|2026-07-09|2026-07-10|2026-07-13|2026-07-14|2026-07-15|2026-07-16|2026-07-17|2026-07-20|2026-07-23|2026-07-24|2026-07-27|2026-07-28|2026-07-29|2026-07-30|2026-08-03|2026-08-04|2026-08-05|2026-08-06|2026-08-07|2026-08-10|2026-08-11|2026-08-12|2026-08-13|2026-08-14|2026-08-17|2026-08-18|2026-08-19,2026-08-19 18:19:44,0.0
Weis Markets,,2026-07-09|2026-07-10|2026-07-13|2026-07-14|2026-07-15|2026-07-16|2026-07-17|2026-07-20|2026-07-21|2026-07-22|2026-07-23|2026-07-24|2026-07-27|2026-07-28|2026-07-29|2026-07-30|2026-07-31|2026-08-03|2026-08-04|2026-08-05|2026-08-06|2026-08-07|2026-08-10|2026-08-11|2026-08-12|2026-08-13|2026-08-14|2026-08-17|2026-08-18|2026-08-19,2026-08-19 18:19:44,0.0
Pinnacle West Capital,,2026-07-06|2026-07-07|2026-07-08|2026-07-09|2026-07-10|2026-07-13|2026-07-14|2026-07-15|2026-07-16|2026-07-17|2026-07-20|2026-07-23|2026-07-24|2026-07-27|2026-07-28|2026-07-29|2026-07-30|2026-08-03|2026-08-04|2026-08-05|2026-08-06|2026-08-07|2026-08-10|2026-08-11|2026-08-12|2026-08-13|2026-08-14|2026-08-17|2026-08-18|2026-08-19,2026-08-19 18:19:44,0.0
EPAM Systems,,2026-07-06|2026-07-07|2026-07-08|2026-07-09|2026-07-10|2026-07-13|2026-07-14|2026-07-15|2026-07-16|2026-07-17|2026-07-20|2026-07-23|2026-07-24|2026-07-27|2026-07-28|2026-07-29|2026-07-30|2026-08-03|2026-08-04|2026-08-05|2026-08-06|2026-08-07|2026-08-10|2026-08-11|2026-08-12|2026-08-13|2026-08-14|2026-08-17|2026-08-18|2026-08-19,2026-08-19 18:19:44,0.0
Antero Resources,,2026-07-09|2026-07-10|2026-07-13|2026-07-14|2026-07-15|2026-07-16|2026-07-17|2026-07-20|2026-07-21|2026-07-22|2026-07-23|2026-07-24|2026-07-27|2026-07-28|2026-07-29|2026-07-30|2026-07-31|2026-08-03|2026-08-04|2026-08-05|2026-08-06|2026-08-07|2026-08-10|2026-08-11|2026-08-12|2026-08-13|2026-08-14|2026-08-17|2026-08-18|2026-08-19,2026-08-19 18:19:44,0.0
Bloomin Brands,,2026-07-09|2026-07-10|2026-07-13|2026-07-14|2026-07-15|2026-07-16|2026-07-17|2026-07-20|2026-07-21|2026-07-22|2026-07-23|2026-07-24|2026-07-27|2026-07-28|2026-07-29|2026-07-30|2026-07-31|2026-08-03|2026-08-04|2026-08-05|2026-08-06|2026-08-07|2026-08-10|2026-08-11|2026-08-12|2026-08-13|2026-08-14|2026-08-17|2026-08-18|2026-08-19,2026-08-19 18:19:44,0.0
MDU Resources Group,,2026-07-09|2026-07-10|2026-07-13|2026-07-14|2026-07-15|2026-07-16|2026-07-17|2026-07-20|2026-07-21|2026-07-22|2026-07-23|2026-07-24|2026-07-27|2026-07-28|2026-07-29|2026-07-30|2026-07-31|2026-08-03|2026-08-04|2026-08-05|2026-08-06|2026-08-07|2026-08-10|2026-08-11|2026-08-12|2026-08-13|2026-08-14|2026-08-17|2026-08-18|2026-08-19,2026-08-19 18:19:44,0.0
Texas Roadhouse,,2026-07-06|2026-07-07|2026-07-08|2026-07-09|2026-07-10|2026-07-13|2026-07-14|2026-07-15|2026-07-16|2026-07-17|2026-07-20|2026-07-23|2026-07-24|2026-07-27|2026-07-28|2026-07-29|2026-07-30|2026-08-03|2026-08-04|2026-08-05|2026-08-06|2026-08-07|2026-08-10|2026-08-11|2026-08-12|2026-08-13|2026-08-14|2026-08-17|2026-08-18|2026-08-19,2026-08-19 18:19:44,0.0
Mercury General,,2026-07-09|2026-07-10|2026-07-13|2026-07-14|2026-07-15|2026-07-16|2026-07-17|2026-07-20|2026-07-21|2026-07-22|2026-07-23|2026-07-24|2026-07-27|2026-07-28|2026-07-29|2026-07-30|2026-07-31|2026-08-03|2026-08-04|2026-08-05|2026-08-06|2026-08-07|2026-08-10|2026-08-11|2026-08-12|2026-08-13|2026-08-14|2026-08-17|2026-08-18|2026-08-19,2026-08-19 18:19:44,0.0
Fortune Brands Innovations,,2026-07-09|2026-07-10|2026-07-13|2026-07-14|2026-07-15|2026-07-16|2026-07-17|2026-07-20|2026-07-21|2026-07-22|2026-07-23|2026-07-24|2026-07-27|2026-07-28|2026-07-29|2026-07-30|2026-07-31|2026-08-03|2026-08-04|2026-08-05|2026-08-06|2026-08-07|2026-08-10|2026-08-11|2026-08-12|2026-08-13|2026-08-14|2026-08-17|2026-08-18|2026-08-19,2026-08-19 18:19:44,0.0
Zions Bancorp,,2026-07-06|2026-07-07|2026-07-08|2026-07-09|2026-07-10|2026-07-13|2026-07-14|2026-07-15|2026-07-16|2026-07-17|2026-07-20|2026-07-23|2026-07-24|2026-07-27|2026-07-28|2026-07-29|2026-07-30|2026-08-03|2026-08-04|2026-08-05|2026-08-06|2026-08-07|2026-08-10|2026-08-11|2026-08-12|2026-08-13|2026-08-14|2026-08-17|2026-08-18|2026-08-19,2026-08-19 18:19:44,0.0
JELD-WEN Holding,,2026-07-06|2026-07-07|2026-07-08|2026-07-09|2026-07-10|2026-07-13|2026-07-14|2026-07-15|2026-07-16|2026-07-17|2026-07-20|2026-07-23|2026-07-24|2026-07-27|2026-07-28|2026-07-29|2026-07-30|2026-08-03|2026-08-04|2026-08-05|2026-08-06|2026-08-07|2026-08-10|2026-08-11|2026-08-12|2026-08-13|2026-08-14|2026-08-17|2026-08-18|2026-08-19,2026-08-19 18:19:44,0.0
Snap Inc,,2026-07-09|2026-07-10|2026-07-13|2026-07-14|2026-07-15|2026-07-16|2026-07-17|2026-07-20|2026-07-21|2026-07-22|2026-07-23|2026-07-24|2026-07-27|2026-07-28|2026-07-29|2026-07-30|2026-07-31|2026-08-03|2026-08-04|2026-08-05|2026-08-06|2026-08-07|2026-08-10|2026-08-11|2026-08-12|2026-08-13|2026-08-14|2026-08-17|2026-08-18|2026-08-19,2026-08-19 18:19:44,0.0
Zebra Technologies,,2026-07-06|2026-07-07|2026-07-08|2026-07-09|2026-07-10|2026-07-13|2026-07-14|2026-07-15|2026-07-16|2026-07-17|2026-07-20|2026-07-23|2026-07-24|2026-07-27|2026-07-28|2026-07-29|2026-07-30|2026-08-03|2026-08-04|2026-08-05|2026-08-06|2026-08-07|2026-08-10|2026-08-11|2026-08-12|2026-08-13|2026-08-14|2026-08-17|2026-08-18|2026-08-19,2026-08-19 18:19:44,0.0
Agilon Health,0|0|0|0|0|0|0|0|0|0|0|0|0|0|0|0|0|0|0|100|62|74|58|55|62|71|52|42|46|56,2026-07-06|2026-07-07|2026-07-08|2026-07-09|2026-07-10|2026-07-13|2026-07-14|2026-07-15|2026-07-16|2026-07-17|2026-07-20|2026-07-23|2026-07-24|2026-07-27|2026-07-28|2026-07-29|2026-07-30|2026-08-03|2026-08-04|2026-08-05|2026-08-06|2026-08-07|2026-08-10|2026-08-11|2026-08-12|2026-08-13|2026-08-14|2026-08-17|2026-08-18|2026-08-19,2026-08-19 22:31:21,22.6
Toro Company,58|35|51|62|42|34|26|45|27|0|40|0|35|0|40|0|0|39|27|28|21|27|25|23|20|22|22|23|23|21,2026-07-06|2026-07-07|2026-07-08|2026-07-09|2026-07-10|2026-07-13|2026-07-14|2026-07-15|2026-07-16|2026-07-17|2026-07-20|2026-07-23|2026-07-24|2026-07-27|2026-07-28|2026-07-29|2026-07-30|2026-08-03|2026-08-04|2026-08-05|2026-08-06|2026-08-07|2026-08-10|2026-08-11|2026-08-12|2026-08-13|2026-08-14|2026-08-17|2026-08-18|2026-08-19,2026-08-19 22:31:24,27.2
Zoom Video Communications,0|0|0|0|0|0|0|0|0|0|0|0|0|0|0|0|0|0|0|61|0|58|100|59|52|0|91|71|0|0,2026-07-09|2026-07-10|2026-07-13|2026-07-14|2026-07-15|2026-07-16|2026-07-17|2026-07-20|2026-07-21|2026-07-22|2026-07-23|2026-07-24|2026-07-27|2026-07-28|2026-07-29|2026-07-30|2026-07-31|2026-08-03|2026-08-04|2026-08-05|2026-08-06|2026-08-07|2026-08-10|2026-08-11|2026-08-12|2026-08-13|2026-08-14|2026-08-17|2026-08-18|2026-08-19,2026-08-19 22:31:28,16.4
Tetra Tech,65|0|68|59|77|64|63|66|82|0|0|65|79|63|0|68|78|62|60|49|56|48|50|56|50|46|48|49|52|56,2026-07-06|2026-07-07|2026-07-08|2026-07-09|2026-07-10|2026-07-13|2026-07-14|2026-07-15|2026-07-16|2026-07-17|2026-07-20|2026-07-23|2026-07-24|2026-07-27|2026-07-28|2026-07-29|2026-07-30|2026-08-03|2026-08-04|2026-08-05|2026-08-06|2026-08-07|2026-08-10|2026-08-11|2026-08-12|2026-08-13|2026-08-14|2026-08-17|2026-08-18|2026-08-19,2026-08-19 22:31:31,52.6
Public Storage,87|76|85|82|67|63|58|60|51|55|69|66|69|72|68|72|85|100|84|71|67|60|63|61|58|62|62|60|59|55,2026-07-06|2026-07-07|2026-07-08|2026-07-09|2026-07-10|2026-07-13|2026-07-14|2026-07-15|2026-07-16|2026-07-17|2026-07-20|2026-07-23|2026-07-24|2026-07-27|2026-07-28|2026-07-29|2026-07-30|2026-08-03|2026-08-04|2026-08-05|2026-08-06|2026-08-07|2026-08-10|2026-08-11|2026-08-12|2026-08-13|2026-08-14|2026-08-17|2026-08-18|2026-08-19,2026-08-19 22:31:33,68.2
Illumina Inc,0|0|0|0|0|0|0|0|0|0|0|0|0|0|0|0|0|0|0|0|0|0|5|0|0|7|6|5|8|0,2026-07-06|2026-07-07|2026-07-08|2026-07-09|2026-07-10|2026-07-13|2026-07-14|2026-07-15|2026-07-16|2026-07-17|2026-07-20|2026-07-23|2026-07-24|2026-07-27|2026-07-28|2026-07-29|2026-07-30|2026-08-03|2026-08-04|2026-08-05|2026-08-06|2026-08-07|2026-08-10|2026-08-11|2026-08-12|2026-08-13|2026-08-14|2026-08-17|2026-08-18|2026-08-19,2026-08-19 22:31:37,1.0
Ventas Inc,0|0|0|33|0|0|0|0|0|0|0|0|0|0|0|0|0|0|0|0|2|0|0|3|0|3|2|0|4|2,2026-07-07|2026-07-08|2026-07-09|2026-07-10|2026-07-13|2026-07-14|2026-07-15|2026-07-16|2026-07-17|2026-07-20|2026-07-23|2026-07-24|2026-07-27|2026-07-28|2026-07-29|2026-07-30|2026-07-31|2026-08-03|2026-08-04|2026-08-05|2026-08-06|2026-08-07|2026-08-10|2026-08-11|2026-08-12|2026-08-13|2026-08-14|2026-08-17|2026-08-18|2026-08-19,2026-08-19 22:31:41,1.6
FMC Corporation,0|0|0|0|0|0|0|0|0|0|0|0|0|0|0|0|0|0|0|100|89|84|96|61|92|82|78|80|54|41,2026-07-09|2026-07-10|2026-07-13|2026-07-14|2026-07-15|2026-07-16|2026-07-17|2026-07-20|2026-07-21|2026-07-22|2026-07-23|2026-07-24|2026-07-27|2026-07-28|2026-07-29|2026-07-30|2026-07-31|2026-08-03|2026-08-04|2026-08-05|2026-08-06|2026-08-07|2026-08-10|2026-08-11|2026-08-12|2026-08-13|2026-08-14|2026-08-17|2026-08-18|2026-08-19,2026-08-19 22:31:45,28.6
ArcBest,36|29|30|30|32|28|27|21|49|100|31|23|18|36|24|35|41|31|34|24|23|21|23|26|28|23|22|23|23|25,2026-07-06|2026-07-07|2026-07-08|2026-07-09|2026-07-10|2026-07-13|2026-07-14|2026-07-15|2026-07-16|2026-07-17|2026-07-20|2026-07-23|2026-07-24|2026-07-27|2026-07-28|2026-07-29|2026-07-30|2026-08-03|2026-08-04|2026-08-05|2026-08-06|2026-08-07|2026-08-10|2026-08-11|2026-08-12|2026-08-13|2026-08-14|2026-08-17|2026-08-18|2026-08-19,2026-08-19 22:31:48,30.5
Dominos Pizza Inc,0|0|0|0|0|0|0|0|0|0|0|0|0|0|0|0|0|0|0|0|0|0|0|0|0|0|0|100|74|0,2026-07-06|2026-07-07|2026-07-08|2026-07-09|2026-07-10|2026-07-13|2026-07-14|2026-07-15|2026-07-16|2026-07-17|2026-07-20|2026-07-23|2026-07-24|2026-07-27|2026-07-28|2026-07-29|2026-07-30|2026-08-03|2026-08-04|2026-08-05|2026-08-06|2026-08-07|2026-08-10|2026-08-11|2026-08-12|2026-08-13|2026-08-14|2026-08-17|2026-08-18|2026-08-19,2026-08-19 22:31:52,5.8
Rivian Automotive,0|0|0|0|0|0|0|0|0|0|0|0|0|0|0|0|0|0|0|94|59|67|80|50|50|65|63|61|99|100,2026-07-09|2026-07-10|2026-07-13|2026-07-14|2026-07-15|2026-07-16|2026-07-17|2026-07-20|2026-07-21|2026-07-22|2026-07-23|2026-07-24|2026-07-27|2026-07-28|2026-07-29|2026-07-30|2026-07-31|2026-08-03|2026-08-04|2026-08-05|2026-08-06|2026-08-07|2026-08-10|2026-08-11|2026-08-12|2026-08-13|2026-08-14|2026-08-17|2026-08-18|2026-08-19,2026-08-19 22:31:55,26.3
Elanco Animal Health,0|0|0|0|0|0|0|0|0|0|0|0|0|0|0|0|0|0|0|100|88|97|62|83|85|97|84|100|72|83,2026-07-07|2026-07-08|2026-07-09|2026-07-10|2026-07-13|2026-07-14|2026-07-15|2026-07-16|2026-07-17|2026-07-20|2026-07-23|2026-07-24|2026-07-27|2026-07-28|2026-07-29|2026-07-30|2026-07-31|2026-08-03|2026-08-04|2026-08-05|2026-08-06|2026-08-07|2026-08-10|2026-08-11|2026-08-12|2026-08-13|2026-08-14|2026-08-17|2026-08-18|2026-08-19,2026-08-19 22:31:59,31.7
Graham Holdings Company,0|0|0|0|0|0|0|0|0|0|0|0|0|100|0|0|0|0|0|6|0|0|0|0|0|0|0|0|4|0,2026-07-06|2026-07-07|2026-07-08|2026-07-09|2026-07-10|2026-07-13|2026-07-14|2026-07-15|2026-07-16|2026-07-17|2026-07-20|2026-07-23|2026-07-24|2026-07-27|2026-07-28|2026-07-29|2026-07-30|2026-08-03|2026-08-04|2026-08-05|2026-08-06|2026-08-07|2026-08-10|2026-08-11|2026-08-12|2026-08-13|2026-08-14|2026-08-17|2026-08-18|2026-08-19,2026-08-19 22:32:03,3.7
Floor & Decor,100|68|72|66|59|53|54|67|60|40|48|35|77|70|82|76|78|47|76|51|45|50|60|54|58|56|52|50|54|54,2026-07-09|2026-07-10|2026-07-13|2026-07-14|2026-07-15|2026-07-16|2026-07-17|2026-07-20|2026-07-21|2026-07-22|2026-07-23|2026-07-24|2026-07-27|2026-07-28|2026-07-29|2026-07-30|2026-07-31|2026-08-03|2026-08-04|2026-08-05|2026-08-06|2026-08-07|2026-08-10|2026-08-11|2026-08-12|2026-08-13|2026-08-14|2026-08-17|2026-08-18|2026-08-19,2026-08-19 22:32:07,60.4
Applied Industrial Technologies,0|46|63|57|48|67|42|80|0|0|100|0|0|53|0|54|0|60|0|39|35|30|39|45|41|46|38|36|39|41,2026-07-06|2026-07-07|2026-07-08|2026-07-09|2026-07-10|2026-07-13|2026-07-14|2026-07-15|2026-07-16|2026-07-17|2026-07-20|2026-07-23|2026-07-24|2026-07-27|2026-07-28|2026-07-29|2026-07-30|2026-08-03|2026-08-04|2026-08-05|2026-08-06|2026-08-07|2026-08-10|2026-08-11|2026-08-12|2026-08-13|2026-08-14|2026-08-17|2026-08-18|2026-08-19,2026-08-19 22:32:11,36.6
PriceSmart,65|100|47|68|65|68|48|0|71|42|71|54|55|82|48|55|52|69|54|54|46|48|44|53|54|54|50|54|55|47,2026-07-09|2026-07-10|2026-07-13|2026-07-14|2026-07-15|2026-07-16|2026-07-17|2026-07-20|2026-07-21|2026-07-22|2026-07-23|2026-07-24|2026-07-27|2026-07-28|2026-07-29|2026-07-30|2026-07-31|2026-08-03|2026-08-04|2026-08-05|2026-08-06|2026-08-07|2026-08-10|2026-08-11|2026-08-12|2026-08-13|2026-08-14|2026-08-17|2026-08-18|2026-08-19,2026-08-19 22:32:15,55.8
Lyft,90|88|88|84|87|78|93|85|83|88|84|82|81|81|80|87|94|88|83|88|92|100|83|93|89|90|91|93|93|81,2026-07-09|2026-07-10|2026-07-13|2026-07-14|2026-07-15|2026-07-16|2026-07-17|2026-07-20|2026-07-21|2026-07-22|2026-07-23|2026-07-24|2026-07-27|2026-07-28|2026-07-29|2026-07-30|2026-07-31|2026-08-03|2026-08-04|2026-08-05|2026-08-06|2026-08-07|2026-08-10|2026-08-11|2026-08-12|2026-08-13|2026-08-14|2026-08-17|2026-08-18|2026-08-19,2026-08-19 22:32:18,87.2
Ciena,100|93|71|48|73|85|68|70|63|67|60|72|62|93|74|44|59|57|77|61|60|53|67|66|68|73|63|64|62|58,2026-07-09|2026-07-10|2026-07-13|2026-07-14|2026-07-15|2026-07-16|2026-07-17|2026-07-20|2026-07-21|2026-07-22|2026-07-23|2026-07-24|2026-07-27|2026-07-28|2026-07-29|2026-07-30|2026-07-31|2026-08-03|2026-08-04|2026-08-05|2026-08-06|2026-08-07|2026-08-10|2026-08-11|2026-08-12|2026-08-13|2026-08-14|2026-08-17|2026-08-18|2026-08-19,2026-08-19 22:32:21,67.7
Western Union,66|73|94|71|71|58|57|63|69|55|51|60|59|58|56|60|68|65|61|58|59|60|58|59|55|55|62|53|56|56,2026-07-08|2026-07-09|2026-07-10|2026-07-13|2026-07-14|2026-07-15|2026-07-16|2026-07-17|2026-07-20|2026-07-22|2026-07-23|2026-07-24|2026-07-27|2026-07-28|2026-07-29|2026-07-30|2026-07-31|2026-08-03|2026-08-04|2026-08-05|2026-08-06|2026-08-07|2026-08-10|2026-08-11|2026-08-12|2026-08-13|2026-08-14|2026-08-17|2026-08-18|2026-08-19,2026-08-19 22:32:25,61.5
Flowserve,65|57|81|51|60|67|50|63|72|58|60|100|37|47|0|52|83|47|65|58|57|43|55|58|53|48|38|49|56|49,2026-07-06|2026-07-07|2026-07-08|2026-07-09|2026-07-10|2026-07-13|2026-07-14|2026-07-15|2026-07-16|2026-07-17|2026-07-20|2026-07-23|2026-07-24|2026-07-27|2026-07-28|2026-07-29|2026-07-30|2026-08-03|2026-08-04|2026-08-05|2026-08-06|2026-08-07|2026-08-10|2026-08-11|2026-08-12|2026-08-13|2026-08-14|2026-08-17|2026-08-18|2026-08-19,2026-08-19 22:32:28,56.0
Western Alliance Bancorp,,2026-07-07|2026-07-08|2026-07-09|2026-07-10|2026-07-13|2026-07-14|2026-07-15|2026-07-16|2026-07-17|2026-07-20|2026-07-21|2026-07-23|2026-07-24|2026-07-27|2026-07-28|2026-07-29|2026-07-30|2026-08-03|2026-08-04|2026-08-05|2026-08-06|2026-08-07|2026-08-10|2026-08-11|2026-08-12|2026-08-13|2026-08-14|2026-08-17|2026-08-18|2026-08-19,2026-08-19 22:32:31,0.0
Option Care Health,65|56|100|85|71|75|58|78|49|57|47|36|44|48|64|66|73|55|65|52|48|44|52|54|50|49|45|55|51|52,2026-07-06|2026-07-07|2026-07-08|2026-07-09|2026-07-10|2026-07-13|2026-07-14|2026-07-15|2026-07-16|2026-07-17|2026-07-20|2026-07-23|2026-07-24|2026-07-27|2026-07-28|2026-07-29|2026-07-30|2026-08-03|2026-08-04|2026-08-05|2026-08-06|2026-08-07|2026-08-10|2026-08-11|2026-08-12|2026-08-13|2026-08-14|2026-08-17|2026-08-18|2026-08-19,2026-08-19 22:32:31,58.1
SiteOne Landscape Supply,66|100|43|0|60|76|70|69|0|48|0|0|57|0|78|0|57|50|57|48|50|45|46|49|43|50|40|55|45|51,2026-07-09|2026-07-10|2026-07-13|2026-07-14|2026-07-15|2026-07-16|2026-07-17|2026-07-20|2026-07-21|2026-07-22|2026-07-23|2026-07-24|2026-07-27|2026-07-28|2026-07-29|2026-07-30|2026-07-31|2026-08-03|2026-08-04|2026-08-05|2026-08-06|2026-08-07|2026-08-10|2026-08-11|2026-08-12|2026-08-13|2026-08-14|2026-08-17|2026-08-18|2026-08-19,2026-08-19 22:32:35,45.1
Abercrombie & Fitch,77|100|78|77|19|29|24|26|24|19|21|23|16|27|22|23|23|30|22|20|21|22|18|17|19|19|18|20|18|19,2026-07-06|2026-07-07|2026-07-08|2026-07-09|2026-07-10|2026-07-13|2026-07-14|2026-07-15|2026-07-16|2026-07-17|2026-07-20|2026-07-23|2026-07-24|2026-07-27|2026-07-28|2026-07-29|2026-07-30|2026-08-03|2026-08-04|2026-08-05|2026-08-06|2026-08-07|2026-08-10|2026-08-11|2026-08-12|2026-08-13|2026-08-14|2026-08-17|2026-08-18|2026-08-19,2026-08-19 22:32:38,29.7
Atmos Energy,77|82|91|87|88|70|81|76|81|86|84|75|88|74|78|74|88|97|85|79|87|85|81|78|76|79|91|77|72|71,2026-07-06|2026-07-07|2026-07-08|2026-07-09|2026-07-10|2026-07-13|2026-07-14|2026-07-15|2026-07-16|2026-07-17|2026-07-20|2026-07-23|2026-07-24|2026-07-27|2026-07-28|2026-07-29|2026-07-30|2026-08-03|2026-08-04|2026-08-05|2026-08-06|2026-08-07|2026-08-10|2026-08-11|2026-08-12|2026-08-13|2026-08-14|2026-08-17|2026-08-18|2026-08-19,2026-08-19 22:32:41,81.3
Brown & Brown,100|75|60|55|51|44|49|58|51|57|49|50|48|51|50|58|44|48|50|44|43|43|42|44|43|44|44|48|44|60,2026-07-09|2026-07-10|2026-07-13|2026-07-14|2026-07-15|2026-07-16|2026-07-17|2026-07-20|2026-07-21|2026-07-22|2026-07-23|2026-07-24|2026-07-27|2026-07-28|2026-07-29|2026-07-30|2026-07-31|2026-08-03|2026-08-04|2026-08-05|2026-08-06|2026-08-07|2026-08-10|2026-08-11|2026-08-12|2026-08-13|2026-08-14|2026-08-17|2026-08-18|2026-08-19,2026-08-19 22:32:45,51.6
GoDaddy,58|55|55|53|45|46|52|64|57|51|57|56|61|58|59|62|54|61|49|42|41|40|40|44|47|50|43|45|45|40,2026-07-09|2026-07-10|2026-07-13|2026-07-14|2026-07-15|2026-07-16|2026-07-17|2026-07-20|2026-07-21|2026-07-22|2026-07-23|2026-07-24|2026-07-27|2026-07-28|2026-07-29|2026-07-30|2026-07-31|2026-08-03|2026-08-04|2026-08-05|2026-08-06|2026-08-07|2026-08-10|2026-08-11|2026-08-12|2026-08-13|2026-08-14|2026-08-17|2026-08-18|2026-08-19,2026-08-19 22:32:49,51.0
American Water Works,17|0|25|24|18|30|19|0|0|0|0|0|0|0|0|0|16|16|0|10|8|8|11|8|8|9|8|10|8|9,2026-07-06|2026-07-07|2026-07-08|2026-07-09|2026-07-10|2026-07-13|2026-07-14|2026-07-15|2026-07-16|2026-07-17|2026-07-20|2026-07-23|2026-07-24|2026-07-27|2026-07-28|2026-07-29|2026-07-30|2026-08-03|2026-08-04|2026-08-05|2026-08-06|2026-08-07|2026-08-10|2026-08-11|2026-08-12|2026-08-13|2026-08-14|2026-08-17|2026-08-18|2026-08-19,2026-08-19 22:32:53,8.7
Selective Insurance Group,0|0|0|0|0|0|0|0|0|0|0|0|0|0|0|0|0|0|0|0|0|0|0|0|0|0|7|0|0|0,2026-07-06|2026-07-07|2026-07-08|2026-07-09|2026-07-10|2026-07-13|2026-07-14|2026-07-15|2026-07-16|2026-07-17|2026-07-20|2026-07-23|2026-07-24|2026-07-27|2026-07-28|2026-07-29|2026-07-30|2026-08-03|2026-08-04|2026-08-05|2026-08-06|2026-08-07|2026-08-10|2026-08-11|2026-08-12|2026-08-13|2026-08-14|2026-08-17|2026-08-18|2026-08-19,2026-08-19 22:32:57,0.2
Advantage Solutions,94|66|100|51|65|81|57|66|68|57|52|43|31|53|42|75|77|66|74|56|55|48|49|55|48|51|50|48|45|53,2026-07-06|2026-07-07|2026-07-08|2026-07-09|2026-07-10|2026-07-13|2026-07-14|2026-07-15|2026-07-16|2026-07-17|2026-07-20|2026-07-23|2026-07-24|2026-07-27|2026-07-28|2026-07-29|2026-07-30|2026-08-03|2026-08-04|2026-08-05|2026-08-06|2026-08-07|2026-08-10|2026-08-11|2026-08-12|2026-08-13|2026-08-14|2026-08-17|2026-08-18|2026-08-19,2026-08-19 22:33:00,59.2
ResMed,88|92|100|95|90|91|88|90|81|88|85|72|81|84|85|83|82|84|93|87|91|74|88|91|87|83|85|88|86|95,2026-07-06|2026-07-07|2026-07-08|2026-07-09|2026-07-10|2026-07-13|2026-07-14|2026-07-15|2026-07-16|2026-07-17|2026-07-20|2026-07-23|2026-07-24|2026-07-27|2026-07-28|2026-07-29|2026-07-30|2026-08-03|2026-08-04|2026-08-05|2026-08-06|2026-08-07|2026-08-10|2026-08-11|2026-08-12|2026-08-13|2026-08-14|2026-08-17|2026-08-18|2026-08-19,2026-08-19 22:33:05,86.9
Plexus Corp,0|0|0|0|0|0|0|0|0|0|100|0|0|0|0|0|0|0|0|10|9|6|10|8|11|9|0|11|9|12,2026-07-09|2026-07-10|2026-07-13|2026-07-14|2026-07-15|2026-07-16|2026-07-17|2026-07-20|2026-07-21|2026-07-22|2026-07-23|2026-07-24|2026-07-27|2026-07-28|2026-07-29|2026-07-30|2026-07-31|2026-08-03|2026-08-04|2026-08-05|2026-08-06|2026-08-07|2026-08-10|2026-08-11|2026-08-12|2026-08-13|2026-08-14|2026-08-17|2026-08-18|2026-08-19,2026-08-19 22:33:08,6.5
Hub Group,79|86|100|91|94|80|50|36|47|48|47|32|33|32|28|29|34|37|35|26|30|25|34|37|30|28|27|30|30|30,2026-07-06|2026-07-07|2026-07-08|2026-07-09|2026-07-10|2026-07-13|2026-07-14|2026-07-15|2026-07-16|2026-07-17|2026-07-20|2026-07-23|2026-07-24|2026-07-27|2026-07-28|2026-07-29|2026-07-30|2026-08-03|2026-08-04|2026-08-05|2026-08-06|2026-08-07|2026-08-10|2026-08-11|2026-08-12|2026-08-13|2026-08-14|2026-08-17|2026-08-18|2026-08-19,2026-08-19 22:33:12,44.8
Lincoln Electric,91|85|100|89|72|71|67|64|60|68|85|66|63|74|69|69|63|63|79|68|65|60|64|73|70|72|65|69|69|67,2026-07-06|2026-07-07|2026-07-08|2026-07-09|2026-07-10|2026-07-13|2026-07-14|2026-07-15|2026-07-16|2026-07-17|2026-07-20|2026-07-23|2026-07-24|2026-07-27|2026-07-28|2026-07-29|2026-07-30|2026-08-03|2026-08-04|2026-08-05|2026-08-06|2026-08-07|2026-08-10|2026-08-11|2026-08-12|2026-08-13|2026-08-14|2026-08-17|2026-08-18|2026-08-19,2026-08-19 22:33:15,71.3
NCR Atleos,0|0|100|0|0|0|0|0|0|0|0|0|0|0|0|0|0|0|0|47|46|41|33|49|31|49|42|27|39|35,2026-07-06|2026-07-07|2026-07-08|2026-07-09|2026-07-10|2026-07-13|2026-07-14|2026-07-15|2026-07-16|2026-07-17|2026-07-20|2026-07-23|2026-07-24|2026-07-27|2026-07-28|2026-07-29|2026-07-30|2026-08-03|2026-08-04|2026-08-05|2026-08-06|2026-08-07|2026-08-10|2026-08-11|2026-08-12|2026-08-13|2026-08-14|2026-08-17|2026-08-18|2026-08-19,2026-08-19 22:33:18,18.0
Calumet Inc,0|0|0|0|0|0|0|0|0|0|0|0|0|0|0|0|0|0|0|0|45|70|100|40|0|70|62|0|64|64,2026-07-06|2026-07-07|2026-07-08|2026-07-09|2026-07-10|2026-07-13|2026-07-14|2026-07-15|2026-07-16|2026-07-17|2026-07-20|2026-07-23|2026-07-24|2026-07-27|2026-07-28|2026-07-29|2026-07-30|2026-08-03|2026-08-04|2026-08-05|2026-08-06|2026-08-07|2026-08-10|2026-08-11|2026-08-12|2026-08-13|2026-08-14|2026-08-17|2026-08-18|2026-08-19,2026-08-19 22:33:22,17.2
Dycom Industries,0|0|0|0|0|100|0|0|0|0|0|0|0|0|0|0|0|0|0|18|14|10|19|11|19|20|13|14|9|10,2026-07-06|2026-07-07|2026-07-08|2026-07-09|2026-07-10|2026-07-13|2026-07-14|2026-07-15|2026-07-16|2026-07-17|2026-07-20|2026-07-23|2026-07-24|2026-07-27|2026-07-28|2026-07-29|2026-07-30|2026-08-03|2026-08-04|2026-08-05|2026-08-06|2026-08-07|2026-08-10|2026-08-11|2026-08-12|2026-08-13|2026-08-14|2026-08-17|2026-08-18|2026-08-19,2026-08-19 22:33:26,8.6
Valmont Industries,0|0|0|0|0|0|0|0|0|0|100|0|0|0|76|0|0|0|0|32|23|37|27|23|21|21|24|28|25|23,2026-07-06|2026-07-07|2026-07-08|2026-07-09|2026-07-10|2026-07-13|2026-07-14|2026-07-15|2026-07-16|2026-07-17|2026-07-20|2026-07-23|2026-07-24|2026-07-27|2026-07-28|2026-07-29|2026-07-30|2026-08-03|2026-08-04|2026-08-05|2026-08-06|2026-08-07|2026-08-10|2026-08-11|2026-08-12|2026-08-13|2026-08-14|2026-08-17|2026-08-18|2026-08-19,2026-08-19 22:33:29,15.3
ATI Inc,0|0|0|0|0|0|0|0|0|0|0|100|0|0|0|0|0|83|0|15|20|13|16|11|20|15|10|17|12|15,2026-07-06|2026-07-07|2026-07-08|2026-07-09|2026-07-10|2026-07-13|2026-07-14|2026-07-15|2026-07-16|2026-07-17|2026-07-20|2026-07-23|2026-07-24|2026-07-27|2026-07-28|2026-07-29|2026-07-30|2026-08-03|2026-08-04|2026-08-05|2026-08-06|2026-08-07|2026-08-10|2026-08-11|2026-08-12|2026-08-13|2026-08-14|2026-08-17|2026-08-18|2026-08-19,2026-08-19 22:33:32,11.6
Twilio,100|71|76|65|45|44|43|40|51|44|40|31|37|35|39|37|31|33|33|36|42|44|38|41|37|36|38|38|39|37,2026-07-08|2026-07-09|2026-07-10|2026-07-13|2026-07-14|2026-07-15|2026-07-16|2026-07-17|2026-07-20|2026-07-21|2026-07-23|2026-07-24|2026-07-27|2026-07-28|2026-07-29|2026-07-30|2026-07-31|2026-08-03|2026-08-04|2026-08-05|2026-08-06|2026-08-07|2026-08-10|2026-08-11|2026-08-12|2026-08-13|2026-08-14|2026-08-17|2026-08-18|2026-08-19,2026-08-19 22:33:35,44.0
CNO Financial Group,0|0|0|0|0|0|0|0|0|0|0|0|0|0|0|0|0|0|0|78|72|46|100|63|72|58|58|43|85|68,2026-07-06|2026-07-07|2026-07-08|2026-07-09|2026-07-10|2026-07-13|2026-07-14|2026-07-15|2026-07-16|2026-07-17|2026-07-20|2026-07-23|2026-07-24|2026-07-27|2026-07-28|2026-07-29|2026-07-30|2026-08-03|2026-08-04|2026-08-05|2026-08-06|2026-08-07|2026-08-10|2026-08-11|2026-08-12|2026-08-13|2026-08-14|2026-08-17|2026-08-18|2026-08-19,2026-08-19 22:33:38,24.8
Patterson-UTI Energy,0|0|0|0|0|0|0|0|0|0|0|0|0|0|0|0|0|0|0|0|0|0|0|0|100|0|0|0|0|0,2026-07-09|2026-07-10|2026-07-13|2026-07-14|2026-07-15|2026-07-16|2026-07-17|2026-07-20|2026-07-21|2026-07-22|2026-07-23|2026-07-24|2026-07-27|2026-07-28|2026-07-29|2026-07-30|2026-07-31|2026-08-03|2026-08-04|2026-08-05|2026-08-06|2026-08-07|2026-08-10|2026-08-11|2026-08-12|2026-08-13|2026-08-14|2026-08-17|2026-08-18|2026-08-19,2026-08-19 22:33:41,3.3
Brinker International,66|0|69|0|0|0|0|0|0|0|0|0|0|0|0|0|64|0|0|30|25|24|32|38|69|64|41|36|35|37,2026-07-06|2026-07-07|2026-07-08|2026-07-09|2026-07-10|2026-07-13|2026-07-14|2026-07-15|2026-07-16|2026-07-17|2026-07-20|2026-07-23|2026-07-24|2026-07-27|2026-07-28|2026-07-29|2026-07-30|2026-08-03|2026-08-04|2026-08-05|2026-08-06|2026-08-07|2026-08-10|2026-08-11|2026-08-12|2026-08-13|2026-08-14|2026-08-17|2026-08-18|2026-08-19,2026-08-19 22:33:44,21.0
Charles River Laboratories International,,2026-07-09|2026-07-10|2026-07-13|2026-07-14|2026-07-15|2026-07-16|2026-07-17|2026-07-20|2026-07-21|2026-07-22|2026-07-23|2026-07-24|2026-07-27|2026-07-28|2026-07-29|2026-07-30|2026-07-31|2026-08-03|2026-08-04|2026-08-05|2026-08-06|2026-08-07|2026-08-10|2026-08-11|2026-08-12|2026-08-13|2026-08-14|2026-08-17|2026-08-18|2026-08-19,2026-08-19 22:33:47,0.0
Hyster-Yale,0|0|0|0|0|0|0|0|0|0|0|0|0|0|0|0|0|0|0|42|63|26|0|27|48|47|39|37|57|29,2026-07-06|2026-07-07|2026-07-08|2026-07-09|2026-07-10|2026-07-13|2026-07-14|2026-07-15|2026-07-16|2026-07-17|2026-07-20|2026-07-23|2026-07-24|2026-07-27|2026-07-28|2026-07-29|2026-07-30|2026-08-03|2026-08-04|2026-08-05|2026-08-06|2026-08-07|2026-08-10|2026-08-11|2026-08-12|2026-08-13|2026-08-14|2026-08-17|2026-08-18|2026-08-19,2026-08-19 22:33:48,13.8
Brighthouse Financial,75|62|71|63|70|0|73|76|48|82|58|60|54|71|85|87|76|72|82|93|90|74|78|85|78|73|70|74|100|86,2026-07-09|2026-07-10|2026-07-13|2026-07-14|2026-07-15|2026-07-16|2026-07-17|2026-07-20|2026-07-21|2026-07-22|2026-07-23|2026-07-24|2026-07-27|2026-07-28|2026-07-29|2026-07-30|2026-07-31|2026-08-03|2026-08-04|2026-08-05|2026-08-06|2026-08-07|2026-08-10|2026-08-11|2026-08-12|2026-08-13|2026-08-14|2026-08-17|2026-08-18|2026-08-19,2026-08-19 22:33:52,72.2
Service Corp International,0|0|0|0|0|0|0|0|0|0|0|0|0|0|0|0|0|0|0|64|0|0|64|100|55|57|0|81|57|0,2026-07-09|2026-07-10|2026-07-13|2026-07-14|2026-07-15|2026-07-16|2026-07-17|2026-07-20|2026-07-21|2026-07-22|2026-07-23|2026-07-24|2026-07-27|2026-07-28|2026-07-29|2026-07-30|2026-07-31|2026-08-03|2026-08-04|2026-08-05|2026-08-06|2026-08-07|2026-08-10|2026-08-11|2026-08-12|2026-08-13|2026-08-14|2026-08-17|2026-08-18|2026-08-19,2026-08-19 22:33:55,15.9
CrossAmerica Partners,,2026-07-06|2026-07-07|2026-07-08|2026-07-09|2026-07-10|2026-07-13|2026-07-14|2026-07-15|2026-07-16|2026-07-17|2026-07-20|2026-07-23|2026-07-24|2026-07-27|2026-07-28|2026-07-29|2026-07-30|2026-08-03|2026-08-04|2026-08-05|2026-08-06|2026-08-07|2026-08-10|2026-08-11|2026-08-12|2026-08-13|2026-08-14|2026-08-17|2026-08-18|2026-08-19,2026-08-19 22:34:29,0.0
Cadence,,2026-07-09|2026-07-10|2026-07-13|2026-07-14|2026-07-15|2026-07-16|2026-07-17|2026-07-20|2026-07-21|2026-07-22|2026-07-23|2026-07-24|2026-07-27|2026-07-28|2026-07-29|2026-07-30|2026-07-31|2026-08-03|2026-08-04|2026-08-05|2026-08-06|2026-08-07|2026-08-10|2026-08-11|2026-08-12|2026-08-13|2026-08-14|2026-08-17|2026-08-18|2026-08-19,2026-08-19 22:35:10,0.0
MillerKnoll,,2026-07-06|2026-07-07|2026-07-08|2026-07-09|2026-07-10|2026-07-13|2026-07-14|2026-07-15|2026-07-16|2026-07-17|2026-07-20|2026-07-23|2026-07-24|2026-07-27|2026-07-28|2026-07-29|2026-07-30|2026-08-03|2026-08-04|2026-08-05|2026-08-06|2026-08-07|2026-08-10|2026-08-11|2026-08-12|2026-08-13|2026-08-14|2026-08-17|2026-08-18|2026-08-19,2026-08-19 22:35:20,0.0
Realty Income,,2026-07-09|2026-07-10|2026-07-13|2026-07-14|2026-07-15|2026-07-16|2026-07-17|2026-07-20|2026-07-21|2026-07-22|2026-07-23|2026-07-24|2026-07-27|2026-07-28|2026-07-29|2026-07-30|2026-07-31|2026-08-03|2026-08-04|2026-08-05|2026-08-06|2026-08-07|2026-08-10|2026-08-11|2026-08-12|2026-08-13|2026-08-14|2026-08-17|2026-08-18|2026-08-19,2026-08-19 22:35:20,0.0
Middleby,,2026-07-09|2026-07-10|2026-07-13|2026-07-14|2026-07-15|2026-07-16|2026-07-17|2026-07-20|2026-07-21|2026-07-22|2026-07-23|2026-07-24|2026-07-27|2026-07-28|2026-07-29|2026-07-30|2026-07-31|2026-08-03|2026-08-04|2026-08-05|2026-08-06|2026-08-07|2026-08-10|2026-08-11|2026-08-12|2026-08-13|2026-08-14|2026-08-17|2026-08-18|2026-08-19,2026-08-19 22:35:20,0.0
M/I Homes,,2026-07-06|2026-07-07|2026-07-08|2026-07-09|2026-07-10|2026-07-13|2026-07-14|2026-07-15|2026-07-16|2026-07-17|2026-07-20|2026-07-23|2026-07-24|2026-07-27|2026-07-28|2026-07-29|2026-07-30|2026-08-03|2026-08-04|2026-08-05|2026-08-06|2026-08-07|2026-08-10|2026-08-11|2026-08-12|2026-08-13|2026-08-14|2026-08-17|2026-08-18|2026-08-19,2026-08-19 22:35:20,0.0
Alliant Energy,,2026-07-09|2026-07-10|2026-07-13|2026-07-14|2026-07-15|2026-07-16|2026-07-17|2026-07-20|2026-07-21|2026-07-22|2026-07-23|2026-07-24|2026-07-27|2026-07-28|2026-07-29|2026-07-30|2026-07-31|2026-08-03|2026-08-04|2026-08-05|2026-08-06|2026-08-07|2026-08-10|2026-08-11|2026-08-12|2026-08-13|2026-08-14|2026-08-17|2026-08-18|2026-08-19,2026-08-19 22:35:20,0.0
Generac,,2026-07-07|2026-07-08|2026-07-09|2026-07-10|2026-07-13|2026-07-14|2026-07-15|2026-07-16|2026-07-17|2026-07-20|2026-07-23|2026-07-24|2026-07-27|2026-07-28|2026-07-29|2026-07-30|2026-07-31|2026-08-03|2026-08-04|2026-08-05|2026-08-06|2026-08-07|2026-08-10|2026-08-11|2026-08-12|2026-08-13|2026-08-14|2026-08-17|2026-08-18|2026-08-19,2026-08-19 22:35:20,0.0
MSC Industrial Direct,,2026-07-06|2026-07-07|2026-07-08|2026-07-09|2026-07-10|2026-07-13|2026-07-14|2026-07-15|2026-07-16|2026-07-17|2026-07-20|2026-07-23|2026-07-24|2026-07-27|2026-07-28|2026-07-29|2026-07-30|2026-08-03|2026-08-04|2026-08-05|2026-08-06|2026-08-07|2026-08-10|2026-08-11|2026-08-12|2026-08-13|2026-08-14|2026-08-17|2026-08-18|2026-08-19,2026-08-19 22:35:20,0.0
Rocket Companies,,2026-07-09|2026-07-10|2026-07-13|2026-07-14|2026-07-15|2026-07-16|2026-07-17|2026-07-20|2026-07-21|2026-07-22|2026-07-23|2026-07-24|2026-07-27|2026-07-28|2026-07-29|2026-07-30|2026-07-31|2026-08-03|2026-08-04|2026-08-05|2026-08-06|2026-08-07|2026-08-10|2026-08-11|2026-08-12|2026-08-13|2026-08-14|2026-08-17|2026-08-18|2026-08-19,2026-08-19 22:35:20,0.0
Upbound Group,,2026-07-06|2026-07-07|2026-07-08|2026-07-09|2026-07-10|2026-07-13|2026-07-14|2026-07-15|2026-07-16|2026-07-17|2026-07-20|2026-07-23|2026-07-24|2026-07-27|2026-07-28|2026-07-29|2026-07-30|2026-08-03|2026-08-04|2026-08-05|2026-08-06|2026-08-07|2026-08-10|2026-08-11|2026-08-12|2026-08-13|2026-08-14|2026-08-17|2026-08-18|2026-08-19,2026-08-19 22:35:20,0.0
East West Bancorp,,2026-07-07|2026-07-08|2026-07-09|2026-07-10|2026-07-13|2026-07-14|2026-07-15|2026-07-16|2026-07-17|2026-07-20|2026-07-21|2026-07-23|2026-07-24|2026-07-27|2026-07-28|2026-07-29|2026-07-30|2026-08-03|2026-08-04|2026-08-05|2026-08-06|2026-08-07|2026-08-10|2026-08-11|2026-08-12|2026-08-13|2026-08-14|2026-08-17|2026-08-18|2026-08-19,2026-08-19 22:35:20,0.0
Hilton Grand Vacations,,2026-07-07|2026-07-08|2026-07-09|2026-07-10|2026-07-13|2026-07-14|2026-07-15|2026-07-16|2026-07-17|2026-07-20|2026-07-23|2026-07-24|2026-07-27|2026-07-28|2026-07-29|2026-07-30|2026-07-31|2026-08-03|2026-08-04|2026-08-05|2026-08-06|2026-08-07|2026-08-10|2026-08-11|2026-08-12|2026-08-13|2026-08-14|2026-08-17|2026-08-18|2026-08-19,2026-08-19 22:35:20,0.0
Grocery Outlet Holding,,2026-07-09|2026-07-10|2026-07-13|2026-07-14|2026-07-15|2026-07-16|2026-07-17|2026-07-20|2026-07-21|2026-07-22|2026-07-23|2026-07-24|2026-07-27|2026-07-28|2026-07-29|2026-07-30|2026-07-31|2026-08-03|2026-08-04|2026-08-05|2026-08-06|2026-08-07|2026-08-10|2026-08-11|2026-08-12|2026-08-13|2026-08-14|2026-08-17|2026-08-18|2026-08-19,2026-08-19 22:35:20,0.0
Dentsply Sirona,,2026-07-09|2026-07-10|2026-07-13|2026-07-14|2026-07-15|2026-07-16|2026-07-17|2026-07-20|2026-07-21|2026-07-22|2026-07-23|2026-07-24|2026-07-27|2026-07-28|2026-07-29|2026-07-30|2026-07-31|2026-08-03|2026-08-04|2026-08-05|2026-08-06|2026-08-07|2026-08-10|2026-08-11|2026-08-12|2026-08-13|2026-08-14|2026-08-17|2026-08-18|2026-08-19,2026-08-19 22:35:20,0.0
V2X,,2026-07-09|2026-07-10|2026-07-13|2026-07-14|2026-07-15|2026-07-16|2026-07-17|2026-07-20|2026-07-21|2026-07-22|2026-07-23|2026-07-24|2026-07-27|2026-07-28|2026-07-29|2026-07-30|2026-07-31|2026-08-03|2026-08-04|2026-08-05|2026-08-06|2026-08-07|2026-08-10|2026-08-11|2026-08-12|2026-08-13|2026-08-14|2026-08-17|2026-08-18|2026-08-19,2026-08-19 22:35:20,0.0
Crocs,,2026-07-09|2026-07-10|2026-07-13|2026-07-14|2026-07-15|2026-07-16|2026-07-17|2026-07-20|2026-07-21|2026-07-22|2026-07-23|2026-07-24|2026-07-27|2026-07-28|2026-07-29|2026-07-30|2026-07-31|2026-08-03|2026-08-04|2026-08-05|2026-08-06|2026-08-07|2026-08-10|2026-08-11|2026-08-12|2026-08-13|2026-08-14|2026-08-17|2026-08-18|2026-08-19,2026-08-19 22:35:20,0.0
Spectrum Brands,,2026-07-06|2026-07-07|2026-07-08|2026-07-09|2026-07-10|2026-07-13|2026-07-14|2026-07-15|2026-07-16|2026-07-17|2026-07-20|2026-07-23|2026-07-24|2026-07-27|2026-07-28|2026-07-29|2026-07-30|2026-08-03|2026-08-04|2026-08-05|2026-08-06|2026-08-07|2026-08-10|2026-08-11|2026-08-12|2026-08-13|2026-08-14|2026-08-17|2026-08-18|2026-08-19,2026-08-19 22:35:20,0.0
Visteon,,2026-07-06|2026-07-07|2026-07-08|2026-07-09|2026-07-10|2026-07-13|2026-07-14|2026-07-15|2026-07-16|2026-07-17|2026-07-20|2026-07-23|2026-07-24|2026-07-27|2026-07-28|2026-07-29|2026-07-30|2026-08-03|2026-08-04|2026-08-05|2026-08-06|2026-08-07|2026-08-10|2026-08-11|2026-08-12|2026-08-13|2026-08-14|2026-08-17|2026-08-18|2026-08-19,2026-08-19 22:35:20,0.0
Acuity Inc,,2026-07-06|2026-07-07|2026-07-08|2026-07-09|2026-07-10|2026-07-13|2026-07-14|2026-07-15|2026-07-16|2026-07-17|2026-07-20|2026-07-23|2026-07-24|2026-07-27|2026-07-28|2026-07-29|2026-07-30|2026-08-03|2026-08-04|2026-08-05|2026-08-06|2026-08-07|2026-08-10|2026-08-11|2026-08-12|2026-08-13|2026-08-14|2026-08-17|2026-08-18|2026-08-19,2026-08-19 22:35:20,0.0
The Greenbrier Companies,,2026-07-09|2026-07-10|2026-07-13|2026-07-14|2026-07-15|2026-07-16|2026-07-17|2026-07-20|2026-07-21|2026-07-22|2026-07-23|2026-07-24|2026-07-27|2026-07-28|2026-07-29|2026-07-30|2026-07-31|2026-08-03|2026-08-04|2026-08-05|2026-08-06|2026-08-07|2026-08-10|2026-08-11|2026-08-12|2026-08-13|2026-08-14|2026-08-17|2026-08-18|2026-08-19,2026-08-19 22:35:20,0.0
Webster Financial,,2026-07-06|2026-07-07|2026-07-08|2026-07-09|2026-07-10|2026-07-13|2026-07-14|2026-07-15|2026-07-16|2026-07-17|2026-07-20|2026-07-23|2026-07-24|2026-07-27|2026-07-28|2026-07-29|2026-07-30|2026-08-03|2026-08-04|2026-08-05|2026-08-06|2026-08-07|2026-08-10|2026-08-11|2026-08-12|2026-08-13|2026-08-14|2026-08-17|2026-08-18|2026-08-19,2026-08-19 22:35:20,0.0
Cabot Corporation,,2026-07-06|2026-07-07|2026-07-08|2026-07-09|2026-07-10|2026-07-13|2026-07-14|2026-07-15|2026-07-16|2026-07-17|2026-07-20|2026-07-23|2026-07-24|2026-07-27|2026-07-28|2026-07-29|2026-07-30|2026-08-03|2026-08-04|2026-08-05|2026-08-06|2026-08-07|2026-08-10|2026-08-11|2026-08-12|2026-08-13|2026-08-14|2026-08-17|2026-08-18|2026-08-19,2026-08-19 22:35:20,0.0
RXO Inc,,2026-07-07|2026-07-08|2026-07-09|2026-07-10|2026-07-13|2026-07-14|2026-07-15|2026-07-16|2026-07-17|2026-07-20|2026-07-23|2026-07-24|2026-07-27|2026-07-28|2026-07-29|2026-07-30|2026-07-31|2026-08-03|2026-08-04|2026-08-05|2026-08-06|2026-08-07|2026-08-10|2026-08-11|2026-08-12|2026-08-13|2026-08-14|2026-08-17|2026-08-18|2026-08-19,2026-08-19 22:35:20,0.0
Chord Energy,,2026-07-06|2026-07-07|2026-07-08|2026-07-09|2026-07-10|2026-07-13|2026-07-14|2026-07-15|2026-07-16|2026-07-17|2026-07-20|2026-07-23|2026-07-24|2026-07-27|2026-07-28|2026-07-29|2026-07-30|2026-08-03|2026-08-04|2026-08-05|2026-08-06|2026-08-07|2026-08-10|2026-08-11|2026-08-12|2026-08-13|2026-08-14|2026-08-17|2026-08-18|2026-08-19,2026-08-19 22:35:20,0.0
Popular Inc,,2026-07-06|2026-07-07|2026-07-08|2026-07-09|2026-07-10|2026-07-13|2026-07-14|2026-07-15|2026-07-16|2026-07-17|2026-07-20|2026-07-23|2026-07-24|2026-07-27|2026-07-28|2026-07-29|2026-07-30|2026-08-03|2026-08-04|2026-08-05|2026-08-06|2026-08-07|2026-08-10|2026-08-11|2026-08-12|2026-08-13|2026-08-14|2026-08-17|2026-08-18|2026-08-19,2026-08-19 22:35:20,0.0
Garrett Motion Inc,,2026-07-09|2026-07-10|2026-07-13|2026-07-14|2026-07-15|2026-07-16|2026-07-17|2026-07-20|2026-07-21|2026-07-22|2026-07-23|2026-07-24|2026-07-27|2026-07-28|2026-07-29|2026-07-30|2026-07-31|2026-08-03|2026-08-04|2026-08-05|2026-08-06|2026-08-07|2026-08-10|2026-08-11|2026-08-12|2026-08-13|2026-08-14|2026-08-17|2026-08-18|2026-08-19,2026-08-19 22:35:20,0.0
Tutor Perini Corporation,,2026-07-09|2026-07-10|2026-07-13|2026-07-14|2026-07-15|2026-07-16|2026-07-17|2026-07-20|2026-07-21|2026-07-22|2026-07-23|2026-07-24|2026-07-27|2026-07-28|2026-07-29|2026-07-30|2026-07-31|2026-08-03|2026-08-04|2026-08-05|2026-08-06|2026-08-07|2026-08-10|2026-08-11|2026-08-12|2026-08-13|2026-08-14|2026-08-17|2026-08-18|2026-08-19,2026-08-19 22:35:20,0.0
Copart,,2026-07-09|2026-07-10|2026-07-13|2026-07-14|2026-07-15|2026-07-16|2026-07-17|2026-07-20|2026-07-21|2026-07-22|2026-07-23|2026-07-24|2026-07-27|2026-07-28|2026-07-29|2026-07-30|2026-07-31|2026-08-03|2026-08-04|2026-08-05|2026-08-06|2026-08-07|2026-08-10|2026-08-11|2026-08-12|2026-08-13|2026-08-14|2026-08-17|2026-08-18|2026-08-19,2026-08-19 22:35:20,0.0
Toast Inc,,2026-07-09|2026-07-10|2026-07-13|2026-07-14|2026-07-15|2026-07-16|2026-07-17|2026-07-20|2026-07-21|2026-07-22|2026-07-23|2026-07-24|2026-07-27|2026-07-28|2026-07-29|2026-07-30|2026-07-31|2026-08-03|2026-08-04|2026-08-05|2026-08-06|2026-08-07|2026-08-10|2026-08-11|2026-08-12|2026-08-13|2026-08-14|2026-08-17|2026-08-18|2026-08-19,2026-08-19 22:35:20,0.0
Align Technology,,2026-07-09|2026-07-10|2026-07-13|2026-07-14|2026-07-15|2026-07-16|2026-07-17|2026-07-20|2026-07-21|2026-07-22|2026-07-23|2026-07-24|2026-07-27|2026-07-28|2026-07-29|2026-07-30|2026-07-31|2026-08-03|2026-08-04|2026-08-05|2026-08-06|2026-08-07|2026-08-10|2026-08-11|2026-08-12|2026-08-13|2026-08-14|2026-08-17|2026-08-18|2026-08-19,2026-08-19 22:35:20,0.0
A O Smith,,2026-07-07|2026-07-08|2026-07-09|2026-07-10|2026-07-13|2026-07-14|2026-07-15|2026-07-16|2026-07-17|2026-07-20|2026-07-23|2026-07-24|2026-07-27|2026-07-28|2026-07-29|2026-07-30|2026-07-31|2026-08-03|2026-08-04|2026-08-05|2026-08-06|2026-08-07|2026-08-10|2026-08-11|2026-08-12|2026-08-13|2026-08-14|2026-08-17|2026-08-18|2026-08-19,2026-08-19 22:35:20,0.0
TransUnion,,2026-07-06|2026-07-07|2026-07-08|2026-07-09|2026-07-10|2026-07-13|2026-07-14|2026-07-15|2026-07-16|2026-07-17|2026-07-20|2026-07-23|2026-07-24|2026-07-27|2026-07-28|2026-07-29|2026-07-30|2026-08-03|2026-08-04|2026-08-05|2026-08-06|2026-08-07|2026-08-10|2026-08-11|2026-08-12|2026-08-13|2026-08-14|2026-08-17|2026-08-18|2026-08-19,2026-08-19 22:35:20,0.0
NCR Voyix,,2026-07-07|2026-07-08|2026-07-09|2026-07-10|2026-07-13|2026-07-14|2026-07-15|2026-07-16|2026-07-17|2026-07-20|2026-07-22|2026-07-23|2026-07-24|2026-07-27|2026-07-28|2026-07-29|2026-07-30|2026-08-03|2026-08-04|2026-08-05|2026-08-06|2026-08-07|2026-08-10|2026-08-11|2026-08-12|2026-08-13|2026-08-14|2026-08-17|2026-08-18|2026-08-19,2026-08-19 22:35:20,0.0
Akamai Technologies,,2026-07-07|2026-07-08|2026-07-09|2026-07-10|2026-07-13|2026-07-14|2026-07-15|2026-07-16|2026-07-17|2026-07-20|2026-07-21|2026-07-23|2026-07-24|2026-07-27|2026-07-28|2026-07-29|2026-07-30|2026-08-03|2026-08-04|2026-08-05|2026-08-06|2026-08-07|2026-08-10|2026-08-11|2026-08-12|2026-08-13|2026-08-14|2026-08-17|2026-08-18|2026-08-19,2026-08-19 22:35:20,0.0
Trimble Inc,,2026-07-06|2026-07-07|2026-07-08|2026-07-09|2026-07-10|2026-07-13|2026-07-14|2026-07-15|2026-07-16|2026-07-17|2026-07-20|2026-07-23|2026-07-24|2026-07-27|2026-07-28|2026-07-29|2026-07-30|2026-08-03|2026-08-04|2026-08-05|2026-08-06|2026-08-07|2026-08-10|2026-08-11|2026-08-12|2026-08-13|2026-08-14|2026-08-17|2026-08-18|2026-08-19,2026-08-19 22:35:20,0.0
AMN Healthcare Services,,2026-07-06|2026-07-07|2026-07-08|2026-07-09|2026-07-10|2026-07-13|2026-07-14|2026-07-15|2026-07-16|2026-07-17|2026-07-20|2026-07-23|2026-07-24|2026-07-27|2026-07-28|2026-07-29|2026-07-30|2026-08-03|2026-08-04|2026-08-05|2026-08-06|2026-08-07|2026-08-10|2026-08-11|2026-08-12|2026-08-13|2026-08-14|2026-08-17|2026-08-18|2026-08-19,2026-08-19 22:35:20,0.0
Mettler-Toledo International,,2026-07-06|2026-07-07|2026-07-08|2026-07-09|2026-07-10|2026-07-13|2026-07-14|2026-07-15|2026-07-16|2026-07-17|2026-07-20|2026-07-23|2026-07-24|2026-07-27|2026-07-28|2026-07-29|2026-07-30|2026-08-03|2026-08-04|2026-08-05|2026-08-06|2026-08-07|2026-08-10|2026-08-11|2026-08-12|2026-08-13|2026-08-14|2026-08-17|2026-08-18|2026-08-19,2026-08-19 22:35:20,0.0
ScanSource,,2026-07-06|2026-07-07|2026-07-08|2026-07-09|2026-07-10|2026-07-13|2026-07-14|2026-07-15|2026-07-16|2026-07-17|2026-07-20|2026-07-23|2026-07-24|2026-07-27|2026-07-28|2026-07-29|2026-07-30|2026-08-03|2026-08-04|2026-08-05|2026-08-06|2026-08-07|2026-08-10|2026-08-11|2026-08-12|2026-08-13|2026-08-14|2026-08-17|2026-08-18|2026-08-19,2026-08-19 22:35:20,0.0
LCI Industries,,2026-07-06|2026-07-07|2026-07-08|2026-07-09|2026-07-10|2026-07-13|2026-07-14|2026-07-15|2026-07-16|2026-07-17|2026-07-20|2026-07-23|2026-07-24|2026-07-27|2026-07-28|2026-07-29|2026-07-30|2026-08-03|2026-08-04|2026-08-05|2026-08-06|2026-08-07|2026-08-10|2026-08-11|2026-08-12|2026-08-13|2026-08-14|2026-08-17|2026-08-18|2026-08-19,2026-08-19 22:35:20,0.0
Cboe Global Markets,,2026-07-06|2026-07-07|2026-07-08|2026-07-09|2026-07-10|2026-07-13|2026-07-14|2026-07-15|2026-07-16|2026-07-17|2026-07-20|2026-07-23|2026-07-24|2026-07-27|2026-07-28|2026-07-29|2026-07-30|2026-08-03|2026-08-04|2026-08-05|2026-08-06|2026-08-07|2026-08-10|2026-08-11|2026-08-12|2026-08-13|2026-08-14|2026-08-17|2026-08-18|2026-08-19,2026-08-19 22:35:20,0.0
Diebold Nixdorf,,2026-07-06|2026-07-07|2026-07-08|2026-07-09|2026-07-10|2026-07-13|2026-07-14|2026-07-15|2026-07-16|2026-07-17|2026-07-20|2026-07-23|2026-07-24|2026-07-27|2026-07-28|2026-07-29|2026-07-30|2026-08-03|2026-08-04|2026-08-05|2026-08-06|2026-08-07|2026-08-10|2026-08-11|2026-08-12|2026-08-13|2026-08-14|2026-08-17|2026-08-18|2026-08-19,2026-08-19 22:35:20,0.0
Corpay,,2026-07-06|2026-07-07|2026-07-08|2026-07-09|2026-07-10|2026-07-13|2026-07-14|2026-07-15|2026-07-16|2026-07-17|2026-07-20|2026-07-23|2026-07-24|2026-07-27|2026-07-28|2026-07-29|2026-07-30|2026-08-03|2026-08-04|2026-08-05|2026-08-06|2026-08-07|2026-08-10|2026-08-11|2026-08-12|2026-08-13|2026-08-14|2026-08-17|2026-08-18|2026-08-19,2026-08-19 22:35:20,0.0
iHeartMedia,,2026-07-08|2026-07-09|2026-07-10|2026-07-13|2026-07-14|2026-07-15|2026-07-16|2026-07-17|2026-07-20|2026-07-21|2026-07-22|2026-07-23|2026-07-24|2026-07-27|2026-07-28|2026-07-29|2026-07-30|2026-08-03|2026-08-04|2026-08-05|2026-08-06|2026-08-07|2026-08-10|2026-08-11|2026-08-12|2026-08-13|2026-08-14|2026-08-17|2026-08-18|2026-08-19,2026-08-19 22:35:20,0.0
Dream Finders Homes,,2026-07-09|2026-07-10|2026-07-13|2026-07-14|2026-07-15|2026-07-16|2026-07-17|2026-07-20|2026-07-21|2026-07-22|2026-07-23|2026-07-24|2026-07-27|2026-07-28|2026-07-29|2026-07-30|2026-07-31|2026-08-03|2026-08-04|2026-08-05|2026-08-06|2026-08-07|2026-08-10|2026-08-11|2026-08-12|2026-08-13|2026-08-14|2026-08-17|2026-08-18|2026-08-19,2026-08-19 22:35:20,0.0
Boyd Gaming,,2026-07-06|2026-07-07|2026-07-08|2026-07-09|2026-07-10|2026-07-13|2026-07-14|2026-07-15|2026-07-16|2026-07-17|2026-07-20|2026-07-23|2026-07-24|2026-07-27|2026-07-28|2026-07-29|2026-07-30|2026-08-03|2026-08-04|2026-08-05|2026-08-06|2026-08-07|2026-08-10|2026-08-11|2026-08-12|2026-08-13|2026-08-14|2026-08-17|2026-08-18|2026-08-19,2026-08-19 22:35:20,0.0
Ensign Group,,2026-07-09|2026-07-10|2026-07-13|2026-07-14|2026-07-15|2026-07-16|2026-07-17|2026-07-20|2026-07-21|2026-07-22|2026-07-23|2026-07-24|2026-07-27|2026-07-28|2026-07-29|2026-07-30|2026-07-31|2026-08-03|2026-08-04|2026-08-05|2026-08-06|2026-08-07|2026-08-10|2026-08-11|2026-08-12|2026-08-13|2026-08-14|2026-08-17|2026-08-18|2026-08-19,2026-08-19 22:35:20,0.0
Sally Beauty,,2026-07-06|2026-07-07|2026-07-08|2026-07-09|2026-07-10|2026-07-13|2026-07-14|2026-07-15|2026-07-16|2026-07-17|2026-07-20|2026-07-23|2026-07-24|2026-07-27|2026-07-28|2026-07-29|2026-07-30|2026-08-03|2026-08-04|2026-08-05|2026-08-06|2026-08-07|2026-08-10|2026-08-11|2026-08-12|2026-08-13|2026-08-14|2026-08-17|2026-08-18|2026-08-19,2026-08-19 22:35:20,0.0
Conduent,,2026-07-07|2026-07-08|2026-07-09|2026-07-10|2026-07-13|2026-07-14|2026-07-15|2026-07-16|2026-07-17|2026-07-20|2026-07-21|2026-07-23|2026-07-24|2026-07-27|2026-07-28|2026-07-29|2026-07-30|2026-08-03|2026-08-04|2026-08-05|2026-08-06|2026-08-07|2026-08-10|2026-08-11|2026-08-12|2026-08-13|2026-08-14|2026-08-17|2026-08-18|2026-08-19,2026-08-19 22:35:20,0.0
Sylvamo,,2026-07-06|2026-07-07|2026-07-08|2026-07-09|2026-07-10|2026-07-13|2026-07-14|2026-07-15|2026-07-16|2026-07-17|2026-07-20|2026-07-23|2026-07-24|2026-07-27|2026-07-28|2026-07-29|2026-07-30|2026-08-03|2026-08-04|2026-08-05|2026-08-06|2026-08-07|2026-08-10|2026-08-11|2026-08-12|2026-08-13|2026-08-14|2026-08-17|2026-08-18|2026-08-19,2026-08-19 22:35:20,0.0
EnerSys,,2026-07-09|2026-07-10|2026-07-13|2026-07-14|2026-07-15|2026-07-16|2026-07-17|2026-07-20|2026-07-21|2026-07-22|2026-07-23|2026-07-24|2026-07-27|2026-07-28|2026-07-29|2026-07-30|2026-07-31|2026-08-03|2026-08-04|2026-08-05|2026-08-06|2026-08-07|2026-08-10|2026-08-11|2026-08-12|2026-08-13|2026-08-14|2026-08-17|2026-08-18|2026-08-19,2026-08-19 22:35:20,0.0
Incyte,,2026-07-06|2026-07-07|2026-07-08|2026-07-09|2026-07-10|2026-07-13|2026-07-14|2026-07-15|2026-07-16|2026-07-17|2026-07-20|2026-07-23|2026-07-24|2026-07-27|2026-07-28|2026-07-29|2026-07-30|2026-08-03|2026-08-04|2026-08-05|2026-08-06|2026-08-07|2026-08-10|2026-08-11|2026-08-12|2026-08-13|2026-08-14|2026-08-17|2026-08-18|2026-08-19,2026-08-19 22:35:20,0.0
Century Communities,,2026-07-06|2026-07-07|2026-07-08|2026-07-09|2026-07-10|2026-07-13|2026-07-14|2026-07-15|2026-07-16|2026-07-17|2026-07-20|2026-07-23|2026-07-24|2026-07-27|2026-07-28|2026-07-29|2026-07-30|2026-08-03|2026-08-04|2026-08-05|2026-08-06|2026-08-07|2026-08-10|2026-08-11|2026-08-12|2026-08-13|2026-08-14|2026-08-17|2026-08-18|2026-08-19,2026-08-19 22:35:20,0.0
Rithm Capital,,2026-07-08|2026-07-09|2026-07-10|2026-07-13|2026-07-14|2026-07-15|2026-07-16|2026-07-17|2026-07-20|2026-07-21|2026-07-23|2026-07-24|2026-07-27|2026-07-28|2026-07-29|2026-07-30|2026-07-31|2026-08-03|2026-08-04|2026-08-05|2026-08-06|2026-08-07|2026-08-10|2026-08-11|2026-08-12|2026-08-13|2026-08-14|2026-08-17|2026-08-18|2026-08-19,2026-08-19 22:35:20,0.0
Euronet Worldwide,,2026-07-06|2026-07-07|2026-07-08|2026-07-09|2026-07-10|2026-07-13|2026-07-14|2026-07-15|2026-07-16|2026-07-17|2026-07-20|2026-07-23|2026-07-24|2026-07-27|2026-07-28|2026-07-29|2026-07-30|2026-08-03|2026-08-04|2026-08-05|2026-08-06|2026-08-07|2026-08-10|2026-08-11|2026-08-12|2026-08-13|2026-08-14|2026-08-17|2026-08-18|2026-08-19,2026-08-19 22:35:20,0.0
Hawaiian Electric Industries,,2026-07-07|2026-07-08|2026-07-09|2026-07-10|2026-07-13|2026-07-14|2026-07-15|2026-07-16|2026-07-17|2026-07-20|2026-07-22|2026-07-23|2026-07-24|2026-07-27|2026-07-28|2026-07-29|2026-07-30|2026-08-03|2026-08-04|2026-08-05|2026-08-06|2026-08-07|2026-08-10|2026-08-11|2026-08-12|2026-08-13|2026-08-14|2026-08-17|2026-08-18|2026-08-19,2026-08-19 22:35:20,0.0
DraftKings,,2026-07-09|2026-07-10|2026-07-13|2026-07-14|2026-07-15|2026-07-16|2026-07-17|2026-07-20|2026-07-21|2026-07-22|2026-07-23|2026-07-24|2026-07-27|2026-07-28|2026-07-29|2026-07-30|2026-07-31|2026-08-03|2026-08-04|2026-08-05|2026-08-06|2026-08-07|2026-08-10|2026-08-11|2026-08-12|2026-08-13|2026-08-14|2026-08-17|2026-08-18|2026-08-19,2026-08-19 22:35:20,0.0
IDEXX Laboratories,,2026-07-09|2026-07-10|2026-07-13|2026-07-14|2026-07-15|2026-07-16|2026-07-17|2026-07-20|2026-07-21|2026-07-22|2026-07-23|2026-07-24|2026-07-27|2026-07-28|2026-07-29|2026-07-30|2026-07-31|2026-08-03|2026-08-04|2026-08-05|2026-08-06|2026-08-07|2026-08-10|2026-08-11|2026-08-12|2026-08-13|2026-08-14|2026-08-17|2026-08-18|2026-08-19,2026-08-19 22:35:20,0.0
MYR Group,,2026-07-09|2026-07-10|2026-07-13|2026-07-14|2026-07-15|2026-07-16|2026-07-17|2026-07-20|2026-07-21|2026-07-22|2026-07-23|2026-07-24|2026-07-27|2026-07-28|2026-07-29|2026-07-30|2026-07-31|2026-08-03|2026-08-04|2026-08-05|2026-08-06|2026-08-07|2026-08-10|2026-08-11|2026-08-12|2026-08-13|2026-08-14|2026-08-17|2026-08-18|2026-08-19,2026-08-19 22:35:20,0.0
Deckers Outdoor,,2026-07-09|2026-07-10|2026-07-13|2026-07-14|2026-07-15|2026-07-16|2026-07-17|2026-07-20|2026-07-21|2026-07-22|2026-07-23|2026-07-24|2026-07-27|2026-07-28|2026-07-29|2026-07-30|2026-07-31|2026-08-03|2026-08-04|2026-08-05|2026-08-06|2026-08-07|2026-08-10|2026-08-11|2026-08-12|2026-08-13|2026-08-14|2026-08-17|2026-08-18|2026-08-19,2026-08-19 22:35:20,0.0
DexCom,,2026-07-09|2026-07-10|2026-07-13|2026-07-14|2026-07-15|2026-07-16|2026-07-17|2026-07-20|2026-07-21|2026-07-22|2026-07-23|2026-07-24|2026-07-27|2026-07-28|2026-07-29|2026-07-30|2026-07-31|2026-08-03|2026-08-04|2026-08-05|2026-08-06|2026-08-07|2026-08-10|2026-08-11|2026-08-12|2026-08-13|2026-08-14|2026-08-17|2026-08-18|2026-08-19,2026-08-19 22:35:20,0.0
MKS Instruments,,2026-07-06|2026-07-07|2026-07-08|2026-07-09|2026-07-10|2026-07-13|2026-07-14|2026-07-15|2026-07-16|2026-07-17|2026-07-20|2026-07-23|2026-07-24|2026-07-27|2026-07-28|2026-07-29|2026-07-30|2026-08-03|2026-08-04|2026-08-05|2026-08-06|2026-08-07|2026-08-10|2026-08-11|2026-08-12|2026-08-13|2026-08-14|2026-08-17|2026-08-18|2026-08-19,2026-08-19 22:35:20,0.0
VICI Properties,,2026-07-09|2026-07-10|2026-07-13|2026-07-14|2026-07-15|2026-07-16|2026-07-17|2026-07-20|2026-07-21|2026-07-22|2026-07-23|2026-07-24|2026-07-27|2026-07-28|2026-07-29|2026-07-30|2026-07-31|2026-08-03|2026-08-04|2026-08-05|2026-08-06|2026-08-07|2026-08-10|2026-08-11|2026-08-12|2026-08-13|2026-08-14|2026-08-17|2026-08-18|2026-08-19,2026-08-19 22:35:20,0.0
Cooper Cos,,2026-07-06|2026-07-07|2026-07-08|2026-07-09|2026-07-10|2026-07-13|2026-07-14|2026-07-15|2026-07-16|2026-07-17|2026-07-20|2026-07-23|2026-07-24|2026-07-27|2026-07-28|2026-07-29|2026-07-30|2026-08-03|2026-08-04|2026-08-05|2026-08-06|2026-08-07|2026-08-10|2026-08-11|2026-08-12|2026-08-13|2026-08-14|2026-08-17|2026-08-18|2026-08-19,2026-08-19 22:35:20,0.0
Frontier Airlines,,2026-07-06|2026-07-07|2026-07-08|2026-07-09|2026-07-10|2026-07-13|2026-07-14|2026-07-15|2026-07-16|2026-07-17|2026-07-20|2026-07-23|2026-07-24|2026-07-27|2026-07-28|2026-07-29|2026-07-30|2026-08-03|2026-08-04|2026-08-05|2026-08-06|2026-08-07|2026-08-10|2026-08-11|2026-08-12|2026-08-13|2026-08-14|2026-08-17|2026-08-18|2026-08-19,2026-08-19 22:35:20,0.0
Qorvo,,2026-07-06|2026-07-07|2026-07-08|2026-07-09|2026-07-10|2026-07-13|2026-07-14|2026-07-15|2026-07-16|2026-07-17|2026-07-20|2026-07-23|2026-07-24|2026-07-27|2026-07-28|2026-07-29|2026-07-30|2026-08-03|2026-08-04|2026-08-05|2026-08-06|2026-08-07|2026-08-10|2026-08-11|2026-08-12|2026-08-13|2026-08-14|2026-08-17|2026-08-18|2026-08-19,2026-08-19 22:35:20,0.0
Five Below,,2026-07-06|2026-07-07|2026-07-08|2026-07-09|2026-07-10|2026-07-13|2026-07-14|2026-07-15|2026-07-16|2026-07-17|2026-07-20|2026-07-23|2026-07-24|2026-07-27|2026-07-28|2026-07-29|2026-07-30|2026-08-03|2026-08-04|2026-08-05|2026-08-06|2026-08-07|2026-08-10|2026-08-11|2026-08-12|2026-08-13|2026-08-14|2026-08-17|2026-08-18|2026-08-19,2026-08-19 22:35:20,0.0
Scotts Miracle-Gro,,2026-07-06|2026-07-07|2026-07-08|2026-07-09|2026-07-10|2026-07-13|2026-07-14|2026-07-15|2026-07-16|2026-07-17|2026-07-20|2026-07-23|2026-07-24|2026-07-27|2026-07-28|2026-07-29|2026-07-30|2026-08-03|2026-08-04|2026-08-05|2026-08-06|2026-08-07|2026-08-10|2026-08-11|2026-08-12|2026-08-13|2026-08-14|2026-08-17|2026-08-18|2026-08-19,2026-08-19 22:35:20,0.0
Atlassian,,2026-07-09|2026-07-10|2026-07-13|2026-07-14|2026-07-15|2026-07-16|2026-07-17|2026-07-20|2026-07-21|2026-07-22|2026-07-23|2026-07-24|2026-07-27|2026-07-28|2026-07-29|2026-07-30|2026-07-31|2026-08-03|2026-08-04|2026-08-05|2026-08-06|2026-08-07|2026-08-10|2026-08-11|2026-08-12|2026-08-13|2026-08-14|2026-08-17|2026-08-18|2026-08-19,2026-08-19 22:35:20,0.0
Entegris,,2026-07-08|2026-07-09|2026-07-10|2026-07-13|2026-07-14|2026-07-15|2026-07-16|2026-07-17|2026-07-20|2026-07-21|2026-07-22|2026-07-23|2026-07-24|2026-07-27|2026-07-28|2026-07-29|2026-07-30|2026-08-03|2026-08-04|2026-08-05|2026-08-06|2026-08-07|2026-08-10|2026-08-11|2026-08-12|2026-08-13|2026-08-14|2026-08-17|2026-08-18|2026-08-19,2026-08-19 22:35:20,0.0
Atkore,,2026-07-09|2026-07-10|2026-07-13|2026-07-14|2026-07-15|2026-07-16|2026-07-17|2026-07-20|2026-07-21|2026-07-22|2026-07-23|2026-07-24|2026-07-27|2026-07-28|2026-07-29|2026-07-30|2026-07-31|2026-08-03|2026-08-04|2026-08-05|2026-08-06|2026-08-07|2026-08-10|2026-08-11|2026-08-12|2026-08-13|2026-08-14|2026-08-17|2026-08-18|2026-08-19,2026-08-19 22:35:20,0.0
HB Fuller,,2026-07-06|2026-07-07|2026-07-08|2026-07-09|2026-07-10|2026-07-13|2026-07-14|2026-07-15|2026-07-16|2026-07-17|2026-07-20|2026-07-23|2026-07-24|2026-07-27|2026-07-28|2026-07-29|2026-07-30|2026-08-03|2026-08-04|2026-08-05|2026-08-06|2026-08-07|2026-08-10|2026-08-11|2026-08-12|2026-08-13|2026-08-14|2026-08-17|2026-08-18|2026-08-19,2026-08-19 22:35:20,0.0
Granite Construction,,2026-07-06|2026-07-07|2026-07-08|2026-07-09|2026-07-10|2026-07-13|2026-07-14|2026-07-15|2026-07-16|2026-07-17|2026-07-20|2026-07-23|2026-07-24|2026-07-27|2026-07-28|2026-07-29|2026-07-30|2026-08-03|2026-08-04|2026-08-05|2026-08-06|2026-08-07|2026-08-10|2026-08-11|2026-08-12|2026-08-13|2026-08-14|2026-08-17|2026-08-18|2026-08-19,2026-08-19 22:35:20,0.0
Winnebago Industries,,2026-07-09|2026-07-10|2026-07-13|2026-07-14|2026-07-15|2026-07-16|2026-07-17|2026-07-20|2026-07-21|2026-07-22|2026-07-23|2026-07-24|2026-07-27|2026-07-28|2026-07-29|2026-07-30|2026-07-31|2026-08-03|2026-08-04|2026-08-05|2026-08-06|2026-08-07|2026-08-10|2026-08-11|2026-08-12|2026-08-13|2026-08-14|2026-08-17|2026-08-18|2026-08-19,2026-08-19 22:35:20,0.0
FTI Consulting,,2026-07-06|2026-07-07|2026-07-08|2026-07-09|2026-07-10|2026-07-13|2026-07-14|2026-07-15|2026-07-16|2026-07-17|2026-07-20|2026-07-23|2026-07-24|2026-07-27|2026-07-28|2026-07-29|2026-07-30|2026-08-03|2026-08-04|2026-08-05|2026-08-06|2026-08-07|2026-08-10|2026-08-11|2026-08-12|2026-08-13|2026-08-14|2026-08-17|2026-08-18|2026-08-19,2026-08-19 22:35:20,0.0
AptarGroup,,2026-07-06|2026-07-07|2026-07-08|2026-07-09|2026-07-10|2026-07-13|2026-07-14|2026-07-15|2026-07-16|2026-07-17|2026-07-20|2026-07-23|2026-07-24|2026-07-27|2026-07-28|2026-07-29|2026-07-30|2026-08-03|2026-08-04|2026-08-05|2026-08-06|2026-08-07|2026-08-10|2026-08-11|2026-08-12|2026-08-13|2026-08-14|2026-08-17|2026-08-18|2026-08-19,2026-08-19 22:35:20,0.0
Columbia Sportswear,,2026-07-09|2026-07-10|2026-07-13|2026-07-14|2026-07-15|2026-07-16|2026-07-17|2026-07-20|2026-07-21|2026-07-22|2026-07-23|2026-07-24|2026-07-27|2026-07-28|2026-07-29|2026-07-30|2026-07-31|2026-08-03|2026-08-04|2026-08-05|2026-08-06|2026-08-07|2026-08-10|2026-08-11|2026-08-12|2026-08-13|2026-08-14|2026-08-17|2026-08-18|2026-08-19,2026-08-19 22:35:20,0.0
Roku,,2026-07-08|2026-07-09|2026-07-10|2026-07-13|2026-07-14|2026-07-15|2026-07-16|2026-07-17|2026-07-20|2026-07-22|2026-07-23|2026-07-24|2026-07-27|2026-07-28|2026-07-29|2026-07-30|2026-07-31|2026-08-03|2026-08-04|2026-08-05|2026-08-06|2026-08-07|2026-08-10|2026-08-11|2026-08-12|2026-08-13|2026-08-14|2026-08-17|2026-08-18|2026-08-19,2026-08-19 22:35:20,0.0
Alpha Metallurgical Resources,,2026-07-09|2026-07-10|2026-07-13|2026-07-14|2026-07-15|2026-07-16|2026-07-17|2026-07-20|2026-07-21|2026-07-22|2026-07-23|2026-07-24|2026-07-27|2026-07-28|2026-07-29|2026-07-30|2026-07-31|2026-08-03|2026-08-04|2026-08-05|2026-08-06|2026-08-07|2026-08-10|2026-08-11|2026-08-12|2026-08-13|2026-08-14|2026-08-17|2026-08-18|2026-08-19,2026-08-19 22:35:20,0.0
Patrick Industries,,2026-07-06|2026-07-07|2026-07-08|2026-07-09|2026-07-10|2026-07-13|2026-07-14|2026-07-15|2026-07-16|2026-07-17|2026-07-20|2026-07-23|2026-07-24|2026-07-27|2026-07-28|2026-07-29|2026-07-30|2026-08-03|2026-08-04|2026-08-05|2026-08-06|2026-08-07|2026-08-10|2026-08-11|2026-08-12|2026-08-13|2026-08-14|2026-08-17|2026-08-18|2026-08-19,2026-08-19 22:35:20,0.0
Murphy Oil,,2026-07-07|2026-07-08|2026-07-09|2026-07-10|2026-07-13|2026-07-14|2026-07-15|2026-07-16|2026-07-17|2026-07-20|2026-07-22|2026-07-23|2026-07-24|2026-07-27|2026-07-28|2026-07-29|2026-07-30|2026-08-03|2026-08-04|2026-08-05|2026-08-06|2026-08-07|2026-08-10|2026-08-11|2026-08-12|2026-08-13|2026-08-14|2026-08-17|2026-08-18|2026-08-19,2026-08-19 22:35:20,0.0
Cracker Barrel,,2026-07-09|2026-07-10|2026-07-13|2026-07-14|2026-07-15|2026-07-16|2026-07-17|2026-07-20|2026-07-21|2026-07-22|2026-07-23|2026-07-24|2026-07-27|2026-07-28|2026-07-29|2026-07-30|2026-07-31|2026-08-03|2026-08-04|2026-08-05|2026-08-06|2026-08-07|2026-08-10|2026-08-11|2026-08-12|2026-08-13|2026-08-14|2026-08-17|2026-08-18|2026-08-19,2026-08-19 22:35:20,0.0
Cheesecake Factory,,2026-07-07|2026-07-08|2026-07-09|2026-07-10|2026-07-13|2026-07-14|2026-07-15|2026-07-16|2026-07-17|2026-07-20|2026-07-23|2026-07-24|2026-07-27|2026-07-28|2026-07-29|2026-07-30|2026-07-31|2026-08-03|2026-08-04|2026-08-05|2026-08-06|2026-08-07|2026-08-10|2026-08-11|2026-08-12|2026-08-13|2026-08-14|2026-08-17|2026-08-18|2026-08-19,2026-08-19 22:35:20,0.0
CNX Resources,,2026-07-06|2026-07-07|2026-07-08|2026-07-09|2026-07-10|2026-07-13|2026-07-14|2026-07-15|2026-07-16|2026-07-17|2026-07-20|2026-07-23|2026-07-24|2026-07-27|2026-07-28|2026-07-29|2026-07-30|2026-08-03|2026-08-04|2026-08-05|2026-08-06|2026-08-07|2026-08-10|2026-08-11|2026-08-12|2026-08-13|2026-08-14|2026-08-17|2026-08-18|2026-08-19,2026-08-19 22:35:20,0.0
Chefs Warehouse,,2026-07-07|2026-07-08|2026-07-09|2026-07-10|2026-07-13|2026-07-14|2026-07-15|2026-07-16|2026-07-17|2026-07-20|2026-07-22|2026-07-23|2026-07-24|2026-07-27|2026-07-28|2026-07-29|2026-07-30|2026-08-03|2026-08-04|2026-08-05|2026-08-06|2026-08-07|2026-08-10|2026-08-11|2026-08-12|2026-08-13|2026-08-14|2026-08-17|2026-08-18|2026-08-19,2026-08-19 22:35:20,0.0
Donaldson Company,,2026-07-06|2026-07-07|2026-07-08|2026-07-09|2026-07-10|2026-07-13|2026-07-14|2026-07-15|2026-07-16|2026-07-17|2026-07-20|2026-07-23|2026-07-24|2026-07-27|2026-07-28|2026-07-29|2026-07-30|2026-08-03|2026-08-04|2026-08-05|2026-08-06|2026-08-07|2026-08-10|2026-08-11|2026-08-12|2026-08-13|2026-08-14|2026-08-17|2026-08-18|2026-08-19,2026-08-19 22:35:20,0.0
Mueller Industries,,2026-07-06|2026-07-07|2026-07-08|2026-07-09|2026-07-10|2026-07-13|2026-07-14|2026-07-15|2026-07-16|2026-07-17|2026-07-20|2026-07-23|2026-07-24|2026-07-27|2026-07-28|2026-07-29|2026-07-30|2026-08-03|2026-08-04|2026-08-05|2026-08-06|2026-08-07|2026-08-10|2026-08-11|2026-08-12|2026-08-13|2026-08-14|2026-08-17|2026-08-18|2026-08-19,2026-08-19 22:35:20,0.0
Chart Industries,,2026-07-15,2026-08-19 22:35:20,0.0
Alight Solutions,,2026-07-09|2026-07-10|2026-07-13|2026-07-14|2026-07-15|2026-07-16|2026-07-17|2026-07-20|2026-07-21|2026-07-22|2026-07-23|2026-07-24|2026-07-27|2026-07-28|2026-07-29|2026-07-30|2026-07-31|2026-08-03|2026-08-04|2026-08-05|2026-08-06|2026-08-07|2026-08-10|2026-08-11|2026-08-12|2026-08-13|2026-08-14|2026-08-17|2026-08-18|2026-08-19,2026-08-19 22:35:20,0.0
Vishay Intertechnology,,2026-07-08|2026-07-09|2026-07-10|2026-07-13|2026-07-14|2026-07-15|2026-07-16|2026-07-17|2026-07-20|2026-07-21|2026-07-22|2026-07-23|2026-07-24|2026-07-27|2026-07-28|2026-07-29|2026-07-30|2026-08-03|2026-08-04|2026-08-05|2026-08-06|2026-08-07|2026-08-10|2026-08-11|2026-08-12|2026-08-13|2026-08-14|2026-08-17|2026-08-18|2026-08-19,2026-08-19 22:35:20,0.0
Range Resources,,2026-07-08|2026-07-09|2026-07-10|2026-07-13|2026-07-14|2026-07-15|2026-07-16|2026-07-17|2026-07-20|2026-07-21|2026-07-22|2026-07-23|2026-07-24|2026-07-27|2026-07-28|2026-07-29|2026-07-30|2026-08-03|2026-08-04|2026-08-05|2026-08-06|2026-08-07|2026-08-10|2026-08-11|2026-08-12|2026-08-13|2026-08-14|2026-08-17|2026-08-18|2026-08-19,2026-08-19 22:35:20,0.0
Valley National Bancorp,,2026-07-06|2026-07-07|2026-07-08|2026-07-09|2026-07-10|2026-07-13|2026-07-14|2026-07-15|2026-07-16|2026-07-17|2026-07-20|2026-07-23|2026-07-24|2026-07-27|2026-07-28|2026-07-29|2026-07-30|2026-08-03|2026-08-04|2026-08-05|2026-08-06|2026-08-07|2026-08-10|2026-08-11|2026-08-12|2026-08-13|2026-08-14|2026-08-17|2026-08-18|2026-08-19,2026-08-19 22:35:20,0.0
Match Group,,2026-07-06|2026-07-07|2026-07-08|2026-07-09|2026-07-10|2026-07-13|2026-07-14|2026-07-15|2026-07-16|2026-07-17|2026-07-20|2026-07-23|2026-07-24|2026-07-27|2026-07-28|2026-07-29|2026-07-30|2026-08-03|2026-08-04|2026-08-05|2026-08-06|2026-08-07|2026-08-10|2026-08-11|2026-08-12|2026-08-13|2026-08-14|2026-08-17|2026-08-18|2026-08-19,2026-08-19 22:35:20,0.0
Gen Digital,,2026-07-07|2026-07-08|2026-07-09|2026-07-10|2026-07-13|2026-07-14|2026-07-15|2026-07-16|2026-07-17|2026-07-20|2026-07-23|2026-07-24|2026-07-27|2026-07-28|2026-07-29|2026-07-30|2026-07-31|2026-08-03|2026-08-04|2026-08-05|2026-08-06|2026-08-07|2026-08-10|2026-08-11|2026-08-12|2026-08-13|2026-08-14|2026-08-17|2026-08-18|2026-08-19,2026-08-19 22:35:20,0.0
Wintrust Financial,,2026-07-09|2026-07-10|2026-07-13|2026-07-14|2026-07-15|2026-07-16|2026-07-17|2026-07-20|2026-07-21|2026-07-22|2026-07-23|2026-07-24|2026-07-27|2026-07-28|2026-07-29|2026-07-30|2026-07-31|2026-08-03|2026-08-04|2026-08-05|2026-08-06|2026-08-07|2026-08-10|2026-08-11|2026-08-12|2026-08-13|2026-08-14|2026-08-17|2026-08-18|2026-08-19,2026-08-19 22:35:20,0.0
First Solar,,2026-07-09|2026-07-10|2026-07-13|2026-07-14|2026-07-15|2026-07-16|2026-07-17|2026-07-20|2026-07-21|2026-07-22|2026-07-23|2026-07-24|2026-07-27|2026-07-28|2026-07-29|2026-07-30|2026-07-31|2026-08-03|2026-08-04|2026-08-05|2026-08-06|2026-08-07|2026-08-10|2026-08-11|2026-08-12|2026-08-13|2026-08-14|2026-08-17|2026-08-18|2026-08-19,2026-08-19 22:35:20,0.0
Central Garden & Pet,,2026-07-06|2026-07-07|2026-07-08|2026-07-09|2026-07-10|2026-07-13|2026-07-14|2026-07-15|2026-07-16|2026-07-17|2026-07-20|2026-07-23|2026-07-24|2026-07-27|2026-07-28|2026-07-29|2026-07-30|2026-08-03|2026-08-04|2026-08-05|2026-08-06|2026-08-07|2026-08-10|2026-08-11|2026-08-12|2026-08-13|2026-08-14|2026-08-17|2026-08-18|2026-08-19,2026-08-19 22:35:20,0.0
Green Plains Inc,,2026-07-06|2026-07-07|2026-07-08|2026-07-09|2026-07-10|2026-07-13|2026-07-14|2026-07-15|2026-07-16|2026-07-17|2026-07-20|2026-07-23|2026-07-24|2026-07-27|2026-07-28|2026-07-29|2026-07-30|2026-08-03|2026-08-04|2026-08-05|2026-08-06|2026-08-07|2026-08-10|2026-08-11|2026-08-12|2026-08-13|2026-08-14|2026-08-17|2026-08-18|2026-08-19,2026-08-19 22:35:20,0.0
Werner Enterprises,,2026-07-09|2026-07-10|2026-07-13|2026-07-14|2026-07-15|2026-07-16|2026-07-17|2026-07-20|2026-07-21|2026-07-22|2026-07-23|2026-07-24|2026-07-27|2026-07-28|2026-07-29|2026-07-30|2026-07-31|2026-08-03|2026-08-04|2026-08-05|2026-08-06|2026-08-07|2026-08-10|2026-08-11|2026-08-12|2026-08-13|2026-08-14|2026-08-17|2026-08-18|2026-08-19,2026-08-19 22:35:20,0.0
AppLovin,,2026-07-09|2026-07-10|2026-07-13|2026-07-14|2026-07-15|2026-07-16|2026-07-17|2026-07-20|2026-07-21|2026-07-22|2026-07-23|2026-07-24|2026-07-27|2026-07-28|2026-07-29|2026-07-30|2026-07-31|2026-08-03|2026-08-04|2026-08-05|2026-08-06|2026-08-07|2026-08-10|2026-08-11|2026-08-12|2026-08-13|2026-08-14|2026-08-17|2026-08-18|2026-08-19,2026-08-19 22:35:20,0.0
ITT,,2026-07-09|2026-07-10|2026-07-13|2026-07-14|2026-07-15|2026-07-16|2026-07-17|2026-07-20|2026-07-21|2026-07-22|2026-07-23|2026-07-24|2026-07-27|2026-07-28|2026-07-29|2026-07-30|2026-07-31|2026-08-03|2026-08-04|2026-08-05|2026-08-06|2026-08-07|2026-08-10|2026-08-11|2026-08-12|2026-08-13|2026-08-14|2026-08-17|2026-08-18|2026-08-19,2026-08-19 22:35:20,0.0
Herc Rentals,,2026-07-07|2026-07-08|2026-07-09|2026-07-10|2026-07-13|2026-07-14|2026-07-15|2026-07-16|2026-07-17|2026-07-20|2026-07-22|2026-07-23|2026-07-24|2026-07-27|2026-07-28|2026-07-29|2026-07-30|2026-08-03|2026-08-04|2026-08-05|2026-08-06|2026-08-07|2026-08-10|2026-08-11|2026-08-12|2026-08-13|2026-08-14|2026-08-17|2026-08-18|2026-08-19,2026-08-19 22:35:20,0.0
Gray Television,,2026-07-06|2026-07-07|2026-07-08|2026-07-09|2026-07-10|2026-07-13|2026-07-14|2026-07-15|2026-07-16|2026-07-17|2026-07-20|2026-07-23|2026-07-24|2026-07-27|2026-07-28|2026-07-29|2026-07-30|2026-08-03|2026-08-04|2026-08-05|2026-08-06|2026-08-07|2026-08-10|2026-08-11|2026-08-12|2026-08-13|2026-08-14|2026-08-17|2026-08-18|2026-08-19,2026-08-19 22:35:20,0.0
IDEX,,2026-07-06|2026-07-07|2026-07-08|2026-07-09|2026-07-10|2026-07-13|2026-07-14|2026-07-15|2026-07-16|2026-07-17|2026-07-20|2026-07-23|2026-07-24|2026-07-27|2026-07-28|2026-07-29|2026-07-30|2026-08-03|2026-08-04|2026-08-05|2026-08-06|2026-08-07|2026-08-10|2026-08-11|2026-08-12|2026-08-13|2026-08-14|2026-08-17|2026-08-18|2026-08-19,2026-08-19 22:35:20,0.0
Boston Properties,,2026-07-06|2026-07-07|2026-07-08|2026-07-09|2026-07-10|2026-07-13|2026-07-14|2026-07-15|2026-07-16|2026-07-17|2026-07-20|2026-07-23|2026-07-24|2026-07-27|2026-07-28|2026-07-29|2026-07-30|2026-08-03|2026-08-04|2026-08-05|2026-08-06|2026-08-07|2026-08-10|2026-08-11|2026-08-12|2026-08-13|2026-08-14|2026-08-17|2026-08-18|2026-08-19,2026-08-19 22:35:20,0.0
Pitney Bowes,,2026-07-07|2026-07-08|2026-07-09|2026-07-10|2026-07-13|2026-07-14|2026-07-15|2026-07-16|2026-07-17|2026-07-20|2026-07-21|2026-07-23|2026-07-24|2026-07-27|2026-07-28|2026-07-29|2026-07-30|2026-08-03|2026-08-04|2026-08-05|2026-08-06|2026-08-07|2026-08-10|2026-08-11|2026-08-12|2026-08-13|2026-08-14|2026-08-17|2026-08-18|2026-08-19,2026-08-19 22:35:20,0.0
Sun Communities,,2026-07-06|2026-07-07|2026-07-08|2026-07-09|2026-07-10|2026-07-13|2026-07-14|2026-07-15|2026-07-16|2026-07-17|2026-07-20|2026-07-23|2026-07-24|2026-07-27|2026-07-28|2026-07-29|2026-07-30|2026-08-03|2026-08-04|2026-08-05|2026-08-06|2026-08-07|2026-08-10|2026-08-11|2026-08-12|2026-08-13|2026-08-14|2026-08-17|2026-08-18|2026-08-19,2026-08-19 22:35:20,0.0
AdaptHealth,,2026-07-06|2026-07-07|2026-07-08|2026-07-09|2026-07-10|2026-07-13|2026-07-14|2026-07-15|2026-07-16|2026-07-17|2026-07-20|2026-07-23|2026-07-24|2026-07-27|2026-07-28|2026-07-29|2026-07-30|2026-08-03|2026-08-04|2026-08-05|2026-08-06|2026-08-07|2026-08-10|2026-08-11|2026-08-12|2026-08-13|2026-08-14|2026-08-17|2026-08-18|2026-08-19,2026-08-19 22:35:20,0.0
Genesis Energy,,2026-07-09|2026-07-10|2026-07-13|2026-07-14|2026-07-15|2026-07-16|2026-07-17|2026-07-20|2026-07-21|2026-07-22|2026-07-23|2026-07-24|2026-07-27|2026-07-28|2026-07-29|2026-07-30|2026-07-31|2026-08-03|2026-08-04|2026-08-05|2026-08-06|2026-08-07|2026-08-10|2026-08-11|2026-08-12|2026-08-13|2026-08-14|2026-08-17|2026-08-18|2026-08-19,2026-08-19 22:35:20,0.0
Jackson Financial,,2026-07-06|2026-07-07|2026-07-08|2026-07-09|2026-07-10|2026-07-13|2026-07-14|2026-07-15|2026-07-16|2026-07-17|2026-07-20|2026-07-23|2026-07-24|2026-07-27|2026-07-28|2026-07-29|2026-07-30|2026-08-03|2026-08-04|2026-08-05|2026-08-06|2026-08-07|2026-08-10|2026-08-11|2026-08-12|2026-08-13|2026-08-14|2026-08-17|2026-08-18|2026-08-19,2026-08-19 22:35:20,0.0
FirstCash,,2026-07-06|2026-07-07|2026-07-08|2026-07-09|2026-07-10|2026-07-13|2026-07-14|2026-07-15|2026-07-16|2026-07-17|2026-07-20|2026-07-23|2026-07-24|2026-07-27|2026-07-28|2026-07-29|2026-07-30|2026-08-03|2026-08-04|2026-08-05|2026-08-06|2026-08-07|2026-08-10|2026-08-11|2026-08-12|2026-08-13|2026-08-14|2026-08-17|2026-08-18|2026-08-19,2026-08-19 22:35:20,0.0
Cal-Maine Foods,,2026-07-07|2026-07-08|2026-07-09|2026-07-10|2026-07-13|2026-07-14|2026-07-15|2026-07-16|2026-07-17|2026-07-20|2026-07-22|2026-07-23|2026-07-24|2026-07-27|2026-07-28|2026-07-29|2026-07-30|2026-08-03|2026-08-04|2026-08-05|2026-08-06|2026-08-07|2026-08-10|2026-08-11|2026-08-12|2026-08-13|2026-08-14|2026-08-17|2026-08-18|2026-08-19,2026-08-19 22:35:20,0.0
Avient,,2026-07-06|2026-07-07|2026-07-08|2026-07-09|2026-07-10|2026-07-13|2026-07-14|2026-07-15|2026-07-16|2026-07-17|2026-07-20|2026-07-23|2026-07-24|2026-07-27|2026-07-28|2026-07-29|2026-07-30|2026-08-03|2026-08-04|2026-08-05|2026-08-06|2026-08-07|2026-08-10|2026-08-11|2026-08-12|2026-08-13|2026-08-14|2026-08-17|2026-08-18|2026-08-19,2026-08-19 22:35:20,0.0
BlueLinx,,2026-07-09|2026-07-10|2026-07-13|2026-07-14|2026-07-15|2026-07-16|2026-07-17|2026-07-20|2026-07-21|2026-07-22|2026-07-23|2026-07-24|2026-07-27|2026-07-28|2026-07-29|2026-07-30|2026-07-31|2026-08-03|2026-08-04|2026-08-05|2026-08-06|2026-08-07|2026-08-10|2026-08-11|2026-08-12|2026-08-13|2026-08-14|2026-08-17|2026-08-18|2026-08-19,2026-08-19 22:35:20,0.0
Sinclair,,2026-07-06|2026-07-07|2026-07-08|2026-07-09|2026-07-10|2026-07-13|2026-07-14|2026-07-15|2026-07-16|2026-07-17|2026-07-20|2026-07-23|2026-07-24|2026-07-27|2026-07-28|2026-07-29|2026-07-30|2026-08-03|2026-08-04|2026-08-05|2026-08-06|2026-08-07|2026-08-10|2026-08-11|2026-08-12|2026-08-13|2026-08-14|2026-08-17|2026-08-18|2026-08-19,2026-08-19 22:35:20,0.0
BOK Financial,,2026-07-09|2026-07-10|2026-07-13|2026-07-14|2026-07-15|2026-07-16|2026-07-17|2026-07-20|2026-07-21|2026-07-22|2026-07-23|2026-07-24|2026-07-27|2026-07-28|2026-07-29|2026-07-30|2026-07-31|2026-08-03|2026-08-04|2026-08-05|2026-08-06|2026-08-07|2026-08-10|2026-08-11|2026-08-12|2026-08-13|2026-08-14|2026-08-17|2026-08-18|2026-08-19,2026-08-19 22:35:20,0.0
Permian Resources,,2026-07-09|2026-07-10|2026-07-13|2026-07-14|2026-07-15|2026-07-16|2026-07-17|2026-07-20|2026-07-21|2026-07-22|2026-07-23|2026-07-24|2026-07-27|2026-07-28|2026-07-29|2026-07-30|2026-07-31|2026-08-03|2026-08-04|2026-08-05|2026-08-06|2026-08-07|2026-08-10|2026-08-11|2026-08-12|2026-08-13|2026-08-14|2026-08-17|2026-08-18|2026-08-19,2026-08-19 22:35:20,0.0
PACS Group,,2026-07-06|2026-07-07|2026-07-08|2026-07-09|2026-07-10|2026-07-13|2026-07-14|2026-07-15|2026-07-16|2026-07-17|2026-07-20|2026-07-23|2026-07-24|2026-07-27|2026-07-28|2026-07-29|2026-07-30|2026-08-03|2026-08-04|2026-08-05|2026-08-06|2026-08-07|2026-08-10|2026-08-11|2026-08-12|2026-08-13|2026-08-14|2026-08-17|2026-08-18|2026-08-19,2026-08-19 22:35:20,0.0
Coinbase Global,,2026-07-09|2026-07-10|2026-07-13|2026-07-14|2026-07-15|2026-07-16|2026-07-17|2026-07-20|2026-07-21|2026-07-22|2026-07-23|2026-07-24|2026-07-27|2026-07-28|2026-07-29|2026-07-30|2026-07-31|2026-08-03|2026-08-04|2026-08-05|2026-08-06|2026-08-07|2026-08-10|2026-08-11|2026-08-12|2026-08-13|2026-08-14|2026-08-17|2026-08-18|2026-08-19,2026-08-19 22:35:20,0.0
Western Midstream Partners,,2026-07-07|2026-07-08|2026-07-09|2026-07-10|2026-07-13|2026-07-14|2026-07-15|2026-07-16|2026-07-17|2026-07-20|2026-07-23|2026-07-24|2026-07-27|2026-07-28|2026-07-29|2026-07-30|2026-07-31|2026-08-03|2026-08-04|2026-08-05|2026-08-06|2026-08-07|2026-08-10|2026-08-11|2026-08-12|2026-08-13|2026-08-14|2026-08-17|2026-08-18|2026-08-19,2026-08-19 22:35:20,0.0
G-III Apparel Group,,2026-07-06|2026-07-07|2026-07-08|2026-07-09|2026-07-10|2026-07-13|2026-07-14|2026-07-15|2026-07-16|2026-07-17|2026-07-20|2026-07-23|2026-07-24|2026-07-27|2026-07-28|2026-07-29|2026-07-30|2026-08-03|2026-08-04|2026-08-05|2026-08-06|2026-08-07|2026-08-10|2026-08-11|2026-08-12|2026-08-13|2026-08-14|2026-08-17|2026-08-18|2026-08-19,2026-08-19 22:35:20,0.0
Vontier,,2026-07-09|2026-07-10|2026-07-13|2026-07-14|2026-07-15|2026-07-16|2026-07-17|2026-07-20|2026-07-21|2026-07-22|2026-07-23|2026-07-24|2026-07-27|2026-07-28|2026-07-29|2026-07-30|2026-07-31|2026-08-03|2026-08-04|2026-08-05|2026-08-06|2026-08-07|2026-08-10|2026-08-11|2026-08-12|2026-08-13|2026-08-14|2026-08-17|2026-08-18|2026-08-19,2026-08-19 22:35:20,0.0
Matson Inc,,2026-07-06|2026-07-07|2026-07-08|2026-07-09|2026-07-10|2026-07-13|2026-07-14|2026-07-15|2026-07-16|2026-07-17|2026-07-20|2026-07-23|2026-07-24|2026-07-27|2026-07-28|2026-07-29|2026-07-30|2026-08-03|2026-08-04|2026-08-05|2026-08-06|2026-08-07|2026-08-10|2026-08-11|2026-08-12|2026-08-13|2026-08-14|2026-08-17|2026-08-18|2026-08-19,2026-08-19 22:35:20,0.0
Kirby Corporation,,2026-07-09|2026-07-10|2026-07-13|2026-07-14|2026-07-15|2026-07-16|2026-07-17|2026-07-20|2026-07-21|2026-07-22|2026-07-23|2026-07-24|2026-07-27|2026-07-28|2026-07-29|2026-07-30|2026-07-31|2026-08-03|2026-08-04|2026-08-05|2026-08-06|2026-08-07|2026-08-10|2026-08-11|2026-08-12|2026-08-13|2026-08-14|2026-08-17|2026-08-18|2026-08-19,2026-08-19 22:35:20,0.0
Kaiser Aluminum,,2026-07-07|2026-07-08|2026-07-09|2026-07-10|2026-07-13|2026-07-14|2026-07-15|2026-07-16|2026-07-17|2026-07-20|2026-07-22|2026-07-23|2026-07-24|2026-07-27|2026-07-28|2026-07-29|2026-07-30|2026-08-03|2026-08-04|2026-08-05|2026-08-06|2026-08-07|2026-08-10|2026-08-11|2026-08-12|2026-08-13|2026-08-14|2026-08-17|2026-08-18|2026-08-19,2026-08-19 22:35:20,0.0
Designer Brands,,2026-07-07|2026-07-08|2026-07-09|2026-07-10|2026-07-13|2026-07-14|2026-07-15|2026-07-16|2026-07-17|2026-07-20|2026-07-23|2026-07-24|2026-07-27|2026-07-28|2026-07-29|2026-07-30|2026-07-31|2026-08-03|2026-08-04|2026-08-05|2026-08-06|2026-08-07|2026-08-10|2026-08-11|2026-08-12|2026-08-13|2026-08-14|2026-08-17|2026-08-18|2026-08-19,2026-08-19 22:35:20,0.0
Rollins Inc,,2026-07-08|2026-07-09|2026-07-10|2026-07-13|2026-07-14|2026-07-15|2026-07-16|2026-07-17|2026-07-20|2026-07-22|2026-07-23|2026-07-24|2026-07-27|2026-07-28|2026-07-29|2026-07-30|2026-07-31|2026-08-03|2026-08-04|2026-08-05|2026-08-06|2026-08-07|2026-08-10|2026-08-11|2026-08-12|2026-08-13|2026-08-14|2026-08-17|2026-08-18|2026-08-19,2026-08-19 22:35:20,0.0
Advanced Drainage Systems,,2026-07-06|2026-07-07|2026-07-08|2026-07-09|2026-07-10|2026-07-13|2026-07-14|2026-07-15|2026-07-16|2026-07-17|2026-07-20|2026-07-23|2026-07-24|2026-07-27|2026-07-28|2026-07-29|2026-07-30|2026-08-03|2026-08-04|2026-08-05|2026-08-06|2026-08-07|2026-08-10|2026-08-11|2026-08-12|2026-08-13|2026-08-14|2026-08-17|2026-08-18|2026-08-19,2026-08-19 22:35:20,0.0
Cinemark,,2026-07-07|2026-07-08|2026-07-09|2026-07-10|2026-07-13|2026-07-14|2026-07-15|2026-07-16|2026-07-17|2026-07-20|2026-07-23|2026-07-24|2026-07-27|2026-07-28|2026-07-29|2026-07-30|2026-07-31|2026-08-03|2026-08-04|2026-08-05|2026-08-06|2026-08-07|2026-08-10|2026-08-11|2026-08-12|2026-08-13|2026-08-14|2026-08-17|2026-08-18|2026-08-19,2026-08-19 22:35:20,0.0
CrowdStrike,,2026-07-09|2026-07-10|2026-07-13|2026-07-14|2026-07-15|2026-07-16|2026-07-17|2026-07-20|2026-07-21|2026-07-22|2026-07-23|2026-07-24|2026-07-27|2026-07-28|2026-07-29|2026-07-30|2026-07-31|2026-08-03|2026-08-04|2026-08-05|2026-08-06|2026-08-07|2026-08-10|2026-08-11|2026-08-12|2026-08-13|2026-08-14|2026-08-17|2026-08-18|2026-08-19,2026-08-19 22:35:20,0.0
Pinterest,,2026-07-07|2026-07-08|2026-07-09|2026-07-10|2026-07-13|2026-07-14|2026-07-15|2026-07-16|2026-07-17|2026-07-20|2026-07-23|2026-07-24|2026-07-27|2026-07-28|2026-07-29|2026-07-30|2026-07-31|2026-08-03|2026-08-04|2026-08-05|2026-08-06|2026-08-07|2026-08-10|2026-08-11|2026-08-12|2026-08-13|2026-08-14|2026-08-17|2026-08-18|2026-08-19,2026-08-19 22:35:20,0.0
Instacart,,2026-07-06|2026-07-07|2026-07-08|2026-07-09|2026-07-10|2026-07-13|2026-07-14|2026-07-15|2026-07-16|2026-07-17|2026-07-20|2026-07-23|2026-07-24|2026-07-27|2026-07-28|2026-07-29|2026-07-30|2026-08-03|2026-08-04|2026-08-05|2026-08-06|2026-08-07|2026-08-10|2026-08-11|2026-08-12|2026-08-13|2026-08-14|2026-08-17|2026-08-18|2026-08-19,2026-08-19 22:35:20,0.0
Allison Transmission,,2026-07-06|2026-07-07|2026-07-08|2026-07-09|2026-07-10|2026-07-13|2026-07-14|2026-07-15|2026-07-16|2026-07-17|2026-07-20|2026-07-23|2026-07-24|2026-07-27|2026-07-28|2026-07-29|2026-07-30|2026-08-03|2026-08-04|2026-08-05|2026-08-06|2026-08-07|2026-08-10|2026-08-11|2026-08-12|2026-08-13|2026-08-14|2026-08-17|2026-08-18|2026-08-19,2026-08-19 22:35:20,0.0
Restoration Hardware,,2026-07-09|2026-07-10|2026-07-13|2026-07-14|2026-07-15|2026-07-16|2026-07-17|2026-07-20|2026-07-21|2026-07-22|2026-07-23|2026-07-24|2026-07-27|2026-07-28|2026-07-29|2026-07-30|2026-07-31|2026-08-03|2026-08-04|2026-08-05|2026-08-06|2026-08-07|2026-08-10|2026-08-11|2026-08-12|2026-08-13|2026-08-14|2026-08-17|2026-08-18|2026-08-19,2026-08-19 22:35:20,0.0
Brookdale Senior Living,,2026-07-06|2026-07-07|2026-07-08|2026-07-09|2026-07-10|2026-07-13|2026-07-14|2026-07-15|2026-07-16|2026-07-17|2026-07-20|2026-07-23|2026-07-24|2026-07-27|2026-07-28|2026-07-29|2026-07-30|2026-08-03|2026-08-04|2026-08-05|2026-08-06|2026-08-07|2026-08-10|2026-08-11|2026-08-12|2026-08-13|2026-08-14|2026-08-17|2026-08-18|2026-08-19,2026-08-19 22:35:20,0.0
QuidelOrtho,,2026-07-07|2026-07-08|2026-07-09|2026-07-10|2026-07-13|2026-07-14|2026-07-15|2026-07-16|2026-07-17|2026-07-20|2026-07-21|2026-07-23|2026-07-24|2026-07-27|2026-07-28|2026-07-29|2026-07-30|2026-08-03|2026-08-04|2026-08-05|2026-08-06|2026-08-07|2026-08-10|2026-08-11|2026-08-12|2026-08-13|2026-08-14|2026-08-17|2026-08-18|2026-08-19,2026-08-19 22:35:20,0.0
Trinity Industries,,2026-07-07|2026-07-08|2026-07-09|2026-07-10|2026-07-13|2026-07-14|2026-07-15|2026-07-16|2026-07-17|2026-07-20|2026-07-23|2026-07-24|2026-07-27|2026-07-28|2026-07-29|2026-07-30|2026-07-31|2026-08-03|2026-08-04|2026-08-05|2026-08-06|2026-08-07|2026-08-10|2026-08-11|2026-08-12|2026-08-13|2026-08-14|2026-08-17|2026-08-18|2026-08-19,2026-08-19 22:35:20,0.0
Teleflex,,2026-07-06|2026-07-07|2026-07-08|2026-07-09|2026-07-10|2026-07-13|2026-07-14|2026-07-15|2026-07-16|2026-07-17|2026-07-20|2026-07-23|2026-07-24|2026-07-27|2026-07-28|2026-07-29|2026-07-30|2026-08-03|2026-08-04|2026-08-05|2026-08-06|2026-08-07|2026-08-10|2026-08-11|2026-08-12|2026-08-13|2026-08-14|2026-08-17|2026-08-18|2026-08-19,2026-08-19 22:35:20,0.0
HEICO,,2026-07-09|2026-07-10|2026-07-13|2026-07-14|2026-07-15|2026-07-16|2026-07-17|2026-07-20|2026-07-21|2026-07-22|2026-07-23|2026-07-24|2026-07-27|2026-07-28|2026-07-29|2026-07-30|2026-07-31|2026-08-03|2026-08-04|2026-08-05|2026-08-06|2026-08-07|2026-08-10|2026-08-11|2026-08-12|2026-08-13|2026-08-14|2026-08-17|2026-08-18|2026-08-19,2026-08-19 22:35:20,0.0
Bruker,,2026-07-06|2026-07-07|2026-07-08|2026-07-09|2026-07-10|2026-07-13|2026-07-14|2026-07-15|2026-07-16|2026-07-17|2026-07-20|2026-07-23|2026-07-24|2026-07-27|2026-07-28|2026-07-29|2026-07-30|2026-08-03|2026-08-04|2026-08-05|2026-08-06|2026-08-07|2026-08-10|2026-08-11|2026-08-12|2026-08-13|2026-08-14|2026-08-17|2026-08-18|2026-08-19,2026-08-19 22:35:20,0.0
Carlyle Group,,2026-07-07|2026-07-08|2026-07-09|2026-07-10|2026-07-13|2026-07-14|2026-07-15|2026-07-16|2026-07-17|2026-07-20|2026-07-22|2026-07-23|2026-07-24|2026-07-27|2026-07-28|2026-07-29|2026-07-30|2026-08-03|2026-08-04|2026-08-05|2026-08-06|2026-08-07|2026-08-10|2026-08-11|2026-08-12|2026-08-13|2026-08-14|2026-08-17|2026-08-18|2026-08-19,2026-08-19 22:35:20,0.0
Energizer Holdings,,2026-07-06|2026-07-07|2026-07-08|2026-07-09|2026-07-10|2026-07-13|2026-07-14|2026-07-15|2026-07-16|2026-07-17|2026-07-20|2026-07-23|2026-07-24|2026-07-27|2026-07-28|2026-07-29|2026-07-30|2026-08-03|2026-08-04|2026-08-05|2026-08-06|2026-08-07|2026-08-10|2026-08-11|2026-08-12|2026-08-13|2026-08-14|2026-08-17|2026-08-18|2026-08-19,2026-08-19 22:35:20,0.0
Rackspace Technology,,2026-07-09|2026-07-10|2026-07-13|2026-07-14|2026-07-15|2026-07-16|2026-07-17|2026-07-20|2026-07-21|2026-07-22|2026-07-23|2026-07-24|2026-07-27|2026-07-28|2026-07-29|2026-07-30|2026-07-31|2026-08-03|2026-08-04|2026-08-05|2026-08-06|2026-08-07|2026-08-10|2026-08-11|2026-08-12|2026-08-13|2026-08-14|2026-08-17|2026-08-18|2026-08-19,2026-08-19 22:35:20,0.0
Waters Corporation,,2026-07-09|2026-07-10|2026-07-13|2026-07-14|2026-07-15|2026-07-16|2026-07-17|2026-07-20|2026-07-21|2026-07-22|2026-07-23|2026-07-24|2026-07-27|2026-07-28|2026-07-29|2026-07-30|2026-07-31|2026-08-03|2026-08-04|2026-08-05|2026-08-06|2026-08-07|2026-08-10|2026-08-11|2026-08-12|2026-08-13|2026-08-14|2026-08-17|2026-08-18|2026-08-19,2026-08-19 22:35:20,0.0
West Pharmaceutical Services,,2026-07-06|2026-07-07|2026-07-08|2026-07-09|2026-07-10|2026-07-13|2026-07-14|2026-07-15|2026-07-16|2026-07-17|2026-07-20|2026-07-23|2026-07-24|2026-07-27|2026-07-28|2026-07-29|2026-07-30|2026-08-03|2026-08-04|2026-08-05|2026-08-06|2026-08-07|2026-08-10|2026-08-11|2026-08-12|2026-08-13|2026-08-14|2026-08-17|2026-08-18|2026-08-19,2026-08-19 22:35:20,0.0
Carters Inc,,2026-07-06|2026-07-07|2026-07-08|2026-07-09|2026-07-10|2026-07-13|2026-07-14|2026-07-15|2026-07-16|2026-07-17|2026-07-20|2026-07-23|2026-07-24|2026-07-27|2026-07-28|2026-07-29|2026-07-30|2026-08-03|2026-08-04|2026-08-05|2026-08-06|2026-08-07|2026-08-10|2026-08-11|2026-08-12|2026-08-13|2026-08-14|2026-08-17|2026-08-18|2026-08-19,2026-08-19 22:35:20,0.0
SkyWest,,2026-07-06|2026-07-07|2026-07-08|2026-07-09|2026-07-10|2026-07-13|2026-07-14|2026-07-15|2026-07-16|2026-07-17|2026-07-20|2026-07-23|2026-07-24|2026-07-27|2026-07-28|2026-07-29|2026-07-30|2026-08-03|2026-08-04|2026-08-05|2026-08-06|2026-08-07|2026-08-10|2026-08-11|2026-08-12|2026-08-13|2026-08-14|2026-08-17|2026-08-18|2026-08-19,2026-08-19 22:35:20,0.0
Acadia Healthcare,,2026-07-09|2026-07-10|2026-07-13|2026-07-14|2026-07-15|2026-07-16|2026-07-17|2026-07-20|2026-07-21|2026-07-22|2026-07-23|2026-07-24|2026-07-27|2026-07-28|2026-07-29|2026-07-30|2026-07-31|2026-08-03|2026-08-04|2026-08-05|2026-08-06|2026-08-07|2026-08-10|2026-08-11|2026-08-12|2026-08-13|2026-08-14|2026-08-17|2026-08-18|2026-08-19,2026-08-19 22:35:20,0.0
Revvity,,2026-07-06|2026-07-07|2026-07-08|2026-07-09|2026-07-10|2026-07-13|2026-07-14|2026-07-15|2026-07-16|2026-07-17|2026-07-20|2026-07-23|2026-07-24|2026-07-27|2026-07-28|2026-07-29|2026-07-30|2026-08-03|2026-08-04|2026-08-05|2026-08-06|2026-08-07|2026-08-10|2026-08-11|2026-08-12|2026-08-13|2026-08-14|2026-08-17|2026-08-18|2026-08-19,2026-08-19 22:35:20,0.0
Portland General Electric,,2026-07-06|2026-07-07|2026-07-08|2026-07-09|2026-07-10|2026-07-13|2026-07-14|2026-07-15|2026-07-16|2026-07-17|2026-07-20|2026-07-23|2026-07-24|2026-07-27|2026-07-28|2026-07-29|2026-07-30|2026-08-03|2026-08-04|2026-08-05|2026-08-06|2026-08-07|2026-08-10|2026-08-11|2026-08-12|2026-08-13|2026-08-14|2026-08-17|2026-08-18|2026-08-19,2026-08-19 22:35:20,0.0
Woodward Inc,,2026-07-09|2026-07-10|2026-07-13|2026-07-14|2026-07-15|2026-07-16|2026-07-17|2026-07-20|2026-07-21|2026-07-22|2026-07-23|2026-07-24|2026-07-27|2026-07-28|2026-07-29|2026-07-30|2026-07-31|2026-08-03|2026-08-04|2026-08-05|2026-08-06|2026-08-07|2026-08-10|2026-08-11|2026-08-12|2026-08-13|2026-08-14|2026-08-17|2026-08-18|2026-08-19,2026-08-19 22:35:20,0.0
Sabre Corporation,,2026-07-06|2026-07-07|2026-07-08|2026-07-09|2026-07-10|2026-07-13|2026-07-14|2026-07-15|2026-07-16|2026-07-17|2026-07-20|2026-07-23|2026-07-24|2026-07-27|2026-07-28|2026-07-29|2026-07-30|2026-08-03|2026-08-04|2026-08-05|2026-08-06|2026-08-07|2026-08-10|2026-08-11|2026-08-12|2026-08-13|2026-08-14|2026-08-17|2026-08-18|2026-08-19,2026-08-19 22:35:20,0.0
Vail Resorts,,2026-07-09|2026-07-10|2026-07-13|2026-07-14|2026-07-15|2026-07-16|2026-07-17|2026-07-20|2026-07-21|2026-07-22|2026-07-23|2026-07-24|2026-07-27|2026-07-28|2026-07-29|2026-07-30|2026-07-31|2026-08-03|2026-08-04|2026-08-05|2026-08-06|2026-08-07|2026-08-10|2026-08-11|2026-08-12|2026-08-13|2026-08-14|2026-08-17|2026-08-18|2026-08-19,2026-08-19 22:35:20,0.0
PennyMac Financial Services,,2026-07-06|2026-07-07|2026-07-08|2026-07-09|2026-07-10|2026-07-13|2026-07-14|2026-07-15|2026-07-16|2026-07-17|2026-07-20|2026-07-23|2026-07-24|2026-07-27|2026-07-28|2026-07-29|2026-07-30|2026-08-03|2026-08-04|2026-08-05|2026-08-06|2026-08-07|2026-08-10|2026-08-11|2026-08-12|2026-08-13|2026-08-14|2026-08-17|2026-08-18|2026-08-19,2026-08-19 22:35:20,0.0
Saia Inc,,2026-07-06|2026-07-07|2026-07-08|2026-07-09|2026-07-10|2026-07-13|2026-07-14|2026-07-15|2026-07-16|2026-07-17|2026-07-20|2026-07-23|2026-07-24|2026-07-27|2026-07-28|2026-07-29|2026-07-30|2026-08-03|2026-08-04|2026-08-05|2026-08-06|2026-08-07|2026-08-10|2026-08-11|2026-08-12|2026-08-13|2026-08-14|2026-08-17|2026-08-18|2026-08-19,2026-08-19 22:35:20,0.0
Equity Residential,,2026-06-08|2026-06-09|2026-06-10|2026-06-11|2026-06-12|2026-06-15|2026-06-16|2026-06-17|2026-06-18|2026-06-22|2026-06-23|2026-06-24|2026-06-25|2026-06-26|2026-06-29|2026-06-30|2026-07-01|2026-07-02|2026-07-06|2026-07-07|2026-07-08|2026-07-09|2026-07-10|2026-07-13|2026-07-14|2026-07-15|2026-07-16|2026-07-17|2026-08-17|2026-08-18,2026-08-19 22:35:20,0.0
Helmerich & Payne,,2026-07-09|2026-07-10|2026-07-13|2026-07-14|2026-07-15|2026-07-16|2026-07-17|2026-07-20|2026-07-21|2026-07-22|2026-07-23|2026-07-24|2026-07-27|2026-07-28|2026-07-29|2026-07-30|2026-07-31|2026-08-03|2026-08-04|2026-08-05|2026-08-06|2026-08-07|2026-08-10|2026-08-11|2026-08-12|2026-08-13|2026-08-14|2026-08-17|2026-08-18|2026-08-19,2026-08-19 22:35:20,0.0
Korn Ferry,,2026-07-06|2026-07-07|2026-07-08|2026-07-09|2026-07-10|2026-07-13|2026-07-14|2026-07-15|2026-07-16|2026-07-17|2026-07-20|2026-07-23|2026-07-24|2026-07-27|2026-07-28|2026-07-29|2026-07-30|2026-08-03|2026-08-04|2026-08-05|2026-08-06|2026-08-07|2026-08-10|2026-08-11|2026-08-12|2026-08-13|2026-08-14|2026-08-17|2026-08-18|2026-08-19,2026-08-19 22:35:20,0.0
PC Connection Inc,,2026-07-06|2026-07-07|2026-07-08|2026-07-09|2026-07-10|2026-07-13|2026-07-14|2026-07-15|2026-07-16|2026-07-17|2026-07-20|2026-07-23|2026-07-24|2026-07-27|2026-07-28|2026-07-29|2026-07-30|2026-08-03|2026-08-04|2026-08-05|2026-08-06|2026-08-07|2026-08-10|2026-08-11|2026-08-12|2026-08-13|2026-08-14|2026-08-17|2026-08-18|2026-08-19,2026-08-19 22:35:20,0.0
Curtiss-Wright,,2026-07-09|2026-07-10|2026-07-13|2026-07-14|2026-07-15|2026-07-16|2026-07-17|2026-07-20|2026-07-21|2026-07-22|2026-07-23|2026-07-24|2026-07-27|2026-07-28|2026-07-29|2026-07-30|2026-07-31|2026-08-03|2026-08-04|2026-08-05|2026-08-06|2026-08-07|2026-08-10|2026-08-11|2026-08-12|2026-08-13|2026-08-14|2026-08-17|2026-08-18|2026-08-19,2026-08-19 22:35:20,0.0
Sallie Mae,,2026-07-06|2026-07-07|2026-07-08|2026-07-09|2026-07-10|2026-07-13|2026-07-14|2026-07-15|2026-07-16|2026-07-17|2026-07-20|2026-07-23|2026-07-24|2026-07-27|2026-07-28|2026-07-29|2026-07-30|2026-08-03|2026-08-04|2026-08-05|2026-08-06|2026-08-07|2026-08-10|2026-08-11|2026-08-12|2026-08-13|2026-08-14|2026-08-17|2026-08-18|2026-08-19,2026-08-19 22:35:20,0.0
Benchmark Electronics,,2026-07-09|2026-07-10|2026-07-13|2026-07-14|2026-07-15|2026-07-16|2026-07-17|2026-07-20|2026-07-21|2026-07-22|2026-07-23|2026-07-24|2026-07-27|2026-07-28|2026-07-29|2026-07-30|2026-07-31|2026-08-03|2026-08-04|2026-08-05|2026-08-06|2026-08-07|2026-08-10|2026-08-11|2026-08-12|2026-08-13|2026-08-14|2026-08-17|2026-08-18|2026-08-19,2026-08-19 22:35:20,0.0
Knife River Corporation,,2026-07-09|2026-07-10|2026-07-13|2026-07-14|2026-07-15|2026-07-16|2026-07-17|2026-07-20|2026-07-21|2026-07-22|2026-07-23|2026-07-24|2026-07-27|2026-07-28|2026-07-29|2026-07-30|2026-07-31|2026-08-03|2026-08-04|2026-08-05|2026-08-06|2026-08-07|2026-08-10|2026-08-11|2026-08-12|2026-08-13|2026-08-14|2026-08-17|2026-08-18|2026-08-19,2026-08-19 22:35:20,0.0
Caleres Inc,,2026-07-06|2026-07-07|2026-07-08|2026-07-09|2026-07-10|2026-07-13|2026-07-14|2026-07-15|2026-07-16|2026-07-17|2026-07-20|2026-07-23|2026-07-24|2026-07-27|2026-07-28|2026-07-29|2026-07-30|2026-08-03|2026-08-04|2026-08-05|2026-08-06|2026-08-07|2026-08-10|2026-08-11|2026-08-12|2026-08-13|2026-08-14|2026-08-17|2026-08-18|2026-08-19,2026-08-19 22:35:20,0.0
BrightView Holdings,,2026-07-06|2026-07-07|2026-07-08|2026-07-09|2026-07-10|2026-07-13|2026-07-14|2026-07-15|2026-07-16|2026-07-17|2026-07-20|2026-07-23|2026-07-24|2026-07-27|2026-07-28|2026-07-29|2026-07-30|2026-08-03|2026-08-04|2026-08-05|2026-08-06|2026-08-07|2026-08-10|2026-08-11|2026-08-12|2026-08-13|2026-08-14|2026-08-17|2026-08-18|2026-08-19,2026-08-19 22:35:20,0.0
Cooper-Standard,,2026-07-06|2026-07-07|2026-07-08|2026-07-09|2026-07-10|2026-07-13|2026-07-14|2026-07-15|2026-07-16|2026-07-17|2026-07-20|2026-07-23|2026-07-24|2026-07-27|2026-07-28|2026-07-29|2026-07-30|2026-08-03|2026-08-04|2026-08-05|2026-08-06|2026-08-07|2026-08-10|2026-08-11|2026-08-12|2026-08-13|2026-08-14|2026-08-17|2026-08-18|2026-08-19,2026-08-19 22:35:20,0.0
Primerica,,2026-07-06|2026-07-07|2026-07-08|2026-07-09|2026-07-10|2026-07-13|2026-07-14|2026-07-15|2026-07-16|2026-07-17|2026-07-20|2026-07-23|2026-07-24|2026-07-27|2026-07-28|2026-07-29|2026-07-30|2026-08-03|2026-08-04|2026-08-05|2026-08-06|2026-08-07|2026-08-10|2026-08-11|2026-08-12|2026-08-13|2026-08-14|2026-08-17|2026-08-18|2026-08-19,2026-08-19 22:35:20,0.0
F5,,2026-07-06|2026-07-07|2026-07-08|2026-07-09|2026-07-10|2026-07-13|2026-07-14|2026-07-15|2026-07-16|2026-07-17|2026-07-20|2026-07-23|2026-07-24|2026-07-27|2026-07-28|2026-07-29|2026-07-30|2026-08-03|2026-08-04|2026-08-05|2026-08-06|2026-08-07|2026-08-10|2026-08-11|2026-08-12|2026-08-13|2026-08-14|2026-08-17|2026-08-18|2026-08-19,2026-08-19 22:35:20,0.0
Matador Resources,,2026-07-07|2026-07-08|2026-07-09|2026-07-10|2026-07-13|2026-07-14|2026-07-15|2026-07-16|2026-07-17|2026-07-20|2026-07-23|2026-07-24|2026-07-27|2026-07-28|2026-07-29|2026-07-30|2026-07-31|2026-08-03|2026-08-04|2026-08-05|2026-08-06|2026-08-07|2026-08-10|2026-08-11|2026-08-12|2026-08-13|2026-08-14|2026-08-17|2026-08-18|2026-08-19,2026-08-19 22:35:20,0.0
Snowflake Inc,,2026-07-09|2026-07-10|2026-07-13|2026-07-14|2026-07-15|2026-07-16|2026-07-17|2026-07-20|2026-07-21|2026-07-22|2026-07-23|2026-07-24|2026-07-27|2026-07-28|2026-07-29|2026-07-30|2026-07-31|2026-08-03|2026-08-04|2026-08-05|2026-08-06|2026-08-07|2026-08-10|2026-08-11|2026-08-12|2026-08-13|2026-08-14|2026-08-17|2026-08-18|2026-08-19,2026-08-19 22:35:20,0.0
Viasat,,2026-07-07|2026-07-08|2026-07-09|2026-07-10|2026-07-13|2026-07-14|2026-07-15|2026-07-16|2026-07-17|2026-07-20|2026-07-22|2026-07-23|2026-07-24|2026-07-27|2026-07-28|2026-07-29|2026-07-30|2026-08-03|2026-08-04|2026-08-05|2026-08-06|2026-08-07|2026-08-10|2026-08-11|2026-08-12|2026-08-13|2026-08-14|2026-08-17|2026-08-18|2026-08-19,2026-08-19 22:35:20,0.0
California Resources,,2026-07-06|2026-07-07|2026-07-08|2026-07-09|2026-07-10|2026-07-13|2026-07-14|2026-07-15|2026-07-16|2026-07-17|2026-07-20|2026-07-23|2026-07-24|2026-07-27|2026-07-28|2026-07-29|2026-07-30|2026-08-03|2026-08-04|2026-08-05|2026-08-06|2026-08-07|2026-08-10|2026-08-11|2026-08-12|2026-08-13|2026-08-14|2026-08-17|2026-08-18|2026-08-19,2026-08-19 22:35:20,0.0
Peloton Interactive,,2026-07-08|2026-07-09|2026-07-10|2026-07-13|2026-07-14|2026-07-15|2026-07-16|2026-07-17|2026-07-20|2026-07-21|2026-07-22|2026-07-23|2026-07-24|2026-07-27|2026-07-28|2026-07-29|2026-07-30|2026-08-03|2026-08-04|2026-08-05|2026-08-06|2026-08-07|2026-08-10|2026-08-11|2026-08-12|2026-08-13|2026-08-14|2026-08-17|2026-08-18|2026-08-19,2026-08-19 22:35:20,0.0
Roblox,,2026-07-09|2026-07-10|2026-07-13|2026-07-14|2026-07-15|2026-07-16|2026-07-17|2026-07-20|2026-07-21|2026-07-22|2026-07-23|2026-07-24|2026-07-27|2026-07-28|2026-07-29|2026-07-30|2026-07-31|2026-08-03|2026-08-04|2026-08-05|2026-08-06|2026-08-07|2026-08-10|2026-08-11|2026-08-12|2026-08-13|2026-08-14|2026-08-17|2026-08-18|2026-08-19,2026-08-19 22:35:20,0.0
Installed Building Products,,2026-07-06|2026-07-07|2026-07-08|2026-07-09|2026-07-10|2026-07-13|2026-07-14|2026-07-15|2026-07-16|2026-07-17|2026-07-20|2026-07-23|2026-07-24|2026-07-27|2026-07-28|2026-07-29|2026-07-30|2026-08-03|2026-08-04|2026-08-05|2026-08-06|2026-08-07|2026-08-10|2026-08-11|2026-08-12|2026-08-13|2026-08-14|2026-08-17|2026-08-18|2026-08-19,2026-08-19 22:35:20,0.0
First National of Nebraska,,2026-07-08|2026-07-09|2026-07-10|2026-07-13|2026-07-14|2026-07-15|2026-07-16|2026-07-17|2026-07-20|2026-07-21|2026-07-22|2026-07-23|2026-07-24|2026-07-27|2026-07-28|2026-07-29|2026-07-30|2026-07-31|2026-08-03|2026-08-04|2026-08-05|2026-08-06|2026-08-07|2026-08-10|2026-08-11|2026-08-12|2026-08-13|2026-08-14|2026-08-17|2026-08-18,2026-08-19 22:35:20,0.0
ESAB,,2026-07-06|2026-07-07|2026-07-08|2026-07-09|2026-07-10|2026-07-13|2026-07-14|2026-07-15|2026-07-16|2026-07-17|2026-07-20|2026-07-23|2026-07-24|2026-07-27|2026-07-28|2026-07-29|2026-07-30|2026-08-03|2026-08-04|2026-08-05|2026-08-06|2026-08-07|2026-08-10|2026-08-11|2026-08-12|2026-08-13|2026-08-14|2026-08-17|2026-08-18|2026-08-19,2026-08-19 22:35:20,0.0
AvalonBay Communities,,2026-06-05|2026-06-08|2026-06-09|2026-06-10|2026-06-11|2026-06-12|2026-06-15|2026-06-16|2026-06-17|2026-06-18|2026-06-22|2026-06-23|2026-06-24|2026-06-25|2026-06-26|2026-06-29|2026-06-30|2026-07-01|2026-07-02|2026-07-06|2026-07-07|2026-07-08|2026-07-09|2026-07-10|2026-07-13|2026-07-14|2026-07-15|2026-07-16|2026-07-17|2026-08-18,2026-08-19 22:35:20,0.0
DocuSign,,2026-07-06|2026-07-07|2026-07-08|2026-07-09|2026-07-10|2026-07-13|2026-07-14|2026-07-15|2026-07-16|2026-07-17|2026-07-20|2026-07-23|2026-07-24|2026-07-27|2026-07-28|2026-07-29|2026-07-30|2026-08-03|2026-08-04|2026-08-05|2026-08-06|2026-08-07|2026-08-10|2026-08-11|2026-08-12|2026-08-13|2026-08-14|2026-08-17|2026-08-18|2026-08-19,2026-08-19 22:35:20,0.0
Titan Machinery,,2026-07-06|2026-07-07|2026-07-08|2026-07-09|2026-07-10|2026-07-13|2026-07-14|2026-07-15|2026-07-16|2026-07-17|2026-07-20|2026-07-23|2026-07-24|2026-07-27|2026-07-28|2026-07-29|2026-07-30|2026-08-03|2026-08-04|2026-08-05|2026-08-06|2026-08-07|2026-08-10|2026-08-11|2026-08-12|2026-08-13|2026-08-14|2026-08-17|2026-08-18|2026-08-19,2026-08-19 22:35:20,0.0
Hovnanian Enterprises,,2026-07-06|2026-07-07|2026-07-08|2026-07-09|2026-07-10|2026-07-13|2026-07-14|2026-07-15|2026-07-16|2026-07-17|2026-07-20|2026-07-23|2026-07-24|2026-07-27|2026-07-28|2026-07-29|2026-07-30|2026-08-03|2026-08-04|2026-08-05|2026-08-06|2026-08-07|2026-08-10|2026-08-11|2026-08-12|2026-08-13|2026-08-14|2026-08-17|2026-08-18|2026-08-19,2026-08-19 22:35:20,0.0
Etsy,,2026-07-06|2026-07-07|2026-07-08|2026-07-09|2026-07-10|2026-07-13|2026-07-14|2026-07-15|2026-07-16|2026-07-17|2026-07-20|2026-07-23|2026-07-24|2026-07-27|2026-07-28|2026-07-29|2026-07-30|2026-08-03|2026-08-04|2026-08-05|2026-08-06|2026-08-07|2026-08-10|2026-08-11|2026-08-12|2026-08-13|2026-08-14|2026-08-17|2026-08-18|2026-08-19,2026-08-19 22:35:20,0.0
Surgery Partners,,2026-07-09|2026-07-10|2026-07-13|2026-07-14|2026-07-15|2026-07-16|2026-07-17|2026-07-20|2026-07-21|2026-07-22|2026-07-23|2026-07-24|2026-07-27|2026-07-28|2026-07-29|2026-07-30|2026-07-31|2026-08-03|2026-08-04|2026-08-05|2026-08-06|2026-08-07|2026-08-10|2026-08-11|2026-08-12|2026-08-13|2026-08-14|2026-08-17|2026-08-18|2026-08-19,2026-08-19 22:35:20,0.0
Columbia Banking System,,2026-07-06|2026-07-07|2026-07-08|2026-07-09|2026-07-10|2026-07-13|2026-07-14|2026-07-15|2026-07-16|2026-07-17|2026-07-20|2026-07-23|2026-07-24|2026-07-27|2026-07-28|2026-07-29|2026-07-30|2026-08-03|2026-08-04|2026-08-05|2026-08-06|2026-08-07|2026-08-10|2026-08-11|2026-08-12|2026-08-13|2026-08-14|2026-08-17|2026-08-18|2026-08-19,2026-08-19 22:35:20,0.0
Verisk Analytics,,2026-07-09|2026-07-10|2026-07-13|2026-07-14|2026-07-15|2026-07-16|2026-07-17|2026-07-20|2026-07-21|2026-07-22|2026-07-23|2026-07-24|2026-07-27|2026-07-28|2026-07-29|2026-07-30|2026-07-31|2026-08-03|2026-08-04|2026-08-05|2026-08-06|2026-08-07|2026-08-10|2026-08-11|2026-08-12|2026-08-13|2026-08-14|2026-08-17|2026-08-18|2026-08-19,2026-08-19 22:35:20,0.0
MasterBrand,,2026-07-06|2026-07-07|2026-07-08|2026-07-09|2026-07-10|2026-07-13|2026-07-14|2026-07-15|2026-07-16|2026-07-17|2026-07-20|2026-07-23|2026-07-24|2026-07-27|2026-07-28|2026-07-29|2026-07-30|2026-08-03|2026-08-04|2026-08-05|2026-08-06|2026-08-07|2026-08-10|2026-08-11|2026-08-12|2026-08-13|2026-08-14|2026-08-17|2026-08-18|2026-08-19,2026-08-19 22:35:20,0.0
AMC Networks,,2026-07-09|2026-07-10|2026-07-13|2026-07-14|2026-07-15|2026-07-16|2026-07-17|2026-07-20|2026-07-21|2026-07-22|2026-07-23|2026-07-24|2026-07-27|2026-07-28|2026-07-29|2026-07-30|2026-07-31|2026-08-03|2026-08-04|2026-08-05|2026-08-06|2026-08-07|2026-08-10|2026-08-11|2026-08-12|2026-08-13|2026-08-14|2026-08-17|2026-08-18|2026-08-19,2026-08-19 22:35:20,0.0
SBA Communications,,2026-07-09|2026-07-10|2026-07-13|2026-07-14|2026-07-15|2026-07-16|2026-07-17|2026-07-20|2026-07-21|2026-07-22|2026-07-23|2026-07-24|2026-07-27|2026-07-28|2026-07-29|2026-07-30|2026-07-31|2026-08-03|2026-08-04|2026-08-05|2026-08-06|2026-08-07|2026-08-10|2026-08-11|2026-08-12|2026-08-13|2026-08-14|2026-08-17|2026-08-18|2026-08-19,2026-08-19 22:35:20,0.0
Americold Realty Trust,,2026-07-06|2026-07-07|2026-07-08|2026-07-09|2026-07-10|2026-07-13|2026-07-14|2026-07-15|2026-07-16|2026-07-17|2026-07-20|2026-07-23|2026-07-24|2026-07-27|2026-07-28|2026-07-29|2026-07-30|2026-08-03|2026-08-04|2026-08-05|2026-08-06|2026-08-07|2026-08-10|2026-08-11|2026-08-12|2026-08-13|2026-08-14|2026-08-17|2026-08-18|2026-08-19,2026-08-19 22:35:20,0.0
NewMarket Corporation,,2026-07-06|2026-07-07|2026-07-08|2026-07-09|2026-07-10|2026-07-13|2026-07-14|2026-07-15|2026-07-16|2026-07-17|2026-07-20|2026-07-23|2026-07-24|2026-07-27|2026-07-28|2026-07-29|2026-07-30|2026-08-03|2026-08-04|2026-08-05|2026-08-06|2026-08-07|2026-08-10|2026-08-11|2026-08-12|2026-08-13|2026-08-14|2026-08-17|2026-08-18|2026-08-19,2026-08-19 22:35:20,0.0
Park Hotels & Resorts,,2026-07-09|2026-07-10|2026-07-13|2026-07-14|2026-07-15|2026-07-16|2026-07-17|2026-07-20|2026-07-21|2026-07-22|2026-07-23|2026-07-24|2026-07-27|2026-07-28|2026-07-29|2026-07-30|2026-07-31|2026-08-03|2026-08-04|2026-08-05|2026-08-06|2026-08-07|2026-08-10|2026-08-11|2026-08-12|2026-08-13|2026-08-14|2026-08-17|2026-08-18|2026-08-19,2026-08-19 22:35:20,0.0
Alexandria Real Estate Equities,,2026-07-06|2026-07-07|2026-07-08|2026-07-09|2026-07-10|2026-07-13|2026-07-14|2026-07-15|2026-07-16|2026-07-17|2026-07-20|2026-07-23|2026-07-24|2026-07-27|2026-07-28|2026-07-29|2026-07-30|2026-08-03|2026-08-04|2026-08-05|2026-08-06|2026-08-07|2026-08-10|2026-08-11|2026-08-12|2026-08-13|2026-08-14|2026-08-17|2026-08-18|2026-08-19,2026-08-19 22:35:20,0.0
Griffon Corporation,,2026-07-06|2026-07-07|2026-07-08|2026-07-09|2026-07-10|2026-07-13|2026-07-14|2026-07-15|2026-07-16|2026-07-17|2026-07-20|2026-07-23|2026-07-24|2026-07-27|2026-07-28|2026-07-29|2026-07-30|2026-08-03|2026-08-04|2026-08-05|2026-08-06|2026-08-07|2026-08-10|2026-08-11|2026-08-12|2026-08-13|2026-08-14|2026-08-17|2026-08-18|2026-08-19,2026-08-19 22:35:20,0.0
UL Solutions,,2026-07-06|2026-07-07|2026-07-08|2026-07-09|2026-07-10|2026-07-13|2026-07-14|2026-07-15|2026-07-16|2026-07-17|2026-07-20|2026-07-23|2026-07-24|2026-07-27|2026-07-28|2026-07-29|2026-07-30|2026-08-03|2026-08-04|2026-08-05|2026-08-06|2026-08-07|2026-08-10|2026-08-11|2026-08-12|2026-08-13|2026-08-14|2026-08-17|2026-08-18|2026-08-19,2026-08-19 22:35:20,0.0
Teradyne,,2026-07-09|2026-07-10|2026-07-13|2026-07-14|2026-07-15|2026-07-16|2026-07-17|2026-07-20|2026-07-21|2026-07-22|2026-07-23|2026-07-24|2026-07-27|2026-07-28|2026-07-29|2026-07-30|2026-07-31|2026-08-03|2026-08-04|2026-08-05|2026-08-06|2026-08-07|2026-08-10|2026-08-11|2026-08-12|2026-08-13|2026-08-14|2026-08-17|2026-08-18|2026-08-19,2026-08-19 22:35:20,0.0
OGE Energy,,2026-07-06|2026-07-07|2026-07-08|2026-07-09|2026-07-10|2026-07-13|2026-07-14|2026-07-15|2026-07-16|2026-07-17|2026-07-20|2026-07-23|2026-07-24|2026-07-27|2026-07-28|2026-07-29|2026-07-30|2026-08-03|2026-08-04|2026-08-05|2026-08-06|2026-08-07|2026-08-10|2026-08-11|2026-08-12|2026-08-13|2026-08-14|2026-08-17|2026-08-18|2026-08-19,2026-08-19 22:35:20,0.0
Bio-Rad Laboratories,,2026-07-06|2026-07-07|2026-07-08|2026-07-09|2026-07-10|2026-07-13|2026-07-14|2026-07-15|2026-07-16|2026-07-17|2026-07-20|2026-07-23|2026-07-24|2026-07-27|2026-07-28|2026-07-29|2026-07-30|2026-08-03|2026-08-04|2026-08-05|2026-08-06|2026-08-07|2026-08-10|2026-08-11|2026-08-12|2026-08-13|2026-08-14|2026-08-17|2026-08-18|2026-08-19,2026-08-19 22:35:20,0.0
Spire Inc,,2026-07-06|2026-07-07|2026-07-08|2026-07-09|2026-07-10|2026-07-13|2026-07-14|2026-07-15|2026-07-16|2026-07-17|2026-07-20|2026-07-23|2026-07-24|2026-07-27|2026-07-28|2026-07-29|2026-07-30|2026-08-03|2026-08-04|2026-08-05|2026-08-06|2026-08-07|2026-08-10|2026-08-11|2026-08-12|2026-08-13|2026-08-14|2026-08-17|2026-08-18|2026-08-19,2026-08-19 22:35:20,0.0
Cullen Frost Bankers,,2026-07-06|2026-07-07|2026-07-08|2026-07-09|2026-07-10|2026-07-13|2026-07-14|2026-07-15|2026-07-16|2026-07-17|2026-07-20|2026-07-23|2026-07-24|2026-07-27|2026-07-28|2026-07-29|2026-07-30|2026-08-03|2026-08-04|2026-08-05|2026-08-06|2026-08-07|2026-08-10|2026-08-11|2026-08-12|2026-08-13|2026-08-14|2026-08-17|2026-08-18|2026-08-19,2026-08-19 22:35:20,0.0
Extra Space Storage,,2026-07-06|2026-07-07|2026-07-08|2026-07-09|2026-07-10|2026-07-13|2026-07-14|2026-07-15|2026-07-16|2026-07-17|2026-07-20|2026-07-23|2026-07-24|2026-07-27|2026-07-28|2026-07-29|2026-07-30|2026-08-03|2026-08-04|2026-08-05|2026-08-06|2026-08-07|2026-08-10|2026-08-11|2026-08-12|2026-08-13|2026-08-14|2026-08-17|2026-08-18|2026-08-19,2026-08-19 22:35:20,0.0
ProFrac Holding,,2026-07-06|2026-07-07|2026-07-08|2026-07-09|2026-07-10|2026-07-13|2026-07-14|2026-07-15|2026-07-16|2026-07-17|2026-07-20|2026-07-23|2026-07-24|2026-07-27|2026-07-28|2026-07-29|2026-07-30|2026-08-03|2026-08-04|2026-08-05|2026-08-06|2026-08-07|2026-08-10|2026-08-11|2026-08-12|2026-08-13|2026-08-14|2026-08-17|2026-08-18|2026-08-19,2026-08-19 22:35:20,0.0
Nordson,,2026-07-06|2026-07-07|2026-07-08|2026-07-09|2026-07-10|2026-07-13|2026-07-14|2026-07-15|2026-07-16|2026-07-17|2026-07-20|2026-07-23|2026-07-24|2026-07-27|2026-07-28|2026-07-29|2026-07-30|2026-08-03|2026-08-04|2026-08-05|2026-08-06|2026-08-07|2026-08-10|2026-08-11|2026-08-12|2026-08-13|2026-08-14|2026-08-17|2026-08-18|2026-08-19,2026-08-19 22:35:20,0.0
Valvoline Inc,,2026-07-06|2026-07-07|2026-07-08|2026-07-09|2026-07-10|2026-07-13|2026-07-14|2026-07-15|2026-07-16|2026-07-17|2026-07-20|2026-07-23|2026-07-24|2026-07-27|2026-07-28|2026-07-29|2026-07-30|2026-08-03|2026-08-04|2026-08-05|2026-08-06|2026-08-07|2026-08-10|2026-08-11|2026-08-12|2026-08-13|2026-08-14|2026-08-17|2026-08-18|2026-08-19,2026-08-19 22:35:20,0.0
Kontoor Brands,,2026-07-06|2026-07-07|2026-07-08|2026-07-09|2026-07-10|2026-07-13|2026-07-14|2026-07-15|2026-07-16|2026-07-17|2026-07-20|2026-07-23|2026-07-24|2026-07-27|2026-07-28|2026-07-29|2026-07-30|2026-08-03|2026-08-04|2026-08-05|2026-08-06|2026-08-07|2026-08-10|2026-08-11|2026-08-12|2026-08-13|2026-08-14|2026-08-17|2026-08-18|2026-08-19,2026-08-19 22:35:20,0.0
Skyline Champion,,2026-07-09|2026-07-10|2026-07-13|2026-07-14|2026-07-15|2026-07-16|2026-07-17|2026-07-20|2026-07-21|2026-07-22|2026-07-23|2026-07-24|2026-07-27|2026-07-28|2026-07-29|2026-07-30|2026-07-31|2026-08-03|2026-08-04|2026-08-05|2026-08-06|2026-08-07|2026-08-10|2026-08-11|2026-08-12|2026-08-13|2026-08-14|2026-08-17|2026-08-18|2026-08-19,2026-08-19 22:35:20,0.0
Teladoc Health,,2026-07-09|2026-07-10|2026-07-13|2026-07-14|2026-07-15|2026-07-16|2026-07-17|2026-07-20|2026-07-21|2026-07-22|2026-07-23|2026-07-24|2026-07-27|2026-07-28|2026-07-29|2026-07-30|2026-07-31|2026-08-03|2026-08-04|2026-08-05|2026-08-06|2026-08-07|2026-08-10|2026-08-11|2026-08-12|2026-08-13|2026-08-14|2026-08-17|2026-08-18|2026-08-19,2026-08-19 22:35:20,0.0
Louisiana-Pacific Corporation,,2026-07-09|2026-07-10|2026-07-13|2026-07-14|2026-07-15|2026-07-16|2026-07-17|2026-07-20|2026-07-21|2026-07-22|2026-07-23|2026-07-24|2026-07-27|2026-07-28|2026-07-29|2026-07-30|2026-07-31|2026-08-03|2026-08-04|2026-08-05|2026-08-06|2026-08-07|2026-08-10|2026-08-11|2026-08-12|2026-08-13|2026-08-14|2026-08-17|2026-08-18|2026-08-19,2026-08-19 22:35:20,0.0
Universal Corporation,,2026-07-06|2026-07-07|2026-07-08|2026-07-09|2026-07-10|2026-07-13|2026-07-14|2026-07-15|2026-07-16|2026-07-17|2026-07-20|2026-07-23|2026-07-24|2026-07-27|2026-07-28|2026-07-29|2026-07-30|2026-08-03|2026-08-04|2026-08-05|2026-08-06|2026-08-07|2026-08-10|2026-08-11|2026-08-12|2026-08-13|2026-08-14|2026-08-17|2026-08-18|2026-08-19,2026-08-19 22:35:20,0.0
Playtika Holding,,2026-07-09|2026-07-10|2026-07-13|2026-07-14|2026-07-15|2026-07-16|2026-07-17|2026-07-20|2026-07-21|2026-07-22|2026-07-23|2026-07-24|2026-07-27|2026-07-28|2026-07-29|2026-07-30|2026-07-31|2026-08-03|2026-08-04|2026-08-05|2026-08-06|2026-08-07|2026-08-10|2026-08-11|2026-08-12|2026-08-13|2026-08-14|2026-08-17|2026-08-18|2026-08-19,2026-08-19 22:35:20,0.0
Alliance Resource Partners,,2026-07-08|2026-07-09|2026-07-10|2026-07-13|2026-07-14|2026-07-15|2026-07-16|2026-07-17|2026-07-20|2026-07-21|2026-07-23|2026-07-24|2026-07-27|2026-07-28|2026-07-29|2026-07-30|2026-07-31|2026-08-03|2026-08-04|2026-08-05|2026-08-06|2026-08-07|2026-08-10|2026-08-11|2026-08-12|2026-08-13|2026-08-14|2026-08-17|2026-08-18|2026-08-19,2026-08-19 22:35:20,0.0
Envista,,2026-07-09|2026-07-10|2026-07-13|2026-07-14|2026-07-15|2026-07-16|2026-07-17|2026-07-20|2026-07-21|2026-07-22|2026-07-23|2026-07-24|2026-07-27|2026-07-28|2026-07-29|2026-07-30|2026-07-31|2026-08-03|2026-08-04|2026-08-05|2026-08-06|2026-08-07|2026-08-10|2026-08-11|2026-08-12|2026-08-13|2026-08-14|2026-08-17|2026-08-18|2026-08-19,2026-08-19 22:35:20,0.0
Shift4 Payments,,2026-07-09|2026-07-10|2026-07-13|2026-07-14|2026-07-15|2026-07-16|2026-07-17|2026-07-20|2026-07-21|2026-07-22|2026-07-23|2026-07-24|2026-07-27|2026-07-28|2026-07-29|2026-07-30|2026-07-31|2026-08-03|2026-08-04|2026-08-05|2026-08-06|2026-08-07|2026-08-10|2026-08-11|2026-08-12|2026-08-13|2026-08-14|2026-08-17|2026-08-18|2026-08-19,2026-08-19 22:35:20,0.0
Talen Energy,,2026-06-04|2026-06-05|2026-06-08|2026-06-09|2026-06-10|2026-06-11|2026-06-12|2026-06-15|2026-06-16|2026-06-17|2026-06-18|2026-06-22|2026-06-23|2026-06-24|2026-06-25|2026-06-26|2026-06-29|2026-06-30|2026-07-01|2026-07-02|2026-07-06|2026-07-07|2026-07-08|2026-07-09|2026-07-10|2026-07-13|2026-07-14|2026-07-15|2026-07-16|2026-07-17,2026-08-19 22:35:20,0.0
Carpenter Technology,,2026-07-06|2026-07-07|2026-07-08|2026-07-09|2026-07-10|2026-07-13|2026-07-14|2026-07-15|2026-07-16|2026-07-17|2026-07-20|2026-07-23|2026-07-24|2026-07-27|2026-07-28|2026-07-29|2026-07-30|2026-08-03|2026-08-04|2026-08-05|2026-08-06|2026-08-07|2026-08-10|2026-08-11|2026-08-12|2026-08-13|2026-08-14|2026-08-17|2026-08-18|2026-08-19,2026-08-19 22:35:20,0.0
WEX,,2026-07-06|2026-07-07|2026-07-08|2026-07-09|2026-07-10|2026-07-13|2026-07-14|2026-07-15|2026-07-16|2026-07-17|2026-07-20|2026-07-23|2026-07-24|2026-07-27|2026-07-28|2026-07-29|2026-07-30|2026-08-03|2026-08-04|2026-08-05|2026-08-06|2026-08-07|2026-08-10|2026-08-11|2026-08-12|2026-08-13|2026-08-14|2026-08-17|2026-08-18|2026-08-19,2026-08-19 22:35:20,0.0
Old National Bancorp,,2026-07-09|2026-07-10|2026-07-13|2026-07-14|2026-07-15|2026-07-16|2026-07-17|2026-07-20|2026-07-21|2026-07-22|2026-07-23|2026-07-24|2026-07-27|2026-07-28|2026-07-29|2026-07-30|2026-07-31|2026-08-03|2026-08-04|2026-08-05|2026-08-06|2026-08-07|2026-08-10|2026-08-11|2026-08-12|2026-08-13|2026-08-14|2026-08-17|2026-08-18|2026-08-19,2026-08-19 22:35:20,0.0
AGNC Investment,,2026-07-09|2026-07-10|2026-07-13|2026-07-14|2026-07-15|2026-07-16|2026-07-17|2026-07-20|2026-07-21|2026-07-22|2026-07-23|2026-07-24|2026-07-27|2026-07-28|2026-07-29|2026-07-30|2026-07-31|2026-08-03|2026-08-04|2026-08-05|2026-08-06|2026-08-07|2026-08-10|2026-08-11|2026-08-12|2026-08-13|2026-08-14|2026-08-17|2026-08-18|2026-08-19,2026-08-19 22:35:20,0.0
Wabash National,,2026-07-06|2026-07-07|2026-07-08|2026-07-09|2026-07-10|2026-07-13|2026-07-14|2026-07-15|2026-07-16|2026-07-17|2026-07-20|2026-07-23|2026-07-24|2026-07-27|2026-07-28|2026-07-29|2026-07-30|2026-08-03|2026-08-04|2026-08-05|2026-08-06|2026-08-07|2026-08-10|2026-08-11|2026-08-12|2026-08-13|2026-08-14|2026-08-17|2026-08-18|2026-08-19,2026-08-19 22:35:20,0.0
MSCI,,2026-07-07|2026-07-08|2026-07-09|2026-07-10|2026-07-13|2026-07-14|2026-07-15|2026-07-16|2026-07-17|2026-07-20|2026-07-21|2026-07-23|2026-07-24|2026-07-27|2026-07-28|2026-07-29|2026-07-30|2026-08-03|2026-08-04|2026-08-05|2026-08-06|2026-08-07|2026-08-10|2026-08-11|2026-08-12|2026-08-13|2026-08-14|2026-08-17|2026-08-18|2026-08-19,2026-08-19 22:35:20,0.0
Stagwell,,2026-07-09|2026-07-10|2026-07-13|2026-07-14|2026-07-15|2026-07-16|2026-07-17|2026-07-20|2026-07-21|2026-07-22|2026-07-23|2026-07-24|2026-07-27|2026-07-28|2026-07-29|2026-07-30|2026-07-31|2026-08-03|2026-08-04|2026-08-05|2026-08-06|2026-08-07|2026-08-10|2026-08-11|2026-08-12|2026-08-13|2026-08-14|2026-08-17|2026-08-18|2026-08-19,2026-08-19 22:35:20,0.0
Mativ,,2026-07-06|2026-07-07|2026-07-08|2026-07-09|2026-07-10|2026-07-13|2026-07-14|2026-07-15|2026-07-16|2026-07-17|2026-07-20|2026-07-23|2026-07-24|2026-07-27|2026-07-28|2026-07-29|2026-07-30|2026-08-03|2026-08-04|2026-08-05|2026-08-06|2026-08-07|2026-08-10|2026-08-11|2026-08-12|2026-08-13|2026-08-14|2026-08-17|2026-08-18|2026-08-19,2026-08-19 22:35:20,0.0
Belden,,2026-07-06|2026-07-07|2026-07-08|2026-07-09|2026-07-10|2026-07-13|2026-07-14|2026-07-15|2026-07-16|2026-07-17|2026-07-20|2026-07-23|2026-07-24|2026-07-27|2026-07-28|2026-07-29|2026-07-30|2026-08-03|2026-08-04|2026-08-05|2026-08-06|2026-08-07|2026-08-10|2026-08-11|2026-08-12|2026-08-13|2026-08-14|2026-08-17|2026-08-18|2026-08-19,2026-08-19 22:35:20,0.0
Allegiant Travel Company,,2026-07-06|2026-07-07|2026-07-08|2026-07-09|2026-07-10|2026-07-13|2026-07-14|2026-07-15|2026-07-16|2026-07-17|2026-07-20|2026-07-23|2026-07-24|2026-07-27|2026-07-28|2026-07-29|2026-07-30|2026-08-03|2026-08-04|2026-08-05|2026-08-06|2026-08-07|2026-08-10|2026-08-11|2026-08-12|2026-08-13|2026-08-14|2026-08-17|2026-08-18|2026-08-19,2026-08-19 22:35:20,0.0
Dropbox,,2026-07-07|2026-07-08|2026-07-09|2026-07-10|2026-07-13|2026-07-14|2026-07-15|2026-07-16|2026-07-17|2026-07-20|2026-07-23|2026-07-24|2026-07-27|2026-07-28|2026-07-29|2026-07-30|2026-07-31|2026-08-03|2026-08-04|2026-08-05|2026-08-06|2026-08-07|2026-08-10|2026-08-11|2026-08-12|2026-08-13|2026-08-14|2026-08-17|2026-08-18|2026-08-19,2026-08-19 22:35:20,0.0
BWX Technologies,,2026-07-08|2026-07-09|2026-07-10|2026-07-13|2026-07-14|2026-07-15|2026-07-16|2026-07-17|2026-07-20|2026-07-22|2026-07-23|2026-07-24|2026-07-27|2026-07-28|2026-07-29|2026-07-30|2026-07-31|2026-08-03|2026-08-04|2026-08-05|2026-08-06|2026-08-07|2026-08-10|2026-08-11|2026-08-12|2026-08-13|2026-08-14|2026-08-17|2026-08-18|2026-08-19,2026-08-19 22:35:20,0.0
Clear Channel Outdoor Hldgs,,2026-07-09|2026-07-10|2026-07-13|2026-07-14|2026-07-15|2026-07-16|2026-07-17|2026-07-20|2026-07-21|2026-07-22|2026-07-23|2026-07-24|2026-07-27|2026-07-28|2026-07-29|2026-07-30|2026-07-31|2026-08-03|2026-08-04|2026-08-05|2026-08-06|2026-08-07|2026-08-10|2026-08-11|2026-08-12|2026-08-13|2026-08-14|2026-08-17|2026-08-18|2026-08-19,2026-08-19 22:35:20,0.0
