company,trends_history,date_history,last_updated,avg_interest
Zions Bancorp,0|0|0|0|0|0|0|0|0|0|0|0|0|0|0|0|0|0|0|0|0|0|71|44|48|0|57|0|100|0,2026-03-12|2026-03-13|2026-03-16|2026-03-17|2026-03-18|2026-03-19|2026-03-20|2026-03-23|2026-03-24|2026-03-25|2026-03-26|2026-03-27|2026-03-30|2026-03-31|2026-04-01|2026-04-02|2026-04-06|2026-04-07|2026-04-08|2026-04-09|2026-04-10|2026-04-13|2026-04-14|2026-04-15|2026-04-16|2026-04-17|2026-04-20|2026-04-21|2026-04-22|2026-04-23,2026-04-23 22:56:21,10.7
JELD-WEN Holding,,2026-03-12|2026-03-13|2026-03-16|2026-03-17|2026-03-18|2026-03-19|2026-03-20|2026-03-23|2026-03-24|2026-03-25|2026-03-26|2026-03-27|2026-03-30|2026-03-31|2026-04-01|2026-04-02|2026-04-06|2026-04-07|2026-04-08|2026-04-09|2026-04-10|2026-04-13|2026-04-14|2026-04-15|2026-04-16|2026-04-17|2026-04-20|2026-04-21|2026-04-22|2026-04-23,2026-04-23 22:56:25,0.0
Snap Inc,48|40|34|58|57|51|40|55|55|56|52|56|37|81|76|43|46|46|34|24|27|28|34|100|61|36|34|29|25|25,2026-03-12|2026-03-13|2026-03-16|2026-03-17|2026-03-18|2026-03-19|2026-03-20|2026-03-23|2026-03-24|2026-03-25|2026-03-26|2026-03-27|2026-03-30|2026-03-31|2026-04-01|2026-04-02|2026-04-06|2026-04-07|2026-04-08|2026-04-09|2026-04-10|2026-04-13|2026-04-14|2026-04-15|2026-04-16|2026-04-17|2026-04-20|2026-04-21|2026-04-22|2026-04-23,2026-04-23 22:56:26,46.3
Zebra Technologies,55|63|57|83|100|60|59|61|80|56|50|56|76|60|78|51|50|57|49|44|35|34|38|40|47|42|41|38|42|42,2026-03-12|2026-03-13|2026-03-16|2026-03-17|2026-03-18|2026-03-19|2026-03-20|2026-03-23|2026-03-24|2026-03-25|2026-03-26|2026-03-27|2026-03-30|2026-03-31|2026-04-01|2026-04-02|2026-04-06|2026-04-07|2026-04-08|2026-04-09|2026-04-10|2026-04-13|2026-04-14|2026-04-15|2026-04-16|2026-04-17|2026-04-20|2026-04-21|2026-04-22|2026-04-23,2026-04-23 22:56:30,54.8
Agilon Health,0|0|0|0|0|0|0|0|0|0|0|0|0|0|98|79|0|0|0|23|22|18|23|30|26|27|28|29|20|21,2026-03-12|2026-03-13|2026-03-16|2026-03-17|2026-03-18|2026-03-19|2026-03-20|2026-03-23|2026-03-24|2026-03-25|2026-03-26|2026-03-27|2026-03-30|2026-03-31|2026-04-01|2026-04-02|2026-04-06|2026-04-07|2026-04-08|2026-04-09|2026-04-10|2026-04-13|2026-04-14|2026-04-15|2026-04-16|2026-04-17|2026-04-20|2026-04-21|2026-04-22|2026-04-23,2026-04-23 22:56:34,14.8
Toro Company,61|67|53|56|36|70|65|67|51|52|65|53|50|70|69|75|68|100|71|35|36|31|37|45|44|38|35|37|34|35,2026-03-12|2026-03-13|2026-03-16|2026-03-17|2026-03-18|2026-03-19|2026-03-20|2026-03-23|2026-03-24|2026-03-25|2026-03-26|2026-03-27|2026-03-30|2026-03-31|2026-04-01|2026-04-02|2026-04-06|2026-04-07|2026-04-08|2026-04-09|2026-04-10|2026-04-13|2026-04-14|2026-04-15|2026-04-16|2026-04-17|2026-04-20|2026-04-21|2026-04-22|2026-04-23,2026-04-23 22:56:38,53.5
Zoom Video Communications,0|0|0|0|0|0|0|0|0|0|0|100|0|0|0|0|0|0|0|15|10|15|0|24|14|13|16|9|11|7,2026-03-12|2026-03-13|2026-03-16|2026-03-17|2026-03-18|2026-03-19|2026-03-20|2026-03-23|2026-03-24|2026-03-25|2026-03-26|2026-03-27|2026-03-30|2026-03-31|2026-04-01|2026-04-02|2026-04-06|2026-04-07|2026-04-08|2026-04-09|2026-04-10|2026-04-13|2026-04-14|2026-04-15|2026-04-16|2026-04-17|2026-04-20|2026-04-21|2026-04-22|2026-04-23,2026-04-23 22:56:42,7.8
Tetra Tech,91|46|45|62|83|82|63|55|57|89|62|78|59|68|65|77|77|0|100|46|44|40|45|45|42|37|40|42|41|47,2026-03-12|2026-03-13|2026-03-16|2026-03-17|2026-03-18|2026-03-19|2026-03-20|2026-03-23|2026-03-24|2026-03-25|2026-03-26|2026-03-27|2026-03-30|2026-03-31|2026-04-01|2026-04-02|2026-04-06|2026-04-07|2026-04-08|2026-04-09|2026-04-10|2026-04-13|2026-04-14|2026-04-15|2026-04-16|2026-04-17|2026-04-20|2026-04-21|2026-04-22|2026-04-23,2026-04-23 22:56:46,57.6
Public Storage,64|66|80|64|67|65|70|68|60|71|73|76|74|82|88|75|81|73|76|51|50|48|46|47|47|53|51|46|49|54,2026-03-12|2026-03-13|2026-03-16|2026-03-17|2026-03-18|2026-03-19|2026-03-20|2026-03-23|2026-03-24|2026-03-25|2026-03-26|2026-03-27|2026-03-30|2026-03-31|2026-04-01|2026-04-02|2026-04-06|2026-04-07|2026-04-08|2026-04-09|2026-04-10|2026-04-13|2026-04-14|2026-04-15|2026-04-16|2026-04-17|2026-04-20|2026-04-21|2026-04-22|2026-04-23,2026-04-23 22:56:49,63.8
Illumina Inc,0|0|0|0|0|0|0|0|0|0|0|0|0|0|0|0|0|0|0|0|0|0|100|63|89|0|60|0|53|0,2026-03-12|2026-03-13|2026-03-16|2026-03-17|2026-03-18|2026-03-19|2026-03-20|2026-03-23|2026-03-24|2026-03-25|2026-03-26|2026-03-27|2026-03-30|2026-03-31|2026-04-01|2026-04-02|2026-04-06|2026-04-07|2026-04-08|2026-04-09|2026-04-10|2026-04-13|2026-04-14|2026-04-15|2026-04-16|2026-04-17|2026-04-20|2026-04-21|2026-04-22|2026-04-23,2026-04-23 22:56:53,12.2
Ventas Inc,0|0|0|0|0|0|0|0|0|0|0|0|0|0|0|0|0|0|0|100|58|0|72|100|67|80|89|0|63|62,2026-03-12|2026-03-13|2026-03-16|2026-03-17|2026-03-18|2026-03-19|2026-03-20|2026-03-23|2026-03-24|2026-03-25|2026-03-26|2026-03-27|2026-03-30|2026-03-31|2026-04-01|2026-04-02|2026-04-06|2026-04-07|2026-04-08|2026-04-09|2026-04-10|2026-04-13|2026-04-14|2026-04-15|2026-04-16|2026-04-17|2026-04-20|2026-04-21|2026-04-22|2026-04-23,2026-04-23 22:56:57,23.0
FMC Corporation,0|0|0|0|0|0|0|0|0|0|0|0|0|0|0|97|0|0|100|22|17|15|20|14|19|16|14|23|18|15,2026-03-12|2026-03-13|2026-03-16|2026-03-17|2026-03-18|2026-03-19|2026-03-20|2026-03-23|2026-03-24|2026-03-25|2026-03-26|2026-03-27|2026-03-30|2026-03-31|2026-04-01|2026-04-02|2026-04-06|2026-04-07|2026-04-08|2026-04-09|2026-04-10|2026-04-13|2026-04-14|2026-04-15|2026-04-16|2026-04-17|2026-04-20|2026-04-21|2026-04-22|2026-04-23,2026-04-23 22:57:02,13.0
ArcBest,81|68|0|0|64|56|61|0|91|62|48|100|54|74|41|76|60|80|56|57|45|58|60|61|58|50|62|63|59|58,2026-03-12|2026-03-13|2026-03-16|2026-03-17|2026-03-18|2026-03-19|2026-03-20|2026-03-23|2026-03-24|2026-03-25|2026-03-26|2026-03-27|2026-03-30|2026-03-31|2026-04-01|2026-04-02|2026-04-06|2026-04-07|2026-04-08|2026-04-09|2026-04-10|2026-04-13|2026-04-14|2026-04-15|2026-04-16|2026-04-17|2026-04-20|2026-04-21|2026-04-22|2026-04-23,2026-04-23 22:57:06,56.8
Dominos Pizza Inc,0|0|0|0|0|0|0|0|0|0|0|0|0|0|0|0|0|0|0|0|0|0|0|0|0|0|73|0|0|100,2026-03-12|2026-03-13|2026-03-16|2026-03-17|2026-03-18|2026-03-19|2026-03-20|2026-03-23|2026-03-24|2026-03-25|2026-03-26|2026-03-27|2026-03-30|2026-03-31|2026-04-01|2026-04-02|2026-04-06|2026-04-07|2026-04-08|2026-04-09|2026-04-10|2026-04-13|2026-04-14|2026-04-15|2026-04-16|2026-04-17|2026-04-20|2026-04-21|2026-04-22|2026-04-23,2026-04-23 22:57:09,5.8
ASGN,0|28|0|0|0|0|0|0|0|0|0|0|0|0|0|0|27|0|0|10|8|9|11|8|11|11|11|11|28|100,2026-03-12|2026-03-13|2026-03-16|2026-03-17|2026-03-18|2026-03-19|2026-03-20|2026-03-23|2026-03-24|2026-03-25|2026-03-26|2026-03-27|2026-03-30|2026-03-31|2026-04-01|2026-04-02|2026-04-06|2026-04-07|2026-04-08|2026-04-09|2026-04-10|2026-04-13|2026-04-14|2026-04-15|2026-04-16|2026-04-17|2026-04-20|2026-04-21|2026-04-22|2026-04-23,2026-04-23 22:57:13,9.1
Rivian Automotive,0|0|0|0|0|0|100|0|0|0|0|0|0|0|0|0|0|81|0|22|19|20|26|26|21|24|26|24|25|31,2026-03-12|2026-03-13|2026-03-16|2026-03-17|2026-03-18|2026-03-19|2026-03-20|2026-03-23|2026-03-24|2026-03-25|2026-03-26|2026-03-27|2026-03-30|2026-03-31|2026-04-01|2026-04-02|2026-04-06|2026-04-07|2026-04-08|2026-04-09|2026-04-10|2026-04-13|2026-04-14|2026-04-15|2026-04-16|2026-04-17|2026-04-20|2026-04-21|2026-04-22|2026-04-23,2026-04-23 22:57:17,14.8
Elanco Animal Health,0|0|0|0|0|0|0|0|0|0|0|0|0|0|0|0|0|0|100|11|12|14|12|17|14|11|16|14|13|13,2026-03-12|2026-03-13|2026-03-16|2026-03-17|2026-03-18|2026-03-19|2026-03-20|2026-03-23|2026-03-24|2026-03-25|2026-03-26|2026-03-27|2026-03-30|2026-03-31|2026-04-01|2026-04-02|2026-04-06|2026-04-07|2026-04-08|2026-04-09|2026-04-10|2026-04-13|2026-04-14|2026-04-15|2026-04-16|2026-04-17|2026-04-20|2026-04-21|2026-04-22|2026-04-23,2026-04-23 22:57:20,8.2
Graham Holdings Company,0|0|0|0|0|0|0|0|0|0|0|0|0|0|0|0|0|0|0|0|100|0|0|88|0|0|0|0|0|0,2026-03-12|2026-03-13|2026-03-16|2026-03-17|2026-03-18|2026-03-19|2026-03-20|2026-03-23|2026-03-24|2026-03-25|2026-03-26|2026-03-27|2026-03-30|2026-03-31|2026-04-01|2026-04-02|2026-04-06|2026-04-07|2026-04-08|2026-04-09|2026-04-10|2026-04-13|2026-04-14|2026-04-15|2026-04-16|2026-04-17|2026-04-20|2026-04-21|2026-04-22|2026-04-23,2026-04-23 22:57:23,6.3
Floor & Decor,19|20|26|24|25|28|28|38|39|37|38|46|47|65|89|70|90|91|99|38|37|36|38|41|41|40|36|35|36|35,2026-03-12|2026-03-13|2026-03-16|2026-03-17|2026-03-18|2026-03-19|2026-03-20|2026-03-23|2026-03-24|2026-03-25|2026-03-26|2026-03-27|2026-03-30|2026-03-31|2026-04-01|2026-04-02|2026-04-06|2026-04-07|2026-04-08|2026-04-09|2026-04-10|2026-04-13|2026-04-14|2026-04-15|2026-04-16|2026-04-17|2026-04-20|2026-04-21|2026-04-22|2026-04-23,2026-04-23 22:57:26,44.4
Applied Industrial Technologies,100|61|51|67|86|51|54|0|56|0|59|56|59|0|59|0|0|57|55|41|34|38|40|40|33|31|42|40|45|44,2026-03-12|2026-03-13|2026-03-16|2026-03-17|2026-03-18|2026-03-19|2026-03-20|2026-03-23|2026-03-24|2026-03-25|2026-03-26|2026-03-27|2026-03-30|2026-03-31|2026-04-01|2026-04-02|2026-04-06|2026-04-07|2026-04-08|2026-04-09|2026-04-10|2026-04-13|2026-04-14|2026-04-15|2026-04-16|2026-04-17|2026-04-20|2026-04-21|2026-04-22|2026-04-23,2026-04-23 22:57:29,43.3
PriceSmart,57|48|44|56|52|63|49|64|73|86|85|0|69|64|70|36|59|99|100|42|53|40|43|40|43|41|50|45|49|41,2026-03-12|2026-03-13|2026-03-16|2026-03-17|2026-03-18|2026-03-19|2026-03-20|2026-03-23|2026-03-24|2026-03-25|2026-03-26|2026-03-27|2026-03-30|2026-03-31|2026-04-01|2026-04-02|2026-04-06|2026-04-07|2026-04-08|2026-04-09|2026-04-10|2026-04-13|2026-04-14|2026-04-15|2026-04-16|2026-04-17|2026-04-20|2026-04-21|2026-04-22|2026-04-23,2026-04-23 22:57:33,55.4
Lyft,84|85|86|85|83|83|86|80|76|81|85|87|74|84|88|80|84|81|77|83|79|74|74|76|79|100|76|71|65|75,2026-03-12|2026-03-13|2026-03-16|2026-03-17|2026-03-18|2026-03-19|2026-03-20|2026-03-23|2026-03-24|2026-03-25|2026-03-26|2026-03-27|2026-03-30|2026-03-31|2026-04-01|2026-04-02|2026-04-06|2026-04-07|2026-04-08|2026-04-09|2026-04-10|2026-04-13|2026-04-14|2026-04-15|2026-04-16|2026-04-17|2026-04-20|2026-04-21|2026-04-22|2026-04-23,2026-04-23 22:57:38,80.7
Ciena,73|60|60|84|82|100|94|84|77|83|90|64|65|72|83|92|82|71|91|71|57|57|60|56|61|62|53|52|58|61,2026-03-12|2026-03-13|2026-03-16|2026-03-17|2026-03-18|2026-03-19|2026-03-20|2026-03-23|2026-03-24|2026-03-25|2026-03-26|2026-03-27|2026-03-30|2026-03-31|2026-04-01|2026-04-02|2026-04-06|2026-04-07|2026-04-08|2026-04-09|2026-04-10|2026-04-13|2026-04-14|2026-04-15|2026-04-16|2026-04-17|2026-04-20|2026-04-21|2026-04-22|2026-04-23,2026-04-23 22:57:42,71.8
IAC,95|80|78|99|91|100|85|87|80|90|88|73|93|83|82|78|86|86|84|71|67|72|75|78|79|69|72|77|73|77,2026-03-12|2026-03-13|2026-03-16|2026-03-17|2026-03-18|2026-03-19|2026-03-20|2026-03-23|2026-03-24|2026-03-25|2026-03-26|2026-03-27|2026-03-30|2026-03-31|2026-04-01|2026-04-02|2026-04-06|2026-04-07|2026-04-08|2026-04-09|2026-04-10|2026-04-13|2026-04-14|2026-04-15|2026-04-16|2026-04-17|2026-04-20|2026-04-21|2026-04-22|2026-04-23,2026-04-23 22:57:46,81.6
Western Union,90|94|86|84|83|86|90|81|81|85|80|82|82|87|85|81|86|85|100|82|83|75|79|84|77|93|75|72|72|72,2026-03-12|2026-03-13|2026-03-16|2026-03-17|2026-03-18|2026-03-19|2026-03-20|2026-03-23|2026-03-24|2026-03-25|2026-03-26|2026-03-27|2026-03-30|2026-03-31|2026-04-01|2026-04-02|2026-04-06|2026-04-07|2026-04-08|2026-04-09|2026-04-10|2026-04-13|2026-04-14|2026-04-15|2026-04-16|2026-04-17|2026-04-20|2026-04-21|2026-04-22|2026-04-23,2026-04-23 22:57:50,83.1
Flowserve,68|82|60|83|62|80|67|68|67|100|49|87|59|48|99|49|65|67|89|53|40|49|55|64|50|51|54|52|59|66,2026-03-12|2026-03-13|2026-03-16|2026-03-17|2026-03-18|2026-03-19|2026-03-20|2026-03-23|2026-03-24|2026-03-25|2026-03-26|2026-03-27|2026-03-30|2026-03-31|2026-04-01|2026-04-02|2026-04-06|2026-04-07|2026-04-08|2026-04-09|2026-04-10|2026-04-13|2026-04-14|2026-04-15|2026-04-16|2026-04-17|2026-04-20|2026-04-21|2026-04-22|2026-04-23,2026-04-23 22:57:54,64.7
Western Alliance Bancorp,0|0|0|0|0|0|0|0|0|0|0|0|0|0|0|0|0|0|0|0|0|0|0|0|0|0|0|0|0|100,2026-03-12|2026-03-13|2026-03-16|2026-03-17|2026-03-18|2026-03-19|2026-03-20|2026-03-23|2026-03-24|2026-03-25|2026-03-26|2026-03-27|2026-03-30|2026-03-31|2026-04-01|2026-04-02|2026-04-06|2026-04-07|2026-04-08|2026-04-09|2026-04-10|2026-04-13|2026-04-14|2026-04-15|2026-04-16|2026-04-17|2026-04-20|2026-04-21|2026-04-22|2026-04-23,2026-04-23 22:57:58,3.3
Option Care Health,83|100|91|58|57|76|82|56|60|54|64|57|57|74|67|72|98|62|49|53|44|56|55|50|53|45|68|61|48|48,2026-03-12|2026-03-13|2026-03-16|2026-03-17|2026-03-18|2026-03-19|2026-03-20|2026-03-23|2026-03-24|2026-03-25|2026-03-26|2026-03-27|2026-03-30|2026-03-31|2026-04-01|2026-04-02|2026-04-06|2026-04-07|2026-04-08|2026-04-09|2026-04-10|2026-04-13|2026-04-14|2026-04-15|2026-04-16|2026-04-17|2026-04-20|2026-04-21|2026-04-22|2026-04-23,2026-04-23 22:58:02,63.3
SiteOne Landscape Supply,55|94|68|62|93|47|81|87|49|66|56|73|70|49|62|59|100|69|81|68|64|67|65|62|63|63|66|59|63|65,2026-03-12|2026-03-13|2026-03-16|2026-03-17|2026-03-18|2026-03-19|2026-03-20|2026-03-23|2026-03-24|2026-03-25|2026-03-26|2026-03-27|2026-03-30|2026-03-31|2026-04-01|2026-04-02|2026-04-06|2026-04-07|2026-04-08|2026-04-09|2026-04-10|2026-04-13|2026-04-14|2026-04-15|2026-04-16|2026-04-17|2026-04-20|2026-04-21|2026-04-22|2026-04-23,2026-04-23 22:58:06,67.5
eXp World,0|59|50|58|47|47|51|51|0|0|0|69|65|55|57|100|90|71|66|30|27|24|41|37|32|26|30|30|28|25,2026-03-12|2026-03-13|2026-03-16|2026-03-17|2026-03-18|2026-03-19|2026-03-20|2026-03-23|2026-03-24|2026-03-25|2026-03-26|2026-03-27|2026-03-30|2026-03-31|2026-04-01|2026-04-02|2026-04-06|2026-04-07|2026-04-08|2026-04-09|2026-04-10|2026-04-13|2026-04-14|2026-04-15|2026-04-16|2026-04-17|2026-04-20|2026-04-21|2026-04-22|2026-04-23,2026-04-23 22:58:09,42.2
Abercrombie & Fitch,2|3|2|2|3|6|17|22|23|18|24|31|38|56|78|87|63|91|100|30|30|22|27|35|38|35|23|21|23|24,2026-03-12|2026-03-13|2026-03-16|2026-03-17|2026-03-18|2026-03-19|2026-03-20|2026-03-23|2026-03-24|2026-03-25|2026-03-26|2026-03-27|2026-03-30|2026-03-31|2026-04-01|2026-04-02|2026-04-06|2026-04-07|2026-04-08|2026-04-09|2026-04-10|2026-04-13|2026-04-14|2026-04-15|2026-04-16|2026-04-17|2026-04-20|2026-04-21|2026-04-22|2026-04-23,2026-04-23 22:58:14,32.5
Atmos Energy,89|75|84|78|74|68|88|76|77|72|74|75|78|71|100|89|83|75|93|80|84|70|78|77|77|74|73|72|68|75,2026-03-12|2026-03-13|2026-03-16|2026-03-17|2026-03-18|2026-03-19|2026-03-20|2026-03-23|2026-03-24|2026-03-25|2026-03-26|2026-03-27|2026-03-30|2026-03-31|2026-04-01|2026-04-02|2026-04-06|2026-04-07|2026-04-08|2026-04-09|2026-04-10|2026-04-13|2026-04-14|2026-04-15|2026-04-16|2026-04-17|2026-04-20|2026-04-21|2026-04-22|2026-04-23,2026-04-23 22:58:18,78.2
Brown & Brown,7|6|7|8|9|11|17|23|25|21|29|38|50|67|82|80|92|100|98|37|39|35|40|46|47|51|37|35|38|39,2026-03-12|2026-03-13|2026-03-16|2026-03-17|2026-03-18|2026-03-19|2026-03-20|2026-03-23|2026-03-24|2026-03-25|2026-03-26|2026-03-27|2026-03-30|2026-03-31|2026-04-01|2026-04-02|2026-04-06|2026-04-07|2026-04-08|2026-04-09|2026-04-10|2026-04-13|2026-04-14|2026-04-15|2026-04-16|2026-04-17|2026-04-20|2026-04-21|2026-04-22|2026-04-23,2026-04-23 22:58:32,40.5
GoDaddy,96|92|97|96|100|90|86|93|84|91|87|90|88|91|86|87|88|87|88|65|60|68|68|65|65|62|66|68|64|63,2026-03-12|2026-03-13|2026-03-16|2026-03-17|2026-03-18|2026-03-19|2026-03-20|2026-03-23|2026-03-24|2026-03-25|2026-03-26|2026-03-27|2026-03-30|2026-03-31|2026-04-01|2026-04-02|2026-04-06|2026-04-07|2026-04-08|2026-04-09|2026-04-10|2026-04-13|2026-04-14|2026-04-15|2026-04-16|2026-04-17|2026-04-20|2026-04-21|2026-04-22|2026-04-23,2026-04-23 22:58:36,81.0
American Water Works,,2026-03-12|2026-03-13|2026-03-16|2026-03-17|2026-03-18|2026-03-19|2026-03-20|2026-03-23|2026-03-24|2026-03-25|2026-03-26|2026-03-27|2026-03-30|2026-03-31|2026-04-01|2026-04-02|2026-04-06|2026-04-07|2026-04-08|2026-04-09|2026-04-10|2026-04-13|2026-04-14|2026-04-15|2026-04-16|2026-04-17|2026-04-20|2026-04-21|2026-04-22|2026-04-23,2026-04-23 22:59:11,0.0
Selective Insurance Group,,2026-03-12|2026-03-13|2026-03-16|2026-03-17|2026-03-18|2026-03-19|2026-03-20|2026-03-23|2026-03-24|2026-03-25|2026-03-26|2026-03-27|2026-03-30|2026-03-31|2026-04-01|2026-04-02|2026-04-06|2026-04-07|2026-04-08|2026-04-09|2026-04-10|2026-04-13|2026-04-14|2026-04-15|2026-04-16|2026-04-17|2026-04-20|2026-04-21|2026-04-22|2026-04-23,2026-04-23 22:59:53,0.0
Advantage Solutions,,2026-03-12|2026-03-13|2026-03-16|2026-03-17|2026-03-18|2026-03-19|2026-03-20|2026-03-23|2026-03-24|2026-03-25|2026-03-26|2026-03-27|2026-03-30|2026-03-31|2026-04-01|2026-04-02|2026-04-06|2026-04-07|2026-04-08|2026-04-09|2026-04-10|2026-04-13|2026-04-14|2026-04-15|2026-04-16|2026-04-17|2026-04-20|2026-04-21|2026-04-22|2026-04-23,2026-04-23 23:00:03,0.0
ResMed,,2026-03-12|2026-03-13|2026-03-16|2026-03-17|2026-03-18|2026-03-19|2026-03-20|2026-03-23|2026-03-24|2026-03-25|2026-03-26|2026-03-27|2026-03-30|2026-03-31|2026-04-01|2026-04-02|2026-04-06|2026-04-07|2026-04-08|2026-04-09|2026-04-10|2026-04-13|2026-04-14|2026-04-15|2026-04-16|2026-04-17|2026-04-20|2026-04-21|2026-04-22|2026-04-23,2026-04-23 23:00:03,0.0
Plexus Corp,,2026-03-12|2026-03-13|2026-03-16|2026-03-17|2026-03-18|2026-03-19|2026-03-20|2026-03-23|2026-03-24|2026-03-25|2026-03-26|2026-03-27|2026-03-30|2026-03-31|2026-04-01|2026-04-02|2026-04-06|2026-04-07|2026-04-08|2026-04-09|2026-04-10|2026-04-13|2026-04-14|2026-04-15|2026-04-16|2026-04-17|2026-04-20|2026-04-21|2026-04-22|2026-04-23,2026-04-23 23:00:03,0.0
Hub Group,,2026-03-12|2026-03-13|2026-03-16|2026-03-17|2026-03-18|2026-03-19|2026-03-20|2026-03-23|2026-03-24|2026-03-25|2026-03-26|2026-03-27|2026-03-30|2026-03-31|2026-04-01|2026-04-02|2026-04-06|2026-04-07|2026-04-08|2026-04-09|2026-04-10|2026-04-13|2026-04-14|2026-04-15|2026-04-16|2026-04-17|2026-04-20|2026-04-21|2026-04-22|2026-04-23,2026-04-23 23:00:03,0.0
Lincoln Electric,,2026-03-12|2026-03-13|2026-03-16|2026-03-17|2026-03-18|2026-03-19|2026-03-20|2026-03-23|2026-03-24|2026-03-25|2026-03-26|2026-03-27|2026-03-30|2026-03-31|2026-04-01|2026-04-02|2026-04-06|2026-04-07|2026-04-08|2026-04-09|2026-04-10|2026-04-13|2026-04-14|2026-04-15|2026-04-16|2026-04-17|2026-04-20|2026-04-21|2026-04-22|2026-04-23,2026-04-23 23:00:03,0.0
NCR Atleos,,2026-03-12|2026-03-13|2026-03-16|2026-03-17|2026-03-18|2026-03-19|2026-03-20|2026-03-23|2026-03-24|2026-03-25|2026-03-26|2026-03-27|2026-03-30|2026-03-31|2026-04-01|2026-04-02|2026-04-06|2026-04-07|2026-04-08|2026-04-09|2026-04-10|2026-04-13|2026-04-14|2026-04-15|2026-04-16|2026-04-17|2026-04-20|2026-04-21|2026-04-22|2026-04-23,2026-04-23 23:00:03,0.0
Calumet Inc,,2026-03-12|2026-03-13|2026-03-16|2026-03-17|2026-03-18|2026-03-19|2026-03-20|2026-03-23|2026-03-24|2026-03-25|2026-03-26|2026-03-27|2026-03-30|2026-03-31|2026-04-01|2026-04-02|2026-04-06|2026-04-07|2026-04-08|2026-04-09|2026-04-10|2026-04-13|2026-04-14|2026-04-15|2026-04-16|2026-04-17|2026-04-20|2026-04-21|2026-04-22|2026-04-23,2026-04-23 23:00:03,0.0
Dycom Industries,,2026-03-12|2026-03-13|2026-03-16|2026-03-17|2026-03-18|2026-03-19|2026-03-20|2026-03-23|2026-03-24|2026-03-25|2026-03-26|2026-03-27|2026-03-30|2026-03-31|2026-04-01|2026-04-02|2026-04-06|2026-04-07|2026-04-08|2026-04-09|2026-04-10|2026-04-13|2026-04-14|2026-04-15|2026-04-16|2026-04-17|2026-04-20|2026-04-21|2026-04-22|2026-04-23,2026-04-23 23:00:03,0.0
Valmont Industries,,2026-03-12|2026-03-13|2026-03-16|2026-03-17|2026-03-18|2026-03-19|2026-03-20|2026-03-23|2026-03-24|2026-03-25|2026-03-26|2026-03-27|2026-03-30|2026-03-31|2026-04-01|2026-04-02|2026-04-06|2026-04-07|2026-04-08|2026-04-09|2026-04-10|2026-04-13|2026-04-14|2026-04-15|2026-04-16|2026-04-17|2026-04-20|2026-04-21|2026-04-22|2026-04-23,2026-04-23 23:00:03,0.0
ATI Inc,,2026-03-12|2026-03-13|2026-03-16|2026-03-17|2026-03-18|2026-03-19|2026-03-20|2026-03-23|2026-03-24|2026-03-25|2026-03-26|2026-03-27|2026-03-30|2026-03-31|2026-04-01|2026-04-02|2026-04-06|2026-04-07|2026-04-08|2026-04-09|2026-04-10|2026-04-13|2026-04-14|2026-04-15|2026-04-16|2026-04-17|2026-04-20|2026-04-21|2026-04-22|2026-04-23,2026-04-23 23:00:03,0.0
Twilio,,2026-03-12|2026-03-13|2026-03-16|2026-03-17|2026-03-18|2026-03-19|2026-03-20|2026-03-23|2026-03-24|2026-03-25|2026-03-26|2026-03-27|2026-03-30|2026-03-31|2026-04-01|2026-04-02|2026-04-06|2026-04-07|2026-04-08|2026-04-09|2026-04-10|2026-04-13|2026-04-14|2026-04-15|2026-04-16|2026-04-17|2026-04-20|2026-04-21|2026-04-22|2026-04-23,2026-04-23 23:00:03,0.0
CNO Financial Group,,2026-03-12|2026-03-13|2026-03-16|2026-03-17|2026-03-18|2026-03-19|2026-03-20|2026-03-23|2026-03-24|2026-03-25|2026-03-26|2026-03-27|2026-03-30|2026-03-31|2026-04-01|2026-04-02|2026-04-06|2026-04-07|2026-04-08|2026-04-09|2026-04-10|2026-04-13|2026-04-14|2026-04-15|2026-04-16|2026-04-17|2026-04-20|2026-04-21|2026-04-22|2026-04-23,2026-04-23 23:00:03,0.0
Patterson-UTI Energy,,2026-03-12|2026-03-13|2026-03-16|2026-03-17|2026-03-18|2026-03-19|2026-03-20|2026-03-23|2026-03-24|2026-03-25|2026-03-26|2026-03-27|2026-03-30|2026-03-31|2026-04-01|2026-04-02|2026-04-06|2026-04-07|2026-04-08|2026-04-09|2026-04-10|2026-04-13|2026-04-14|2026-04-15|2026-04-16|2026-04-17|2026-04-20|2026-04-21|2026-04-22|2026-04-23,2026-04-23 23:00:03,0.0
Brinker International,,2026-03-12|2026-03-13|2026-03-16|2026-03-17|2026-03-18|2026-03-19|2026-03-20|2026-03-23|2026-03-24|2026-03-25|2026-03-26|2026-03-27|2026-03-30|2026-03-31|2026-04-01|2026-04-02|2026-04-06|2026-04-07|2026-04-08|2026-04-09|2026-04-10|2026-04-13|2026-04-14|2026-04-15|2026-04-16|2026-04-17|2026-04-20|2026-04-21|2026-04-22|2026-04-23,2026-04-23 23:00:03,0.0
Charles River Laboratories International,,2026-03-12|2026-03-13|2026-03-16|2026-03-17|2026-03-18|2026-03-19|2026-03-20|2026-03-23|2026-03-24|2026-03-25|2026-03-26|2026-03-27|2026-03-30|2026-03-31|2026-04-01|2026-04-02|2026-04-06|2026-04-07|2026-04-08|2026-04-09|2026-04-10|2026-04-13|2026-04-14|2026-04-15|2026-04-16|2026-04-17|2026-04-20|2026-04-21|2026-04-22|2026-04-23,2026-04-23 23:00:03,0.0
Hyster-Yale,,2026-03-12|2026-03-13|2026-03-16|2026-03-17|2026-03-18|2026-03-19|2026-03-20|2026-03-23|2026-03-24|2026-03-25|2026-03-26|2026-03-27|2026-03-30|2026-03-31|2026-04-01|2026-04-02|2026-04-06|2026-04-07|2026-04-08|2026-04-09|2026-04-10|2026-04-13|2026-04-14|2026-04-15|2026-04-16|2026-04-17|2026-04-20|2026-04-21|2026-04-22|2026-04-23,2026-04-23 23:00:03,0.0
Brighthouse Financial,,2026-03-12|2026-03-13|2026-03-16|2026-03-17|2026-03-18|2026-03-19|2026-03-20|2026-03-23|2026-03-24|2026-03-25|2026-03-26|2026-03-27|2026-03-30|2026-03-31|2026-04-01|2026-04-02|2026-04-06|2026-04-07|2026-04-08|2026-04-09|2026-04-10|2026-04-13|2026-04-14|2026-04-15|2026-04-16|2026-04-17|2026-04-20|2026-04-21|2026-04-22|2026-04-23,2026-04-23 23:00:03,0.0
Service Corp International,,2026-03-12|2026-03-13|2026-03-16|2026-03-17|2026-03-18|2026-03-19|2026-03-20|2026-03-23|2026-03-24|2026-03-25|2026-03-26|2026-03-27|2026-03-30|2026-03-31|2026-04-01|2026-04-02|2026-04-06|2026-04-07|2026-04-08|2026-04-09|2026-04-10|2026-04-13|2026-04-14|2026-04-15|2026-04-16|2026-04-17|2026-04-20|2026-04-21|2026-04-22|2026-04-23,2026-04-23 23:00:03,0.0
CrossAmerica Partners,,2026-03-12|2026-03-13|2026-03-16|2026-03-17|2026-03-18|2026-03-19|2026-03-20|2026-03-23|2026-03-24|2026-03-25|2026-03-26|2026-03-27|2026-03-30|2026-03-31|2026-04-01|2026-04-02|2026-04-06|2026-04-07|2026-04-08|2026-04-09|2026-04-10|2026-04-13|2026-04-14|2026-04-15|2026-04-16|2026-04-17|2026-04-20|2026-04-21|2026-04-22|2026-04-23,2026-04-23 23:00:03,0.0
Cadence,,2026-03-12|2026-03-13|2026-03-16|2026-03-17|2026-03-18|2026-03-19|2026-03-20|2026-03-23|2026-03-24|2026-03-25|2026-03-26|2026-03-27|2026-03-30|2026-03-31|2026-04-01|2026-04-02|2026-04-06|2026-04-07|2026-04-08|2026-04-09|2026-04-10|2026-04-13|2026-04-14|2026-04-15|2026-04-16|2026-04-17|2026-04-20|2026-04-21|2026-04-22|2026-04-23,2026-04-23 23:00:03,0.0
MillerKnoll,,2026-03-12|2026-03-13|2026-03-16|2026-03-17|2026-03-18|2026-03-19|2026-03-20|2026-03-23|2026-03-24|2026-03-25|2026-03-26|2026-03-27|2026-03-30|2026-03-31|2026-04-01|2026-04-02|2026-04-06|2026-04-07|2026-04-08|2026-04-09|2026-04-10|2026-04-13|2026-04-14|2026-04-15|2026-04-16|2026-04-17|2026-04-20|2026-04-21|2026-04-22|2026-04-23,2026-04-23 23:00:03,0.0
Realty Income,,2026-03-12|2026-03-13|2026-03-16|2026-03-17|2026-03-18|2026-03-19|2026-03-20|2026-03-23|2026-03-24|2026-03-25|2026-03-26|2026-03-27|2026-03-30|2026-03-31|2026-04-01|2026-04-02|2026-04-06|2026-04-07|2026-04-08|2026-04-09|2026-04-10|2026-04-13|2026-04-14|2026-04-15|2026-04-16|2026-04-17|2026-04-20|2026-04-21|2026-04-22|2026-04-23,2026-04-23 23:00:03,0.0
Middleby,,2026-03-12|2026-03-13|2026-03-16|2026-03-17|2026-03-18|2026-03-19|2026-03-20|2026-03-23|2026-03-24|2026-03-25|2026-03-26|2026-03-27|2026-03-30|2026-03-31|2026-04-01|2026-04-02|2026-04-06|2026-04-07|2026-04-08|2026-04-09|2026-04-10|2026-04-13|2026-04-14|2026-04-15|2026-04-16|2026-04-17|2026-04-20|2026-04-21|2026-04-22|2026-04-23,2026-04-23 23:00:03,0.0
M/I Homes,,2026-03-12|2026-03-13|2026-03-16|2026-03-17|2026-03-18|2026-03-19|2026-03-20|2026-03-23|2026-03-24|2026-03-25|2026-03-26|2026-03-27|2026-03-30|2026-03-31|2026-04-01|2026-04-02|2026-04-06|2026-04-07|2026-04-08|2026-04-09|2026-04-10|2026-04-13|2026-04-14|2026-04-15|2026-04-16|2026-04-17|2026-04-20|2026-04-21|2026-04-22|2026-04-23,2026-04-23 23:00:03,0.0
Hologic,,2026-02-24|2026-02-25|2026-02-26|2026-02-27|2026-03-02|2026-03-03|2026-03-04|2026-03-05|2026-03-06|2026-03-09|2026-03-10|2026-03-11|2026-03-12|2026-03-13|2026-03-16|2026-03-17|2026-03-18|2026-03-19|2026-03-20|2026-03-23|2026-03-24|2026-03-25|2026-03-26|2026-03-27|2026-03-30|2026-03-31|2026-04-01|2026-04-02|2026-04-06|2026-04-07,2026-04-23 23:00:03,0.0
Alliant Energy,,2026-03-12|2026-03-13|2026-03-16|2026-03-17|2026-03-18|2026-03-19|2026-03-20|2026-03-23|2026-03-24|2026-03-25|2026-03-26|2026-03-27|2026-03-30|2026-03-31|2026-04-01|2026-04-02|2026-04-06|2026-04-07|2026-04-08|2026-04-09|2026-04-10|2026-04-13|2026-04-14|2026-04-15|2026-04-16|2026-04-17|2026-04-20|2026-04-21|2026-04-22|2026-04-23,2026-04-23 23:00:03,0.0
Generac,,2026-03-12|2026-03-13|2026-03-16|2026-03-17|2026-03-18|2026-03-19|2026-03-20|2026-03-23|2026-03-24|2026-03-25|2026-03-26|2026-03-27|2026-03-30|2026-03-31|2026-04-01|2026-04-02|2026-04-06|2026-04-07|2026-04-08|2026-04-09|2026-04-10|2026-04-13|2026-04-14|2026-04-15|2026-04-16|2026-04-17|2026-04-20|2026-04-21|2026-04-22|2026-04-23,2026-04-23 23:00:03,0.0
MSC Industrial Direct,,2026-03-12|2026-03-13|2026-03-16|2026-03-17|2026-03-18|2026-03-19|2026-03-20|2026-03-23|2026-03-24|2026-03-25|2026-03-26|2026-03-27|2026-03-30|2026-03-31|2026-04-01|2026-04-02|2026-04-06|2026-04-07|2026-04-08|2026-04-09|2026-04-10|2026-04-13|2026-04-14|2026-04-15|2026-04-16|2026-04-17|2026-04-20|2026-04-21|2026-04-22|2026-04-23,2026-04-23 23:00:03,0.0
Rocket Companies,,2026-03-12|2026-03-13|2026-03-16|2026-03-17|2026-03-18|2026-03-19|2026-03-20|2026-03-23|2026-03-24|2026-03-25|2026-03-26|2026-03-27|2026-03-30|2026-03-31|2026-04-01|2026-04-02|2026-04-06|2026-04-07|2026-04-08|2026-04-09|2026-04-10|2026-04-13|2026-04-14|2026-04-15|2026-04-16|2026-04-17|2026-04-20|2026-04-21|2026-04-22|2026-04-23,2026-04-23 23:00:03,0.0
Upbound Group,,2026-03-12|2026-03-13|2026-03-16|2026-03-17|2026-03-18|2026-03-19|2026-03-20|2026-03-23|2026-03-24|2026-03-25|2026-03-26|2026-03-27|2026-03-30|2026-03-31|2026-04-01|2026-04-02|2026-04-06|2026-04-07|2026-04-08|2026-04-09|2026-04-10|2026-04-13|2026-04-14|2026-04-15|2026-04-16|2026-04-17|2026-04-20|2026-04-21|2026-04-22|2026-04-23,2026-04-23 23:00:03,0.0
East West Bancorp,,2026-03-12|2026-03-13|2026-03-16|2026-03-17|2026-03-18|2026-03-19|2026-03-20|2026-03-23|2026-03-24|2026-03-25|2026-03-26|2026-03-27|2026-03-30|2026-03-31|2026-04-01|2026-04-02|2026-04-06|2026-04-07|2026-04-08|2026-04-09|2026-04-10|2026-04-13|2026-04-14|2026-04-15|2026-04-16|2026-04-17|2026-04-20|2026-04-21|2026-04-22|2026-04-23,2026-04-23 23:00:03,0.0
Hilton Grand Vacations,,2026-03-12|2026-03-13|2026-03-16|2026-03-17|2026-03-18|2026-03-19|2026-03-20|2026-03-23|2026-03-24|2026-03-25|2026-03-26|2026-03-27|2026-03-30|2026-03-31|2026-04-01|2026-04-02|2026-04-06|2026-04-07|2026-04-08|2026-04-09|2026-04-10|2026-04-13|2026-04-14|2026-04-15|2026-04-16|2026-04-17|2026-04-20|2026-04-21|2026-04-22|2026-04-23,2026-04-23 23:00:03,0.0
Grocery Outlet Holding,,2026-03-12|2026-03-13|2026-03-16|2026-03-17|2026-03-18|2026-03-19|2026-03-20|2026-03-23|2026-03-24|2026-03-25|2026-03-26|2026-03-27|2026-03-30|2026-03-31|2026-04-01|2026-04-02|2026-04-06|2026-04-07|2026-04-08|2026-04-09|2026-04-10|2026-04-13|2026-04-14|2026-04-15|2026-04-16|2026-04-17|2026-04-20|2026-04-21|2026-04-22|2026-04-23,2026-04-23 23:00:03,0.0
Dentsply Sirona,,2026-03-12|2026-03-13|2026-03-16|2026-03-17|2026-03-18|2026-03-19|2026-03-20|2026-03-23|2026-03-24|2026-03-25|2026-03-26|2026-03-27|2026-03-30|2026-03-31|2026-04-01|2026-04-02|2026-04-06|2026-04-07|2026-04-08|2026-04-09|2026-04-10|2026-04-13|2026-04-14|2026-04-15|2026-04-16|2026-04-17|2026-04-20|2026-04-21|2026-04-22|2026-04-23,2026-04-23 23:00:03,0.0
V2X,,2026-03-12|2026-03-13|2026-03-16|2026-03-17|2026-03-18|2026-03-19|2026-03-20|2026-03-23|2026-03-24|2026-03-25|2026-03-26|2026-03-27|2026-03-30|2026-03-31|2026-04-01|2026-04-02|2026-04-06|2026-04-07|2026-04-08|2026-04-09|2026-04-10|2026-04-13|2026-04-14|2026-04-15|2026-04-16|2026-04-17|2026-04-20|2026-04-21|2026-04-22|2026-04-23,2026-04-23 23:00:03,0.0
Crocs,,2026-03-12|2026-03-13|2026-03-16|2026-03-17|2026-03-18|2026-03-19|2026-03-20|2026-03-23|2026-03-24|2026-03-25|2026-03-26|2026-03-27|2026-03-30|2026-03-31|2026-04-01|2026-04-02|2026-04-06|2026-04-07|2026-04-08|2026-04-09|2026-04-10|2026-04-13|2026-04-14|2026-04-15|2026-04-16|2026-04-17|2026-04-20|2026-04-21|2026-04-22|2026-04-23,2026-04-23 23:00:03,0.0
Spectrum Brands,,2026-03-12|2026-03-13|2026-03-16|2026-03-17|2026-03-18|2026-03-19|2026-03-20|2026-03-23|2026-03-24|2026-03-25|2026-03-26|2026-03-27|2026-03-30|2026-03-31|2026-04-01|2026-04-02|2026-04-06|2026-04-07|2026-04-08|2026-04-09|2026-04-10|2026-04-13|2026-04-14|2026-04-15|2026-04-16|2026-04-17|2026-04-20|2026-04-21|2026-04-22|2026-04-23,2026-04-23 23:00:03,0.0
Visteon,,2026-03-12|2026-03-13|2026-03-16|2026-03-17|2026-03-18|2026-03-19|2026-03-20|2026-03-23|2026-03-24|2026-03-25|2026-03-26|2026-03-27|2026-03-30|2026-03-31|2026-04-01|2026-04-02|2026-04-06|2026-04-07|2026-04-08|2026-04-09|2026-04-10|2026-04-13|2026-04-14|2026-04-15|2026-04-16|2026-04-17|2026-04-20|2026-04-21|2026-04-22|2026-04-23,2026-04-23 23:00:03,0.0
Acuity Inc,,2026-03-12|2026-03-13|2026-03-16|2026-03-17|2026-03-18|2026-03-19|2026-03-20|2026-03-23|2026-03-24|2026-03-25|2026-03-26|2026-03-27|2026-03-30|2026-03-31|2026-04-01|2026-04-02|2026-04-06|2026-04-07|2026-04-08|2026-04-09|2026-04-10|2026-04-13|2026-04-14|2026-04-15|2026-04-16|2026-04-17|2026-04-20|2026-04-21|2026-04-22|2026-04-23,2026-04-23 23:00:03,0.0
The Greenbrier Companies,,2026-03-12|2026-03-13|2026-03-16|2026-03-17|2026-03-18|2026-03-19|2026-03-20|2026-03-23|2026-03-24|2026-03-25|2026-03-26|2026-03-27|2026-03-30|2026-03-31|2026-04-01|2026-04-02|2026-04-06|2026-04-07|2026-04-08|2026-04-09|2026-04-10|2026-04-13|2026-04-14|2026-04-15|2026-04-16|2026-04-17|2026-04-20|2026-04-21|2026-04-22|2026-04-23,2026-04-23 23:00:03,0.0
Webster Financial,,2026-03-12|2026-03-13|2026-03-16|2026-03-17|2026-03-18|2026-03-19|2026-03-20|2026-03-23|2026-03-24|2026-03-25|2026-03-26|2026-03-27|2026-03-30|2026-03-31|2026-04-01|2026-04-02|2026-04-06|2026-04-07|2026-04-08|2026-04-09|2026-04-10|2026-04-13|2026-04-14|2026-04-15|2026-04-16|2026-04-17|2026-04-20|2026-04-21|2026-04-22|2026-04-23,2026-04-23 23:00:03,0.0
Cabot Corporation,,2026-03-12|2026-03-13|2026-03-16|2026-03-17|2026-03-18|2026-03-19|2026-03-20|2026-03-23|2026-03-24|2026-03-25|2026-03-26|2026-03-27|2026-03-30|2026-03-31|2026-04-01|2026-04-02|2026-04-06|2026-04-07|2026-04-08|2026-04-09|2026-04-10|2026-04-13|2026-04-14|2026-04-15|2026-04-16|2026-04-17|2026-04-20|2026-04-21|2026-04-22|2026-04-23,2026-04-23 23:00:03,0.0
RXO Inc,,2026-03-12|2026-03-13|2026-03-16|2026-03-17|2026-03-18|2026-03-19|2026-03-20|2026-03-23|2026-03-24|2026-03-25|2026-03-26|2026-03-27|2026-03-30|2026-03-31|2026-04-01|2026-04-02|2026-04-06|2026-04-07|2026-04-08|2026-04-09|2026-04-10|2026-04-13|2026-04-14|2026-04-15|2026-04-16|2026-04-17|2026-04-20|2026-04-21|2026-04-22|2026-04-23,2026-04-23 23:00:03,0.0
Chord Energy,,2026-03-12|2026-03-13|2026-03-16|2026-03-17|2026-03-18|2026-03-19|2026-03-20|2026-03-23|2026-03-24|2026-03-25|2026-03-26|2026-03-27|2026-03-30|2026-03-31|2026-04-01|2026-04-02|2026-04-06|2026-04-07|2026-04-08|2026-04-09|2026-04-10|2026-04-13|2026-04-14|2026-04-15|2026-04-16|2026-04-17|2026-04-20|2026-04-21|2026-04-22|2026-04-23,2026-04-23 23:00:03,0.0
Popular Inc,,2026-03-12|2026-03-13|2026-03-16|2026-03-17|2026-03-18|2026-03-19|2026-03-20|2026-03-23|2026-03-24|2026-03-25|2026-03-26|2026-03-27|2026-03-30|2026-03-31|2026-04-01|2026-04-02|2026-04-06|2026-04-07|2026-04-08|2026-04-09|2026-04-10|2026-04-13|2026-04-14|2026-04-15|2026-04-16|2026-04-17|2026-04-20|2026-04-21|2026-04-22|2026-04-23,2026-04-23 23:00:03,0.0
Garrett Motion Inc,,2026-03-12|2026-03-13|2026-03-16|2026-03-17|2026-03-18|2026-03-19|2026-03-20|2026-03-23|2026-03-24|2026-03-25|2026-03-26|2026-03-27|2026-03-30|2026-03-31|2026-04-01|2026-04-02|2026-04-06|2026-04-07|2026-04-08|2026-04-09|2026-04-10|2026-04-13|2026-04-14|2026-04-15|2026-04-16|2026-04-17|2026-04-20|2026-04-21|2026-04-22|2026-04-23,2026-04-23 23:00:03,0.0
Tutor Perini Corporation,,2026-03-12|2026-03-13|2026-03-16|2026-03-17|2026-03-18|2026-03-19|2026-03-20|2026-03-23|2026-03-24|2026-03-25|2026-03-26|2026-03-27|2026-03-30|2026-03-31|2026-04-01|2026-04-02|2026-04-06|2026-04-07|2026-04-08|2026-04-09|2026-04-10|2026-04-13|2026-04-14|2026-04-15|2026-04-16|2026-04-17|2026-04-20|2026-04-21|2026-04-22|2026-04-23,2026-04-23 23:00:03,0.0
Copart,,2026-03-12|2026-03-13|2026-03-16|2026-03-17|2026-03-18|2026-03-19|2026-03-20|2026-03-23|2026-03-24|2026-03-25|2026-03-26|2026-03-27|2026-03-30|2026-03-31|2026-04-01|2026-04-02|2026-04-06|2026-04-07|2026-04-08|2026-04-09|2026-04-10|2026-04-13|2026-04-14|2026-04-15|2026-04-16|2026-04-17|2026-04-20|2026-04-21|2026-04-22|2026-04-23,2026-04-23 23:00:03,0.0
Toast Inc,,2026-03-12|2026-03-13|2026-03-16|2026-03-17|2026-03-18|2026-03-19|2026-03-20|2026-03-23|2026-03-24|2026-03-25|2026-03-26|2026-03-27|2026-03-30|2026-03-31|2026-04-01|2026-04-02|2026-04-06|2026-04-07|2026-04-08|2026-04-09|2026-04-10|2026-04-13|2026-04-14|2026-04-15|2026-04-16|2026-04-17|2026-04-20|2026-04-21|2026-04-22|2026-04-23,2026-04-23 23:00:03,0.0
Align Technology,,2026-03-12|2026-03-13|2026-03-16|2026-03-17|2026-03-18|2026-03-19|2026-03-20|2026-03-23|2026-03-24|2026-03-25|2026-03-26|2026-03-27|2026-03-30|2026-03-31|2026-04-01|2026-04-02|2026-04-06|2026-04-07|2026-04-08|2026-04-09|2026-04-10|2026-04-13|2026-04-14|2026-04-15|2026-04-16|2026-04-17|2026-04-20|2026-04-21|2026-04-22|2026-04-23,2026-04-23 23:00:03,0.0
A O Smith,,2026-03-12|2026-03-13|2026-03-16|2026-03-17|2026-03-18|2026-03-19|2026-03-20|2026-03-23|2026-03-24|2026-03-25|2026-03-26|2026-03-27|2026-03-30|2026-03-31|2026-04-01|2026-04-02|2026-04-06|2026-04-07|2026-04-08|2026-04-09|2026-04-10|2026-04-13|2026-04-14|2026-04-15|2026-04-16|2026-04-17|2026-04-20|2026-04-21|2026-04-22|2026-04-23,2026-04-23 23:00:03,0.0
TransUnion,,2026-03-12|2026-03-13|2026-03-16|2026-03-17|2026-03-18|2026-03-19|2026-03-20|2026-03-23|2026-03-24|2026-03-25|2026-03-26|2026-03-27|2026-03-30|2026-03-31|2026-04-01|2026-04-02|2026-04-06|2026-04-07|2026-04-08|2026-04-09|2026-04-10|2026-04-13|2026-04-14|2026-04-15|2026-04-16|2026-04-17|2026-04-20|2026-04-21|2026-04-22|2026-04-23,2026-04-23 23:00:03,0.0
NCR Voyix,,2026-03-12|2026-03-13|2026-03-16|2026-03-17|2026-03-18|2026-03-19|2026-03-20|2026-03-23|2026-03-24|2026-03-25|2026-03-26|2026-03-27|2026-03-30|2026-03-31|2026-04-01|2026-04-02|2026-04-06|2026-04-07|2026-04-08|2026-04-09|2026-04-10|2026-04-13|2026-04-14|2026-04-15|2026-04-16|2026-04-17|2026-04-20|2026-04-21|2026-04-22|2026-04-23,2026-04-23 23:00:03,0.0
Akamai Technologies,,2026-03-12|2026-03-13|2026-03-16|2026-03-17|2026-03-18|2026-03-19|2026-03-20|2026-03-23|2026-03-24|2026-03-25|2026-03-26|2026-03-27|2026-03-30|2026-03-31|2026-04-01|2026-04-02|2026-04-06|2026-04-07|2026-04-08|2026-04-09|2026-04-10|2026-04-13|2026-04-14|2026-04-15|2026-04-16|2026-04-17|2026-04-20|2026-04-21|2026-04-22|2026-04-23,2026-04-23 23:00:03,0.0
Trimble Inc,,2026-03-12|2026-03-13|2026-03-16|2026-03-17|2026-03-18|2026-03-19|2026-03-20|2026-03-23|2026-03-24|2026-03-25|2026-03-26|2026-03-27|2026-03-30|2026-03-31|2026-04-01|2026-04-02|2026-04-06|2026-04-07|2026-04-08|2026-04-09|2026-04-10|2026-04-13|2026-04-14|2026-04-15|2026-04-16|2026-04-17|2026-04-20|2026-04-21|2026-04-22|2026-04-23,2026-04-23 23:00:03,0.0
AMN Healthcare Services,,2026-03-12|2026-03-13|2026-03-16|2026-03-17|2026-03-18|2026-03-19|2026-03-20|2026-03-23|2026-03-24|2026-03-25|2026-03-26|2026-03-27|2026-03-30|2026-03-31|2026-04-01|2026-04-02|2026-04-06|2026-04-07|2026-04-08|2026-04-09|2026-04-10|2026-04-13|2026-04-14|2026-04-15|2026-04-16|2026-04-17|2026-04-20|2026-04-21|2026-04-22|2026-04-23,2026-04-23 23:00:03,0.0
Mettler-Toledo International,,2026-03-12|2026-03-13|2026-03-16|2026-03-17|2026-03-18|2026-03-19|2026-03-20|2026-03-23|2026-03-24|2026-03-25|2026-03-26|2026-03-27|2026-03-30|2026-03-31|2026-04-01|2026-04-02|2026-04-06|2026-04-07|2026-04-08|2026-04-09|2026-04-10|2026-04-13|2026-04-14|2026-04-15|2026-04-16|2026-04-17|2026-04-20|2026-04-21|2026-04-22|2026-04-23,2026-04-23 23:00:03,0.0
ScanSource,,2026-03-12|2026-03-13|2026-03-16|2026-03-17|2026-03-18|2026-03-19|2026-03-20|2026-03-23|2026-03-24|2026-03-25|2026-03-26|2026-03-27|2026-03-30|2026-03-31|2026-04-01|2026-04-02|2026-04-06|2026-04-07|2026-04-08|2026-04-09|2026-04-10|2026-04-13|2026-04-14|2026-04-15|2026-04-16|2026-04-17|2026-04-20|2026-04-21|2026-04-22|2026-04-23,2026-04-23 23:00:03,0.0
LCI Industries,,2026-03-12|2026-03-13|2026-03-16|2026-03-17|2026-03-18|2026-03-19|2026-03-20|2026-03-23|2026-03-24|2026-03-25|2026-03-26|2026-03-27|2026-03-30|2026-03-31|2026-04-01|2026-04-02|2026-04-06|2026-04-07|2026-04-08|2026-04-09|2026-04-10|2026-04-13|2026-04-14|2026-04-15|2026-04-16|2026-04-17|2026-04-20|2026-04-21|2026-04-22|2026-04-23,2026-04-23 23:00:03,0.0
Cboe Global Markets,,2026-03-12|2026-03-13|2026-03-16|2026-03-17|2026-03-18|2026-03-19|2026-03-20|2026-03-23|2026-03-24|2026-03-25|2026-03-26|2026-03-27|2026-03-30|2026-03-31|2026-04-01|2026-04-02|2026-04-06|2026-04-07|2026-04-08|2026-04-09|2026-04-10|2026-04-13|2026-04-14|2026-04-15|2026-04-16|2026-04-17|2026-04-20|2026-04-21|2026-04-22|2026-04-23,2026-04-23 23:00:03,0.0
Diebold Nixdorf,,2026-03-12|2026-03-13|2026-03-16|2026-03-17|2026-03-18|2026-03-19|2026-03-20|2026-03-23|2026-03-24|2026-03-25|2026-03-26|2026-03-27|2026-03-30|2026-03-31|2026-04-01|2026-04-02|2026-04-06|2026-04-07|2026-04-08|2026-04-09|2026-04-10|2026-04-13|2026-04-14|2026-04-15|2026-04-16|2026-04-17|2026-04-20|2026-04-21|2026-04-22|2026-04-23,2026-04-23 23:00:03,0.0
Corpay,,2026-03-12|2026-03-13|2026-03-16|2026-03-17|2026-03-18|2026-03-19|2026-03-20|2026-03-23|2026-03-24|2026-03-25|2026-03-26|2026-03-27|2026-03-30|2026-03-31|2026-04-01|2026-04-02|2026-04-06|2026-04-07|2026-04-08|2026-04-09|2026-04-10|2026-04-13|2026-04-14|2026-04-15|2026-04-16|2026-04-17|2026-04-20|2026-04-21|2026-04-22|2026-04-23,2026-04-23 23:00:03,0.0
iHeartMedia,,2026-03-12|2026-03-13|2026-03-16|2026-03-17|2026-03-18|2026-03-19|2026-03-20|2026-03-23|2026-03-24|2026-03-25|2026-03-26|2026-03-27|2026-03-30|2026-03-31|2026-04-01|2026-04-02|2026-04-06|2026-04-07|2026-04-08|2026-04-09|2026-04-10|2026-04-13|2026-04-14|2026-04-15|2026-04-16|2026-04-17|2026-04-20|2026-04-21|2026-04-22|2026-04-23,2026-04-23 23:00:03,0.0
Dream Finders Homes,,2026-03-12|2026-03-13|2026-03-16|2026-03-17|2026-03-18|2026-03-19|2026-03-20|2026-03-23|2026-03-24|2026-03-25|2026-03-26|2026-03-27|2026-03-30|2026-03-31|2026-04-01|2026-04-02|2026-04-06|2026-04-07|2026-04-08|2026-04-09|2026-04-10|2026-04-13|2026-04-14|2026-04-15|2026-04-16|2026-04-17|2026-04-20|2026-04-21|2026-04-22|2026-04-23,2026-04-23 23:00:03,0.0
Boyd Gaming,,2026-03-12|2026-03-13|2026-03-16|2026-03-17|2026-03-18|2026-03-19|2026-03-20|2026-03-23|2026-03-24|2026-03-25|2026-03-26|2026-03-27|2026-03-30|2026-03-31|2026-04-01|2026-04-02|2026-04-06|2026-04-07|2026-04-08|2026-04-09|2026-04-10|2026-04-13|2026-04-14|2026-04-15|2026-04-16|2026-04-17|2026-04-20|2026-04-21|2026-04-22|2026-04-23,2026-04-23 23:00:03,0.0
Ensign Group,,2026-03-12|2026-03-13|2026-03-16|2026-03-17|2026-03-18|2026-03-19|2026-03-20|2026-03-23|2026-03-24|2026-03-25|2026-03-26|2026-03-27|2026-03-30|2026-03-31|2026-04-01|2026-04-02|2026-04-06|2026-04-07|2026-04-08|2026-04-09|2026-04-10|2026-04-13|2026-04-14|2026-04-15|2026-04-16|2026-04-17|2026-04-20|2026-04-21|2026-04-22|2026-04-23,2026-04-23 23:00:03,0.0
Sally Beauty,,2026-03-12|2026-03-13|2026-03-16|2026-03-17|2026-03-18|2026-03-19|2026-03-20|2026-03-23|2026-03-24|2026-03-25|2026-03-26|2026-03-27|2026-03-30|2026-03-31|2026-04-01|2026-04-02|2026-04-06|2026-04-07|2026-04-08|2026-04-09|2026-04-10|2026-04-13|2026-04-14|2026-04-15|2026-04-16|2026-04-17|2026-04-20|2026-04-21|2026-04-22|2026-04-23,2026-04-23 23:00:03,0.0
Conduent,,2026-03-12|2026-03-13|2026-03-16|2026-03-17|2026-03-18|2026-03-19|2026-03-20|2026-03-23|2026-03-24|2026-03-25|2026-03-26|2026-03-27|2026-03-30|2026-03-31|2026-04-01|2026-04-02|2026-04-06|2026-04-07|2026-04-08|2026-04-09|2026-04-10|2026-04-13|2026-04-14|2026-04-15|2026-04-16|2026-04-17|2026-04-20|2026-04-21|2026-04-22|2026-04-23,2026-04-23 23:00:03,0.0
Sylvamo,,2026-03-12|2026-03-13|2026-03-16|2026-03-17|2026-03-18|2026-03-19|2026-03-20|2026-03-23|2026-03-24|2026-03-25|2026-03-26|2026-03-27|2026-03-30|2026-03-31|2026-04-01|2026-04-02|2026-04-06|2026-04-07|2026-04-08|2026-04-09|2026-04-10|2026-04-13|2026-04-14|2026-04-15|2026-04-16|2026-04-17|2026-04-20|2026-04-21|2026-04-22|2026-04-23,2026-04-23 23:00:03,0.0
Tri Pointe Homes,,2026-03-12|2026-03-13|2026-03-16|2026-03-17|2026-03-18|2026-03-19|2026-03-20|2026-03-23|2026-03-24|2026-03-25|2026-03-26|2026-03-27|2026-03-30|2026-03-31|2026-04-01|2026-04-02|2026-04-06|2026-04-07|2026-04-08|2026-04-09|2026-04-10|2026-04-13|2026-04-14|2026-04-15|2026-04-16|2026-04-17|2026-04-20|2026-04-21|2026-04-22|2026-04-23,2026-04-23 23:00:03,0.0
EnerSys,,2026-03-12|2026-03-13|2026-03-16|2026-03-17|2026-03-18|2026-03-19|2026-03-20|2026-03-23|2026-03-24|2026-03-25|2026-03-26|2026-03-27|2026-03-30|2026-03-31|2026-04-01|2026-04-02|2026-04-06|2026-04-07|2026-04-08|2026-04-09|2026-04-10|2026-04-13|2026-04-14|2026-04-15|2026-04-16|2026-04-17|2026-04-20|2026-04-21|2026-04-22|2026-04-23,2026-04-23 23:00:03,0.0
Incyte,,2026-03-12|2026-03-13|2026-03-16|2026-03-17|2026-03-18|2026-03-19|2026-03-20|2026-03-23|2026-03-24|2026-03-25|2026-03-26|2026-03-27|2026-03-30|2026-03-31|2026-04-01|2026-04-02|2026-04-06|2026-04-07|2026-04-08|2026-04-09|2026-04-10|2026-04-13|2026-04-14|2026-04-15|2026-04-16|2026-04-17|2026-04-20|2026-04-21|2026-04-22|2026-04-23,2026-04-23 23:00:03,0.0
Century Communities,,2026-03-12|2026-03-13|2026-03-16|2026-03-17|2026-03-18|2026-03-19|2026-03-20|2026-03-23|2026-03-24|2026-03-25|2026-03-26|2026-03-27|2026-03-30|2026-03-31|2026-04-01|2026-04-02|2026-04-06|2026-04-07|2026-04-08|2026-04-09|2026-04-10|2026-04-13|2026-04-14|2026-04-15|2026-04-16|2026-04-17|2026-04-20|2026-04-21|2026-04-22|2026-04-23,2026-04-23 23:00:03,0.0
Rithm Capital,,2026-03-12|2026-03-13|2026-03-16|2026-03-17|2026-03-18|2026-03-19|2026-03-20|2026-03-23|2026-03-24|2026-03-25|2026-03-26|2026-03-27|2026-03-30|2026-03-31|2026-04-01|2026-04-02|2026-04-06|2026-04-07|2026-04-08|2026-04-09|2026-04-10|2026-04-13|2026-04-14|2026-04-15|2026-04-16|2026-04-17|2026-04-20|2026-04-21|2026-04-22|2026-04-23,2026-04-23 23:00:03,0.0
Euronet Worldwide,,2026-03-12|2026-03-13|2026-03-16|2026-03-17|2026-03-18|2026-03-19|2026-03-20|2026-03-23|2026-03-24|2026-03-25|2026-03-26|2026-03-27|2026-03-30|2026-03-31|2026-04-01|2026-04-02|2026-04-06|2026-04-07|2026-04-08|2026-04-09|2026-04-10|2026-04-13|2026-04-14|2026-04-15|2026-04-16|2026-04-17|2026-04-20|2026-04-21|2026-04-22|2026-04-23,2026-04-23 23:00:03,0.0
Hawaiian Electric Industries,,2026-03-12|2026-03-13|2026-03-16|2026-03-17|2026-03-18|2026-03-19|2026-03-20|2026-03-23|2026-03-24|2026-03-25|2026-03-26|2026-03-27|2026-03-30|2026-03-31|2026-04-01|2026-04-02|2026-04-06|2026-04-07|2026-04-08|2026-04-09|2026-04-10|2026-04-13|2026-04-14|2026-04-15|2026-04-16|2026-04-17|2026-04-20|2026-04-21|2026-04-22|2026-04-23,2026-04-23 23:00:03,0.0
DraftKings,,2026-03-12|2026-03-13|2026-03-16|2026-03-17|2026-03-18|2026-03-19|2026-03-20|2026-03-23|2026-03-24|2026-03-25|2026-03-26|2026-03-27|2026-03-30|2026-03-31|2026-04-01|2026-04-02|2026-04-06|2026-04-07|2026-04-08|2026-04-09|2026-04-10|2026-04-13|2026-04-14|2026-04-15|2026-04-16|2026-04-17|2026-04-20|2026-04-21|2026-04-22|2026-04-23,2026-04-23 23:00:03,0.0
IDEXX Laboratories,,2026-03-12|2026-03-13|2026-03-16|2026-03-17|2026-03-18|2026-03-19|2026-03-20|2026-03-23|2026-03-24|2026-03-25|2026-03-26|2026-03-27|2026-03-30|2026-03-31|2026-04-01|2026-04-02|2026-04-06|2026-04-07|2026-04-08|2026-04-09|2026-04-10|2026-04-13|2026-04-14|2026-04-15|2026-04-16|2026-04-17|2026-04-20|2026-04-21|2026-04-22|2026-04-23,2026-04-23 23:00:03,0.0
MYR Group,,2026-03-12|2026-03-13|2026-03-16|2026-03-17|2026-03-18|2026-03-19|2026-03-20|2026-03-23|2026-03-24|2026-03-25|2026-03-26|2026-03-27|2026-03-30|2026-03-31|2026-04-01|2026-04-02|2026-04-06|2026-04-07|2026-04-08|2026-04-09|2026-04-10|2026-04-13|2026-04-14|2026-04-15|2026-04-16|2026-04-17|2026-04-20|2026-04-21|2026-04-22|2026-04-23,2026-04-23 23:00:03,0.0
Deckers Outdoor,,2026-03-12|2026-03-13|2026-03-16|2026-03-17|2026-03-18|2026-03-19|2026-03-20|2026-03-23|2026-03-24|2026-03-25|2026-03-26|2026-03-27|2026-03-30|2026-03-31|2026-04-01|2026-04-02|2026-04-06|2026-04-07|2026-04-08|2026-04-09|2026-04-10|2026-04-13|2026-04-14|2026-04-15|2026-04-16|2026-04-17|2026-04-20|2026-04-21|2026-04-22|2026-04-23,2026-04-23 23:00:03,0.0
DexCom,,2026-03-12|2026-03-13|2026-03-16|2026-03-17|2026-03-18|2026-03-19|2026-03-20|2026-03-23|2026-03-24|2026-03-25|2026-03-26|2026-03-27|2026-03-30|2026-03-31|2026-04-01|2026-04-02|2026-04-06|2026-04-07|2026-04-08|2026-04-09|2026-04-10|2026-04-13|2026-04-14|2026-04-15|2026-04-16|2026-04-17|2026-04-20|2026-04-21|2026-04-22|2026-04-23,2026-04-23 23:00:03,0.0
MKS Instruments,,2026-03-12|2026-03-13|2026-03-16|2026-03-17|2026-03-18|2026-03-19|2026-03-20|2026-03-23|2026-03-24|2026-03-25|2026-03-26|2026-03-27|2026-03-30|2026-03-31|2026-04-01|2026-04-02|2026-04-06|2026-04-07|2026-04-08|2026-04-09|2026-04-10|2026-04-13|2026-04-14|2026-04-15|2026-04-16|2026-04-17|2026-04-20|2026-04-21|2026-04-22|2026-04-23,2026-04-23 23:00:03,0.0
VICI Properties,,2026-03-12|2026-03-13|2026-03-16|2026-03-17|2026-03-18|2026-03-19|2026-03-20|2026-03-23|2026-03-24|2026-03-25|2026-03-26|2026-03-27|2026-03-30|2026-03-31|2026-04-01|2026-04-02|2026-04-06|2026-04-07|2026-04-08|2026-04-09|2026-04-10|2026-04-13|2026-04-14|2026-04-15|2026-04-16|2026-04-17|2026-04-20|2026-04-21|2026-04-22|2026-04-23,2026-04-23 23:00:03,0.0
Cooper Cos,,2026-03-12|2026-03-13|2026-03-16|2026-03-17|2026-03-18|2026-03-19|2026-03-20|2026-03-23|2026-03-24|2026-03-25|2026-03-26|2026-03-27|2026-03-30|2026-03-31|2026-04-01|2026-04-02|2026-04-06|2026-04-07|2026-04-08|2026-04-09|2026-04-10|2026-04-13|2026-04-14|2026-04-15|2026-04-16|2026-04-17|2026-04-20|2026-04-21|2026-04-22|2026-04-23,2026-04-23 23:00:03,0.0
Frontier Airlines,,2026-03-12|2026-03-13|2026-03-16|2026-03-17|2026-03-18|2026-03-19|2026-03-20|2026-03-23|2026-03-24|2026-03-25|2026-03-26|2026-03-27|2026-03-30|2026-03-31|2026-04-01|2026-04-02|2026-04-06|2026-04-07|2026-04-08|2026-04-09|2026-04-10|2026-04-13|2026-04-14|2026-04-15|2026-04-16|2026-04-17|2026-04-20|2026-04-21|2026-04-22|2026-04-23,2026-04-23 23:00:03,0.0
Qorvo,,2026-03-12|2026-03-13|2026-03-16|2026-03-17|2026-03-18|2026-03-19|2026-03-20|2026-03-23|2026-03-24|2026-03-25|2026-03-26|2026-03-27|2026-03-30|2026-03-31|2026-04-01|2026-04-02|2026-04-06|2026-04-07|2026-04-08|2026-04-09|2026-04-10|2026-04-13|2026-04-14|2026-04-15|2026-04-16|2026-04-17|2026-04-20|2026-04-21|2026-04-22|2026-04-23,2026-04-23 23:00:03,0.0
Five Below,,2026-03-12|2026-03-13|2026-03-16|2026-03-17|2026-03-18|2026-03-19|2026-03-20|2026-03-23|2026-03-24|2026-03-25|2026-03-26|2026-03-27|2026-03-30|2026-03-31|2026-04-01|2026-04-02|2026-04-06|2026-04-07|2026-04-08|2026-04-09|2026-04-10|2026-04-13|2026-04-14|2026-04-15|2026-04-16|2026-04-17|2026-04-20|2026-04-21|2026-04-22|2026-04-23,2026-04-23 23:00:03,0.0
Scotts Miracle-Gro,,2026-03-12|2026-03-13|2026-03-16|2026-03-17|2026-03-18|2026-03-19|2026-03-20|2026-03-23|2026-03-24|2026-03-25|2026-03-26|2026-03-27|2026-03-30|2026-03-31|2026-04-01|2026-04-02|2026-04-06|2026-04-07|2026-04-08|2026-04-09|2026-04-10|2026-04-13|2026-04-14|2026-04-15|2026-04-16|2026-04-17|2026-04-20|2026-04-21|2026-04-22|2026-04-23,2026-04-23 23:00:03,0.0
Atlassian,,2026-03-12|2026-03-13|2026-03-16|2026-03-17|2026-03-18|2026-03-19|2026-03-20|2026-03-23|2026-03-24|2026-03-25|2026-03-26|2026-03-27|2026-03-30|2026-03-31|2026-04-01|2026-04-02|2026-04-06|2026-04-07|2026-04-08|2026-04-09|2026-04-10|2026-04-13|2026-04-14|2026-04-15|2026-04-16|2026-04-17|2026-04-20|2026-04-21|2026-04-22|2026-04-23,2026-04-23 23:00:03,0.0
Entegris,,2026-03-12|2026-03-13|2026-03-16|2026-03-17|2026-03-18|2026-03-19|2026-03-20|2026-03-23|2026-03-24|2026-03-25|2026-03-26|2026-03-27|2026-03-30|2026-03-31|2026-04-01|2026-04-02|2026-04-06|2026-04-07|2026-04-08|2026-04-09|2026-04-10|2026-04-13|2026-04-14|2026-04-15|2026-04-16|2026-04-17|2026-04-20|2026-04-21|2026-04-22|2026-04-23,2026-04-23 23:00:03,0.0
Atkore,,2026-03-12|2026-03-13|2026-03-16|2026-03-17|2026-03-18|2026-03-19|2026-03-20|2026-03-23|2026-03-24|2026-03-25|2026-03-26|2026-03-27|2026-03-30|2026-03-31|2026-04-01|2026-04-02|2026-04-06|2026-04-07|2026-04-08|2026-04-09|2026-04-10|2026-04-13|2026-04-14|2026-04-15|2026-04-16|2026-04-17|2026-04-20|2026-04-21|2026-04-22|2026-04-23,2026-04-23 23:00:03,0.0
HB Fuller,,2026-03-12|2026-03-13|2026-03-16|2026-03-17|2026-03-18|2026-03-19|2026-03-20|2026-03-23|2026-03-24|2026-03-25|2026-03-26|2026-03-27|2026-03-30|2026-03-31|2026-04-01|2026-04-02|2026-04-06|2026-04-07|2026-04-08|2026-04-09|2026-04-10|2026-04-13|2026-04-14|2026-04-15|2026-04-16|2026-04-17|2026-04-20|2026-04-21|2026-04-22|2026-04-23,2026-04-23 23:00:03,0.0
Granite Construction,,2026-03-12|2026-03-13|2026-03-16|2026-03-17|2026-03-18|2026-03-19|2026-03-20|2026-03-23|2026-03-24|2026-03-25|2026-03-26|2026-03-27|2026-03-30|2026-03-31|2026-04-01|2026-04-02|2026-04-06|2026-04-07|2026-04-08|2026-04-09|2026-04-10|2026-04-13|2026-04-14|2026-04-15|2026-04-16|2026-04-17|2026-04-20|2026-04-21|2026-04-22|2026-04-23,2026-04-23 23:00:03,0.0
Winnebago Industries,,2026-03-12|2026-03-13|2026-03-16|2026-03-17|2026-03-18|2026-03-19|2026-03-20|2026-03-23|2026-03-24|2026-03-25|2026-03-26|2026-03-27|2026-03-30|2026-03-31|2026-04-01|2026-04-02|2026-04-06|2026-04-07|2026-04-08|2026-04-09|2026-04-10|2026-04-13|2026-04-14|2026-04-15|2026-04-16|2026-04-17|2026-04-20|2026-04-21|2026-04-22|2026-04-23,2026-04-23 23:00:03,0.0
FTI Consulting,,2026-03-12|2026-03-13|2026-03-16|2026-03-17|2026-03-18|2026-03-19|2026-03-20|2026-03-23|2026-03-24|2026-03-25|2026-03-26|2026-03-27|2026-03-30|2026-03-31|2026-04-01|2026-04-02|2026-04-06|2026-04-07|2026-04-08|2026-04-09|2026-04-10|2026-04-13|2026-04-14|2026-04-15|2026-04-16|2026-04-17|2026-04-20|2026-04-21|2026-04-22|2026-04-23,2026-04-23 23:00:03,0.0
AptarGroup,,2026-03-12|2026-03-13|2026-03-16|2026-03-17|2026-03-18|2026-03-19|2026-03-20|2026-03-23|2026-03-24|2026-03-25|2026-03-26|2026-03-27|2026-03-30|2026-03-31|2026-04-01|2026-04-02|2026-04-06|2026-04-07|2026-04-08|2026-04-09|2026-04-10|2026-04-13|2026-04-14|2026-04-15|2026-04-16|2026-04-17|2026-04-20|2026-04-21|2026-04-22|2026-04-23,2026-04-23 23:00:03,0.0
Columbia Sportswear,,2026-03-12|2026-03-13|2026-03-16|2026-03-17|2026-03-18|2026-03-19|2026-03-20|2026-03-23|2026-03-24|2026-03-25|2026-03-26|2026-03-27|2026-03-30|2026-03-31|2026-04-01|2026-04-02|2026-04-06|2026-04-07|2026-04-08|2026-04-09|2026-04-10|2026-04-13|2026-04-14|2026-04-15|2026-04-16|2026-04-17|2026-04-20|2026-04-21|2026-04-22|2026-04-23,2026-04-23 23:00:03,0.0
Roku,,2026-03-12|2026-03-13|2026-03-16|2026-03-17|2026-03-18|2026-03-19|2026-03-20|2026-03-23|2026-03-24|2026-03-25|2026-03-26|2026-03-27|2026-03-30|2026-03-31|2026-04-01|2026-04-02|2026-04-06|2026-04-07|2026-04-08|2026-04-09|2026-04-10|2026-04-13|2026-04-14|2026-04-15|2026-04-16|2026-04-17|2026-04-20|2026-04-21|2026-04-22|2026-04-23,2026-04-23 23:00:03,0.0
Alpha Metallurgical Resources,,2026-03-12|2026-03-13|2026-03-16|2026-03-17|2026-03-18|2026-03-19|2026-03-20|2026-03-23|2026-03-24|2026-03-25|2026-03-26|2026-03-27|2026-03-30|2026-03-31|2026-04-01|2026-04-02|2026-04-06|2026-04-07|2026-04-08|2026-04-09|2026-04-10|2026-04-13|2026-04-14|2026-04-15|2026-04-16|2026-04-17|2026-04-20|2026-04-21|2026-04-22|2026-04-23,2026-04-23 23:00:03,0.0
Patrick Industries,,2026-03-12|2026-03-13|2026-03-16|2026-03-17|2026-03-18|2026-03-19|2026-03-20|2026-03-23|2026-03-24|2026-03-25|2026-03-26|2026-03-27|2026-03-30|2026-03-31|2026-04-01|2026-04-02|2026-04-06|2026-04-07|2026-04-08|2026-04-09|2026-04-10|2026-04-13|2026-04-14|2026-04-15|2026-04-16|2026-04-17|2026-04-20|2026-04-21|2026-04-22|2026-04-23,2026-04-23 23:00:03,0.0
Murphy Oil,,2026-03-12|2026-03-13|2026-03-16|2026-03-17|2026-03-18|2026-03-19|2026-03-20|2026-03-23|2026-03-24|2026-03-25|2026-03-26|2026-03-27|2026-03-30|2026-03-31|2026-04-01|2026-04-02|2026-04-06|2026-04-07|2026-04-08|2026-04-09|2026-04-10|2026-04-13|2026-04-14|2026-04-15|2026-04-16|2026-04-17|2026-04-20|2026-04-21|2026-04-22|2026-04-23,2026-04-23 23:00:03,0.0
Cracker Barrel,,2026-03-12|2026-03-13|2026-03-16|2026-03-17|2026-03-18|2026-03-19|2026-03-20|2026-03-23|2026-03-24|2026-03-25|2026-03-26|2026-03-27|2026-03-30|2026-03-31|2026-04-01|2026-04-02|2026-04-06|2026-04-07|2026-04-08|2026-04-09|2026-04-10|2026-04-13|2026-04-14|2026-04-15|2026-04-16|2026-04-17|2026-04-20|2026-04-21|2026-04-22|2026-04-23,2026-04-23 23:00:03,0.0
Cheesecake Factory,,2026-03-12|2026-03-13|2026-03-16|2026-03-17|2026-03-18|2026-03-19|2026-03-20|2026-03-23|2026-03-24|2026-03-25|2026-03-26|2026-03-27|2026-03-30|2026-03-31|2026-04-01|2026-04-02|2026-04-06|2026-04-07|2026-04-08|2026-04-09|2026-04-10|2026-04-13|2026-04-14|2026-04-15|2026-04-16|2026-04-17|2026-04-20|2026-04-21|2026-04-22|2026-04-23,2026-04-23 23:00:03,0.0
CNX Resources,,2026-03-12|2026-03-13|2026-03-16|2026-03-17|2026-03-18|2026-03-19|2026-03-20|2026-03-23|2026-03-24|2026-03-25|2026-03-26|2026-03-27|2026-03-30|2026-03-31|2026-04-01|2026-04-02|2026-04-06|2026-04-07|2026-04-08|2026-04-09|2026-04-10|2026-04-13|2026-04-14|2026-04-15|2026-04-16|2026-04-17|2026-04-20|2026-04-21|2026-04-22|2026-04-23,2026-04-23 23:00:03,0.0
Chefs Warehouse,,2026-03-12|2026-03-13|2026-03-16|2026-03-17|2026-03-18|2026-03-19|2026-03-20|2026-03-23|2026-03-24|2026-03-25|2026-03-26|2026-03-27|2026-03-30|2026-03-31|2026-04-01|2026-04-02|2026-04-06|2026-04-07|2026-04-08|2026-04-09|2026-04-10|2026-04-13|2026-04-14|2026-04-15|2026-04-16|2026-04-17|2026-04-20|2026-04-21|2026-04-22|2026-04-23,2026-04-23 23:00:03,0.0
Donaldson Company,,2026-03-12|2026-03-13|2026-03-16|2026-03-17|2026-03-18|2026-03-19|2026-03-20|2026-03-23|2026-03-24|2026-03-25|2026-03-26|2026-03-27|2026-03-30|2026-03-31|2026-04-01|2026-04-02|2026-04-06|2026-04-07|2026-04-08|2026-04-09|2026-04-10|2026-04-13|2026-04-14|2026-04-15|2026-04-16|2026-04-17|2026-04-20|2026-04-21|2026-04-22|2026-04-23,2026-04-23 23:00:03,0.0
Mueller Industries,,2026-03-12|2026-03-13|2026-03-16|2026-03-17|2026-03-18|2026-03-19|2026-03-20|2026-03-23|2026-03-24|2026-03-25|2026-03-26|2026-03-27|2026-03-30|2026-03-31|2026-04-01|2026-04-02|2026-04-06|2026-04-07|2026-04-08|2026-04-09|2026-04-10|2026-04-13|2026-04-14|2026-04-15|2026-04-16|2026-04-17|2026-04-20|2026-04-21|2026-04-22|2026-04-23,2026-04-23 23:00:03,0.0
Chart Industries,,2026-03-12|2026-03-13|2026-03-16|2026-03-17|2026-03-18|2026-03-19|2026-03-20|2026-03-23|2026-03-24|2026-03-25|2026-03-26|2026-03-27|2026-03-30|2026-03-31|2026-04-01|2026-04-02|2026-04-06|2026-04-07|2026-04-08|2026-04-09|2026-04-10|2026-04-13|2026-04-14|2026-04-15|2026-04-16|2026-04-17|2026-04-20|2026-04-21|2026-04-22|2026-04-23,2026-04-23 23:00:03,0.0
Alight Solutions,,2026-03-12|2026-03-13|2026-03-16|2026-03-17|2026-03-18|2026-03-19|2026-03-20|2026-03-23|2026-03-24|2026-03-25|2026-03-26|2026-03-27|2026-03-30|2026-03-31|2026-04-01|2026-04-02|2026-04-06|2026-04-07|2026-04-08|2026-04-09|2026-04-10|2026-04-13|2026-04-14|2026-04-15|2026-04-16|2026-04-17|2026-04-20|2026-04-21|2026-04-22|2026-04-23,2026-04-23 23:00:03,0.0
Vishay Intertechnology,,2026-03-12|2026-03-13|2026-03-16|2026-03-17|2026-03-18|2026-03-19|2026-03-20|2026-03-23|2026-03-24|2026-03-25|2026-03-26|2026-03-27|2026-03-30|2026-03-31|2026-04-01|2026-04-02|2026-04-06|2026-04-07|2026-04-08|2026-04-09|2026-04-10|2026-04-13|2026-04-14|2026-04-15|2026-04-16|2026-04-17|2026-04-20|2026-04-21|2026-04-22|2026-04-23,2026-04-23 23:00:03,0.0
Range Resources,,2026-03-12|2026-03-13|2026-03-16|2026-03-17|2026-03-18|2026-03-19|2026-03-20|2026-03-23|2026-03-24|2026-03-25|2026-03-26|2026-03-27|2026-03-30|2026-03-31|2026-04-01|2026-04-02|2026-04-06|2026-04-07|2026-04-08|2026-04-09|2026-04-10|2026-04-13|2026-04-14|2026-04-15|2026-04-16|2026-04-17|2026-04-20|2026-04-21|2026-04-22|2026-04-23,2026-04-23 23:00:03,0.0
Valley National Bancorp,,2026-03-12|2026-03-13|2026-03-16|2026-03-17|2026-03-18|2026-03-19|2026-03-20|2026-03-23|2026-03-24|2026-03-25|2026-03-26|2026-03-27|2026-03-30|2026-03-31|2026-04-01|2026-04-02|2026-04-06|2026-04-07|2026-04-08|2026-04-09|2026-04-10|2026-04-13|2026-04-14|2026-04-15|2026-04-16|2026-04-17|2026-04-20|2026-04-21|2026-04-22|2026-04-23,2026-04-23 23:00:03,0.0
Match Group,,2026-03-12|2026-03-13|2026-03-16|2026-03-17|2026-03-18|2026-03-19|2026-03-20|2026-03-23|2026-03-24|2026-03-25|2026-03-26|2026-03-27|2026-03-30|2026-03-31|2026-04-01|2026-04-02|2026-04-06|2026-04-07|2026-04-08|2026-04-09|2026-04-10|2026-04-13|2026-04-14|2026-04-15|2026-04-16|2026-04-17|2026-04-20|2026-04-21|2026-04-22|2026-04-23,2026-04-23 23:00:03,0.0
Gen Digital,,2026-03-12|2026-03-13|2026-03-16|2026-03-17|2026-03-18|2026-03-19|2026-03-20|2026-03-23|2026-03-24|2026-03-25|2026-03-26|2026-03-27|2026-03-30|2026-03-31|2026-04-01|2026-04-02|2026-04-06|2026-04-07|2026-04-08|2026-04-09|2026-04-10|2026-04-13|2026-04-14|2026-04-15|2026-04-16|2026-04-17|2026-04-20|2026-04-21|2026-04-22|2026-04-23,2026-04-23 23:00:03,0.0
Wintrust Financial,,2026-03-12|2026-03-13|2026-03-16|2026-03-17|2026-03-18|2026-03-19|2026-03-20|2026-03-23|2026-03-24|2026-03-25|2026-03-26|2026-03-27|2026-03-30|2026-03-31|2026-04-01|2026-04-02|2026-04-06|2026-04-07|2026-04-08|2026-04-09|2026-04-10|2026-04-13|2026-04-14|2026-04-15|2026-04-16|2026-04-17|2026-04-20|2026-04-21|2026-04-22|2026-04-23,2026-04-23 23:00:03,0.0
First Solar,,2026-03-12|2026-03-13|2026-03-16|2026-03-17|2026-03-18|2026-03-19|2026-03-20|2026-03-23|2026-03-24|2026-03-25|2026-03-26|2026-03-27|2026-03-30|2026-03-31|2026-04-01|2026-04-02|2026-04-06|2026-04-07|2026-04-08|2026-04-09|2026-04-10|2026-04-13|2026-04-14|2026-04-15|2026-04-16|2026-04-17|2026-04-20|2026-04-21|2026-04-22|2026-04-23,2026-04-23 23:00:03,0.0
Central Garden & Pet,,2026-03-12|2026-03-13|2026-03-16|2026-03-17|2026-03-18|2026-03-19|2026-03-20|2026-03-23|2026-03-24|2026-03-25|2026-03-26|2026-03-27|2026-03-30|2026-03-31|2026-04-01|2026-04-02|2026-04-06|2026-04-07|2026-04-08|2026-04-09|2026-04-10|2026-04-13|2026-04-14|2026-04-15|2026-04-16|2026-04-17|2026-04-20|2026-04-21|2026-04-22|2026-04-23,2026-04-23 23:00:03,0.0
Green Plains Inc,,2026-03-12|2026-03-13|2026-03-16|2026-03-17|2026-03-18|2026-03-19|2026-03-20|2026-03-23|2026-03-24|2026-03-25|2026-03-26|2026-03-27|2026-03-30|2026-03-31|2026-04-01|2026-04-02|2026-04-06|2026-04-07|2026-04-08|2026-04-09|2026-04-10|2026-04-13|2026-04-14|2026-04-15|2026-04-16|2026-04-17|2026-04-20|2026-04-21|2026-04-22|2026-04-23,2026-04-23 23:00:03,0.0
Werner Enterprises,,2026-03-12|2026-03-13|2026-03-16|2026-03-17|2026-03-18|2026-03-19|2026-03-20|2026-03-23|2026-03-24|2026-03-25|2026-03-26|2026-03-27|2026-03-30|2026-03-31|2026-04-01|2026-04-02|2026-04-06|2026-04-07|2026-04-08|2026-04-09|2026-04-10|2026-04-13|2026-04-14|2026-04-15|2026-04-16|2026-04-17|2026-04-20|2026-04-21|2026-04-22|2026-04-23,2026-04-23 23:00:03,0.0
AppLovin,,2026-03-12|2026-03-13|2026-03-16|2026-03-17|2026-03-18|2026-03-19|2026-03-20|2026-03-23|2026-03-24|2026-03-25|2026-03-26|2026-03-27|2026-03-30|2026-03-31|2026-04-01|2026-04-02|2026-04-06|2026-04-07|2026-04-08|2026-04-09|2026-04-10|2026-04-13|2026-04-14|2026-04-15|2026-04-16|2026-04-17|2026-04-20|2026-04-21|2026-04-22|2026-04-23,2026-04-23 23:00:03,0.0
ITT,,2026-03-12|2026-03-13|2026-03-16|2026-03-17|2026-03-18|2026-03-19|2026-03-20|2026-03-23|2026-03-24|2026-03-25|2026-03-26|2026-03-27|2026-03-30|2026-03-31|2026-04-01|2026-04-02|2026-04-06|2026-04-07|2026-04-08|2026-04-09|2026-04-10|2026-04-13|2026-04-14|2026-04-15|2026-04-16|2026-04-17|2026-04-20|2026-04-21|2026-04-22|2026-04-23,2026-04-23 23:00:03,0.0
Herc Rentals,,2026-03-12|2026-03-13|2026-03-16|2026-03-17|2026-03-18|2026-03-19|2026-03-20|2026-03-23|2026-03-24|2026-03-25|2026-03-26|2026-03-27|2026-03-30|2026-03-31|2026-04-01|2026-04-02|2026-04-06|2026-04-07|2026-04-08|2026-04-09|2026-04-10|2026-04-13|2026-04-14|2026-04-15|2026-04-16|2026-04-17|2026-04-20|2026-04-21|2026-04-22|2026-04-23,2026-04-23 23:00:03,0.0
Gray Television,,2026-03-12|2026-03-13|2026-03-16|2026-03-17|2026-03-18|2026-03-19|2026-03-20|2026-03-23|2026-03-24|2026-03-25|2026-03-26|2026-03-27|2026-03-30|2026-03-31|2026-04-01|2026-04-02|2026-04-06|2026-04-07|2026-04-08|2026-04-09|2026-04-10|2026-04-13|2026-04-14|2026-04-15|2026-04-16|2026-04-17|2026-04-20|2026-04-21|2026-04-22|2026-04-23,2026-04-23 23:00:03,0.0
IDEX,,2026-03-12|2026-03-13|2026-03-16|2026-03-17|2026-03-18|2026-03-19|2026-03-20|2026-03-23|2026-03-24|2026-03-25|2026-03-26|2026-03-27|2026-03-30|2026-03-31|2026-04-01|2026-04-02|2026-04-06|2026-04-07|2026-04-08|2026-04-09|2026-04-10|2026-04-13|2026-04-14|2026-04-15|2026-04-16|2026-04-17|2026-04-20|2026-04-21|2026-04-22|2026-04-23,2026-04-23 23:00:03,0.0
Boston Properties,,2026-03-12|2026-03-13|2026-03-16|2026-03-17|2026-03-18|2026-03-19|2026-03-20|2026-03-23|2026-03-24|2026-03-25|2026-03-26|2026-03-27|2026-03-30|2026-03-31|2026-04-01|2026-04-02|2026-04-06|2026-04-07|2026-04-08|2026-04-09|2026-04-10|2026-04-13|2026-04-14|2026-04-15|2026-04-16|2026-04-17|2026-04-20|2026-04-21|2026-04-22|2026-04-23,2026-04-23 23:00:03,0.0
Pitney Bowes,,2026-03-12|2026-03-13|2026-03-16|2026-03-17|2026-03-18|2026-03-19|2026-03-20|2026-03-23|2026-03-24|2026-03-25|2026-03-26|2026-03-27|2026-03-30|2026-03-31|2026-04-01|2026-04-02|2026-04-06|2026-04-07|2026-04-08|2026-04-09|2026-04-10|2026-04-13|2026-04-14|2026-04-15|2026-04-16|2026-04-17|2026-04-20|2026-04-21|2026-04-22|2026-04-23,2026-04-23 23:00:03,0.0
Sun Communities,,2026-03-12|2026-03-13|2026-03-16|2026-03-17|2026-03-18|2026-03-19|2026-03-20|2026-03-23|2026-03-24|2026-03-25|2026-03-26|2026-03-27|2026-03-30|2026-03-31|2026-04-01|2026-04-02|2026-04-06|2026-04-07|2026-04-08|2026-04-09|2026-04-10|2026-04-13|2026-04-14|2026-04-15|2026-04-16|2026-04-17|2026-04-20|2026-04-21|2026-04-22|2026-04-23,2026-04-23 23:00:03,0.0
AdaptHealth,,2026-03-12|2026-03-13|2026-03-16|2026-03-17|2026-03-18|2026-03-19|2026-03-20|2026-03-23|2026-03-24|2026-03-25|2026-03-26|2026-03-27|2026-03-30|2026-03-31|2026-04-01|2026-04-02|2026-04-06|2026-04-07|2026-04-08|2026-04-09|2026-04-10|2026-04-13|2026-04-14|2026-04-15|2026-04-16|2026-04-17|2026-04-20|2026-04-21|2026-04-22|2026-04-23,2026-04-23 23:00:03,0.0
Genesis Energy,,2026-03-12|2026-03-13|2026-03-16|2026-03-17|2026-03-18|2026-03-19|2026-03-20|2026-03-23|2026-03-24|2026-03-25|2026-03-26|2026-03-27|2026-03-30|2026-03-31|2026-04-01|2026-04-02|2026-04-06|2026-04-07|2026-04-08|2026-04-09|2026-04-10|2026-04-13|2026-04-14|2026-04-15|2026-04-16|2026-04-17|2026-04-20|2026-04-21|2026-04-22|2026-04-23,2026-04-23 23:00:03,0.0
Jackson Financial,,2026-03-12|2026-03-13|2026-03-16|2026-03-17|2026-03-18|2026-03-19|2026-03-20|2026-03-23|2026-03-24|2026-03-25|2026-03-26|2026-03-27|2026-03-30|2026-03-31|2026-04-01|2026-04-02|2026-04-06|2026-04-07|2026-04-08|2026-04-09|2026-04-10|2026-04-13|2026-04-14|2026-04-15|2026-04-16|2026-04-17|2026-04-20|2026-04-21|2026-04-22|2026-04-23,2026-04-23 23:00:03,0.0
FirstCash,,2026-03-12|2026-03-13|2026-03-16|2026-03-17|2026-03-18|2026-03-19|2026-03-20|2026-03-23|2026-03-24|2026-03-25|2026-03-26|2026-03-27|2026-03-30|2026-03-31|2026-04-01|2026-04-02|2026-04-06|2026-04-07|2026-04-08|2026-04-09|2026-04-10|2026-04-13|2026-04-14|2026-04-15|2026-04-16|2026-04-17|2026-04-20|2026-04-21|2026-04-22|2026-04-23,2026-04-23 23:00:03,0.0
Cal-Maine Foods,,2026-03-12|2026-03-13|2026-03-16|2026-03-17|2026-03-18|2026-03-19|2026-03-20|2026-03-23|2026-03-24|2026-03-25|2026-03-26|2026-03-27|2026-03-30|2026-03-31|2026-04-01|2026-04-02|2026-04-06|2026-04-07|2026-04-08|2026-04-09|2026-04-10|2026-04-13|2026-04-14|2026-04-15|2026-04-16|2026-04-17|2026-04-20|2026-04-21|2026-04-22|2026-04-23,2026-04-23 23:00:03,0.0
Avient,,2026-03-12|2026-03-13|2026-03-16|2026-03-17|2026-03-18|2026-03-19|2026-03-20|2026-03-23|2026-03-24|2026-03-25|2026-03-26|2026-03-27|2026-03-30|2026-03-31|2026-04-01|2026-04-02|2026-04-06|2026-04-07|2026-04-08|2026-04-09|2026-04-10|2026-04-13|2026-04-14|2026-04-15|2026-04-16|2026-04-17|2026-04-20|2026-04-21|2026-04-22|2026-04-23,2026-04-23 23:00:03,0.0
BlueLinx,,2026-03-12|2026-03-13|2026-03-16|2026-03-17|2026-03-18|2026-03-19|2026-03-20|2026-03-23|2026-03-24|2026-03-25|2026-03-26|2026-03-27|2026-03-30|2026-03-31|2026-04-01|2026-04-02|2026-04-06|2026-04-07|2026-04-08|2026-04-09|2026-04-10|2026-04-13|2026-04-14|2026-04-15|2026-04-16|2026-04-17|2026-04-20|2026-04-21|2026-04-22|2026-04-23,2026-04-23 23:00:03,0.0
Sinclair,,2026-03-12|2026-03-13|2026-03-16|2026-03-17|2026-03-18|2026-03-19|2026-03-20|2026-03-23|2026-03-24|2026-03-25|2026-03-26|2026-03-27|2026-03-30|2026-03-31|2026-04-01|2026-04-02|2026-04-06|2026-04-07|2026-04-08|2026-04-09|2026-04-10|2026-04-13|2026-04-14|2026-04-15|2026-04-16|2026-04-17|2026-04-20|2026-04-21|2026-04-22|2026-04-23,2026-04-23 23:00:03,0.0
BOK Financial,,2026-03-12|2026-03-13|2026-03-16|2026-03-17|2026-03-18|2026-03-19|2026-03-20|2026-03-23|2026-03-24|2026-03-25|2026-03-26|2026-03-27|2026-03-30|2026-03-31|2026-04-01|2026-04-02|2026-04-06|2026-04-07|2026-04-08|2026-04-09|2026-04-10|2026-04-13|2026-04-14|2026-04-15|2026-04-16|2026-04-17|2026-04-20|2026-04-21|2026-04-22|2026-04-23,2026-04-23 23:00:03,0.0
Permian Resources,,2026-03-12|2026-03-13|2026-03-16|2026-03-17|2026-03-18|2026-03-19|2026-03-20|2026-03-23|2026-03-24|2026-03-25|2026-03-26|2026-03-27|2026-03-30|2026-03-31|2026-04-01|2026-04-02|2026-04-06|2026-04-07|2026-04-08|2026-04-09|2026-04-10|2026-04-13|2026-04-14|2026-04-15|2026-04-16|2026-04-17|2026-04-20|2026-04-21|2026-04-22|2026-04-23,2026-04-23 23:00:03,0.0
PACS Group,,2026-03-12|2026-03-13|2026-03-16|2026-03-17|2026-03-18|2026-03-19|2026-03-20|2026-03-23|2026-03-24|2026-03-25|2026-03-26|2026-03-27|2026-03-30|2026-03-31|2026-04-01|2026-04-02|2026-04-06|2026-04-07|2026-04-08|2026-04-09|2026-04-10|2026-04-13|2026-04-14|2026-04-15|2026-04-16|2026-04-17|2026-04-20|2026-04-21|2026-04-22|2026-04-23,2026-04-23 23:00:03,0.0
Coinbase Global,,2026-03-12|2026-03-13|2026-03-16|2026-03-17|2026-03-18|2026-03-19|2026-03-20|2026-03-23|2026-03-24|2026-03-25|2026-03-26|2026-03-27|2026-03-30|2026-03-31|2026-04-01|2026-04-02|2026-04-06|2026-04-07|2026-04-08|2026-04-09|2026-04-10|2026-04-13|2026-04-14|2026-04-15|2026-04-16|2026-04-17|2026-04-20|2026-04-21|2026-04-22|2026-04-23,2026-04-23 23:00:03,0.0
Western Midstream Partners,,2026-03-12|2026-03-13|2026-03-16|2026-03-17|2026-03-18|2026-03-19|2026-03-20|2026-03-23|2026-03-24|2026-03-25|2026-03-26|2026-03-27|2026-03-30|2026-03-31|2026-04-01|2026-04-02|2026-04-06|2026-04-07|2026-04-08|2026-04-09|2026-04-10|2026-04-13|2026-04-14|2026-04-15|2026-04-16|2026-04-17|2026-04-20|2026-04-21|2026-04-22|2026-04-23,2026-04-23 23:00:03,0.0
G-III Apparel Group,,2026-03-12|2026-03-13|2026-03-16|2026-03-17|2026-03-18|2026-03-19|2026-03-20|2026-03-23|2026-03-24|2026-03-25|2026-03-26|2026-03-27|2026-03-30|2026-03-31|2026-04-01|2026-04-02|2026-04-06|2026-04-07|2026-04-08|2026-04-09|2026-04-10|2026-04-13|2026-04-14|2026-04-15|2026-04-16|2026-04-17|2026-04-20|2026-04-21|2026-04-22|2026-04-23,2026-04-23 23:00:03,0.0
Vontier,,2026-03-12|2026-03-13|2026-03-16|2026-03-17|2026-03-18|2026-03-19|2026-03-20|2026-03-23|2026-03-24|2026-03-25|2026-03-26|2026-03-27|2026-03-30|2026-03-31|2026-04-01|2026-04-02|2026-04-06|2026-04-07|2026-04-08|2026-04-09|2026-04-10|2026-04-13|2026-04-14|2026-04-15|2026-04-16|2026-04-17|2026-04-20|2026-04-21|2026-04-22|2026-04-23,2026-04-23 23:00:03,0.0
Matson Inc,,2026-03-12|2026-03-13|2026-03-16|2026-03-17|2026-03-18|2026-03-19|2026-03-20|2026-03-23|2026-03-24|2026-03-25|2026-03-26|2026-03-27|2026-03-30|2026-03-31|2026-04-01|2026-04-02|2026-04-06|2026-04-07|2026-04-08|2026-04-09|2026-04-10|2026-04-13|2026-04-14|2026-04-15|2026-04-16|2026-04-17|2026-04-20|2026-04-21|2026-04-22|2026-04-23,2026-04-23 23:00:03,0.0
Kirby Corporation,,2026-03-12|2026-03-13|2026-03-16|2026-03-17|2026-03-18|2026-03-19|2026-03-20|2026-03-23|2026-03-24|2026-03-25|2026-03-26|2026-03-27|2026-03-30|2026-03-31|2026-04-01|2026-04-02|2026-04-06|2026-04-07|2026-04-08|2026-04-09|2026-04-10|2026-04-13|2026-04-14|2026-04-15|2026-04-16|2026-04-17|2026-04-20|2026-04-21|2026-04-22|2026-04-23,2026-04-23 23:00:03,0.0
Kaiser Aluminum,,2026-03-12|2026-03-13|2026-03-16|2026-03-17|2026-03-18|2026-03-19|2026-03-20|2026-03-23|2026-03-24|2026-03-25|2026-03-26|2026-03-27|2026-03-30|2026-03-31|2026-04-01|2026-04-02|2026-04-06|2026-04-07|2026-04-08|2026-04-09|2026-04-10|2026-04-13|2026-04-14|2026-04-15|2026-04-16|2026-04-17|2026-04-20|2026-04-21|2026-04-22|2026-04-23,2026-04-23 23:00:03,0.0
Designer Brands,,2026-03-12|2026-03-13|2026-03-16|2026-03-17|2026-03-18|2026-03-19|2026-03-20|2026-03-23|2026-03-24|2026-03-25|2026-03-26|2026-03-27|2026-03-30|2026-03-31|2026-04-01|2026-04-02|2026-04-06|2026-04-07|2026-04-08|2026-04-09|2026-04-10|2026-04-13|2026-04-14|2026-04-15|2026-04-16|2026-04-17|2026-04-20|2026-04-21|2026-04-22|2026-04-23,2026-04-23 23:00:03,0.0
Rollins Inc,,2026-03-12|2026-03-13|2026-03-16|2026-03-17|2026-03-18|2026-03-19|2026-03-20|2026-03-23|2026-03-24|2026-03-25|2026-03-26|2026-03-27|2026-03-30|2026-03-31|2026-04-01|2026-04-02|2026-04-06|2026-04-07|2026-04-08|2026-04-09|2026-04-10|2026-04-13|2026-04-14|2026-04-15|2026-04-16|2026-04-17|2026-04-20|2026-04-21|2026-04-22|2026-04-23,2026-04-23 23:00:03,0.0
Advanced Drainage Systems,,2026-03-12|2026-03-13|2026-03-16|2026-03-17|2026-03-18|2026-03-19|2026-03-20|2026-03-23|2026-03-24|2026-03-25|2026-03-26|2026-03-27|2026-03-30|2026-03-31|2026-04-01|2026-04-02|2026-04-06|2026-04-07|2026-04-08|2026-04-09|2026-04-10|2026-04-13|2026-04-14|2026-04-15|2026-04-16|2026-04-17|2026-04-20|2026-04-21|2026-04-22|2026-04-23,2026-04-23 23:00:03,0.0
Cinemark,,2026-03-12|2026-03-13|2026-03-16|2026-03-17|2026-03-18|2026-03-19|2026-03-20|2026-03-23|2026-03-24|2026-03-25|2026-03-26|2026-03-27|2026-03-30|2026-03-31|2026-04-01|2026-04-02|2026-04-06|2026-04-07|2026-04-08|2026-04-09|2026-04-10|2026-04-13|2026-04-14|2026-04-15|2026-04-16|2026-04-17|2026-04-20|2026-04-21|2026-04-22|2026-04-23,2026-04-23 23:00:03,0.0
CrowdStrike,,2026-03-12|2026-03-13|2026-03-16|2026-03-17|2026-03-18|2026-03-19|2026-03-20|2026-03-23|2026-03-24|2026-03-25|2026-03-26|2026-03-27|2026-03-30|2026-03-31|2026-04-01|2026-04-02|2026-04-06|2026-04-07|2026-04-08|2026-04-09|2026-04-10|2026-04-13|2026-04-14|2026-04-15|2026-04-16|2026-04-17|2026-04-20|2026-04-21|2026-04-22|2026-04-23,2026-04-23 23:00:03,0.0
Pinterest,,2026-03-12|2026-03-13|2026-03-16|2026-03-17|2026-03-18|2026-03-19|2026-03-20|2026-03-23|2026-03-24|2026-03-25|2026-03-26|2026-03-27|2026-03-30|2026-03-31|2026-04-01|2026-04-02|2026-04-06|2026-04-07|2026-04-08|2026-04-09|2026-04-10|2026-04-13|2026-04-14|2026-04-15|2026-04-16|2026-04-17|2026-04-20|2026-04-21|2026-04-22|2026-04-23,2026-04-23 23:00:03,0.0
Instacart,,2026-03-12|2026-03-13|2026-03-16|2026-03-17|2026-03-18|2026-03-19|2026-03-20|2026-03-23|2026-03-24|2026-03-25|2026-03-26|2026-03-27|2026-03-30|2026-03-31|2026-04-01|2026-04-02|2026-04-06|2026-04-07|2026-04-08|2026-04-09|2026-04-10|2026-04-13|2026-04-14|2026-04-15|2026-04-16|2026-04-17|2026-04-20|2026-04-21|2026-04-22|2026-04-23,2026-04-23 23:00:03,0.0
Allison Transmission,,2026-03-12|2026-03-13|2026-03-16|2026-03-17|2026-03-18|2026-03-19|2026-03-20|2026-03-23|2026-03-24|2026-03-25|2026-03-26|2026-03-27|2026-03-30|2026-03-31|2026-04-01|2026-04-02|2026-04-06|2026-04-07|2026-04-08|2026-04-09|2026-04-10|2026-04-13|2026-04-14|2026-04-15|2026-04-16|2026-04-17|2026-04-20|2026-04-21|2026-04-22|2026-04-23,2026-04-23 23:00:03,0.0
Restoration Hardware,,2026-03-12|2026-03-13|2026-03-16|2026-03-17|2026-03-18|2026-03-19|2026-03-20|2026-03-23|2026-03-24|2026-03-25|2026-03-26|2026-03-27|2026-03-30|2026-03-31|2026-04-01|2026-04-02|2026-04-06|2026-04-07|2026-04-08|2026-04-09|2026-04-10|2026-04-13|2026-04-14|2026-04-15|2026-04-16|2026-04-17|2026-04-20|2026-04-21|2026-04-22|2026-04-23,2026-04-23 23:00:03,0.0
Brookdale Senior Living,,2026-03-12|2026-03-13|2026-03-16|2026-03-17|2026-03-18|2026-03-19|2026-03-20|2026-03-23|2026-03-24|2026-03-25|2026-03-26|2026-03-27|2026-03-30|2026-03-31|2026-04-01|2026-04-02|2026-04-06|2026-04-07|2026-04-08|2026-04-09|2026-04-10|2026-04-13|2026-04-14|2026-04-15|2026-04-16|2026-04-17|2026-04-20|2026-04-21|2026-04-22|2026-04-23,2026-04-23 23:00:03,0.0
QuidelOrtho,,2026-03-12|2026-03-13|2026-03-16|2026-03-17|2026-03-18|2026-03-19|2026-03-20|2026-03-23|2026-03-24|2026-03-25|2026-03-26|2026-03-27|2026-03-30|2026-03-31|2026-04-01|2026-04-02|2026-04-06|2026-04-07|2026-04-08|2026-04-09|2026-04-10|2026-04-13|2026-04-14|2026-04-15|2026-04-16|2026-04-17|2026-04-20|2026-04-21|2026-04-22|2026-04-23,2026-04-23 23:00:03,0.0
Trinity Industries,,2026-03-12|2026-03-13|2026-03-16|2026-03-17|2026-03-18|2026-03-19|2026-03-20|2026-03-23|2026-03-24|2026-03-25|2026-03-26|2026-03-27|2026-03-30|2026-03-31|2026-04-01|2026-04-02|2026-04-06|2026-04-07|2026-04-08|2026-04-09|2026-04-10|2026-04-13|2026-04-14|2026-04-15|2026-04-16|2026-04-17|2026-04-20|2026-04-21|2026-04-22|2026-04-23,2026-04-23 23:00:03,0.0
Teleflex,,2026-03-12|2026-03-13|2026-03-16|2026-03-17|2026-03-18|2026-03-19|2026-03-20|2026-03-23|2026-03-24|2026-03-25|2026-03-26|2026-03-27|2026-03-30|2026-03-31|2026-04-01|2026-04-02|2026-04-06|2026-04-07|2026-04-08|2026-04-09|2026-04-10|2026-04-13|2026-04-14|2026-04-15|2026-04-16|2026-04-17|2026-04-20|2026-04-21|2026-04-22|2026-04-23,2026-04-23 23:00:03,0.0
HEICO,,2026-03-12|2026-03-13|2026-03-16|2026-03-17|2026-03-18|2026-03-19|2026-03-20|2026-03-23|2026-03-24|2026-03-25|2026-03-26|2026-03-27|2026-03-30|2026-03-31|2026-04-01|2026-04-02|2026-04-06|2026-04-07|2026-04-08|2026-04-09|2026-04-10|2026-04-13|2026-04-14|2026-04-15|2026-04-16|2026-04-17|2026-04-20|2026-04-21|2026-04-22|2026-04-23,2026-04-23 23:00:03,0.0
Bruker,,2026-03-12|2026-03-13|2026-03-16|2026-03-17|2026-03-18|2026-03-19|2026-03-20|2026-03-23|2026-03-24|2026-03-25|2026-03-26|2026-03-27|2026-03-30|2026-03-31|2026-04-01|2026-04-02|2026-04-06|2026-04-07|2026-04-08|2026-04-09|2026-04-10|2026-04-13|2026-04-14|2026-04-15|2026-04-16|2026-04-17|2026-04-20|2026-04-21|2026-04-22|2026-04-23,2026-04-23 23:00:03,0.0
Carlyle Group,,2026-03-12|2026-03-13|2026-03-16|2026-03-17|2026-03-18|2026-03-19|2026-03-20|2026-03-23|2026-03-24|2026-03-25|2026-03-26|2026-03-27|2026-03-30|2026-03-31|2026-04-01|2026-04-02|2026-04-06|2026-04-07|2026-04-08|2026-04-09|2026-04-10|2026-04-13|2026-04-14|2026-04-15|2026-04-16|2026-04-17|2026-04-20|2026-04-21|2026-04-22|2026-04-23,2026-04-23 23:00:03,0.0
Energizer Holdings,,2026-03-12|2026-03-13|2026-03-16|2026-03-17|2026-03-18|2026-03-19|2026-03-20|2026-03-23|2026-03-24|2026-03-25|2026-03-26|2026-03-27|2026-03-30|2026-03-31|2026-04-01|2026-04-02|2026-04-06|2026-04-07|2026-04-08|2026-04-09|2026-04-10|2026-04-13|2026-04-14|2026-04-15|2026-04-16|2026-04-17|2026-04-20|2026-04-21|2026-04-22|2026-04-23,2026-04-23 23:00:03,0.0
Rackspace Technology,,2026-03-12|2026-03-13|2026-03-16|2026-03-17|2026-03-18|2026-03-19|2026-03-20|2026-03-23|2026-03-24|2026-03-25|2026-03-26|2026-03-27|2026-03-30|2026-03-31|2026-04-01|2026-04-02|2026-04-06|2026-04-07|2026-04-08|2026-04-09|2026-04-10|2026-04-13|2026-04-14|2026-04-15|2026-04-16|2026-04-17|2026-04-20|2026-04-21|2026-04-22|2026-04-23,2026-04-23 23:00:03,0.0
Waters Corporation,,2026-03-12|2026-03-13|2026-03-16|2026-03-17|2026-03-18|2026-03-19|2026-03-20|2026-03-23|2026-03-24|2026-03-25|2026-03-26|2026-03-27|2026-03-30|2026-03-31|2026-04-01|2026-04-02|2026-04-06|2026-04-07|2026-04-08|2026-04-09|2026-04-10|2026-04-13|2026-04-14|2026-04-15|2026-04-16|2026-04-17|2026-04-20|2026-04-21|2026-04-22|2026-04-23,2026-04-23 23:00:03,0.0
West Pharmaceutical Services,,2026-03-12|2026-03-13|2026-03-16|2026-03-17|2026-03-18|2026-03-19|2026-03-20|2026-03-23|2026-03-24|2026-03-25|2026-03-26|2026-03-27|2026-03-30|2026-03-31|2026-04-01|2026-04-02|2026-04-06|2026-04-07|2026-04-08|2026-04-09|2026-04-10|2026-04-13|2026-04-14|2026-04-15|2026-04-16|2026-04-17|2026-04-20|2026-04-21|2026-04-22|2026-04-23,2026-04-23 23:00:03,0.0
Carters Inc,,2026-03-12|2026-03-13|2026-03-16|2026-03-17|2026-03-18|2026-03-19|2026-03-20|2026-03-23|2026-03-24|2026-03-25|2026-03-26|2026-03-27|2026-03-30|2026-03-31|2026-04-01|2026-04-02|2026-04-06|2026-04-07|2026-04-08|2026-04-09|2026-04-10|2026-04-13|2026-04-14|2026-04-15|2026-04-16|2026-04-17|2026-04-20|2026-04-21|2026-04-22|2026-04-23,2026-04-23 23:00:03,0.0
SkyWest,,2026-03-12|2026-03-13|2026-03-16|2026-03-17|2026-03-18|2026-03-19|2026-03-20|2026-03-23|2026-03-24|2026-03-25|2026-03-26|2026-03-27|2026-03-30|2026-03-31|2026-04-01|2026-04-02|2026-04-06|2026-04-07|2026-04-08|2026-04-09|2026-04-10|2026-04-13|2026-04-14|2026-04-15|2026-04-16|2026-04-17|2026-04-20|2026-04-21|2026-04-22|2026-04-23,2026-04-23 23:00:03,0.0
Acadia Healthcare,,2026-03-12|2026-03-13|2026-03-16|2026-03-17|2026-03-18|2026-03-19|2026-03-20|2026-03-23|2026-03-24|2026-03-25|2026-03-26|2026-03-27|2026-03-30|2026-03-31|2026-04-01|2026-04-02|2026-04-06|2026-04-07|2026-04-08|2026-04-09|2026-04-10|2026-04-13|2026-04-14|2026-04-15|2026-04-16|2026-04-17|2026-04-20|2026-04-21|2026-04-22|2026-04-23,2026-04-23 23:00:03,0.0
Revvity,,2026-03-12|2026-03-13|2026-03-16|2026-03-17|2026-03-18|2026-03-19|2026-03-20|2026-03-23|2026-03-24|2026-03-25|2026-03-26|2026-03-27|2026-03-30|2026-03-31|2026-04-01|2026-04-02|2026-04-06|2026-04-07|2026-04-08|2026-04-09|2026-04-10|2026-04-13|2026-04-14|2026-04-15|2026-04-16|2026-04-17|2026-04-20|2026-04-21|2026-04-22|2026-04-23,2026-04-23 23:00:03,0.0
Portland General Electric,,2026-03-12|2026-03-13|2026-03-16|2026-03-17|2026-03-18|2026-03-19|2026-03-20|2026-03-23|2026-03-24|2026-03-25|2026-03-26|2026-03-27|2026-03-30|2026-03-31|2026-04-01|2026-04-02|2026-04-06|2026-04-07|2026-04-08|2026-04-09|2026-04-10|2026-04-13|2026-04-14|2026-04-15|2026-04-16|2026-04-17|2026-04-20|2026-04-21|2026-04-22|2026-04-23,2026-04-23 23:00:03,0.0
Woodward Inc,,2026-03-12|2026-03-13|2026-03-16|2026-03-17|2026-03-18|2026-03-19|2026-03-20|2026-03-23|2026-03-24|2026-03-25|2026-03-26|2026-03-27|2026-03-30|2026-03-31|2026-04-01|2026-04-02|2026-04-06|2026-04-07|2026-04-08|2026-04-09|2026-04-10|2026-04-13|2026-04-14|2026-04-15|2026-04-16|2026-04-17|2026-04-20|2026-04-21|2026-04-22|2026-04-23,2026-04-23 23:00:03,0.0
TEGNA,,2026-02-06|2026-02-09|2026-02-10|2026-02-11|2026-02-12|2026-02-13|2026-02-17|2026-02-18|2026-02-19|2026-02-20|2026-02-23|2026-02-24|2026-02-25|2026-02-26|2026-02-27|2026-03-02|2026-03-03|2026-03-04|2026-03-05|2026-03-06|2026-03-09|2026-03-10|2026-03-11|2026-03-12|2026-03-13|2026-03-16|2026-03-17|2026-03-18|2026-03-19|2026-03-20,2026-04-23 23:00:03,0.0
Sabre Corporation,,2026-03-12|2026-03-13|2026-03-16|2026-03-17|2026-03-18|2026-03-19|2026-03-20|2026-03-23|2026-03-24|2026-03-25|2026-03-26|2026-03-27|2026-03-30|2026-03-31|2026-04-01|2026-04-02|2026-04-06|2026-04-07|2026-04-08|2026-04-09|2026-04-10|2026-04-13|2026-04-14|2026-04-15|2026-04-16|2026-04-17|2026-04-20|2026-04-21|2026-04-22|2026-04-23,2026-04-23 23:00:03,0.0
Light & Wonder,,2026-03-11|2026-03-12|2026-03-13|2026-03-16|2026-03-17|2026-03-18|2026-03-19|2026-03-20|2026-03-23|2026-03-24|2026-03-25|2026-03-26|2026-03-27|2026-03-30|2026-03-31|2026-04-01|2026-04-02|2026-04-06|2026-04-07|2026-04-08|2026-04-09|2026-04-10|2026-04-13|2026-04-14|2026-04-15|2026-04-16|2026-04-17|2026-04-20|2026-04-21|2026-04-22,2026-04-23 23:00:03,0.0
Vail Resorts,,2026-03-12|2026-03-13|2026-03-16|2026-03-17|2026-03-18|2026-03-19|2026-03-20|2026-03-23|2026-03-24|2026-03-25|2026-03-26|2026-03-27|2026-03-30|2026-03-31|2026-04-01|2026-04-02|2026-04-06|2026-04-07|2026-04-08|2026-04-09|2026-04-10|2026-04-13|2026-04-14|2026-04-15|2026-04-16|2026-04-17|2026-04-20|2026-04-21|2026-04-22|2026-04-23,2026-04-23 23:00:03,0.0
PennyMac Financial Services,,2026-03-12|2026-03-13|2026-03-16|2026-03-17|2026-03-18|2026-03-19|2026-03-20|2026-03-23|2026-03-24|2026-03-25|2026-03-26|2026-03-27|2026-03-30|2026-03-31|2026-04-01|2026-04-02|2026-04-06|2026-04-07|2026-04-08|2026-04-09|2026-04-10|2026-04-13|2026-04-14|2026-04-15|2026-04-16|2026-04-17|2026-04-20|2026-04-21|2026-04-22|2026-04-23,2026-04-23 23:00:03,0.0
Saia Inc,,2026-03-12|2026-03-13|2026-03-16|2026-03-17|2026-03-18|2026-03-19|2026-03-20|2026-03-23|2026-03-24|2026-03-25|2026-03-26|2026-03-27|2026-03-30|2026-03-31|2026-04-01|2026-04-02|2026-04-06|2026-04-07|2026-04-08|2026-04-09|2026-04-10|2026-04-13|2026-04-14|2026-04-15|2026-04-16|2026-04-17|2026-04-20|2026-04-21|2026-04-22|2026-04-23,2026-04-23 23:00:03,0.0
Equity Residential,,2026-03-12|2026-03-13|2026-03-16|2026-03-17|2026-03-18|2026-03-19|2026-03-20|2026-03-23|2026-03-24|2026-03-25|2026-03-26|2026-03-27|2026-03-30|2026-03-31|2026-04-01|2026-04-02|2026-04-06|2026-04-07|2026-04-08|2026-04-09|2026-04-10|2026-04-13|2026-04-14|2026-04-15|2026-04-16|2026-04-17|2026-04-20|2026-04-21|2026-04-22|2026-04-23,2026-04-23 23:00:03,0.0
Helmerich & Payne,,2026-03-12|2026-03-13|2026-03-16|2026-03-17|2026-03-18|2026-03-19|2026-03-20|2026-03-23|2026-03-24|2026-03-25|2026-03-26|2026-03-27|2026-03-30|2026-03-31|2026-04-01|2026-04-02|2026-04-06|2026-04-07|2026-04-08|2026-04-09|2026-04-10|2026-04-13|2026-04-14|2026-04-15|2026-04-16|2026-04-17|2026-04-20|2026-04-21|2026-04-22|2026-04-23,2026-04-23 23:00:03,0.0
Korn Ferry,,2026-03-12|2026-03-13|2026-03-16|2026-03-17|2026-03-18|2026-03-19|2026-03-20|2026-03-23|2026-03-24|2026-03-25|2026-03-26|2026-03-27|2026-03-30|2026-03-31|2026-04-01|2026-04-02|2026-04-06|2026-04-07|2026-04-08|2026-04-09|2026-04-10|2026-04-13|2026-04-14|2026-04-15|2026-04-16|2026-04-17|2026-04-20|2026-04-21|2026-04-22|2026-04-23,2026-04-23 23:00:03,0.0
PC Connection Inc,,2026-03-12|2026-03-13|2026-03-16|2026-03-17|2026-03-18|2026-03-19|2026-03-20|2026-03-23|2026-03-24|2026-03-25|2026-03-26|2026-03-27|2026-03-30|2026-03-31|2026-04-01|2026-04-02|2026-04-06|2026-04-07|2026-04-08|2026-04-09|2026-04-10|2026-04-13|2026-04-14|2026-04-15|2026-04-16|2026-04-17|2026-04-20|2026-04-21|2026-04-22|2026-04-23,2026-04-23 23:00:03,0.0
Curtiss-Wright,,2026-03-12|2026-03-13|2026-03-16|2026-03-17|2026-03-18|2026-03-19|2026-03-20|2026-03-23|2026-03-24|2026-03-25|2026-03-26|2026-03-27|2026-03-30|2026-03-31|2026-04-01|2026-04-02|2026-04-06|2026-04-07|2026-04-08|2026-04-09|2026-04-10|2026-04-13|2026-04-14|2026-04-15|2026-04-16|2026-04-17|2026-04-20|2026-04-21|2026-04-22|2026-04-23,2026-04-23 23:00:03,0.0
Sallie Mae,,2026-03-12|2026-03-13|2026-03-16|2026-03-17|2026-03-18|2026-03-19|2026-03-20|2026-03-23|2026-03-24|2026-03-25|2026-03-26|2026-03-27|2026-03-30|2026-03-31|2026-04-01|2026-04-02|2026-04-06|2026-04-07|2026-04-08|2026-04-09|2026-04-10|2026-04-13|2026-04-14|2026-04-15|2026-04-16|2026-04-17|2026-04-20|2026-04-21|2026-04-22|2026-04-23,2026-04-23 23:00:03,0.0
Benchmark Electronics,,2026-03-12|2026-03-13|2026-03-16|2026-03-17|2026-03-18|2026-03-19|2026-03-20|2026-03-23|2026-03-24|2026-03-25|2026-03-26|2026-03-27|2026-03-30|2026-03-31|2026-04-01|2026-04-02|2026-04-06|2026-04-07|2026-04-08|2026-04-09|2026-04-10|2026-04-13|2026-04-14|2026-04-15|2026-04-16|2026-04-17|2026-04-20|2026-04-21|2026-04-22|2026-04-23,2026-04-23 23:00:03,0.0
Pure Storage,,2026-03-11|2026-03-12|2026-03-13|2026-03-16|2026-03-17|2026-03-18|2026-03-19|2026-03-20|2026-03-23|2026-03-24|2026-03-25|2026-03-26|2026-03-27|2026-03-30|2026-03-31|2026-04-01|2026-04-02|2026-04-06|2026-04-07|2026-04-08|2026-04-09|2026-04-10|2026-04-13|2026-04-14|2026-04-15|2026-04-16|2026-04-17|2026-04-20|2026-04-21|2026-04-22,2026-04-23 23:00:03,0.0
Knife River Corporation,,2026-03-12|2026-03-13|2026-03-16|2026-03-17|2026-03-18|2026-03-19|2026-03-20|2026-03-23|2026-03-24|2026-03-25|2026-03-26|2026-03-27|2026-03-30|2026-03-31|2026-04-01|2026-04-02|2026-04-06|2026-04-07|2026-04-08|2026-04-09|2026-04-10|2026-04-13|2026-04-14|2026-04-15|2026-04-16|2026-04-17|2026-04-20|2026-04-21|2026-04-22|2026-04-23,2026-04-23 23:00:03,0.0
Caleres Inc,,2026-03-12|2026-03-13|2026-03-16|2026-03-17|2026-03-18|2026-03-19|2026-03-20|2026-03-23|2026-03-24|2026-03-25|2026-03-26|2026-03-27|2026-03-30|2026-03-31|2026-04-01|2026-04-02|2026-04-06|2026-04-07|2026-04-08|2026-04-09|2026-04-10|2026-04-13|2026-04-14|2026-04-15|2026-04-16|2026-04-17|2026-04-20|2026-04-21|2026-04-22|2026-04-23,2026-04-23 23:00:03,0.0
BrightView Holdings,,2026-03-12|2026-03-13|2026-03-16|2026-03-17|2026-03-18|2026-03-19|2026-03-20|2026-03-23|2026-03-24|2026-03-25|2026-03-26|2026-03-27|2026-03-30|2026-03-31|2026-04-01|2026-04-02|2026-04-06|2026-04-07|2026-04-08|2026-04-09|2026-04-10|2026-04-13|2026-04-14|2026-04-15|2026-04-16|2026-04-17|2026-04-20|2026-04-21|2026-04-22|2026-04-23,2026-04-23 23:00:03,0.0
Cooper-Standard,,2026-03-12|2026-03-13|2026-03-16|2026-03-17|2026-03-18|2026-03-19|2026-03-20|2026-03-23|2026-03-24|2026-03-25|2026-03-26|2026-03-27|2026-03-30|2026-03-31|2026-04-01|2026-04-02|2026-04-06|2026-04-07|2026-04-08|2026-04-09|2026-04-10|2026-04-13|2026-04-14|2026-04-15|2026-04-16|2026-04-17|2026-04-20|2026-04-21|2026-04-22|2026-04-23,2026-04-23 23:00:03,0.0
Primerica,,2026-03-12|2026-03-13|2026-03-16|2026-03-17|2026-03-18|2026-03-19|2026-03-20|2026-03-23|2026-03-24|2026-03-25|2026-03-26|2026-03-27|2026-03-30|2026-03-31|2026-04-01|2026-04-02|2026-04-06|2026-04-07|2026-04-08|2026-04-09|2026-04-10|2026-04-13|2026-04-14|2026-04-15|2026-04-16|2026-04-17|2026-04-20|2026-04-21|2026-04-22|2026-04-23,2026-04-23 23:00:03,0.0
F5,,2026-03-12|2026-03-13|2026-03-16|2026-03-17|2026-03-18|2026-03-19|2026-03-20|2026-03-23|2026-03-24|2026-03-25|2026-03-26|2026-03-27|2026-03-30|2026-03-31|2026-04-01|2026-04-02|2026-04-06|2026-04-07|2026-04-08|2026-04-09|2026-04-10|2026-04-13|2026-04-14|2026-04-15|2026-04-16|2026-04-17|2026-04-20|2026-04-21|2026-04-22|2026-04-23,2026-04-23 23:00:03,0.0
Matador Resources,,2026-03-12|2026-03-13|2026-03-16|2026-03-17|2026-03-18|2026-03-19|2026-03-20|2026-03-23|2026-03-24|2026-03-25|2026-03-26|2026-03-27|2026-03-30|2026-03-31|2026-04-01|2026-04-02|2026-04-06|2026-04-07|2026-04-08|2026-04-09|2026-04-10|2026-04-13|2026-04-14|2026-04-15|2026-04-16|2026-04-17|2026-04-20|2026-04-21|2026-04-22|2026-04-23,2026-04-23 23:00:03,0.0
Snowflake Inc,,2026-03-12|2026-03-13|2026-03-16|2026-03-17|2026-03-18|2026-03-19|2026-03-20|2026-03-23|2026-03-24|2026-03-25|2026-03-26|2026-03-27|2026-03-30|2026-03-31|2026-04-01|2026-04-02|2026-04-06|2026-04-07|2026-04-08|2026-04-09|2026-04-10|2026-04-13|2026-04-14|2026-04-15|2026-04-16|2026-04-17|2026-04-20|2026-04-21|2026-04-22|2026-04-23,2026-04-23 23:00:03,0.0
Viasat,,2026-03-12|2026-03-13|2026-03-16|2026-03-17|2026-03-18|2026-03-19|2026-03-20|2026-03-23|2026-03-24|2026-03-25|2026-03-26|2026-03-27|2026-03-30|2026-03-31|2026-04-01|2026-04-02|2026-04-06|2026-04-07|2026-04-08|2026-04-09|2026-04-10|2026-04-13|2026-04-14|2026-04-15|2026-04-16|2026-04-17|2026-04-20|2026-04-21|2026-04-22|2026-04-23,2026-04-23 23:00:03,0.0
California Resources,,2026-03-12|2026-03-13|2026-03-16|2026-03-17|2026-03-18|2026-03-19|2026-03-20|2026-03-23|2026-03-24|2026-03-25|2026-03-26|2026-03-27|2026-03-30|2026-03-31|2026-04-01|2026-04-02|2026-04-06|2026-04-07|2026-04-08|2026-04-09|2026-04-10|2026-04-13|2026-04-14|2026-04-15|2026-04-16|2026-04-17|2026-04-20|2026-04-21|2026-04-22|2026-04-23,2026-04-23 23:00:03,0.0
Peloton Interactive,,2026-03-12|2026-03-13|2026-03-16|2026-03-17|2026-03-18|2026-03-19|2026-03-20|2026-03-23|2026-03-24|2026-03-25|2026-03-26|2026-03-27|2026-03-30|2026-03-31|2026-04-01|2026-04-02|2026-04-06|2026-04-07|2026-04-08|2026-04-09|2026-04-10|2026-04-13|2026-04-14|2026-04-15|2026-04-16|2026-04-17|2026-04-20|2026-04-21|2026-04-22|2026-04-23,2026-04-23 23:00:03,0.0
Roblox,,2026-03-12|2026-03-13|2026-03-16|2026-03-17|2026-03-18|2026-03-19|2026-03-20|2026-03-23|2026-03-24|2026-03-25|2026-03-26|2026-03-27|2026-03-30|2026-03-31|2026-04-01|2026-04-02|2026-04-06|2026-04-07|2026-04-08|2026-04-09|2026-04-10|2026-04-13|2026-04-14|2026-04-15|2026-04-16|2026-04-17|2026-04-20|2026-04-21|2026-04-22|2026-04-23,2026-04-23 23:00:03,0.0
Installed Building Products,,2026-03-12|2026-03-13|2026-03-16|2026-03-17|2026-03-18|2026-03-19|2026-03-20|2026-03-23|2026-03-24|2026-03-25|2026-03-26|2026-03-27|2026-03-30|2026-03-31|2026-04-01|2026-04-02|2026-04-06|2026-04-07|2026-04-08|2026-04-09|2026-04-10|2026-04-13|2026-04-14|2026-04-15|2026-04-16|2026-04-17|2026-04-20|2026-04-21|2026-04-22|2026-04-23,2026-04-23 23:00:03,0.0
First National of Nebraska,,2026-03-11|2026-03-12|2026-03-13|2026-03-16|2026-03-17|2026-03-18|2026-03-19|2026-03-20|2026-03-23|2026-03-24|2026-03-25|2026-03-26|2026-03-27|2026-03-30|2026-03-31|2026-04-01|2026-04-02|2026-04-06|2026-04-07|2026-04-08|2026-04-09|2026-04-10|2026-04-13|2026-04-14|2026-04-15|2026-04-16|2026-04-17|2026-04-20|2026-04-21|2026-04-22,2026-04-23 23:00:03,0.0
ESAB,,2026-03-12|2026-03-13|2026-03-16|2026-03-17|2026-03-18|2026-03-19|2026-03-20|2026-03-23|2026-03-24|2026-03-25|2026-03-26|2026-03-27|2026-03-30|2026-03-31|2026-04-01|2026-04-02|2026-04-06|2026-04-07|2026-04-08|2026-04-09|2026-04-10|2026-04-13|2026-04-14|2026-04-15|2026-04-16|2026-04-17|2026-04-20|2026-04-21|2026-04-22|2026-04-23,2026-04-23 23:00:03,0.0
AvalonBay Communities,,2026-03-12|2026-03-13|2026-03-16|2026-03-17|2026-03-18|2026-03-19|2026-03-20|2026-03-23|2026-03-24|2026-03-25|2026-03-26|2026-03-27|2026-03-30|2026-03-31|2026-04-01|2026-04-02|2026-04-06|2026-04-07|2026-04-08|2026-04-09|2026-04-10|2026-04-13|2026-04-14|2026-04-15|2026-04-16|2026-04-17|2026-04-20|2026-04-21|2026-04-22|2026-04-23,2026-04-23 23:00:03,0.0
DocuSign,,2026-03-12|2026-03-13|2026-03-16|2026-03-17|2026-03-18|2026-03-19|2026-03-20|2026-03-23|2026-03-24|2026-03-25|2026-03-26|2026-03-27|2026-03-30|2026-03-31|2026-04-01|2026-04-02|2026-04-06|2026-04-07|2026-04-08|2026-04-09|2026-04-10|2026-04-13|2026-04-14|2026-04-15|2026-04-16|2026-04-17|2026-04-20|2026-04-21|2026-04-22|2026-04-23,2026-04-23 23:00:03,0.0
Titan Machinery,,2026-03-12|2026-03-13|2026-03-16|2026-03-17|2026-03-18|2026-03-19|2026-03-20|2026-03-23|2026-03-24|2026-03-25|2026-03-26|2026-03-27|2026-03-30|2026-03-31|2026-04-01|2026-04-02|2026-04-06|2026-04-07|2026-04-08|2026-04-09|2026-04-10|2026-04-13|2026-04-14|2026-04-15|2026-04-16|2026-04-17|2026-04-20|2026-04-21|2026-04-22|2026-04-23,2026-04-23 23:00:03,0.0
ModivCare,,2026-03-11|2026-03-12|2026-03-13|2026-03-16|2026-03-17|2026-03-18|2026-03-19|2026-03-20|2026-03-23|2026-03-24|2026-03-25|2026-03-26|2026-03-27|2026-03-30|2026-03-31|2026-04-01|2026-04-02|2026-04-06|2026-04-07|2026-04-08|2026-04-09|2026-04-10|2026-04-13|2026-04-14|2026-04-15|2026-04-16|2026-04-17|2026-04-20|2026-04-21|2026-04-22,2026-04-23 23:00:03,0.0
Hovnanian Enterprises,,2026-03-12|2026-03-13|2026-03-16|2026-03-17|2026-03-18|2026-03-19|2026-03-20|2026-03-23|2026-03-24|2026-03-25|2026-03-26|2026-03-27|2026-03-30|2026-03-31|2026-04-01|2026-04-02|2026-04-06|2026-04-07|2026-04-08|2026-04-09|2026-04-10|2026-04-13|2026-04-14|2026-04-15|2026-04-16|2026-04-17|2026-04-20|2026-04-21|2026-04-22|2026-04-23,2026-04-23 23:00:03,0.0
Etsy,,2026-03-12|2026-03-13|2026-03-16|2026-03-17|2026-03-18|2026-03-19|2026-03-20|2026-03-23|2026-03-24|2026-03-25|2026-03-26|2026-03-27|2026-03-30|2026-03-31|2026-04-01|2026-04-02|2026-04-06|2026-04-07|2026-04-08|2026-04-09|2026-04-10|2026-04-13|2026-04-14|2026-04-15|2026-04-16|2026-04-17|2026-04-20|2026-04-21|2026-04-22|2026-04-23,2026-04-23 23:00:03,0.0
Surgery Partners,,2026-03-12|2026-03-13|2026-03-16|2026-03-17|2026-03-18|2026-03-19|2026-03-20|2026-03-23|2026-03-24|2026-03-25|2026-03-26|2026-03-27|2026-03-30|2026-03-31|2026-04-01|2026-04-02|2026-04-06|2026-04-07|2026-04-08|2026-04-09|2026-04-10|2026-04-13|2026-04-14|2026-04-15|2026-04-16|2026-04-17|2026-04-20|2026-04-21|2026-04-22|2026-04-23,2026-04-23 23:00:03,0.0
Columbia Banking System,,2026-03-12|2026-03-13|2026-03-16|2026-03-17|2026-03-18|2026-03-19|2026-03-20|2026-03-23|2026-03-24|2026-03-25|2026-03-26|2026-03-27|2026-03-30|2026-03-31|2026-04-01|2026-04-02|2026-04-06|2026-04-07|2026-04-08|2026-04-09|2026-04-10|2026-04-13|2026-04-14|2026-04-15|2026-04-16|2026-04-17|2026-04-20|2026-04-21|2026-04-22|2026-04-23,2026-04-23 23:00:03,0.0
Verisk Analytics,,2026-03-12|2026-03-13|2026-03-16|2026-03-17|2026-03-18|2026-03-19|2026-03-20|2026-03-23|2026-03-24|2026-03-25|2026-03-26|2026-03-27|2026-03-30|2026-03-31|2026-04-01|2026-04-02|2026-04-06|2026-04-07|2026-04-08|2026-04-09|2026-04-10|2026-04-13|2026-04-14|2026-04-15|2026-04-16|2026-04-17|2026-04-20|2026-04-21|2026-04-22|2026-04-23,2026-04-23 23:00:03,0.0
MasterBrand,,2026-03-12|2026-03-13|2026-03-16|2026-03-17|2026-03-18|2026-03-19|2026-03-20|2026-03-23|2026-03-24|2026-03-25|2026-03-26|2026-03-27|2026-03-30|2026-03-31|2026-04-01|2026-04-02|2026-04-06|2026-04-07|2026-04-08|2026-04-09|2026-04-10|2026-04-13|2026-04-14|2026-04-15|2026-04-16|2026-04-17|2026-04-20|2026-04-21|2026-04-22|2026-04-23,2026-04-23 23:00:03,0.0
AMC Networks,,2026-03-12|2026-03-13|2026-03-16|2026-03-17|2026-03-18|2026-03-19|2026-03-20|2026-03-23|2026-03-24|2026-03-25|2026-03-26|2026-03-27|2026-03-30|2026-03-31|2026-04-01|2026-04-02|2026-04-06|2026-04-07|2026-04-08|2026-04-09|2026-04-10|2026-04-13|2026-04-14|2026-04-15|2026-04-16|2026-04-17|2026-04-20|2026-04-21|2026-04-22|2026-04-23,2026-04-23 23:00:03,0.0
SBA Communications,,2026-03-12|2026-03-13|2026-03-16|2026-03-17|2026-03-18|2026-03-19|2026-03-20|2026-03-23|2026-03-24|2026-03-25|2026-03-26|2026-03-27|2026-03-30|2026-03-31|2026-04-01|2026-04-02|2026-04-06|2026-04-07|2026-04-08|2026-04-09|2026-04-10|2026-04-13|2026-04-14|2026-04-15|2026-04-16|2026-04-17|2026-04-20|2026-04-21|2026-04-22|2026-04-23,2026-04-23 23:00:03,0.0
Americold Realty Trust,,2026-03-12|2026-03-13|2026-03-16|2026-03-17|2026-03-18|2026-03-19|2026-03-20|2026-03-23|2026-03-24|2026-03-25|2026-03-26|2026-03-27|2026-03-30|2026-03-31|2026-04-01|2026-04-02|2026-04-06|2026-04-07|2026-04-08|2026-04-09|2026-04-10|2026-04-13|2026-04-14|2026-04-15|2026-04-16|2026-04-17|2026-04-20|2026-04-21|2026-04-22|2026-04-23,2026-04-23 23:00:03,0.0
NewMarket Corporation,,2026-03-12|2026-03-13|2026-03-16|2026-03-17|2026-03-18|2026-03-19|2026-03-20|2026-03-23|2026-03-24|2026-03-25|2026-03-26|2026-03-27|2026-03-30|2026-03-31|2026-04-01|2026-04-02|2026-04-06|2026-04-07|2026-04-08|2026-04-09|2026-04-10|2026-04-13|2026-04-14|2026-04-15|2026-04-16|2026-04-17|2026-04-20|2026-04-21|2026-04-22|2026-04-23,2026-04-23 23:00:03,0.0
Park Hotels & Resorts,,2026-03-12|2026-03-13|2026-03-16|2026-03-17|2026-03-18|2026-03-19|2026-03-20|2026-03-23|2026-03-24|2026-03-25|2026-03-26|2026-03-27|2026-03-30|2026-03-31|2026-04-01|2026-04-02|2026-04-06|2026-04-07|2026-04-08|2026-04-09|2026-04-10|2026-04-13|2026-04-14|2026-04-15|2026-04-16|2026-04-17|2026-04-20|2026-04-21|2026-04-22|2026-04-23,2026-04-23 23:00:03,0.0
Alexandria Real Estate Equities,,2026-03-12|2026-03-13|2026-03-16|2026-03-17|2026-03-18|2026-03-19|2026-03-20|2026-03-23|2026-03-24|2026-03-25|2026-03-26|2026-03-27|2026-03-30|2026-03-31|2026-04-01|2026-04-02|2026-04-06|2026-04-07|2026-04-08|2026-04-09|2026-04-10|2026-04-13|2026-04-14|2026-04-15|2026-04-16|2026-04-17|2026-04-20|2026-04-21|2026-04-22|2026-04-23,2026-04-23 23:00:03,0.0
Griffon Corporation,,2026-03-12|2026-03-13|2026-03-16|2026-03-17|2026-03-18|2026-03-19|2026-03-20|2026-03-23|2026-03-24|2026-03-25|2026-03-26|2026-03-27|2026-03-30|2026-03-31|2026-04-01|2026-04-02|2026-04-06|2026-04-07|2026-04-08|2026-04-09|2026-04-10|2026-04-13|2026-04-14|2026-04-15|2026-04-16|2026-04-17|2026-04-20|2026-04-21|2026-04-22|2026-04-23,2026-04-23 23:00:03,0.0
Air Lease,,2026-02-25|2026-02-26|2026-02-27|2026-03-02|2026-03-03|2026-03-04|2026-03-05|2026-03-06|2026-03-09|2026-03-10|2026-03-11|2026-03-12|2026-03-13|2026-03-16|2026-03-17|2026-03-18|2026-03-19|2026-03-20|2026-03-23|2026-03-24|2026-03-25|2026-03-26|2026-03-27|2026-03-30|2026-03-31|2026-04-01|2026-04-02|2026-04-06|2026-04-07|2026-04-08,2026-04-23 23:00:03,0.0
UL Solutions,,2026-03-12|2026-03-13|2026-03-16|2026-03-17|2026-03-18|2026-03-19|2026-03-20|2026-03-23|2026-03-24|2026-03-25|2026-03-26|2026-03-27|2026-03-30|2026-03-31|2026-04-01|2026-04-02|2026-04-06|2026-04-07|2026-04-08|2026-04-09|2026-04-10|2026-04-13|2026-04-14|2026-04-15|2026-04-16|2026-04-17|2026-04-20|2026-04-21|2026-04-22|2026-04-23,2026-04-23 23:00:03,0.0
Teradyne,,2026-03-12|2026-03-13|2026-03-16|2026-03-17|2026-03-18|2026-03-19|2026-03-20|2026-03-23|2026-03-24|2026-03-25|2026-03-26|2026-03-27|2026-03-30|2026-03-31|2026-04-01|2026-04-02|2026-04-06|2026-04-07|2026-04-08|2026-04-09|2026-04-10|2026-04-13|2026-04-14|2026-04-15|2026-04-16|2026-04-17|2026-04-20|2026-04-21|2026-04-22|2026-04-23,2026-04-23 23:00:03,0.0
OGE Energy,,2026-03-12|2026-03-13|2026-03-16|2026-03-17|2026-03-18|2026-03-19|2026-03-20|2026-03-23|2026-03-24|2026-03-25|2026-03-26|2026-03-27|2026-03-30|2026-03-31|2026-04-01|2026-04-02|2026-04-06|2026-04-07|2026-04-08|2026-04-09|2026-04-10|2026-04-13|2026-04-14|2026-04-15|2026-04-16|2026-04-17|2026-04-20|2026-04-21|2026-04-22|2026-04-23,2026-04-23 23:00:03,0.0
Bio-Rad Laboratories,,2026-03-12|2026-03-13|2026-03-16|2026-03-17|2026-03-18|2026-03-19|2026-03-20|2026-03-23|2026-03-24|2026-03-25|2026-03-26|2026-03-27|2026-03-30|2026-03-31|2026-04-01|2026-04-02|2026-04-06|2026-04-07|2026-04-08|2026-04-09|2026-04-10|2026-04-13|2026-04-14|2026-04-15|2026-04-16|2026-04-17|2026-04-20|2026-04-21|2026-04-22|2026-04-23,2026-04-23 23:00:03,0.0
Spire Inc,,2026-03-12|2026-03-13|2026-03-16|2026-03-17|2026-03-18|2026-03-19|2026-03-20|2026-03-23|2026-03-24|2026-03-25|2026-03-26|2026-03-27|2026-03-30|2026-03-31|2026-04-01|2026-04-02|2026-04-06|2026-04-07|2026-04-08|2026-04-09|2026-04-10|2026-04-13|2026-04-14|2026-04-15|2026-04-16|2026-04-17|2026-04-20|2026-04-21|2026-04-22|2026-04-23,2026-04-23 23:00:03,0.0
Cullen Frost Bankers,,2026-03-12|2026-03-13|2026-03-16|2026-03-17|2026-03-18|2026-03-19|2026-03-20|2026-03-23|2026-03-24|2026-03-25|2026-03-26|2026-03-27|2026-03-30|2026-03-31|2026-04-01|2026-04-02|2026-04-06|2026-04-07|2026-04-08|2026-04-09|2026-04-10|2026-04-13|2026-04-14|2026-04-15|2026-04-16|2026-04-17|2026-04-20|2026-04-21|2026-04-22|2026-04-23,2026-04-23 23:00:03,0.0
Extra Space Storage,,2026-03-12|2026-03-13|2026-03-16|2026-03-17|2026-03-18|2026-03-19|2026-03-20|2026-03-23|2026-03-24|2026-03-25|2026-03-26|2026-03-27|2026-03-30|2026-03-31|2026-04-01|2026-04-02|2026-04-06|2026-04-07|2026-04-08|2026-04-09|2026-04-10|2026-04-13|2026-04-14|2026-04-15|2026-04-16|2026-04-17|2026-04-20|2026-04-21|2026-04-22|2026-04-23,2026-04-23 23:00:03,0.0
ProFrac Holding,,2026-03-12|2026-03-13|2026-03-16|2026-03-17|2026-03-18|2026-03-19|2026-03-20|2026-03-23|2026-03-24|2026-03-25|2026-03-26|2026-03-27|2026-03-30|2026-03-31|2026-04-01|2026-04-02|2026-04-06|2026-04-07|2026-04-08|2026-04-09|2026-04-10|2026-04-13|2026-04-14|2026-04-15|2026-04-16|2026-04-17|2026-04-20|2026-04-21|2026-04-22|2026-04-23,2026-04-23 23:00:03,0.0
Nordson,,2026-03-12|2026-03-13|2026-03-16|2026-03-17|2026-03-18|2026-03-19|2026-03-20|2026-03-23|2026-03-24|2026-03-25|2026-03-26|2026-03-27|2026-03-30|2026-03-31|2026-04-01|2026-04-02|2026-04-06|2026-04-07|2026-04-08|2026-04-09|2026-04-10|2026-04-13|2026-04-14|2026-04-15|2026-04-16|2026-04-17|2026-04-20|2026-04-21|2026-04-22|2026-04-23,2026-04-23 23:00:03,0.0
Valvoline Inc,,2026-03-12|2026-03-13|2026-03-16|2026-03-17|2026-03-18|2026-03-19|2026-03-20|2026-03-23|2026-03-24|2026-03-25|2026-03-26|2026-03-27|2026-03-30|2026-03-31|2026-04-01|2026-04-02|2026-04-06|2026-04-07|2026-04-08|2026-04-09|2026-04-10|2026-04-13|2026-04-14|2026-04-15|2026-04-16|2026-04-17|2026-04-20|2026-04-21|2026-04-22|2026-04-23,2026-04-23 23:00:03,0.0
Kontoor Brands,,2026-03-12|2026-03-13|2026-03-16|2026-03-17|2026-03-18|2026-03-19|2026-03-20|2026-03-23|2026-03-24|2026-03-25|2026-03-26|2026-03-27|2026-03-30|2026-03-31|2026-04-01|2026-04-02|2026-04-06|2026-04-07|2026-04-08|2026-04-09|2026-04-10|2026-04-13|2026-04-14|2026-04-15|2026-04-16|2026-04-17|2026-04-20|2026-04-21|2026-04-22|2026-04-23,2026-04-23 23:00:03,0.0
Skyline Champion,,2026-03-12|2026-03-13|2026-03-16|2026-03-17|2026-03-18|2026-03-19|2026-03-20|2026-03-23|2026-03-24|2026-03-25|2026-03-26|2026-03-27|2026-03-30|2026-03-31|2026-04-01|2026-04-02|2026-04-06|2026-04-07|2026-04-08|2026-04-09|2026-04-10|2026-04-13|2026-04-14|2026-04-15|2026-04-16|2026-04-17|2026-04-20|2026-04-21|2026-04-22|2026-04-23,2026-04-23 23:00:03,0.0
Teladoc Health,,2026-03-12|2026-03-13|2026-03-16|2026-03-17|2026-03-18|2026-03-19|2026-03-20|2026-03-23|2026-03-24|2026-03-25|2026-03-26|2026-03-27|2026-03-30|2026-03-31|2026-04-01|2026-04-02|2026-04-06|2026-04-07|2026-04-08|2026-04-09|2026-04-10|2026-04-13|2026-04-14|2026-04-15|2026-04-16|2026-04-17|2026-04-20|2026-04-21|2026-04-22|2026-04-23,2026-04-23 23:00:03,0.0
Louisiana-Pacific Corporation,,2026-03-12|2026-03-13|2026-03-16|2026-03-17|2026-03-18|2026-03-19|2026-03-20|2026-03-23|2026-03-24|2026-03-25|2026-03-26|2026-03-27|2026-03-30|2026-03-31|2026-04-01|2026-04-02|2026-04-06|2026-04-07|2026-04-08|2026-04-09|2026-04-10|2026-04-13|2026-04-14|2026-04-15|2026-04-16|2026-04-17|2026-04-20|2026-04-21|2026-04-22|2026-04-23,2026-04-23 23:00:03,0.0
Universal Corporation,,2026-03-12|2026-03-13|2026-03-16|2026-03-17|2026-03-18|2026-03-19|2026-03-20|2026-03-23|2026-03-24|2026-03-25|2026-03-26|2026-03-27|2026-03-30|2026-03-31|2026-04-01|2026-04-02|2026-04-06|2026-04-07|2026-04-08|2026-04-09|2026-04-10|2026-04-13|2026-04-14|2026-04-15|2026-04-16|2026-04-17|2026-04-20|2026-04-21|2026-04-22|2026-04-23,2026-04-23 23:00:03,0.0
Playtika Holding,,2026-03-12|2026-03-13|2026-03-16|2026-03-17|2026-03-18|2026-03-19|2026-03-20|2026-03-23|2026-03-24|2026-03-25|2026-03-26|2026-03-27|2026-03-30|2026-03-31|2026-04-01|2026-04-02|2026-04-06|2026-04-07|2026-04-08|2026-04-09|2026-04-10|2026-04-13|2026-04-14|2026-04-15|2026-04-16|2026-04-17|2026-04-20|2026-04-21|2026-04-22|2026-04-23,2026-04-23 23:00:03,0.0
Alliance Resource Partners,,2026-03-12|2026-03-13|2026-03-16|2026-03-17|2026-03-18|2026-03-19|2026-03-20|2026-03-23|2026-03-24|2026-03-25|2026-03-26|2026-03-27|2026-03-30|2026-03-31|2026-04-01|2026-04-02|2026-04-06|2026-04-07|2026-04-08|2026-04-09|2026-04-10|2026-04-13|2026-04-14|2026-04-15|2026-04-16|2026-04-17|2026-04-20|2026-04-21|2026-04-22|2026-04-23,2026-04-23 23:00:03,0.0
Envista,,2026-03-12|2026-03-13|2026-03-16|2026-03-17|2026-03-18|2026-03-19|2026-03-20|2026-03-23|2026-03-24|2026-03-25|2026-03-26|2026-03-27|2026-03-30|2026-03-31|2026-04-01|2026-04-02|2026-04-06|2026-04-07|2026-04-08|2026-04-09|2026-04-10|2026-04-13|2026-04-14|2026-04-15|2026-04-16|2026-04-17|2026-04-20|2026-04-21|2026-04-22|2026-04-23,2026-04-23 23:00:03,0.0
Shift4 Payments,,2026-03-12|2026-03-13|2026-03-16|2026-03-17|2026-03-18|2026-03-19|2026-03-20|2026-03-23|2026-03-24|2026-03-25|2026-03-26|2026-03-27|2026-03-30|2026-03-31|2026-04-01|2026-04-02|2026-04-06|2026-04-07|2026-04-08|2026-04-09|2026-04-10|2026-04-13|2026-04-14|2026-04-15|2026-04-16|2026-04-17|2026-04-20|2026-04-21|2026-04-22|2026-04-23,2026-04-23 23:00:03,0.0
Talen Energy,,2026-03-11|2026-03-12|2026-03-13|2026-03-16|2026-03-17|2026-03-18|2026-03-19|2026-03-20|2026-03-23|2026-03-24|2026-03-25|2026-03-26|2026-03-27|2026-03-30|2026-03-31|2026-04-01|2026-04-02|2026-04-06|2026-04-07|2026-04-08|2026-04-09|2026-04-10|2026-04-13|2026-04-14|2026-04-15|2026-04-16|2026-04-17|2026-04-20|2026-04-21|2026-04-22,2026-04-23 23:00:03,0.0
Carpenter Technology,,2026-03-12|2026-03-13|2026-03-16|2026-03-17|2026-03-18|2026-03-19|2026-03-20|2026-03-23|2026-03-24|2026-03-25|2026-03-26|2026-03-27|2026-03-30|2026-03-31|2026-04-01|2026-04-02|2026-04-06|2026-04-07|2026-04-08|2026-04-09|2026-04-10|2026-04-13|2026-04-14|2026-04-15|2026-04-16|2026-04-17|2026-04-20|2026-04-21|2026-04-22|2026-04-23,2026-04-23 23:00:03,0.0
WEX,,2026-03-12|2026-03-13|2026-03-16|2026-03-17|2026-03-18|2026-03-19|2026-03-20|2026-03-23|2026-03-24|2026-03-25|2026-03-26|2026-03-27|2026-03-30|2026-03-31|2026-04-01|2026-04-02|2026-04-06|2026-04-07|2026-04-08|2026-04-09|2026-04-10|2026-04-13|2026-04-14|2026-04-15|2026-04-16|2026-04-17|2026-04-20|2026-04-21|2026-04-22|2026-04-23,2026-04-23 23:00:03,0.0
Old National Bancorp,,2026-03-12|2026-03-13|2026-03-16|2026-03-17|2026-03-18|2026-03-19|2026-03-20|2026-03-23|2026-03-24|2026-03-25|2026-03-26|2026-03-27|2026-03-30|2026-03-31|2026-04-01|2026-04-02|2026-04-06|2026-04-07|2026-04-08|2026-04-09|2026-04-10|2026-04-13|2026-04-14|2026-04-15|2026-04-16|2026-04-17|2026-04-20|2026-04-21|2026-04-22|2026-04-23,2026-04-23 23:00:03,0.0
AGNC Investment,,2026-03-12|2026-03-13|2026-03-16|2026-03-17|2026-03-18|2026-03-19|2026-03-20|2026-03-23|2026-03-24|2026-03-25|2026-03-26|2026-03-27|2026-03-30|2026-03-31|2026-04-01|2026-04-02|2026-04-06|2026-04-07|2026-04-08|2026-04-09|2026-04-10|2026-04-13|2026-04-14|2026-04-15|2026-04-16|2026-04-17|2026-04-20|2026-04-21|2026-04-22|2026-04-23,2026-04-23 23:00:03,0.0
Wabash National,,2026-03-12|2026-03-13|2026-03-16|2026-03-17|2026-03-18|2026-03-19|2026-03-20|2026-03-23|2026-03-24|2026-03-25|2026-03-26|2026-03-27|2026-03-30|2026-03-31|2026-04-01|2026-04-02|2026-04-06|2026-04-07|2026-04-08|2026-04-09|2026-04-10|2026-04-13|2026-04-14|2026-04-15|2026-04-16|2026-04-17|2026-04-20|2026-04-21|2026-04-22|2026-04-23,2026-04-23 23:00:03,0.0
MSCI,,2026-03-12|2026-03-13|2026-03-16|2026-03-17|2026-03-18|2026-03-19|2026-03-20|2026-03-23|2026-03-24|2026-03-25|2026-03-26|2026-03-27|2026-03-30|2026-03-31|2026-04-01|2026-04-02|2026-04-06|2026-04-07|2026-04-08|2026-04-09|2026-04-10|2026-04-13|2026-04-14|2026-04-15|2026-04-16|2026-04-17|2026-04-20|2026-04-21|2026-04-22|2026-04-23,2026-04-23 23:00:03,0.0
Stagwell,,2026-03-12|2026-03-13|2026-03-16|2026-03-17|2026-03-18|2026-03-19|2026-03-20|2026-03-23|2026-03-24|2026-03-25|2026-03-26|2026-03-27|2026-03-30|2026-03-31|2026-04-01|2026-04-02|2026-04-06|2026-04-07|2026-04-08|2026-04-09|2026-04-10|2026-04-13|2026-04-14|2026-04-15|2026-04-16|2026-04-17|2026-04-20|2026-04-21|2026-04-22|2026-04-23,2026-04-23 23:00:03,0.0
Mativ,,2026-03-12|2026-03-13|2026-03-16|2026-03-17|2026-03-18|2026-03-19|2026-03-20|2026-03-23|2026-03-24|2026-03-25|2026-03-26|2026-03-27|2026-03-30|2026-03-31|2026-04-01|2026-04-02|2026-04-06|2026-04-07|2026-04-08|2026-04-09|2026-04-10|2026-04-13|2026-04-14|2026-04-15|2026-04-16|2026-04-17|2026-04-20|2026-04-21|2026-04-22|2026-04-23,2026-04-23 23:00:03,0.0
Belden,,2026-03-12|2026-03-13|2026-03-16|2026-03-17|2026-03-18|2026-03-19|2026-03-20|2026-03-23|2026-03-24|2026-03-25|2026-03-26|2026-03-27|2026-03-30|2026-03-31|2026-04-01|2026-04-02|2026-04-06|2026-04-07|2026-04-08|2026-04-09|2026-04-10|2026-04-13|2026-04-14|2026-04-15|2026-04-16|2026-04-17|2026-04-20|2026-04-21|2026-04-22|2026-04-23,2026-04-23 23:00:03,0.0
Allegiant Travel Company,,2026-03-12|2026-03-13|2026-03-16|2026-03-17|2026-03-18|2026-03-19|2026-03-20|2026-03-23|2026-03-24|2026-03-25|2026-03-26|2026-03-27|2026-03-30|2026-03-31|2026-04-01|2026-04-02|2026-04-06|2026-04-07|2026-04-08|2026-04-09|2026-04-10|2026-04-13|2026-04-14|2026-04-15|2026-04-16|2026-04-17|2026-04-20|2026-04-21|2026-04-22|2026-04-23,2026-04-23 23:00:03,0.0
Dropbox,,2026-03-12|2026-03-13|2026-03-16|2026-03-17|2026-03-18|2026-03-19|2026-03-20|2026-03-23|2026-03-24|2026-03-25|2026-03-26|2026-03-27|2026-03-30|2026-03-31|2026-04-01|2026-04-02|2026-04-06|2026-04-07|2026-04-08|2026-04-09|2026-04-10|2026-04-13|2026-04-14|2026-04-15|2026-04-16|2026-04-17|2026-04-20|2026-04-21|2026-04-22|2026-04-23,2026-04-23 23:00:03,0.0
Exact Sciences,,2026-02-09|2026-02-10|2026-02-11|2026-02-12|2026-02-13|2026-02-17|2026-02-18|2026-02-19|2026-02-20|2026-02-23|2026-02-24|2026-02-25|2026-02-26|2026-02-27|2026-03-02|2026-03-03|2026-03-04|2026-03-05|2026-03-06|2026-03-09|2026-03-10|2026-03-11|2026-03-12|2026-03-13|2026-03-16|2026-03-17|2026-03-18|2026-03-19|2026-03-20|2026-03-23,2026-04-23 23:00:03,0.0
BWX Technologies,,2026-03-12|2026-03-13|2026-03-16|2026-03-17|2026-03-18|2026-03-19|2026-03-20|2026-03-23|2026-03-24|2026-03-25|2026-03-26|2026-03-27|2026-03-30|2026-03-31|2026-04-01|2026-04-02|2026-04-06|2026-04-07|2026-04-08|2026-04-09|2026-04-10|2026-04-13|2026-04-14|2026-04-15|2026-04-16|2026-04-17|2026-04-20|2026-04-21|2026-04-22|2026-04-23,2026-04-23 23:00:03,0.0
Clear Channel Outdoor Hldgs,,2026-03-12|2026-03-13|2026-03-16|2026-03-17|2026-03-18|2026-03-19|2026-03-20|2026-03-23|2026-03-24|2026-03-25|2026-03-26|2026-03-27|2026-03-30|2026-03-31|2026-04-01|2026-04-02|2026-04-06|2026-04-07|2026-04-08|2026-04-09|2026-04-10|2026-04-13|2026-04-14|2026-04-15|2026-04-16|2026-04-17|2026-04-20|2026-04-21|2026-04-22|2026-04-23,2026-04-23 23:00:03,0.0
