company,trends_history,date_history,last_updated,avg_interest
Walmart,75|75|78|76|73|83|81|80|80|83|77|77|80|85|83|81|75|79|77|86|75|72|73|82|80|80|77|79|87|77,2026-05-15|2026-05-18|2026-05-19|2026-05-20|2026-05-21|2026-05-22|2026-05-26|2026-05-27|2026-05-28|2026-05-29|2026-06-01|2026-06-02|2026-06-03|2026-06-04|2026-06-05|2026-06-08|2026-06-09|2026-06-10|2026-06-11|2026-06-12|2026-06-15|2026-06-16|2026-06-17|2026-06-18|2026-06-22|2026-06-23|2026-06-24|2026-06-25|2026-06-26|2026-06-29,2026-06-29 19:29:43,78.9
Amazon,75|82|80|79|78|80|78|80|78|79|82|85|80|77|80|88|87|83|78|81|74|80|79|80|83|98|100|96|92|83,2026-05-15|2026-05-18|2026-05-19|2026-05-20|2026-05-21|2026-05-22|2026-05-26|2026-05-27|2026-05-28|2026-05-29|2026-06-01|2026-06-02|2026-06-03|2026-06-04|2026-06-05|2026-06-08|2026-06-09|2026-06-10|2026-06-11|2026-06-12|2026-06-15|2026-06-16|2026-06-17|2026-06-18|2026-06-22|2026-06-23|2026-06-24|2026-06-25|2026-06-26|2026-06-29,2026-06-29 19:29:46,82.5
UnitedHealth,64|100|57|52|41|39|58|58|68|63|65|89|51|82|77|70|71|63|54|54|27|29|35|34|38|48|42|28|31|42,2026-05-15|2026-05-18|2026-05-19|2026-05-20|2026-05-21|2026-05-22|2026-05-26|2026-05-27|2026-05-28|2026-05-29|2026-06-01|2026-06-02|2026-06-03|2026-06-04|2026-06-05|2026-06-08|2026-06-09|2026-06-10|2026-06-11|2026-06-12|2026-06-15|2026-06-16|2026-06-17|2026-06-18|2026-06-22|2026-06-23|2026-06-24|2026-06-25|2026-06-26|2026-06-29,2026-06-29 19:29:49,54.3
Apple,,2026-05-15|2026-05-18|2026-05-19|2026-05-20|2026-05-21|2026-05-22|2026-05-26|2026-05-27|2026-05-28|2026-05-29|2026-06-01|2026-06-02|2026-06-03|2026-06-04|2026-06-05|2026-06-08|2026-06-09|2026-06-10|2026-06-11|2026-06-12|2026-06-15|2026-06-16|2026-06-17|2026-06-18|2026-06-22|2026-06-23|2026-06-24|2026-06-25|2026-06-26|2026-06-29,2026-06-29 19:30:23,0.0
CVS Health,93|92|91|72|62|66|52|47|49|49|46|39|56|56|56|59|60|69|62|58|32|33|29|33|30|28|28|27|20|25,2026-05-15|2026-05-18|2026-05-19|2026-05-20|2026-05-21|2026-05-22|2026-05-26|2026-05-27|2026-05-28|2026-05-29|2026-06-01|2026-06-02|2026-06-03|2026-06-04|2026-06-05|2026-06-08|2026-06-09|2026-06-10|2026-06-11|2026-06-12|2026-06-15|2026-06-16|2026-06-17|2026-06-18|2026-06-22|2026-06-23|2026-06-24|2026-06-25|2026-06-26|2026-06-29,2026-06-29 19:30:34,50.6
Alphabet,80|83|76|82|89|90|76|81|89|85|86|99|87|82|84|80|77|82|75|100|60|61|61|61|70|91|75|64|64|64,2026-05-15|2026-05-18|2026-05-19|2026-05-20|2026-05-21|2026-05-22|2026-05-26|2026-05-27|2026-05-28|2026-05-29|2026-06-01|2026-06-02|2026-06-03|2026-06-04|2026-06-05|2026-06-08|2026-06-09|2026-06-10|2026-06-11|2026-06-12|2026-06-15|2026-06-16|2026-06-17|2026-06-18|2026-06-22|2026-06-23|2026-06-24|2026-06-25|2026-06-26|2026-06-29,2026-06-29 19:30:37,78.5
Exxon Mobil,87|84|77|72|97|86|94|88|92|100|98|92|73|74|73|93|90|79|82|71|82|74|63|67|69|85|78|76|67|60,2026-05-15|2026-05-18|2026-05-19|2026-05-20|2026-05-21|2026-05-22|2026-05-26|2026-05-27|2026-05-28|2026-05-29|2026-06-01|2026-06-02|2026-06-03|2026-06-04|2026-06-05|2026-06-08|2026-06-09|2026-06-10|2026-06-11|2026-06-12|2026-06-15|2026-06-16|2026-06-17|2026-06-18|2026-06-22|2026-06-23|2026-06-24|2026-06-25|2026-06-26|2026-06-29,2026-06-29 19:30:50,80.8
McKesson,93|95|97|100|88|85|81|94|80|84|79|87|91|81|76|80|93|99|76|75|61|72|75|66|65|64|65|71|60|64,2026-05-15|2026-05-18|2026-05-19|2026-05-20|2026-05-21|2026-05-22|2026-05-26|2026-05-27|2026-05-28|2026-05-29|2026-06-01|2026-06-02|2026-06-03|2026-06-04|2026-06-05|2026-06-08|2026-06-09|2026-06-10|2026-06-11|2026-06-12|2026-06-15|2026-06-16|2026-06-17|2026-06-18|2026-06-22|2026-06-23|2026-06-24|2026-06-25|2026-06-26|2026-06-29,2026-06-29 19:30:53,79.9
Cencora,55|44|84|54|56|55|46|67|0|52|68|99|74|62|56|100|58|72|75|59|47|58|57|45|49|48|56|51|48|44,2026-05-15|2026-05-18|2026-05-19|2026-05-20|2026-05-21|2026-05-22|2026-05-26|2026-05-27|2026-05-28|2026-05-29|2026-06-01|2026-06-02|2026-06-03|2026-06-04|2026-06-05|2026-06-08|2026-06-09|2026-06-10|2026-06-11|2026-06-12|2026-06-15|2026-06-16|2026-06-17|2026-06-18|2026-06-22|2026-06-23|2026-06-24|2026-06-25|2026-06-26|2026-06-29,2026-06-29 19:30:57,58.0
JPMorgan Chase,74|54|66|58|63|71|67|77|85|65|78|88|66|81|72|84|100|87|85|84|42|49|43|43|51|77|92|73|56|46,2026-05-15|2026-05-18|2026-05-19|2026-05-20|2026-05-21|2026-05-22|2026-05-26|2026-05-27|2026-05-28|2026-05-29|2026-06-01|2026-06-02|2026-06-03|2026-06-04|2026-06-05|2026-06-08|2026-06-09|2026-06-10|2026-06-11|2026-06-12|2026-06-15|2026-06-16|2026-06-17|2026-06-18|2026-06-22|2026-06-23|2026-06-24|2026-06-25|2026-06-26|2026-06-29,2026-06-29 19:31:01,69.2
Costco,62|62|62|64|62|62|66|64|64|68|67|65|62|64|64|71|59|65|60|62|63|64|59|64|61|58|63|61|64|63,2026-05-15|2026-05-18|2026-05-19|2026-05-20|2026-05-21|2026-05-22|2026-05-26|2026-05-27|2026-05-28|2026-05-29|2026-06-01|2026-06-02|2026-06-03|2026-06-04|2026-06-05|2026-06-08|2026-06-09|2026-06-10|2026-06-11|2026-06-12|2026-06-15|2026-06-16|2026-06-17|2026-06-18|2026-06-22|2026-06-23|2026-06-24|2026-06-25|2026-06-26|2026-06-29,2026-06-29 19:31:04,63.2
Cigna,77|85|86|88|84|73|88|93|89|80|97|100|94|91|82|94|93|97|84|74|92|90|86|82|88|82|87|88|74|86,2026-05-15|2026-05-18|2026-05-19|2026-05-20|2026-05-21|2026-05-22|2026-05-26|2026-05-27|2026-05-28|2026-05-29|2026-06-01|2026-06-02|2026-06-03|2026-06-04|2026-06-05|2026-06-08|2026-06-09|2026-06-10|2026-06-11|2026-06-12|2026-06-15|2026-06-16|2026-06-17|2026-06-18|2026-06-22|2026-06-23|2026-06-24|2026-06-25|2026-06-26|2026-06-29,2026-06-29 19:31:08,86.8
Microsoft,71|81|87|84|78|73|81|85|88|82|93|95|84|84|81|100|94|90|88|87|58|59|56|57|70|73|75|56|59|58,2026-05-15|2026-05-18|2026-05-19|2026-05-20|2026-05-21|2026-05-22|2026-05-26|2026-05-27|2026-05-28|2026-05-29|2026-06-01|2026-06-02|2026-06-03|2026-06-04|2026-06-05|2026-06-08|2026-06-09|2026-06-10|2026-06-11|2026-06-12|2026-06-15|2026-06-16|2026-06-17|2026-06-18|2026-06-22|2026-06-23|2026-06-24|2026-06-25|2026-06-26|2026-06-29,2026-06-29 19:31:11,77.6
Cardinal Health,84|67|79|70|69|58|65|70|71|68|71|100|63|74|53|70|75|83|71|58|52|58|61|53|52|53|55|59|50|54,2026-05-15|2026-05-18|2026-05-19|2026-05-20|2026-05-21|2026-05-22|2026-05-26|2026-05-27|2026-05-28|2026-05-29|2026-06-01|2026-06-02|2026-06-03|2026-06-04|2026-06-05|2026-06-08|2026-06-09|2026-06-10|2026-06-11|2026-06-12|2026-06-15|2026-06-16|2026-06-17|2026-06-18|2026-06-22|2026-06-23|2026-06-24|2026-06-25|2026-06-26|2026-06-29,2026-06-29 19:31:15,65.5
Chevron,100|84|88|83|79|87|76|74|76|77|79|80|73|72|78|81|75|82|78|77|63|64|58|62|71|67|63|61|58|58,2026-05-15|2026-05-18|2026-05-19|2026-05-20|2026-05-21|2026-05-22|2026-05-26|2026-05-27|2026-05-28|2026-05-29|2026-06-01|2026-06-02|2026-06-03|2026-06-04|2026-06-05|2026-06-08|2026-06-09|2026-06-10|2026-06-11|2026-06-12|2026-06-15|2026-06-16|2026-06-17|2026-06-18|2026-06-22|2026-06-23|2026-06-24|2026-06-25|2026-06-26|2026-06-29,2026-06-29 19:31:19,74.1
Bank of America,78|77|80|76|72|77|73|74|72|80|84|81|76|75|79|78|75|94|74|81|73|76|71|71|72|66|68|69|76|75,2026-05-15|2026-05-18|2026-05-19|2026-05-20|2026-05-21|2026-05-22|2026-05-26|2026-05-27|2026-05-28|2026-05-29|2026-06-01|2026-06-02|2026-06-03|2026-06-04|2026-06-05|2026-06-08|2026-06-09|2026-06-10|2026-06-11|2026-06-12|2026-06-15|2026-06-16|2026-06-17|2026-06-18|2026-06-22|2026-06-23|2026-06-24|2026-06-25|2026-06-26|2026-06-29,2026-06-29 19:31:22,75.8
General Motors,76|65|64|71|56|100|70|68|71|67|75|87|65|60|68|76|69|95|79|75|62|75|61|53|71|58|58|62|60|49,2026-05-15|2026-05-18|2026-05-19|2026-05-20|2026-05-21|2026-05-22|2026-05-26|2026-05-27|2026-05-28|2026-05-29|2026-06-01|2026-06-02|2026-06-03|2026-06-04|2026-06-05|2026-06-08|2026-06-09|2026-06-10|2026-06-11|2026-06-12|2026-06-15|2026-06-16|2026-06-17|2026-06-18|2026-06-22|2026-06-23|2026-06-24|2026-06-25|2026-06-26|2026-06-29,2026-06-29 19:31:26,68.9
Ford Motor,94|93|83|86|83|98|84|87|83|86|74|76|78|83|86|80|91|86|82|78|64|69|68|68|69|68|69|71|84|63,2026-05-15|2026-05-18|2026-05-19|2026-05-20|2026-05-21|2026-05-22|2026-05-26|2026-05-27|2026-05-28|2026-05-29|2026-06-01|2026-06-02|2026-06-03|2026-06-04|2026-06-05|2026-06-08|2026-06-09|2026-06-10|2026-06-11|2026-06-12|2026-06-15|2026-06-16|2026-06-17|2026-06-18|2026-06-22|2026-06-23|2026-06-24|2026-06-25|2026-06-26|2026-06-29,2026-06-29 19:31:30,79.5
Elevance Health,54|56|56|48|53|38|54|75|59|43|54|100|86|82|56|61|73|67|76|51|47|58|59|51|48|50|53|50|43|47,2026-05-15|2026-05-18|2026-05-19|2026-05-20|2026-05-21|2026-05-22|2026-05-26|2026-05-27|2026-05-28|2026-05-29|2026-06-01|2026-06-02|2026-06-03|2026-06-04|2026-06-05|2026-06-08|2026-06-09|2026-06-10|2026-06-11|2026-06-12|2026-06-15|2026-06-16|2026-06-17|2026-06-18|2026-06-22|2026-06-23|2026-06-24|2026-06-25|2026-06-26|2026-06-29,2026-06-29 19:31:33,58.3
Citigroup,80|52|100|95|77|68|81|72|89|87|89|98|41|69|63|75|61|85|84|73|40|43|64|43|49|66|54|41|40|39,2026-05-15|2026-05-18|2026-05-19|2026-05-20|2026-05-21|2026-05-22|2026-05-26|2026-05-27|2026-05-28|2026-05-29|2026-06-01|2026-06-02|2026-06-03|2026-06-04|2026-06-05|2026-06-08|2026-06-09|2026-06-10|2026-06-11|2026-06-12|2026-06-15|2026-06-16|2026-06-17|2026-06-18|2026-06-22|2026-06-23|2026-06-24|2026-06-25|2026-06-26|2026-06-29,2026-06-29 19:31:36,67.3
Meta Platforms,61|44|41|55|49|72|59|59|61|44|90|100|50|50|61|72|72|75|71|88|19|24|24|23|27|38|45|22|26|29,2026-05-15|2026-05-18|2026-05-19|2026-05-20|2026-05-21|2026-05-22|2026-05-26|2026-05-27|2026-05-28|2026-05-29|2026-06-01|2026-06-02|2026-06-03|2026-06-04|2026-06-05|2026-06-08|2026-06-09|2026-06-10|2026-06-11|2026-06-12|2026-06-15|2026-06-16|2026-06-17|2026-06-18|2026-06-22|2026-06-23|2026-06-24|2026-06-25|2026-06-26|2026-06-29,2026-06-29 19:31:40,51.7
Centene,16|19|16|18|20|16|19|22|18|18|20|23|19|21|18|21|18|19|15|15|44|100|60|39|26|24|26|25|19|22,2026-05-15|2026-05-18|2026-05-19|2026-05-20|2026-05-21|2026-05-22|2026-05-26|2026-05-27|2026-05-28|2026-05-29|2026-06-01|2026-06-02|2026-06-03|2026-06-04|2026-06-05|2026-06-08|2026-06-09|2026-06-10|2026-06-11|2026-06-12|2026-06-15|2026-06-16|2026-06-17|2026-06-18|2026-06-22|2026-06-23|2026-06-24|2026-06-25|2026-06-26|2026-06-29,2026-06-29 19:31:43,25.2
Home Depot,68|71|68|69|68|73|74|68|69|71|70|67|65|65|68|68|64|66|63|69|60|64|62|62|63|58|59|63|63|65,2026-05-15|2026-05-18|2026-05-19|2026-05-20|2026-05-21|2026-05-22|2026-05-26|2026-05-27|2026-05-28|2026-05-29|2026-06-01|2026-06-02|2026-06-03|2026-06-04|2026-06-05|2026-06-08|2026-06-09|2026-06-10|2026-06-11|2026-06-12|2026-06-15|2026-06-16|2026-06-17|2026-06-18|2026-06-22|2026-06-23|2026-06-24|2026-06-25|2026-06-26|2026-06-29,2026-06-29 19:31:47,66.1
Fannie Mae,61|78|89|100|85|75|82|98|91|72|79|97|95|82|87|89|83|85|86|74|48|55|54|51|55|64|77|60|61|51,2026-05-15|2026-05-18|2026-05-19|2026-05-20|2026-05-21|2026-05-22|2026-05-26|2026-05-27|2026-05-28|2026-05-29|2026-06-01|2026-06-02|2026-06-03|2026-06-04|2026-06-05|2026-06-08|2026-06-09|2026-06-10|2026-06-11|2026-06-12|2026-06-15|2026-06-16|2026-06-17|2026-06-18|2026-06-22|2026-06-23|2026-06-24|2026-06-25|2026-06-26|2026-06-29,2026-06-29 19:31:49,75.5
Kroger,79|80|96|95|85|91|83|80|78|84|78|74|82|77|77|76|72|82|74|77|77|84|83|86|78|73|79|92|85|79,2026-05-15|2026-05-18|2026-05-19|2026-05-20|2026-05-21|2026-05-22|2026-05-26|2026-05-27|2026-05-28|2026-05-29|2026-06-01|2026-06-02|2026-06-03|2026-06-04|2026-06-05|2026-06-08|2026-06-09|2026-06-10|2026-06-11|2026-06-12|2026-06-15|2026-06-16|2026-06-17|2026-06-18|2026-06-22|2026-06-23|2026-06-24|2026-06-25|2026-06-26|2026-06-29,2026-06-29 19:31:52,81.2
Phillips 66,77|82|74|76|78|57|70|80|71|52|68|88|69|70|63|88|83|100|75|78|54|65|84|62|73|70|72|58|52|55,2026-05-15|2026-05-18|2026-05-19|2026-05-20|2026-05-21|2026-05-22|2026-05-26|2026-05-27|2026-05-28|2026-05-29|2026-06-01|2026-06-02|2026-06-03|2026-06-04|2026-06-05|2026-06-08|2026-06-09|2026-06-10|2026-06-11|2026-06-12|2026-06-15|2026-06-16|2026-06-17|2026-06-18|2026-06-22|2026-06-23|2026-06-24|2026-06-25|2026-06-26|2026-06-29,2026-06-29 19:31:56,71.5
Marathon Petroleum,27|61|51|33|45|53|60|74|49|31|33|100|44|41|52|58|46|56|33|42|35|37|74|32|40|49|45|37|42|29,2026-05-15|2026-05-18|2026-05-19|2026-05-20|2026-05-21|2026-05-22|2026-05-26|2026-05-27|2026-05-28|2026-05-29|2026-06-01|2026-06-02|2026-06-03|2026-06-04|2026-06-05|2026-06-08|2026-06-09|2026-06-10|2026-06-11|2026-06-12|2026-06-15|2026-06-16|2026-06-17|2026-06-18|2026-06-22|2026-06-23|2026-06-24|2026-06-25|2026-06-26|2026-06-29,2026-06-29 19:31:59,47.0
Verizon,90|86|85|82|88|82|87|85|85|86|86|89|81|83|85|92|92|100|84|94|83|90|89|93|88|83|88|91|85|93,2026-05-15|2026-05-18|2026-05-19|2026-05-20|2026-05-21|2026-05-22|2026-05-26|2026-05-27|2026-05-28|2026-05-29|2026-06-01|2026-06-02|2026-06-03|2026-06-04|2026-06-05|2026-06-08|2026-06-09|2026-06-10|2026-06-11|2026-06-12|2026-06-15|2026-06-16|2026-06-17|2026-06-18|2026-06-22|2026-06-23|2026-06-24|2026-06-25|2026-06-26|2026-06-29,2026-06-29 19:32:02,87.5
Nvidia,63|57|61|100|74|61|55|58|55|58|81|77|58|55|60|65|58|58|55|54|35|33|30|32|35|37|37|33|34|34,2026-05-15|2026-05-18|2026-05-19|2026-05-20|2026-05-21|2026-05-22|2026-05-26|2026-05-27|2026-05-28|2026-05-29|2026-06-01|2026-06-02|2026-06-03|2026-06-04|2026-06-05|2026-06-08|2026-06-09|2026-06-10|2026-06-11|2026-06-12|2026-06-15|2026-06-16|2026-06-17|2026-06-18|2026-06-22|2026-06-23|2026-06-24|2026-06-25|2026-06-26|2026-06-29,2026-06-29 19:32:06,53.4
Goldman Sachs,81|64|71|74|66|64|64|74|76|63|86|100|64|68|64|87|81|80|75|84|45|48|49|46|51|58|60|49|45|48,2026-05-15|2026-05-18|2026-05-19|2026-05-20|2026-05-21|2026-05-22|2026-05-26|2026-05-27|2026-05-28|2026-05-29|2026-06-01|2026-06-02|2026-06-03|2026-06-04|2026-06-05|2026-06-08|2026-06-09|2026-06-10|2026-06-11|2026-06-12|2026-06-15|2026-06-16|2026-06-17|2026-06-18|2026-06-22|2026-06-23|2026-06-24|2026-06-25|2026-06-26|2026-06-29,2026-06-29 19:32:10,66.2
Wells Fargo,89|81|90|86|91|95|89|92|98|99|98|100|95|95|96|92|84|89|83|92|88|97|90|89|88|80|82|92|92|86,2026-05-15|2026-05-18|2026-05-19|2026-05-20|2026-05-21|2026-05-22|2026-05-26|2026-05-27|2026-05-28|2026-05-29|2026-06-01|2026-06-02|2026-06-03|2026-06-04|2026-06-05|2026-06-08|2026-06-09|2026-06-10|2026-06-11|2026-06-12|2026-06-15|2026-06-16|2026-06-17|2026-06-18|2026-06-22|2026-06-23|2026-06-24|2026-06-25|2026-06-26|2026-06-29,2026-06-29 19:32:13,90.6
Valero Energy,62|0|0|0|0|0|0|0|0|0|0|100|0|60|0|0|0|0|43|0|20|16|75|18|21|32|45|25|20|19,2026-05-15|2026-05-18|2026-05-19|2026-05-20|2026-05-21|2026-05-22|2026-05-26|2026-05-27|2026-05-28|2026-05-29|2026-06-01|2026-06-02|2026-06-03|2026-06-04|2026-06-05|2026-06-08|2026-06-09|2026-06-10|2026-06-11|2026-06-12|2026-06-15|2026-06-16|2026-06-17|2026-06-18|2026-06-22|2026-06-23|2026-06-24|2026-06-25|2026-06-26|2026-06-29,2026-06-29 19:32:16,18.5
Comcast,61|58|62|58|61|66|68|66|62|62|82|73|56|70|69|70|65|71|63|70|53|51|52|47|100|57|46|52|50|85,2026-05-15|2026-05-18|2026-05-19|2026-05-20|2026-05-21|2026-05-22|2026-05-26|2026-05-27|2026-05-28|2026-05-29|2026-06-01|2026-06-02|2026-06-03|2026-06-04|2026-06-05|2026-06-08|2026-06-09|2026-06-10|2026-06-11|2026-06-12|2026-06-15|2026-06-16|2026-06-17|2026-06-18|2026-06-22|2026-06-23|2026-06-24|2026-06-25|2026-06-26|2026-06-29,2026-06-29 19:32:19,63.5
AT&T,77|70|71|74|74|78|71|91|84|80|87|75|72|75|83|100|97|97|97|99|80|82|86|85|77|77|77|82|84|86,2026-05-15|2026-05-18|2026-05-19|2026-05-20|2026-05-21|2026-05-22|2026-05-26|2026-05-27|2026-05-28|2026-05-29|2026-06-01|2026-06-02|2026-06-03|2026-06-04|2026-06-05|2026-06-08|2026-06-09|2026-06-10|2026-06-11|2026-06-12|2026-06-15|2026-06-16|2026-06-17|2026-06-18|2026-06-22|2026-06-23|2026-06-24|2026-06-25|2026-06-26|2026-06-29,2026-06-29 19:32:23,82.3
Freddie Mac,,2026-05-15|2026-05-18|2026-05-19|2026-05-20|2026-05-21|2026-05-22|2026-05-26|2026-05-27|2026-05-28|2026-05-29|2026-06-01|2026-06-02|2026-06-03|2026-06-04|2026-06-05|2026-06-08|2026-06-09|2026-06-10|2026-06-11|2026-06-12|2026-06-15|2026-06-16|2026-06-17|2026-06-18|2026-06-22|2026-06-23|2026-06-24|2026-06-25|2026-06-26|2026-06-29,2026-06-29 19:32:58,0.0
Humana,,2026-05-15|2026-05-18|2026-05-19|2026-05-20|2026-05-21|2026-05-22|2026-05-26|2026-05-27|2026-05-28|2026-05-29|2026-06-01|2026-06-02|2026-06-03|2026-06-04|2026-06-05|2026-06-08|2026-06-09|2026-06-10|2026-06-11|2026-06-12|2026-06-15|2026-06-16|2026-06-17|2026-06-18|2026-06-22|2026-06-23|2026-06-24|2026-06-25|2026-06-26|2026-06-29,2026-06-29 19:33:40,0.0
Morgan Stanley,,2026-05-15|2026-05-18|2026-05-19|2026-05-20|2026-05-21|2026-05-22|2026-05-26|2026-05-27|2026-05-28|2026-05-29|2026-06-01|2026-06-02|2026-06-03|2026-06-04|2026-06-05|2026-06-08|2026-06-09|2026-06-10|2026-06-11|2026-06-12|2026-06-15|2026-06-16|2026-06-17|2026-06-18|2026-06-22|2026-06-23|2026-06-24|2026-06-25|2026-06-26|2026-06-29,2026-06-29 19:33:50,0.0
Target Corporation,,2026-05-15|2026-05-18|2026-05-19|2026-05-20|2026-05-21|2026-05-22|2026-05-26|2026-05-27|2026-05-28|2026-05-29|2026-06-01|2026-06-02|2026-06-03|2026-06-04|2026-06-05|2026-06-08|2026-06-09|2026-06-10|2026-06-11|2026-06-12|2026-06-15|2026-06-16|2026-06-17|2026-06-18|2026-06-22|2026-06-23|2026-06-24|2026-06-25|2026-06-26|2026-06-29,2026-06-29 19:33:50,0.0
StoneX Group,,2026-05-15|2026-05-18|2026-05-19|2026-05-20|2026-05-21|2026-05-22|2026-05-26|2026-05-27|2026-05-28|2026-05-29|2026-06-01|2026-06-02|2026-06-03|2026-06-04|2026-06-05|2026-06-08|2026-06-09|2026-06-10|2026-06-11|2026-06-12|2026-06-15|2026-06-16|2026-06-17|2026-06-18|2026-06-22|2026-06-23|2026-06-24|2026-06-25|2026-06-26|2026-06-29,2026-06-29 19:33:50,0.0
Tesla,,2026-05-15|2026-05-18|2026-05-19|2026-05-20|2026-05-21|2026-05-22|2026-05-26|2026-05-27|2026-05-28|2026-05-29|2026-06-01|2026-06-02|2026-06-03|2026-06-04|2026-06-05|2026-06-08|2026-06-09|2026-06-10|2026-06-11|2026-06-12|2026-06-15|2026-06-16|2026-06-17|2026-06-18|2026-06-22|2026-06-23|2026-06-24|2026-06-25|2026-06-26|2026-06-29,2026-06-29 19:33:50,0.0
Dell Technologies,,2026-05-15|2026-05-18|2026-05-19|2026-05-20|2026-05-21|2026-05-22|2026-05-26|2026-05-27|2026-05-28|2026-05-29|2026-06-01|2026-06-02|2026-06-03|2026-06-04|2026-06-05|2026-06-08|2026-06-09|2026-06-10|2026-06-11|2026-06-12|2026-06-15|2026-06-16|2026-06-17|2026-06-18|2026-06-22|2026-06-23|2026-06-24|2026-06-25|2026-06-26|2026-06-29,2026-06-29 19:33:50,0.0
PepsiCo,,2026-05-15|2026-05-18|2026-05-19|2026-05-20|2026-05-21|2026-05-22|2026-05-26|2026-05-27|2026-05-28|2026-05-29|2026-06-01|2026-06-02|2026-06-03|2026-06-04|2026-06-05|2026-06-08|2026-06-09|2026-06-10|2026-06-11|2026-06-12|2026-06-15|2026-06-16|2026-06-17|2026-06-18|2026-06-22|2026-06-23|2026-06-24|2026-06-25|2026-06-26|2026-06-29,2026-06-29 19:33:50,0.0
Disney,,2026-05-15|2026-05-18|2026-05-19|2026-05-20|2026-05-21|2026-05-22|2026-05-26|2026-05-27|2026-05-28|2026-05-29|2026-06-01|2026-06-02|2026-06-03|2026-06-04|2026-06-05|2026-06-08|2026-06-09|2026-06-10|2026-06-11|2026-06-12|2026-06-15|2026-06-16|2026-06-17|2026-06-18|2026-06-22|2026-06-23|2026-06-24|2026-06-25|2026-06-26|2026-06-29,2026-06-29 19:33:50,0.0
UPS,,2026-05-15|2026-05-18|2026-05-19|2026-05-20|2026-05-21|2026-05-22|2026-05-26|2026-05-27|2026-05-28|2026-05-29|2026-06-01|2026-06-02|2026-06-03|2026-06-04|2026-06-05|2026-06-08|2026-06-09|2026-06-10|2026-06-11|2026-06-12|2026-06-15|2026-06-16|2026-06-17|2026-06-18|2026-06-22|2026-06-23|2026-06-24|2026-06-25|2026-06-26|2026-06-29,2026-06-29 19:33:50,0.0
Johnson & Johnson,,2026-05-15|2026-05-18|2026-05-19|2026-05-20|2026-05-21|2026-05-22|2026-05-26|2026-05-27|2026-05-28|2026-05-29|2026-06-01|2026-06-02|2026-06-03|2026-06-04|2026-06-05|2026-06-08|2026-06-09|2026-06-10|2026-06-11|2026-06-12|2026-06-15|2026-06-16|2026-06-17|2026-06-18|2026-06-22|2026-06-23|2026-06-24|2026-06-25|2026-06-26|2026-06-29,2026-06-29 19:33:50,0.0
FedEx,,2026-05-15|2026-05-18|2026-05-19|2026-05-20|2026-05-21|2026-05-22|2026-05-26|2026-05-27|2026-05-28|2026-05-29|2026-06-01|2026-06-02|2026-06-03|2026-06-04|2026-06-05|2026-06-08|2026-06-09|2026-06-10|2026-06-11|2026-06-12|2026-06-15|2026-06-16|2026-06-17|2026-06-18|2026-06-22|2026-06-23|2026-06-24|2026-06-25|2026-06-26|2026-06-29,2026-06-29 19:33:50,0.0
Archer Daniels Midland,,2026-05-15|2026-05-18|2026-05-19|2026-05-20|2026-05-21|2026-05-22|2026-05-26|2026-05-27|2026-05-28|2026-05-29|2026-06-01|2026-06-02|2026-06-03|2026-06-04|2026-06-05|2026-06-08|2026-06-09|2026-06-10|2026-06-11|2026-06-12|2026-06-15|2026-06-16|2026-06-17|2026-06-18|2026-06-22|2026-06-23|2026-06-24|2026-06-25|2026-06-26|2026-06-29,2026-06-29 19:33:50,0.0
Procter & Gamble,,2026-05-15|2026-05-18|2026-05-19|2026-05-20|2026-05-21|2026-05-22|2026-05-26|2026-05-27|2026-05-28|2026-05-29|2026-06-01|2026-06-02|2026-06-03|2026-06-04|2026-06-05|2026-06-08|2026-06-09|2026-06-10|2026-06-11|2026-06-12|2026-06-15|2026-06-16|2026-06-17|2026-06-18|2026-06-22|2026-06-23|2026-06-24|2026-06-25|2026-06-26|2026-06-29,2026-06-29 19:33:50,0.0
Lowe's,,2026-05-15|2026-05-18|2026-05-19|2026-05-20|2026-05-21|2026-05-22|2026-05-26|2026-05-27|2026-05-28|2026-05-29|2026-06-01|2026-06-02|2026-06-03|2026-06-04|2026-06-05|2026-06-08|2026-06-09|2026-06-10|2026-06-11|2026-06-12|2026-06-15|2026-06-16|2026-06-17|2026-06-18|2026-06-22|2026-06-23|2026-06-24|2026-06-25|2026-06-26|2026-06-29,2026-06-29 19:33:50,0.0
Energy Transfer,,2026-05-15|2026-05-18|2026-05-19|2026-05-20|2026-05-21|2026-05-22|2026-05-26|2026-05-27|2026-05-28|2026-05-29|2026-06-01|2026-06-02|2026-06-03|2026-06-04|2026-06-05|2026-06-08|2026-06-09|2026-06-10|2026-06-11|2026-06-12|2026-06-15|2026-06-16|2026-06-17|2026-06-18|2026-06-22|2026-06-23|2026-06-24|2026-06-25|2026-06-26|2026-06-29,2026-06-29 19:33:50,0.0
RTX,,2026-05-15|2026-05-18|2026-05-19|2026-05-20|2026-05-21|2026-05-22|2026-05-26|2026-05-27|2026-05-28|2026-05-29|2026-06-01|2026-06-02|2026-06-03|2026-06-04|2026-06-05|2026-06-08|2026-06-09|2026-06-10|2026-06-11|2026-06-12|2026-06-15|2026-06-16|2026-06-17|2026-06-18|2026-06-22|2026-06-23|2026-06-24|2026-06-25|2026-06-26|2026-06-29,2026-06-29 19:33:50,0.0
Albertsons,,2026-05-15|2026-05-18|2026-05-19|2026-05-20|2026-05-21|2026-05-22|2026-05-26|2026-05-27|2026-05-28|2026-05-29|2026-06-01|2026-06-02|2026-06-03|2026-06-04|2026-06-05|2026-06-08|2026-06-09|2026-06-10|2026-06-11|2026-06-12|2026-06-15|2026-06-16|2026-06-17|2026-06-18|2026-06-22|2026-06-23|2026-06-24|2026-06-25|2026-06-26|2026-06-29,2026-06-29 19:33:50,0.0
Sysco,,2026-05-15|2026-05-18|2026-05-19|2026-05-20|2026-05-21|2026-05-22|2026-05-26|2026-05-27|2026-05-28|2026-05-29|2026-06-01|2026-06-02|2026-06-03|2026-06-04|2026-06-05|2026-06-08|2026-06-09|2026-06-10|2026-06-11|2026-06-12|2026-06-15|2026-06-16|2026-06-17|2026-06-18|2026-06-22|2026-06-23|2026-06-24|2026-06-25|2026-06-26|2026-06-29,2026-06-29 19:33:50,0.0
Progressive Insurance,,2026-05-15|2026-05-18|2026-05-19|2026-05-20|2026-05-21|2026-05-22|2026-05-26|2026-05-27|2026-05-28|2026-05-29|2026-06-01|2026-06-02|2026-06-03|2026-06-04|2026-06-05|2026-06-08|2026-06-09|2026-06-10|2026-06-11|2026-06-12|2026-06-15|2026-06-16|2026-06-17|2026-06-18|2026-06-22|2026-06-23|2026-06-24|2026-06-25|2026-06-26|2026-06-29,2026-06-29 19:33:50,0.0
American Express,,2026-05-15|2026-05-18|2026-05-19|2026-05-20|2026-05-21|2026-05-22|2026-05-26|2026-05-27|2026-05-28|2026-05-29|2026-06-01|2026-06-02|2026-06-03|2026-06-04|2026-06-05|2026-06-08|2026-06-09|2026-06-10|2026-06-11|2026-06-12|2026-06-15|2026-06-16|2026-06-17|2026-06-18|2026-06-22|2026-06-23|2026-06-24|2026-06-25|2026-06-26|2026-06-29,2026-06-29 19:33:50,0.0
Lockheed Martin,,2026-05-15|2026-05-18|2026-05-19|2026-05-20|2026-05-21|2026-05-22|2026-05-26|2026-05-27|2026-05-28|2026-05-29|2026-06-01|2026-06-02|2026-06-03|2026-06-04|2026-06-05|2026-06-08|2026-06-09|2026-06-10|2026-06-11|2026-06-12|2026-06-15|2026-06-16|2026-06-17|2026-06-18|2026-06-22|2026-06-23|2026-06-24|2026-06-25|2026-06-26|2026-06-29,2026-06-29 19:33:50,0.0
MetLife Inc,,2026-05-15|2026-05-18|2026-05-19|2026-05-20|2026-05-21|2026-05-22|2026-05-26|2026-05-27|2026-05-28|2026-05-29|2026-06-01|2026-06-02|2026-06-03|2026-06-04|2026-06-05|2026-06-08|2026-06-09|2026-06-10|2026-06-11|2026-06-12|2026-06-15|2026-06-16|2026-06-17|2026-06-18|2026-06-22|2026-06-23|2026-06-24|2026-06-25|2026-06-26|2026-06-29,2026-06-29 19:33:50,0.0
HCA Healthcare,,2026-05-15|2026-05-18|2026-05-19|2026-05-20|2026-05-21|2026-05-22|2026-05-26|2026-05-27|2026-05-28|2026-05-29|2026-06-01|2026-06-02|2026-06-03|2026-06-04|2026-06-05|2026-06-08|2026-06-09|2026-06-10|2026-06-11|2026-06-12|2026-06-15|2026-06-16|2026-06-17|2026-06-18|2026-06-22|2026-06-23|2026-06-24|2026-06-25|2026-06-26|2026-06-29,2026-06-29 19:33:50,0.0
Prudential Financial,,2026-05-15|2026-05-18|2026-05-19|2026-05-20|2026-05-21|2026-05-22|2026-05-26|2026-05-27|2026-05-28|2026-05-29|2026-06-01|2026-06-02|2026-06-03|2026-06-04|2026-06-05|2026-06-08|2026-06-09|2026-06-10|2026-06-11|2026-06-12|2026-06-15|2026-06-16|2026-06-17|2026-06-18|2026-06-22|2026-06-23|2026-06-24|2026-06-25|2026-06-26|2026-06-29,2026-06-29 19:33:50,0.0
Boeing,,2026-05-15|2026-05-18|2026-05-19|2026-05-20|2026-05-21|2026-05-22|2026-05-26|2026-05-27|2026-05-28|2026-05-29|2026-06-01|2026-06-02|2026-06-03|2026-06-04|2026-06-05|2026-06-08|2026-06-09|2026-06-10|2026-06-11|2026-06-12|2026-06-15|2026-06-16|2026-06-17|2026-06-18|2026-06-22|2026-06-23|2026-06-24|2026-06-25|2026-06-26|2026-06-29,2026-06-29 19:33:50,0.0
Caterpillar,,2026-05-15|2026-05-18|2026-05-19|2026-05-20|2026-05-21|2026-05-22|2026-05-26|2026-05-27|2026-05-28|2026-05-29|2026-06-01|2026-06-02|2026-06-03|2026-06-04|2026-06-05|2026-06-08|2026-06-09|2026-06-10|2026-06-11|2026-06-12|2026-06-15|2026-06-16|2026-06-17|2026-06-18|2026-06-22|2026-06-23|2026-06-24|2026-06-25|2026-06-26|2026-06-29,2026-06-29 19:33:50,0.0
Merck,,2026-05-15|2026-05-18|2026-05-19|2026-05-20|2026-05-21|2026-05-22|2026-05-26|2026-05-27|2026-05-28|2026-05-29|2026-06-01|2026-06-02|2026-06-03|2026-06-04|2026-06-05|2026-06-08|2026-06-09|2026-06-10|2026-06-11|2026-06-12|2026-06-15|2026-06-16|2026-06-17|2026-06-18|2026-06-22|2026-06-23|2026-06-24|2026-06-25|2026-06-26|2026-06-29,2026-06-29 19:33:50,0.0
Allstate,,2026-05-15|2026-05-18|2026-05-19|2026-05-20|2026-05-21|2026-05-22|2026-05-26|2026-05-27|2026-05-28|2026-05-29|2026-06-01|2026-06-02|2026-06-03|2026-06-04|2026-06-05|2026-06-08|2026-06-09|2026-06-10|2026-06-11|2026-06-12|2026-06-15|2026-06-16|2026-06-17|2026-06-18|2026-06-22|2026-06-23|2026-06-24|2026-06-25|2026-06-26|2026-06-29,2026-06-29 19:33:50,0.0
Pfizer,,2026-05-15|2026-05-18|2026-05-19|2026-05-20|2026-05-21|2026-05-22|2026-05-26|2026-05-27|2026-05-28|2026-05-29|2026-06-01|2026-06-02|2026-06-03|2026-06-04|2026-06-05|2026-06-08|2026-06-09|2026-06-10|2026-06-11|2026-06-12|2026-06-15|2026-06-16|2026-06-17|2026-06-18|2026-06-22|2026-06-23|2026-06-24|2026-06-25|2026-06-26|2026-06-29,2026-06-29 19:33:50,0.0
IBM,,2026-05-15|2026-05-18|2026-05-19|2026-05-20|2026-05-21|2026-05-22|2026-05-26|2026-05-27|2026-05-28|2026-05-29|2026-06-01|2026-06-02|2026-06-03|2026-06-04|2026-06-05|2026-06-08|2026-06-09|2026-06-10|2026-06-11|2026-06-12|2026-06-15|2026-06-16|2026-06-17|2026-06-18|2026-06-22|2026-06-23|2026-06-24|2026-06-25|2026-06-26|2026-06-29,2026-06-29 19:33:50,0.0
Delta Air Lines,,2026-05-15|2026-05-18|2026-05-19|2026-05-20|2026-05-21|2026-05-22|2026-05-26|2026-05-27|2026-05-28|2026-05-29|2026-06-01|2026-06-02|2026-06-03|2026-06-04|2026-06-05|2026-06-08|2026-06-09|2026-06-10|2026-06-11|2026-06-12|2026-06-15|2026-06-16|2026-06-17|2026-06-18|2026-06-22|2026-06-23|2026-06-24|2026-06-25|2026-06-26|2026-06-29,2026-06-29 19:33:50,0.0
Publix Super Markets,,2026-05-15|2026-05-18|2026-05-19|2026-05-20|2026-05-21|2026-05-22|2026-05-26|2026-05-27|2026-05-28|2026-05-29|2026-06-01|2026-06-02|2026-06-03|2026-06-04|2026-06-05|2026-06-08|2026-06-09|2026-06-10|2026-06-11|2026-06-12|2026-06-15|2026-06-16|2026-06-17|2026-06-18|2026-06-22|2026-06-23|2026-06-24|2026-06-25|2026-06-26|2026-06-29,2026-06-29 19:33:50,0.0
TD Synnex,,2026-05-15|2026-05-18|2026-05-19|2026-05-20|2026-05-21|2026-05-22|2026-05-26|2026-05-27|2026-05-28|2026-05-29|2026-06-01|2026-06-02|2026-06-03|2026-06-04|2026-06-05|2026-06-08|2026-06-09|2026-06-10|2026-06-11|2026-06-12|2026-06-15|2026-06-16|2026-06-17|2026-06-18|2026-06-22|2026-06-23|2026-06-24|2026-06-25|2026-06-26|2026-06-29,2026-06-29 19:33:50,0.0
United Airlines,,2026-05-15|2026-05-18|2026-05-19|2026-05-20|2026-05-21|2026-05-22|2026-05-26|2026-05-27|2026-05-28|2026-05-29|2026-06-01|2026-06-02|2026-06-03|2026-06-04|2026-06-05|2026-06-08|2026-06-09|2026-06-10|2026-06-11|2026-06-12|2026-06-15|2026-06-16|2026-06-17|2026-06-18|2026-06-22|2026-06-23|2026-06-24|2026-06-25|2026-06-26|2026-06-29,2026-06-29 19:33:50,0.0
ConocoPhillips,,2026-05-15|2026-05-18|2026-05-19|2026-05-20|2026-05-21|2026-05-22|2026-05-26|2026-05-27|2026-05-28|2026-05-29|2026-06-01|2026-06-02|2026-06-03|2026-06-04|2026-06-05|2026-06-08|2026-06-09|2026-06-10|2026-06-11|2026-06-12|2026-06-15|2026-06-16|2026-06-17|2026-06-18|2026-06-22|2026-06-23|2026-06-24|2026-06-25|2026-06-26|2026-06-29,2026-06-29 19:33:50,0.0
TJX,,2026-05-15|2026-05-18|2026-05-19|2026-05-20|2026-05-21|2026-05-22|2026-05-26|2026-05-27|2026-05-28|2026-05-29|2026-06-01|2026-06-02|2026-06-03|2026-06-04|2026-06-05|2026-06-08|2026-06-09|2026-06-10|2026-06-11|2026-06-12|2026-06-15|2026-06-16|2026-06-17|2026-06-18|2026-06-22|2026-06-23|2026-06-24|2026-06-25|2026-06-26|2026-06-29,2026-06-29 19:33:50,0.0
AbbVie,,2026-05-15|2026-05-18|2026-05-19|2026-05-20|2026-05-21|2026-05-22|2026-05-26|2026-05-27|2026-05-28|2026-05-29|2026-06-01|2026-06-02|2026-06-03|2026-06-04|2026-06-05|2026-06-08|2026-06-09|2026-06-10|2026-06-11|2026-06-12|2026-06-15|2026-06-16|2026-06-17|2026-06-18|2026-06-22|2026-06-23|2026-06-24|2026-06-25|2026-06-26|2026-06-29,2026-06-29 19:33:50,0.0
Enterprise Products Partners,,2026-05-15|2026-05-18|2026-05-19|2026-05-20|2026-05-21|2026-05-22|2026-05-26|2026-05-27|2026-05-28|2026-05-29|2026-06-01|2026-06-02|2026-06-03|2026-06-04|2026-06-05|2026-06-08|2026-06-09|2026-06-10|2026-06-11|2026-06-12|2026-06-15|2026-06-16|2026-06-17|2026-06-18|2026-06-22|2026-06-23|2026-06-24|2026-06-25|2026-06-26|2026-06-29,2026-06-29 19:33:50,0.0
Charter Communications,,2026-05-15|2026-05-18|2026-05-19|2026-05-20|2026-05-21|2026-05-22|2026-05-26|2026-05-27|2026-05-28|2026-05-29|2026-06-01|2026-06-02|2026-06-03|2026-06-04|2026-06-05|2026-06-08|2026-06-09|2026-06-10|2026-06-11|2026-06-12|2026-06-15|2026-06-16|2026-06-17|2026-06-18|2026-06-22|2026-06-23|2026-06-24|2026-06-25|2026-06-26|2026-06-29,2026-06-29 19:33:50,0.0
Performance Food,,2026-05-15|2026-05-18|2026-05-19|2026-05-20|2026-05-21|2026-05-22|2026-05-26|2026-05-27|2026-05-28|2026-05-29|2026-06-01|2026-06-02|2026-06-03|2026-06-04|2026-06-05|2026-06-08|2026-06-09|2026-06-10|2026-06-11|2026-06-12|2026-06-15|2026-06-16|2026-06-17|2026-06-18|2026-06-22|2026-06-23|2026-06-24|2026-06-25|2026-06-26|2026-06-29,2026-06-29 19:33:50,0.0
American Airlines,,2026-05-15|2026-05-18|2026-05-19|2026-05-20|2026-05-21|2026-05-22|2026-05-26|2026-05-27|2026-05-28|2026-05-29|2026-06-01|2026-06-02|2026-06-03|2026-06-04|2026-06-05|2026-06-08|2026-06-09|2026-06-10|2026-06-11|2026-06-12|2026-06-15|2026-06-16|2026-06-17|2026-06-18|2026-06-22|2026-06-23|2026-06-24|2026-06-25|2026-06-26|2026-06-29,2026-06-29 19:33:50,0.0
Capital One,,2026-05-15|2026-05-18|2026-05-19|2026-05-20|2026-05-21|2026-05-22|2026-05-26|2026-05-27|2026-05-28|2026-05-29|2026-06-01|2026-06-02|2026-06-03|2026-06-04|2026-06-05|2026-06-08|2026-06-09|2026-06-10|2026-06-11|2026-06-12|2026-06-15|2026-06-16|2026-06-17|2026-06-18|2026-06-22|2026-06-23|2026-06-24|2026-06-25|2026-06-26|2026-06-29,2026-06-29 19:33:50,0.0
Cisco Systems,,2026-05-15|2026-05-18|2026-05-19|2026-05-20|2026-05-21|2026-05-22|2026-05-26|2026-05-27|2026-05-28|2026-05-29|2026-06-01|2026-06-02|2026-06-03|2026-06-04|2026-06-05|2026-06-08|2026-06-09|2026-06-10|2026-06-11|2026-06-12|2026-06-15|2026-06-16|2026-06-17|2026-06-18|2026-06-22|2026-06-23|2026-06-24|2026-06-25|2026-06-26|2026-06-29,2026-06-29 19:33:50,0.0
HP,,2026-05-15|2026-05-18|2026-05-19|2026-05-20|2026-05-21|2026-05-22|2026-05-26|2026-05-27|2026-05-28|2026-05-29|2026-06-01|2026-06-02|2026-06-03|2026-06-04|2026-06-05|2026-06-08|2026-06-09|2026-06-10|2026-06-11|2026-06-12|2026-06-15|2026-06-16|2026-06-17|2026-06-18|2026-06-22|2026-06-23|2026-06-24|2026-06-25|2026-06-26|2026-06-29,2026-06-29 19:33:50,0.0
Tyson Foods,,2026-05-15|2026-05-18|2026-05-19|2026-05-20|2026-05-21|2026-05-22|2026-05-26|2026-05-27|2026-05-28|2026-05-29|2026-06-01|2026-06-02|2026-06-03|2026-06-04|2026-06-05|2026-06-08|2026-06-09|2026-06-10|2026-06-11|2026-06-12|2026-06-15|2026-06-16|2026-06-17|2026-06-18|2026-06-22|2026-06-23|2026-06-24|2026-06-25|2026-06-26|2026-06-29,2026-06-29 19:33:50,0.0
Intel,,2026-05-15|2026-05-18|2026-05-19|2026-05-20|2026-05-21|2026-05-22|2026-05-26|2026-05-27|2026-05-28|2026-05-29|2026-06-01|2026-06-02|2026-06-03|2026-06-04|2026-06-05|2026-06-08|2026-06-09|2026-06-10|2026-06-11|2026-06-12|2026-06-15|2026-06-16|2026-06-17|2026-06-18|2026-06-22|2026-06-23|2026-06-24|2026-06-25|2026-06-26|2026-06-29,2026-06-29 19:33:50,0.0
Oracle,,2026-05-15|2026-05-18|2026-05-19|2026-05-20|2026-05-21|2026-05-22|2026-05-26|2026-05-27|2026-05-28|2026-05-29|2026-06-01|2026-06-02|2026-06-03|2026-06-04|2026-06-05|2026-06-08|2026-06-09|2026-06-10|2026-06-11|2026-06-12|2026-06-15|2026-06-16|2026-06-17|2026-06-18|2026-06-22|2026-06-23|2026-06-24|2026-06-25|2026-06-26|2026-06-29,2026-06-29 19:33:50,0.0
Broadcom,,2026-05-15|2026-05-18|2026-05-19|2026-05-20|2026-05-21|2026-05-22|2026-05-26|2026-05-27|2026-05-28|2026-05-29|2026-06-01|2026-06-02|2026-06-03|2026-06-04|2026-06-05|2026-06-08|2026-06-09|2026-06-10|2026-06-11|2026-06-12|2026-06-15|2026-06-16|2026-06-17|2026-06-18|2026-06-22|2026-06-23|2026-06-24|2026-06-25|2026-06-26|2026-06-29,2026-06-29 19:33:50,0.0
Deere,,2026-05-15|2026-05-18|2026-05-19|2026-05-20|2026-05-21|2026-05-22|2026-05-26|2026-05-27|2026-05-28|2026-05-29|2026-06-01|2026-06-02|2026-06-03|2026-06-04|2026-06-05|2026-06-08|2026-06-09|2026-06-10|2026-06-11|2026-06-12|2026-06-15|2026-06-16|2026-06-17|2026-06-18|2026-06-22|2026-06-23|2026-06-24|2026-06-25|2026-06-26|2026-06-29,2026-06-29 19:33:50,0.0
Nike,,2026-05-15|2026-05-18|2026-05-19|2026-05-20|2026-05-21|2026-05-22|2026-05-26|2026-05-27|2026-05-28|2026-05-29|2026-06-01|2026-06-02|2026-06-03|2026-06-04|2026-06-05|2026-06-08|2026-06-09|2026-06-10|2026-06-11|2026-06-12|2026-06-15|2026-06-16|2026-06-17|2026-06-18|2026-06-22|2026-06-23|2026-06-24|2026-06-25|2026-06-26|2026-06-29,2026-06-29 19:33:50,0.0
Plains GP,,2026-05-15|2026-05-18|2026-05-19|2026-05-20|2026-05-21|2026-05-22|2026-05-26|2026-05-27|2026-05-28|2026-05-29|2026-06-01|2026-06-02|2026-06-03|2026-06-04|2026-06-05|2026-06-08|2026-06-09|2026-06-10|2026-06-11|2026-06-12|2026-06-15|2026-06-16|2026-06-17|2026-06-18|2026-06-22|2026-06-23|2026-06-24|2026-06-25|2026-06-26|2026-06-29,2026-06-29 19:33:50,0.0
Bristol-Myers Squibb,,2026-05-15|2026-05-18|2026-05-19|2026-05-20|2026-05-21|2026-05-22|2026-05-26|2026-05-27|2026-05-28|2026-05-29|2026-06-01|2026-06-02|2026-06-03|2026-06-04|2026-06-05|2026-06-08|2026-06-09|2026-06-10|2026-06-11|2026-06-12|2026-06-15|2026-06-16|2026-06-17|2026-06-18|2026-06-22|2026-06-23|2026-06-24|2026-06-25|2026-06-26|2026-06-29,2026-06-29 19:33:50,0.0
Ingram Micro,,2026-05-15|2026-05-18|2026-05-19|2026-05-20|2026-05-21|2026-05-22|2026-05-26|2026-05-27|2026-05-28|2026-05-29|2026-06-01|2026-06-02|2026-06-03|2026-06-04|2026-06-05|2026-06-08|2026-06-09|2026-06-10|2026-06-11|2026-06-12|2026-06-15|2026-06-16|2026-06-17|2026-06-18|2026-06-22|2026-06-23|2026-06-24|2026-06-25|2026-06-26|2026-06-29,2026-06-29 19:33:50,0.0
General Dynamics,,2026-05-15|2026-05-18|2026-05-19|2026-05-20|2026-05-21|2026-05-22|2026-05-26|2026-05-27|2026-05-28|2026-05-29|2026-06-01|2026-06-02|2026-06-03|2026-06-04|2026-06-05|2026-06-08|2026-06-09|2026-06-10|2026-06-11|2026-06-12|2026-06-15|2026-06-16|2026-06-17|2026-06-18|2026-06-22|2026-06-23|2026-06-24|2026-06-25|2026-06-26|2026-06-29,2026-06-29 19:33:50,0.0
The Coca-Cola Company,,2026-05-15|2026-05-18|2026-05-19|2026-05-20|2026-05-21|2026-05-22|2026-05-26|2026-05-27|2026-05-28|2026-05-29|2026-06-01|2026-06-02|2026-06-03|2026-06-04|2026-06-05|2026-06-08|2026-06-09|2026-06-10|2026-06-11|2026-06-12|2026-06-15|2026-06-16|2026-06-17|2026-06-18|2026-06-22|2026-06-23|2026-06-24|2026-06-25|2026-06-26|2026-06-29,2026-06-29 19:33:50,0.0
Travelers Insurance,,2026-05-15|2026-05-18|2026-05-19|2026-05-20|2026-05-21|2026-05-22|2026-05-26|2026-05-27|2026-05-28|2026-05-29|2026-06-01|2026-06-02|2026-06-03|2026-06-04|2026-06-05|2026-06-08|2026-06-09|2026-06-10|2026-06-11|2026-06-12|2026-06-15|2026-06-16|2026-06-17|2026-06-18|2026-06-22|2026-06-23|2026-06-24|2026-06-25|2026-06-26|2026-06-29,2026-06-29 19:33:50,0.0
Eli Lilly,,2026-05-15|2026-05-18|2026-05-19|2026-05-20|2026-05-21|2026-05-22|2026-05-26|2026-05-27|2026-05-28|2026-05-29|2026-06-01|2026-06-02|2026-06-03|2026-06-04|2026-06-05|2026-06-08|2026-06-09|2026-06-10|2026-06-11|2026-06-12|2026-06-15|2026-06-16|2026-06-17|2026-06-18|2026-06-22|2026-06-23|2026-06-24|2026-06-25|2026-06-26|2026-06-29,2026-06-29 19:33:50,0.0
Uber,,2026-05-15|2026-05-18|2026-05-19|2026-05-20|2026-05-21|2026-05-22|2026-05-26|2026-05-27|2026-05-28|2026-05-29|2026-06-01|2026-06-02|2026-06-03|2026-06-04|2026-06-05|2026-06-08|2026-06-09|2026-06-10|2026-06-11|2026-06-12|2026-06-15|2026-06-16|2026-06-17|2026-06-18|2026-06-22|2026-06-23|2026-06-24|2026-06-25|2026-06-26|2026-06-29,2026-06-29 19:33:50,0.0
Thermo Fisher Scientific,,2026-05-15|2026-05-18|2026-05-19|2026-05-20|2026-05-21|2026-05-22|2026-05-26|2026-05-27|2026-05-28|2026-05-29|2026-06-01|2026-06-02|2026-06-03|2026-06-04|2026-06-05|2026-06-08|2026-06-09|2026-06-10|2026-06-11|2026-06-12|2026-06-15|2026-06-16|2026-06-17|2026-06-18|2026-06-22|2026-06-23|2026-06-24|2026-06-25|2026-06-26|2026-06-29,2026-06-29 19:33:50,0.0
US Bancorp,,2026-05-15|2026-05-18|2026-05-19|2026-05-20|2026-05-21|2026-05-22|2026-05-26|2026-05-27|2026-05-28|2026-05-29|2026-06-01|2026-06-02|2026-06-03|2026-06-04|2026-06-05|2026-06-08|2026-06-09|2026-06-10|2026-06-11|2026-06-12|2026-06-15|2026-06-16|2026-06-17|2026-06-18|2026-06-22|2026-06-23|2026-06-24|2026-06-25|2026-06-26|2026-06-29,2026-06-29 19:33:50,0.0
World Kinect,,2026-05-15|2026-05-18|2026-05-19|2026-05-20|2026-05-21|2026-05-22|2026-05-26|2026-05-27|2026-05-28|2026-05-29|2026-06-01|2026-06-02|2026-06-03|2026-06-04|2026-06-05|2026-06-08|2026-06-09|2026-06-10|2026-06-11|2026-06-12|2026-06-15|2026-06-16|2026-06-17|2026-06-18|2026-06-22|2026-06-23|2026-06-24|2026-06-25|2026-06-26|2026-06-29,2026-06-29 19:33:50,0.0
Abbott Laboratories,,2026-05-15|2026-05-18|2026-05-19|2026-05-20|2026-05-21|2026-05-22|2026-05-26|2026-05-27|2026-05-28|2026-05-29|2026-06-01|2026-06-02|2026-06-03|2026-06-04|2026-06-05|2026-06-08|2026-06-09|2026-06-10|2026-06-11|2026-06-12|2026-06-15|2026-06-16|2026-06-17|2026-06-18|2026-06-22|2026-06-23|2026-06-24|2026-06-25|2026-06-26|2026-06-29,2026-06-29 19:33:50,0.0
Best Buy,,2026-05-15|2026-05-18|2026-05-19|2026-05-20|2026-05-21|2026-05-22|2026-05-26|2026-05-27|2026-05-28|2026-05-29|2026-06-01|2026-06-02|2026-06-03|2026-06-04|2026-06-05|2026-06-08|2026-06-09|2026-06-10|2026-06-11|2026-06-12|2026-06-15|2026-06-16|2026-06-17|2026-06-18|2026-06-22|2026-06-23|2026-06-24|2026-06-25|2026-06-26|2026-06-29,2026-06-29 19:33:50,0.0
Northrop Grumman,,2026-05-15|2026-05-18|2026-05-19|2026-05-20|2026-05-21|2026-05-22|2026-05-26|2026-05-27|2026-05-28|2026-05-29|2026-06-01|2026-06-02|2026-06-03|2026-06-04|2026-06-05|2026-06-08|2026-06-09|2026-06-10|2026-06-11|2026-06-12|2026-06-15|2026-06-16|2026-06-17|2026-06-18|2026-06-22|2026-06-23|2026-06-24|2026-06-25|2026-06-26|2026-06-29,2026-06-29 19:33:50,0.0
Molina Healthcare,,2026-05-15|2026-05-18|2026-05-19|2026-05-20|2026-05-21|2026-05-22|2026-05-26|2026-05-27|2026-05-28|2026-05-29|2026-06-01|2026-06-02|2026-06-03|2026-06-04|2026-06-05|2026-06-08|2026-06-09|2026-06-10|2026-06-11|2026-06-12|2026-06-15|2026-06-16|2026-06-17|2026-06-18|2026-06-22|2026-06-23|2026-06-24|2026-06-25|2026-06-26|2026-06-29,2026-06-29 19:33:50,0.0
Dollar General,,2026-05-15|2026-05-18|2026-05-19|2026-05-20|2026-05-21|2026-05-22|2026-05-26|2026-05-27|2026-05-28|2026-05-29|2026-06-01|2026-06-02|2026-06-03|2026-06-04|2026-06-05|2026-06-08|2026-06-09|2026-06-10|2026-06-11|2026-06-12|2026-06-15|2026-06-16|2026-06-17|2026-06-18|2026-06-22|2026-06-23|2026-06-24|2026-06-25|2026-06-26|2026-06-29,2026-06-29 19:33:50,0.0
Bank of New York Mellon,,2026-05-14|2026-05-15|2026-05-18|2026-05-19|2026-05-20|2026-05-21|2026-05-22|2026-05-26|2026-05-27|2026-05-28|2026-05-29|2026-06-01|2026-06-02|2026-06-03|2026-06-04|2026-06-05|2026-06-08|2026-06-09|2026-06-10|2026-06-11|2026-06-12|2026-06-15|2026-06-16|2026-06-17|2026-06-18|2026-06-22|2026-06-23|2026-06-24|2026-06-25|2026-06-26,2026-06-29 19:33:50,0.0
Warner Bros Discovery,,2026-05-15|2026-05-18|2026-05-19|2026-05-20|2026-05-21|2026-05-22|2026-05-26|2026-05-27|2026-05-28|2026-05-29|2026-06-01|2026-06-02|2026-06-03|2026-06-04|2026-06-05|2026-06-08|2026-06-09|2026-06-10|2026-06-11|2026-06-12|2026-06-15|2026-06-16|2026-06-17|2026-06-18|2026-06-22|2026-06-23|2026-06-24|2026-06-25|2026-06-26|2026-06-29,2026-06-29 19:33:50,0.0
Netflix,,2026-05-15|2026-05-18|2026-05-19|2026-05-20|2026-05-21|2026-05-22|2026-05-26|2026-05-27|2026-05-28|2026-05-29|2026-06-01|2026-06-02|2026-06-03|2026-06-04|2026-06-05|2026-06-08|2026-06-09|2026-06-10|2026-06-11|2026-06-12|2026-06-15|2026-06-16|2026-06-17|2026-06-18|2026-06-22|2026-06-23|2026-06-24|2026-06-25|2026-06-26|2026-06-29,2026-06-29 19:33:50,0.0
Qualcomm,,2026-05-15|2026-05-18|2026-05-19|2026-05-20|2026-05-21|2026-05-22|2026-05-26|2026-05-27|2026-05-28|2026-05-29|2026-06-01|2026-06-02|2026-06-03|2026-06-04|2026-06-05|2026-06-08|2026-06-09|2026-06-10|2026-06-11|2026-06-12|2026-06-15|2026-06-16|2026-06-17|2026-06-18|2026-06-22|2026-06-23|2026-06-24|2026-06-25|2026-06-26|2026-06-29,2026-06-29 19:33:50,0.0
Honeywell,,2026-05-15|2026-05-18|2026-05-19|2026-05-20|2026-05-21|2026-05-22|2026-05-26|2026-05-27|2026-05-28|2026-05-29|2026-06-01|2026-06-02|2026-06-03|2026-06-04|2026-06-05|2026-06-08|2026-06-09|2026-06-10|2026-06-11|2026-06-12|2026-06-15|2026-06-16|2026-06-17|2026-06-18|2026-06-22|2026-06-23|2026-06-24|2026-06-25|2026-06-26|2026-06-29,2026-06-29 19:33:50,0.0
Salesforce,,2026-05-15|2026-05-18|2026-05-19|2026-05-20|2026-05-21|2026-05-22|2026-05-26|2026-05-27|2026-05-28|2026-05-29|2026-06-01|2026-06-02|2026-06-03|2026-06-04|2026-06-05|2026-06-08|2026-06-09|2026-06-10|2026-06-11|2026-06-12|2026-06-15|2026-06-16|2026-06-17|2026-06-18|2026-06-22|2026-06-23|2026-06-24|2026-06-25|2026-06-26|2026-06-29,2026-06-29 19:33:50,0.0
Philip Morris International,,2026-05-15|2026-05-18|2026-05-19|2026-05-20|2026-05-21|2026-05-22|2026-05-26|2026-05-27|2026-05-28|2026-05-29|2026-06-01|2026-06-02|2026-06-03|2026-06-04|2026-06-05|2026-06-08|2026-06-09|2026-06-10|2026-06-11|2026-06-12|2026-06-15|2026-06-16|2026-06-17|2026-06-18|2026-06-22|2026-06-23|2026-06-24|2026-06-25|2026-06-26|2026-06-29,2026-06-29 19:33:50,0.0
US Foods,,2026-05-15|2026-05-18|2026-05-19|2026-05-20|2026-05-21|2026-05-22|2026-05-26|2026-05-27|2026-05-28|2026-05-29|2026-06-01|2026-06-02|2026-06-03|2026-06-04|2026-06-05|2026-06-08|2026-06-09|2026-06-10|2026-06-11|2026-06-12|2026-06-15|2026-06-16|2026-06-17|2026-06-18|2026-06-22|2026-06-23|2026-06-24|2026-06-25|2026-06-26|2026-06-29,2026-06-29 19:33:50,0.0
DR Horton Inc,,2026-05-15|2026-05-18|2026-05-19|2026-05-20|2026-05-21|2026-05-22|2026-05-26|2026-05-27|2026-05-28|2026-05-29|2026-06-01|2026-06-02|2026-06-03|2026-06-04|2026-06-05|2026-06-08|2026-06-09|2026-06-10|2026-06-11|2026-06-12|2026-06-15|2026-06-16|2026-06-17|2026-06-18|2026-06-22|2026-06-23|2026-06-24|2026-06-25|2026-06-26|2026-06-29,2026-06-29 19:33:50,0.0
Lithia Motors,,2026-05-15|2026-05-18|2026-05-19|2026-05-20|2026-05-21|2026-05-22|2026-05-26|2026-05-27|2026-05-28|2026-05-29|2026-06-01|2026-06-02|2026-06-03|2026-06-04|2026-06-05|2026-06-08|2026-06-09|2026-06-10|2026-06-11|2026-06-12|2026-06-15|2026-06-16|2026-06-17|2026-06-18|2026-06-22|2026-06-23|2026-06-24|2026-06-25|2026-06-26|2026-06-29,2026-06-29 19:33:50,0.0
Mondelez,,2026-05-15|2026-05-18|2026-05-19|2026-05-20|2026-05-21|2026-05-22|2026-05-26|2026-05-27|2026-05-28|2026-05-29|2026-06-01|2026-06-02|2026-06-03|2026-06-04|2026-06-05|2026-06-08|2026-06-09|2026-06-10|2026-06-11|2026-06-12|2026-06-15|2026-06-16|2026-06-17|2026-06-18|2026-06-22|2026-06-23|2026-06-24|2026-06-25|2026-06-26|2026-06-29,2026-06-29 19:33:50,0.0
Starbucks,,2026-05-15|2026-05-18|2026-05-19|2026-05-20|2026-05-21|2026-05-22|2026-05-26|2026-05-27|2026-05-28|2026-05-29|2026-06-01|2026-06-02|2026-06-03|2026-06-04|2026-06-05|2026-06-08|2026-06-09|2026-06-10|2026-06-11|2026-06-12|2026-06-15|2026-06-16|2026-06-17|2026-06-18|2026-06-22|2026-06-23|2026-06-24|2026-06-25|2026-06-26|2026-06-29,2026-06-29 19:33:50,0.0
Visa Inc,,2026-05-15|2026-05-18|2026-05-19|2026-05-20|2026-05-21|2026-05-22|2026-05-26|2026-05-27|2026-05-28|2026-05-29|2026-06-01|2026-06-02|2026-06-03|2026-06-04|2026-06-05|2026-06-08|2026-06-09|2026-06-10|2026-06-11|2026-06-12|2026-06-15|2026-06-16|2026-06-17|2026-06-18|2026-06-22|2026-06-23|2026-06-24|2026-06-25|2026-06-26|2026-06-29,2026-06-29 19:33:50,0.0
CBRE Group,,2026-05-15|2026-05-18|2026-05-19|2026-05-20|2026-05-21|2026-05-22|2026-05-26|2026-05-27|2026-05-28|2026-05-29|2026-06-01|2026-06-02|2026-06-03|2026-06-04|2026-06-05|2026-06-08|2026-06-09|2026-06-10|2026-06-11|2026-06-12|2026-06-15|2026-06-16|2026-06-17|2026-06-18|2026-06-22|2026-06-23|2026-06-24|2026-06-25|2026-06-26|2026-06-29,2026-06-29 19:33:50,0.0
Lennar,,2026-05-15|2026-05-18|2026-05-19|2026-05-20|2026-05-21|2026-05-22|2026-05-26|2026-05-27|2026-05-28|2026-05-29|2026-06-01|2026-06-02|2026-06-03|2026-06-04|2026-06-05|2026-06-08|2026-06-09|2026-06-10|2026-06-11|2026-06-12|2026-06-15|2026-06-16|2026-06-17|2026-06-18|2026-06-22|2026-06-23|2026-06-24|2026-06-25|2026-06-26|2026-06-29,2026-06-29 19:33:50,0.0
GE Vernova,,2026-05-15|2026-05-18|2026-05-19|2026-05-20|2026-05-21|2026-05-22|2026-05-26|2026-05-27|2026-05-28|2026-05-29|2026-06-01|2026-06-02|2026-06-03|2026-06-04|2026-06-05|2026-06-08|2026-06-09|2026-06-10|2026-06-11|2026-06-12|2026-06-15|2026-06-16|2026-06-17|2026-06-18|2026-06-22|2026-06-23|2026-06-24|2026-06-25|2026-06-26|2026-06-29,2026-06-29 19:33:50,0.0
PNC Financial Services,,2026-05-15|2026-05-18|2026-05-19|2026-05-20|2026-05-21|2026-05-22|2026-05-26|2026-05-27|2026-05-28|2026-05-29|2026-06-01|2026-06-02|2026-06-03|2026-06-04|2026-06-05|2026-06-08|2026-06-09|2026-06-10|2026-06-11|2026-06-12|2026-06-15|2026-06-16|2026-06-17|2026-06-18|2026-06-22|2026-06-23|2026-06-24|2026-06-25|2026-06-26|2026-06-29,2026-06-29 19:33:50,0.0
Cummins Inc,,2026-05-15|2026-05-18|2026-05-19|2026-05-20|2026-05-21|2026-05-22|2026-05-26|2026-05-27|2026-05-28|2026-05-29|2026-06-01|2026-06-02|2026-06-03|2026-06-04|2026-06-05|2026-06-08|2026-06-09|2026-06-10|2026-06-11|2026-06-12|2026-06-15|2026-06-16|2026-06-17|2026-06-18|2026-06-22|2026-06-23|2026-06-24|2026-06-25|2026-06-26|2026-06-29,2026-06-29 19:33:50,0.0
Paccar,,2026-05-15|2026-05-18|2026-05-19|2026-05-20|2026-05-21|2026-05-22|2026-05-26|2026-05-27|2026-05-28|2026-05-29|2026-06-01|2026-06-02|2026-06-03|2026-06-04|2026-06-05|2026-06-08|2026-06-09|2026-06-10|2026-06-11|2026-06-12|2026-06-15|2026-06-16|2026-06-17|2026-06-18|2026-06-22|2026-06-23|2026-06-24|2026-06-25|2026-06-26|2026-06-29,2026-06-29 19:33:50,0.0
Amgen,,2026-05-15|2026-05-18|2026-05-19|2026-05-20|2026-05-21|2026-05-22|2026-05-26|2026-05-27|2026-05-28|2026-05-29|2026-06-01|2026-06-02|2026-06-03|2026-06-04|2026-06-05|2026-06-08|2026-06-09|2026-06-10|2026-06-11|2026-06-12|2026-06-15|2026-06-16|2026-06-17|2026-06-18|2026-06-22|2026-06-23|2026-06-24|2026-06-25|2026-06-26|2026-06-29,2026-06-29 19:33:50,0.0
PBF Energy,,2026-05-15|2026-05-18|2026-05-19|2026-05-20|2026-05-21|2026-05-22|2026-05-26|2026-05-27|2026-05-28|2026-05-29|2026-06-01|2026-06-02|2026-06-03|2026-06-04|2026-06-05|2026-06-08|2026-06-09|2026-06-10|2026-06-11|2026-06-12|2026-06-15|2026-06-16|2026-06-17|2026-06-18|2026-06-22|2026-06-23|2026-06-24|2026-06-25|2026-06-26|2026-06-29,2026-06-29 19:33:50,0.0
PayPal,,2026-05-15|2026-05-18|2026-05-19|2026-05-20|2026-05-21|2026-05-22|2026-05-26|2026-05-27|2026-05-28|2026-05-29|2026-06-01|2026-06-02|2026-06-03|2026-06-04|2026-06-05|2026-06-08|2026-06-09|2026-06-10|2026-06-11|2026-06-12|2026-06-15|2026-06-16|2026-06-17|2026-06-18|2026-06-22|2026-06-23|2026-06-24|2026-06-25|2026-06-26|2026-06-29,2026-06-29 19:33:50,0.0
United Natural Foods,,2026-05-15|2026-05-18|2026-05-19|2026-05-20|2026-05-21|2026-05-22|2026-05-26|2026-05-27|2026-05-28|2026-05-29|2026-06-01|2026-06-02|2026-06-03|2026-06-04|2026-06-05|2026-06-08|2026-06-09|2026-06-10|2026-06-11|2026-06-12|2026-06-15|2026-06-16|2026-06-17|2026-06-18|2026-06-22|2026-06-23|2026-06-24|2026-06-25|2026-06-26|2026-06-29,2026-06-29 19:33:50,0.0
Dollar Tree,,2026-05-15|2026-05-18|2026-05-19|2026-05-20|2026-05-21|2026-05-22|2026-05-26|2026-05-27|2026-05-28|2026-05-29|2026-06-01|2026-06-02|2026-06-03|2026-06-04|2026-06-05|2026-06-08|2026-06-09|2026-06-10|2026-06-11|2026-06-12|2026-06-15|2026-06-16|2026-06-17|2026-06-18|2026-06-22|2026-06-23|2026-06-24|2026-06-25|2026-06-26|2026-06-29,2026-06-29 19:33:50,0.0
Nucor,,2026-05-15|2026-05-18|2026-05-19|2026-05-20|2026-05-21|2026-05-22|2026-05-26|2026-05-27|2026-05-28|2026-05-29|2026-06-01|2026-06-02|2026-06-03|2026-06-04|2026-06-05|2026-06-08|2026-06-09|2026-06-10|2026-06-11|2026-06-12|2026-06-15|2026-06-16|2026-06-17|2026-06-18|2026-06-22|2026-06-23|2026-06-24|2026-06-25|2026-06-26|2026-06-29,2026-06-29 19:33:50,0.0
Penske Automotive,,2026-05-15|2026-05-18|2026-05-19|2026-05-20|2026-05-21|2026-05-22|2026-05-26|2026-05-27|2026-05-28|2026-05-29|2026-06-01|2026-06-02|2026-06-03|2026-06-04|2026-06-05|2026-06-08|2026-06-09|2026-06-10|2026-06-11|2026-06-12|2026-06-15|2026-06-16|2026-06-17|2026-06-18|2026-06-22|2026-06-23|2026-06-24|2026-06-25|2026-06-26|2026-06-29,2026-06-29 19:33:50,0.0
Coupang,,2026-05-15|2026-05-18|2026-05-19|2026-05-20|2026-05-21|2026-05-22|2026-05-26|2026-05-27|2026-05-28|2026-05-29|2026-06-01|2026-06-02|2026-06-03|2026-06-04|2026-06-05|2026-06-08|2026-06-09|2026-06-10|2026-06-11|2026-06-12|2026-06-15|2026-06-16|2026-06-17|2026-06-18|2026-06-22|2026-06-23|2026-06-24|2026-06-25|2026-06-26|2026-06-29,2026-06-29 19:33:50,0.0
Hewlett Packard Enterprise,,2026-05-15|2026-05-18|2026-05-19|2026-05-20|2026-05-21|2026-05-22|2026-05-26|2026-05-27|2026-05-28|2026-05-29|2026-06-01|2026-06-02|2026-06-03|2026-06-04|2026-06-05|2026-06-08|2026-06-09|2026-06-10|2026-06-11|2026-06-12|2026-06-15|2026-06-16|2026-06-17|2026-06-18|2026-06-22|2026-06-23|2026-06-24|2026-06-25|2026-06-26|2026-06-29,2026-06-29 19:33:50,0.0
Duke Energy,,2026-05-15|2026-05-18|2026-05-19|2026-05-20|2026-05-21|2026-05-22|2026-05-26|2026-05-27|2026-05-28|2026-05-29|2026-06-01|2026-06-02|2026-06-03|2026-06-04|2026-06-05|2026-06-08|2026-06-09|2026-06-10|2026-06-11|2026-06-12|2026-06-15|2026-06-16|2026-06-17|2026-06-18|2026-06-22|2026-06-23|2026-06-24|2026-06-25|2026-06-26|2026-06-29,2026-06-29 19:33:50,0.0
KKR & Co,,2026-05-15|2026-05-18|2026-05-19|2026-05-20|2026-05-21|2026-05-22|2026-05-26|2026-05-27|2026-05-28|2026-05-29|2026-06-01|2026-06-02|2026-06-03|2026-06-04|2026-06-05|2026-06-08|2026-06-09|2026-06-10|2026-06-11|2026-06-12|2026-06-15|2026-06-16|2026-06-17|2026-06-18|2026-06-22|2026-06-23|2026-06-24|2026-06-25|2026-06-26|2026-06-29,2026-06-29 19:33:50,0.0
Jabil,,2026-05-15|2026-05-18|2026-05-19|2026-05-20|2026-05-21|2026-05-22|2026-05-26|2026-05-27|2026-05-28|2026-05-29|2026-06-01|2026-06-02|2026-06-03|2026-06-04|2026-06-05|2026-06-08|2026-06-09|2026-06-10|2026-06-11|2026-06-12|2026-06-15|2026-06-16|2026-06-17|2026-06-18|2026-06-22|2026-06-23|2026-06-24|2026-06-25|2026-06-26|2026-06-29,2026-06-29 19:33:50,0.0
Gilead Sciences,,2026-05-15|2026-05-18|2026-05-19|2026-05-20|2026-05-21|2026-05-22|2026-05-26|2026-05-27|2026-05-28|2026-05-29|2026-06-01|2026-06-02|2026-06-03|2026-06-04|2026-06-05|2026-06-08|2026-06-09|2026-06-10|2026-06-11|2026-06-12|2026-06-15|2026-06-16|2026-06-17|2026-06-18|2026-06-22|2026-06-23|2026-06-24|2026-06-25|2026-06-26|2026-06-29,2026-06-29 19:33:50,0.0
HF Sinclair,,2026-05-15|2026-05-18|2026-05-19|2026-05-20|2026-05-21|2026-05-22|2026-05-26|2026-05-27|2026-05-28|2026-05-29|2026-06-01|2026-06-02|2026-06-03|2026-06-04|2026-06-05|2026-06-08|2026-06-09|2026-06-10|2026-06-11|2026-06-12|2026-06-15|2026-06-16|2026-06-17|2026-06-18|2026-06-22|2026-06-23|2026-06-24|2026-06-25|2026-06-26|2026-06-29,2026-06-29 19:33:50,0.0
CarMax,,2026-05-15|2026-05-18|2026-05-19|2026-05-20|2026-05-21|2026-05-22|2026-05-26|2026-05-27|2026-05-28|2026-05-29|2026-06-01|2026-06-02|2026-06-03|2026-06-04|2026-06-05|2026-06-08|2026-06-09|2026-06-10|2026-06-11|2026-06-12|2026-06-15|2026-06-16|2026-06-17|2026-06-18|2026-06-22|2026-06-23|2026-06-24|2026-06-25|2026-06-26|2026-06-29,2026-06-29 19:33:50,0.0
Mastercard,,2026-05-15|2026-05-18|2026-05-19|2026-05-20|2026-05-21|2026-05-22|2026-05-26|2026-05-27|2026-05-28|2026-05-29|2026-06-01|2026-06-02|2026-06-03|2026-06-04|2026-06-05|2026-06-08|2026-06-09|2026-06-10|2026-06-11|2026-06-12|2026-06-15|2026-06-16|2026-06-17|2026-06-18|2026-06-22|2026-06-23|2026-06-24|2026-06-25|2026-06-26|2026-06-29,2026-06-29 19:33:50,0.0
NRG Energy,,2026-05-15|2026-05-18|2026-05-19|2026-05-20|2026-05-21|2026-05-22|2026-05-26|2026-05-27|2026-05-28|2026-05-29|2026-06-01|2026-06-02|2026-06-03|2026-06-04|2026-06-05|2026-06-08|2026-06-09|2026-06-10|2026-06-11|2026-06-12|2026-06-15|2026-06-16|2026-06-17|2026-06-18|2026-06-22|2026-06-23|2026-06-24|2026-06-25|2026-06-26|2026-06-29,2026-06-29 19:33:50,0.0
Arrow Electronics,,2026-05-15|2026-05-18|2026-05-19|2026-05-20|2026-05-21|2026-05-22|2026-05-26|2026-05-27|2026-05-28|2026-05-29|2026-06-01|2026-06-02|2026-06-03|2026-06-04|2026-06-05|2026-06-08|2026-06-09|2026-06-10|2026-06-11|2026-06-12|2026-06-15|2026-06-16|2026-06-17|2026-06-18|2026-06-22|2026-06-23|2026-06-24|2026-06-25|2026-06-26|2026-06-29,2026-06-29 19:33:50,0.0
Baker Hughes,,2026-05-15|2026-05-18|2026-05-19|2026-05-20|2026-05-21|2026-05-22|2026-05-26|2026-05-27|2026-05-28|2026-05-29|2026-06-01|2026-06-02|2026-06-03|2026-06-04|2026-06-05|2026-06-08|2026-06-09|2026-06-10|2026-06-11|2026-06-12|2026-06-15|2026-06-16|2026-06-17|2026-06-18|2026-06-22|2026-06-23|2026-06-24|2026-06-25|2026-06-26|2026-06-29,2026-06-29 19:33:50,0.0
Southwest Airlines,,2026-05-15|2026-05-18|2026-05-19|2026-05-20|2026-05-21|2026-05-22|2026-05-26|2026-05-27|2026-05-28|2026-05-29|2026-06-01|2026-06-02|2026-06-03|2026-06-04|2026-06-05|2026-06-08|2026-06-09|2026-06-10|2026-06-11|2026-06-12|2026-06-15|2026-06-16|2026-06-17|2026-06-18|2026-06-22|2026-06-23|2026-06-24|2026-06-25|2026-06-26|2026-06-29,2026-06-29 19:33:50,0.0
AIG,,2026-05-15|2026-05-18|2026-05-19|2026-05-20|2026-05-21|2026-05-22|2026-05-26|2026-05-27|2026-05-28|2026-05-29|2026-06-01|2026-06-02|2026-06-03|2026-06-04|2026-06-05|2026-06-08|2026-06-09|2026-06-10|2026-06-11|2026-06-12|2026-06-15|2026-06-16|2026-06-17|2026-06-18|2026-06-22|2026-06-23|2026-06-24|2026-06-25|2026-06-26|2026-06-29,2026-06-29 19:33:50,0.0
Applied Materials,,2026-05-15|2026-05-18|2026-05-19|2026-05-20|2026-05-21|2026-05-22|2026-05-26|2026-05-27|2026-05-28|2026-05-29|2026-06-01|2026-06-02|2026-06-03|2026-06-04|2026-06-05|2026-06-08|2026-06-09|2026-06-10|2026-06-11|2026-06-12|2026-06-15|2026-06-16|2026-06-17|2026-06-18|2026-06-22|2026-06-23|2026-06-24|2026-06-25|2026-06-26|2026-06-29,2026-06-29 19:33:50,0.0
Occidental Petroleum,,2026-05-15|2026-05-18|2026-05-19|2026-05-20|2026-05-21|2026-05-22|2026-05-26|2026-05-27|2026-05-28|2026-05-29|2026-06-01|2026-06-02|2026-06-03|2026-06-04|2026-06-05|2026-06-08|2026-06-09|2026-06-10|2026-06-11|2026-06-12|2026-06-15|2026-06-16|2026-06-17|2026-06-18|2026-06-22|2026-06-23|2026-06-24|2026-06-25|2026-06-26|2026-06-29,2026-06-29 19:33:50,0.0
AutoNation,,2026-05-15|2026-05-18|2026-05-19|2026-05-20|2026-05-21|2026-05-22|2026-05-26|2026-05-27|2026-05-28|2026-05-29|2026-06-01|2026-06-02|2026-06-03|2026-06-04|2026-06-05|2026-06-08|2026-06-09|2026-06-10|2026-06-11|2026-06-12|2026-06-15|2026-06-16|2026-06-17|2026-06-18|2026-06-22|2026-06-23|2026-06-24|2026-06-25|2026-06-26|2026-06-29,2026-06-29 19:33:50,0.0
Southern Company,,2026-05-15|2026-05-18|2026-05-19|2026-05-20|2026-05-21|2026-05-22|2026-05-26|2026-05-27|2026-05-28|2026-05-29|2026-06-01|2026-06-02|2026-06-03|2026-06-04|2026-06-05|2026-06-08|2026-06-09|2026-06-10|2026-06-11|2026-06-12|2026-06-15|2026-06-16|2026-06-17|2026-06-18|2026-06-22|2026-06-23|2026-06-24|2026-06-25|2026-06-26|2026-06-29,2026-06-29 19:33:50,0.0
The Hartford Insurance Group,,2026-05-15|2026-05-18|2026-05-19|2026-05-20|2026-05-21|2026-05-22|2026-05-26|2026-05-27|2026-05-28|2026-05-29|2026-06-01|2026-06-02|2026-06-03|2026-06-04|2026-06-05|2026-06-08|2026-06-09|2026-06-10|2026-06-11|2026-06-12|2026-06-15|2026-06-16|2026-06-17|2026-06-18|2026-06-22|2026-06-23|2026-06-24|2026-06-25|2026-06-26|2026-06-29,2026-06-29 19:33:50,0.0
Apollo Global Management,,2026-05-15|2026-05-18|2026-05-19|2026-05-20|2026-05-21|2026-05-22|2026-05-26|2026-05-27|2026-05-28|2026-05-29|2026-06-01|2026-06-02|2026-06-03|2026-06-04|2026-06-05|2026-06-08|2026-06-09|2026-06-10|2026-06-11|2026-06-12|2026-06-15|2026-06-16|2026-06-17|2026-06-18|2026-06-22|2026-06-23|2026-06-24|2026-06-25|2026-06-26|2026-06-29,2026-06-29 19:33:50,0.0
Charles Schwab,,2026-05-15|2026-05-18|2026-05-19|2026-05-20|2026-05-21|2026-05-22|2026-05-26|2026-05-27|2026-05-28|2026-05-29|2026-06-01|2026-06-02|2026-06-03|2026-06-04|2026-06-05|2026-06-08|2026-06-09|2026-06-10|2026-06-11|2026-06-12|2026-06-15|2026-06-16|2026-06-17|2026-06-18|2026-06-22|2026-06-23|2026-06-24|2026-06-25|2026-06-26|2026-06-29,2026-06-29 19:33:50,0.0
McDonalds,,2026-05-15|2026-05-18|2026-05-19|2026-05-20|2026-05-21|2026-05-22|2026-05-26|2026-05-27|2026-05-28|2026-05-29|2026-06-01|2026-06-02|2026-06-03|2026-06-04|2026-06-05|2026-06-08|2026-06-09|2026-06-10|2026-06-11|2026-06-12|2026-06-15|2026-06-16|2026-06-17|2026-06-18|2026-06-22|2026-06-23|2026-06-24|2026-06-25|2026-06-26|2026-06-29,2026-06-29 19:33:50,0.0
Kraft Heinz,,2026-05-15|2026-05-18|2026-05-19|2026-05-20|2026-05-21|2026-05-22|2026-05-26|2026-05-27|2026-05-28|2026-05-29|2026-06-01|2026-06-02|2026-06-03|2026-06-04|2026-06-05|2026-06-08|2026-06-09|2026-06-10|2026-06-11|2026-06-12|2026-06-15|2026-06-16|2026-06-17|2026-06-18|2026-06-22|2026-06-23|2026-06-24|2026-06-25|2026-06-26|2026-06-29,2026-06-29 19:33:50,0.0
Advanced Micro Devices,,2026-05-15|2026-05-18|2026-05-19|2026-05-20|2026-05-21|2026-05-22|2026-05-26|2026-05-27|2026-05-28|2026-05-29|2026-06-01|2026-06-02|2026-06-03|2026-06-04|2026-06-05|2026-06-08|2026-06-09|2026-06-10|2026-06-11|2026-06-12|2026-06-15|2026-06-16|2026-06-17|2026-06-18|2026-06-22|2026-06-23|2026-06-24|2026-06-25|2026-06-26|2026-06-29,2026-06-29 19:33:50,0.0
Truist Financial,,2026-05-15|2026-05-18|2026-05-19|2026-05-20|2026-05-21|2026-05-22|2026-05-26|2026-05-27|2026-05-28|2026-05-29|2026-06-01|2026-06-02|2026-06-03|2026-06-04|2026-06-05|2026-06-08|2026-06-09|2026-06-10|2026-06-11|2026-06-12|2026-06-15|2026-06-16|2026-06-17|2026-06-18|2026-06-22|2026-06-23|2026-06-24|2026-06-25|2026-06-26|2026-06-29,2026-06-29 19:33:50,0.0
Freeport-McMoRan,,2026-05-15|2026-05-18|2026-05-19|2026-05-20|2026-05-21|2026-05-22|2026-05-26|2026-05-27|2026-05-28|2026-05-29|2026-06-01|2026-06-02|2026-06-03|2026-06-04|2026-06-05|2026-06-08|2026-06-09|2026-06-10|2026-06-11|2026-06-12|2026-06-15|2026-06-16|2026-06-17|2026-06-18|2026-06-22|2026-06-23|2026-06-24|2026-06-25|2026-06-26|2026-06-29,2026-06-29 19:33:50,0.0
Micron Technology,,2026-05-15|2026-05-18|2026-05-19|2026-05-20|2026-05-21|2026-05-22|2026-05-26|2026-05-27|2026-05-28|2026-05-29|2026-06-01|2026-06-02|2026-06-03|2026-06-04|2026-06-05|2026-06-08|2026-06-09|2026-06-10|2026-06-11|2026-06-12|2026-06-15|2026-06-16|2026-06-17|2026-06-18|2026-06-22|2026-06-23|2026-06-24|2026-06-25|2026-06-26|2026-06-29,2026-06-29 19:33:50,0.0
Marriott International,,2026-05-15|2026-05-18|2026-05-19|2026-05-20|2026-05-21|2026-05-22|2026-05-26|2026-05-27|2026-05-28|2026-05-29|2026-06-01|2026-06-02|2026-06-03|2026-06-04|2026-06-05|2026-06-08|2026-06-09|2026-06-10|2026-06-11|2026-06-12|2026-06-15|2026-06-16|2026-06-17|2026-06-18|2026-06-22|2026-06-23|2026-06-24|2026-06-25|2026-06-26|2026-06-29,2026-06-29 19:33:50,0.0
Carrier Global,,2026-05-15|2026-05-18|2026-05-19|2026-05-20|2026-05-21|2026-05-22|2026-05-26|2026-05-27|2026-05-28|2026-05-29|2026-06-01|2026-06-02|2026-06-03|2026-06-04|2026-06-05|2026-06-08|2026-06-09|2026-06-10|2026-06-11|2026-06-12|2026-06-15|2026-06-16|2026-06-17|2026-06-18|2026-06-22|2026-06-23|2026-06-24|2026-06-25|2026-06-26|2026-06-29,2026-06-29 19:33:50,0.0
NextEra Energy,,2026-05-15|2026-05-18|2026-05-19|2026-05-20|2026-05-21|2026-05-22|2026-05-26|2026-05-27|2026-05-28|2026-05-29|2026-06-01|2026-06-02|2026-06-03|2026-06-04|2026-06-05|2026-06-08|2026-06-09|2026-06-10|2026-06-11|2026-06-12|2026-06-15|2026-06-16|2026-06-17|2026-06-18|2026-06-22|2026-06-23|2026-06-24|2026-06-25|2026-06-26|2026-06-29,2026-06-29 19:33:50,0.0
3M Company,,2026-05-15|2026-05-18|2026-05-19|2026-05-20|2026-05-21|2026-05-22|2026-05-26|2026-05-27|2026-05-28|2026-05-29|2026-06-01|2026-06-02|2026-06-03|2026-06-04|2026-06-05|2026-06-08|2026-06-09|2026-06-10|2026-06-11|2026-06-12|2026-06-15|2026-06-16|2026-06-17|2026-06-18|2026-06-22|2026-06-23|2026-06-24|2026-06-25|2026-06-26|2026-06-29,2026-06-29 19:33:50,0.0
Pacific Gas and Electric Company,,2026-05-15|2026-05-18|2026-05-19|2026-05-20|2026-05-21|2026-05-22|2026-05-26|2026-05-27|2026-05-28|2026-05-29|2026-06-01|2026-06-02|2026-06-03|2026-06-04|2026-06-05|2026-06-08|2026-06-09|2026-06-10|2026-06-11|2026-06-12|2026-06-15|2026-06-16|2026-06-17|2026-06-18|2026-06-22|2026-06-23|2026-06-24|2026-06-25|2026-06-26|2026-06-29,2026-06-29 19:33:50,0.0
Union Pacific,,2026-05-15|2026-05-18|2026-05-19|2026-05-20|2026-05-21|2026-05-22|2026-05-26|2026-05-27|2026-05-28|2026-05-29|2026-06-01|2026-06-02|2026-06-03|2026-06-04|2026-06-05|2026-06-08|2026-06-09|2026-06-10|2026-06-11|2026-06-12|2026-06-15|2026-06-16|2026-06-17|2026-06-18|2026-06-22|2026-06-23|2026-06-24|2026-06-25|2026-06-26|2026-06-29,2026-06-29 19:33:50,0.0
Synchrony Financial,,2026-05-15|2026-05-18|2026-05-19|2026-05-20|2026-05-21|2026-05-22|2026-05-26|2026-05-27|2026-05-28|2026-05-29|2026-06-01|2026-06-02|2026-06-03|2026-06-04|2026-06-05|2026-06-08|2026-06-09|2026-06-10|2026-06-11|2026-06-12|2026-06-15|2026-06-16|2026-06-17|2026-06-18|2026-06-22|2026-06-23|2026-06-24|2026-06-25|2026-06-26|2026-06-29,2026-06-29 19:33:50,0.0
Danaher,,2026-05-15|2026-05-18|2026-05-19|2026-05-20|2026-05-21|2026-05-22|2026-05-26|2026-05-27|2026-05-28|2026-05-29|2026-06-01|2026-06-02|2026-06-03|2026-06-04|2026-06-05|2026-06-08|2026-06-09|2026-06-10|2026-06-11|2026-06-12|2026-06-15|2026-06-16|2026-06-17|2026-06-18|2026-06-22|2026-06-23|2026-06-24|2026-06-25|2026-06-26|2026-06-29,2026-06-29 19:33:50,0.0
Avnet,,2026-05-15|2026-05-18|2026-05-19|2026-05-20|2026-05-21|2026-05-22|2026-05-26|2026-05-27|2026-05-28|2026-05-29|2026-06-01|2026-06-02|2026-06-03|2026-06-04|2026-06-05|2026-06-08|2026-06-09|2026-06-10|2026-06-11|2026-06-12|2026-06-15|2026-06-16|2026-06-17|2026-06-18|2026-06-22|2026-06-23|2026-06-24|2026-06-25|2026-06-26|2026-06-29,2026-06-29 19:33:50,0.0
Booking Holdings,,2026-05-15|2026-05-18|2026-05-19|2026-05-20|2026-05-21|2026-05-22|2026-05-26|2026-05-27|2026-05-28|2026-05-29|2026-06-01|2026-06-02|2026-06-03|2026-06-04|2026-06-05|2026-06-08|2026-06-09|2026-06-10|2026-06-11|2026-06-12|2026-06-15|2026-06-16|2026-06-17|2026-06-18|2026-06-22|2026-06-23|2026-06-24|2026-06-25|2026-06-26|2026-06-29,2026-06-29 19:33:50,0.0
EOG Resources,,2026-05-15|2026-05-18|2026-05-19|2026-05-20|2026-05-21|2026-05-22|2026-05-26|2026-05-27|2026-05-28|2026-05-29|2026-06-01|2026-06-02|2026-06-03|2026-06-04|2026-06-05|2026-06-08|2026-06-09|2026-06-10|2026-06-11|2026-06-12|2026-06-15|2026-06-16|2026-06-17|2026-06-18|2026-06-22|2026-06-23|2026-06-24|2026-06-25|2026-06-26|2026-06-29,2026-06-29 19:33:50,0.0
Quanta Services,,2026-05-15|2026-05-18|2026-05-19|2026-05-20|2026-05-21|2026-05-22|2026-05-26|2026-05-27|2026-05-28|2026-05-29|2026-06-01|2026-06-02|2026-06-03|2026-06-04|2026-06-05|2026-06-08|2026-06-09|2026-06-10|2026-06-11|2026-06-12|2026-06-15|2026-06-16|2026-06-17|2026-06-18|2026-06-22|2026-06-23|2026-06-24|2026-06-25|2026-06-26|2026-06-29,2026-06-29 19:33:50,0.0
Constellation Energy,,2026-05-15|2026-05-18|2026-05-19|2026-05-20|2026-05-21|2026-05-22|2026-05-26|2026-05-27|2026-05-28|2026-05-29|2026-06-01|2026-06-02|2026-06-03|2026-06-04|2026-06-05|2026-06-08|2026-06-09|2026-06-10|2026-06-11|2026-06-12|2026-06-15|2026-06-16|2026-06-17|2026-06-18|2026-06-22|2026-06-23|2026-06-24|2026-06-25|2026-06-26|2026-06-29,2026-06-29 19:33:50,0.0
Genuine Parts Company,,2026-05-15|2026-05-18|2026-05-19|2026-05-20|2026-05-21|2026-05-22|2026-05-26|2026-05-27|2026-05-28|2026-05-29|2026-06-01|2026-06-02|2026-06-03|2026-06-04|2026-06-05|2026-06-08|2026-06-09|2026-06-10|2026-06-11|2026-06-12|2026-06-15|2026-06-16|2026-06-17|2026-06-18|2026-06-22|2026-06-23|2026-06-24|2026-06-25|2026-06-26|2026-06-29,2026-06-29 19:33:50,0.0
Jones Lang LaSalle,,2026-05-15|2026-05-18|2026-05-19|2026-05-20|2026-05-21|2026-05-22|2026-05-26|2026-05-27|2026-05-28|2026-05-29|2026-06-01|2026-06-02|2026-06-03|2026-06-04|2026-06-05|2026-06-08|2026-06-09|2026-06-10|2026-06-11|2026-06-12|2026-06-15|2026-06-16|2026-06-17|2026-06-18|2026-06-22|2026-06-23|2026-06-24|2026-06-25|2026-06-26|2026-06-29,2026-06-29 19:33:50,0.0
Lear Corporation,,2026-05-15|2026-05-18|2026-05-19|2026-05-20|2026-05-21|2026-05-22|2026-05-26|2026-05-27|2026-05-28|2026-05-29|2026-06-01|2026-06-02|2026-06-03|2026-06-04|2026-06-05|2026-06-08|2026-06-09|2026-06-10|2026-06-11|2026-06-12|2026-06-15|2026-06-16|2026-06-17|2026-06-18|2026-06-22|2026-06-23|2026-06-24|2026-06-25|2026-06-26|2026-06-29,2026-06-29 19:33:50,0.0
Live Nation Entertainment,,2026-05-15|2026-05-18|2026-05-19|2026-05-20|2026-05-21|2026-05-22|2026-05-26|2026-05-27|2026-05-28|2026-05-29|2026-06-01|2026-06-02|2026-06-03|2026-06-04|2026-06-05|2026-06-08|2026-06-09|2026-06-10|2026-06-11|2026-06-12|2026-06-15|2026-06-16|2026-06-17|2026-06-18|2026-06-22|2026-06-23|2026-06-24|2026-06-25|2026-06-26|2026-06-29,2026-06-29 19:33:50,0.0
Sherwin-Williams,,2026-05-15|2026-05-18|2026-05-19|2026-05-20|2026-05-21|2026-05-22|2026-05-26|2026-05-27|2026-05-28|2026-05-29|2026-06-01|2026-06-02|2026-06-03|2026-06-04|2026-06-05|2026-06-08|2026-06-09|2026-06-10|2026-06-11|2026-06-12|2026-06-15|2026-06-16|2026-06-17|2026-06-18|2026-06-22|2026-06-23|2026-06-24|2026-06-25|2026-06-26|2026-06-29,2026-06-29 19:33:50,0.0
Exelon,,2026-05-15|2026-05-18|2026-05-19|2026-05-20|2026-05-21|2026-05-22|2026-05-26|2026-05-27|2026-05-28|2026-05-29|2026-06-01|2026-06-02|2026-06-03|2026-06-04|2026-06-05|2026-06-08|2026-06-09|2026-06-10|2026-06-11|2026-06-12|2026-06-15|2026-06-16|2026-06-17|2026-06-18|2026-06-22|2026-06-23|2026-06-24|2026-06-25|2026-06-26|2026-06-29,2026-06-29 19:33:50,0.0
Macys,,2026-05-15|2026-05-18|2026-05-19|2026-05-20|2026-05-21|2026-05-22|2026-05-26|2026-05-27|2026-05-28|2026-05-29|2026-06-01|2026-06-02|2026-06-03|2026-06-04|2026-06-05|2026-06-08|2026-06-09|2026-06-10|2026-06-11|2026-06-12|2026-06-15|2026-06-16|2026-06-17|2026-06-18|2026-06-22|2026-06-23|2026-06-24|2026-06-25|2026-06-26|2026-06-29,2026-06-29 19:33:50,0.0
Halliburton,,2026-05-15|2026-05-18|2026-05-19|2026-05-20|2026-05-21|2026-05-22|2026-05-26|2026-05-27|2026-05-28|2026-05-29|2026-06-01|2026-06-02|2026-06-03|2026-06-04|2026-06-05|2026-06-08|2026-06-09|2026-06-10|2026-06-11|2026-06-12|2026-06-15|2026-06-16|2026-06-17|2026-06-18|2026-06-22|2026-06-23|2026-06-24|2026-06-25|2026-06-26|2026-06-29,2026-06-29 19:33:50,0.0
Stryker,,2026-05-15|2026-05-18|2026-05-19|2026-05-20|2026-05-21|2026-05-22|2026-05-26|2026-05-27|2026-05-28|2026-05-29|2026-06-01|2026-06-02|2026-06-03|2026-06-04|2026-06-05|2026-06-08|2026-06-09|2026-06-10|2026-06-11|2026-06-12|2026-06-15|2026-06-16|2026-06-17|2026-06-18|2026-06-22|2026-06-23|2026-06-24|2026-06-25|2026-06-26|2026-06-29,2026-06-29 19:33:50,0.0
Reinsurance Group of America,,2026-05-15|2026-05-18|2026-05-19|2026-05-20|2026-05-21|2026-05-22|2026-05-26|2026-05-27|2026-05-28|2026-05-29|2026-06-01|2026-06-02|2026-06-03|2026-06-04|2026-06-05|2026-06-08|2026-06-09|2026-06-10|2026-06-11|2026-06-12|2026-06-15|2026-06-16|2026-06-17|2026-06-18|2026-06-22|2026-06-23|2026-06-24|2026-06-25|2026-06-26|2026-06-29,2026-06-29 19:33:50,0.0
State Street,,2026-05-15|2026-05-18|2026-05-19|2026-05-20|2026-05-21|2026-05-22|2026-05-26|2026-05-27|2026-05-28|2026-05-29|2026-06-01|2026-06-02|2026-06-03|2026-06-04|2026-06-05|2026-06-08|2026-06-09|2026-06-10|2026-06-11|2026-06-12|2026-06-15|2026-06-16|2026-06-17|2026-06-18|2026-06-22|2026-06-23|2026-06-24|2026-06-25|2026-06-26|2026-06-29,2026-06-29 19:33:50,0.0
WESCO International,,2026-05-15|2026-05-18|2026-05-19|2026-05-20|2026-05-21|2026-05-22|2026-05-26|2026-05-27|2026-05-28|2026-05-29|2026-06-01|2026-06-02|2026-06-03|2026-06-04|2026-06-05|2026-06-08|2026-06-09|2026-06-10|2026-06-11|2026-06-12|2026-06-15|2026-06-16|2026-06-17|2026-06-18|2026-06-22|2026-06-23|2026-06-24|2026-06-25|2026-06-26|2026-06-29,2026-06-29 19:33:50,0.0
Oneok,,2026-05-15|2026-05-18|2026-05-19|2026-05-20|2026-05-21|2026-05-22|2026-05-26|2026-05-27|2026-05-28|2026-05-29|2026-06-01|2026-06-02|2026-06-03|2026-06-04|2026-06-05|2026-06-08|2026-06-09|2026-06-10|2026-06-11|2026-06-12|2026-06-15|2026-06-16|2026-06-17|2026-06-18|2026-06-22|2026-06-23|2026-06-24|2026-06-25|2026-06-26|2026-06-29,2026-06-29 19:33:50,0.0
Adobe,,2026-05-15|2026-05-18|2026-05-19|2026-05-20|2026-05-21|2026-05-22|2026-05-26|2026-05-27|2026-05-28|2026-05-29|2026-06-01|2026-06-02|2026-06-03|2026-06-04|2026-06-05|2026-06-08|2026-06-09|2026-06-10|2026-06-11|2026-06-12|2026-06-15|2026-06-16|2026-06-17|2026-06-18|2026-06-22|2026-06-23|2026-06-24|2026-06-25|2026-06-26|2026-06-29,2026-06-29 19:33:50,0.0
L3Harris Technologies,,2026-05-15|2026-05-18|2026-05-19|2026-05-20|2026-05-21|2026-05-22|2026-05-26|2026-05-27|2026-05-28|2026-05-29|2026-06-01|2026-06-02|2026-06-03|2026-06-04|2026-06-05|2026-06-08|2026-06-09|2026-06-10|2026-06-11|2026-06-12|2026-06-15|2026-06-16|2026-06-17|2026-06-18|2026-06-22|2026-06-23|2026-06-24|2026-06-25|2026-06-26|2026-06-29,2026-06-29 19:33:50,0.0
Ross Stores,,2026-05-15|2026-05-18|2026-05-19|2026-05-20|2026-05-21|2026-05-22|2026-05-26|2026-05-27|2026-05-28|2026-05-29|2026-06-01|2026-06-02|2026-06-03|2026-06-04|2026-06-05|2026-06-08|2026-06-09|2026-06-10|2026-06-11|2026-06-12|2026-06-15|2026-06-16|2026-06-17|2026-06-18|2026-06-22|2026-06-23|2026-06-24|2026-06-25|2026-06-26|2026-06-29,2026-06-29 19:33:50,0.0
CDW,,2026-05-15|2026-05-18|2026-05-19|2026-05-20|2026-05-21|2026-05-22|2026-05-26|2026-05-27|2026-05-28|2026-05-29|2026-06-01|2026-06-02|2026-06-03|2026-06-04|2026-06-05|2026-06-08|2026-06-09|2026-06-10|2026-06-11|2026-06-12|2026-06-15|2026-06-16|2026-06-17|2026-06-18|2026-06-22|2026-06-23|2026-06-24|2026-06-25|2026-06-26|2026-06-29,2026-06-29 19:33:50,0.0
Tenet Healthcare,,2026-05-15|2026-05-18|2026-05-19|2026-05-20|2026-05-21|2026-05-22|2026-05-26|2026-05-27|2026-05-28|2026-05-29|2026-06-01|2026-06-02|2026-06-03|2026-06-04|2026-06-05|2026-06-08|2026-06-09|2026-06-10|2026-06-11|2026-06-12|2026-06-15|2026-06-16|2026-06-17|2026-06-18|2026-06-22|2026-06-23|2026-06-24|2026-06-25|2026-06-26|2026-06-29,2026-06-29 19:33:50,0.0
BJ's Wholesale Club,,2026-05-15|2026-05-18|2026-05-19|2026-05-20|2026-05-21|2026-05-22|2026-05-26|2026-05-27|2026-05-28|2026-05-29|2026-06-01|2026-06-02|2026-06-03|2026-06-04|2026-06-05|2026-06-08|2026-06-09|2026-06-10|2026-06-11|2026-06-12|2026-06-15|2026-06-16|2026-06-17|2026-06-18|2026-06-22|2026-06-23|2026-06-24|2026-06-25|2026-06-26|2026-06-29,2026-06-29 19:33:50,0.0
Altria,,2026-05-15|2026-05-18|2026-05-19|2026-05-20|2026-05-21|2026-05-22|2026-05-26|2026-05-27|2026-05-28|2026-05-29|2026-06-01|2026-06-02|2026-06-03|2026-06-04|2026-06-05|2026-06-08|2026-06-09|2026-06-10|2026-06-11|2026-06-12|2026-06-15|2026-06-16|2026-06-17|2026-06-18|2026-06-22|2026-06-23|2026-06-24|2026-06-25|2026-06-26|2026-06-29,2026-06-29 19:33:50,0.0
BlackRock,,2026-05-15|2026-05-18|2026-05-19|2026-05-20|2026-05-21|2026-05-22|2026-05-26|2026-05-27|2026-05-28|2026-05-29|2026-06-01|2026-06-02|2026-06-03|2026-06-04|2026-06-05|2026-06-08|2026-06-09|2026-06-10|2026-06-11|2026-06-12|2026-06-15|2026-06-16|2026-06-17|2026-06-18|2026-06-22|2026-06-23|2026-06-24|2026-06-25|2026-06-26|2026-06-29,2026-06-29 19:33:50,0.0
Becton Dickinson,,2026-05-15|2026-05-18|2026-05-19|2026-05-20|2026-05-21|2026-05-22|2026-05-26|2026-05-27|2026-05-28|2026-05-29|2026-06-01|2026-06-02|2026-06-03|2026-06-04|2026-06-05|2026-06-08|2026-06-09|2026-06-10|2026-06-11|2026-06-12|2026-06-15|2026-06-16|2026-06-17|2026-06-18|2026-06-22|2026-06-23|2026-06-24|2026-06-25|2026-06-26|2026-06-29,2026-06-29 19:33:50,0.0
Colgate-Palmolive,,2026-05-15|2026-05-18|2026-05-19|2026-05-20|2026-05-21|2026-05-22|2026-05-26|2026-05-27|2026-05-28|2026-05-29|2026-06-01|2026-06-02|2026-06-03|2026-06-04|2026-06-05|2026-06-08|2026-06-09|2026-06-10|2026-06-11|2026-06-12|2026-06-15|2026-06-16|2026-06-17|2026-06-18|2026-06-22|2026-06-23|2026-06-24|2026-06-25|2026-06-26|2026-06-29,2026-06-29 19:33:50,0.0
Kimberly-Clark,,2026-05-15|2026-05-18|2026-05-19|2026-05-20|2026-05-21|2026-05-22|2026-05-26|2026-05-27|2026-05-28|2026-05-29|2026-06-01|2026-06-02|2026-06-03|2026-06-04|2026-06-05|2026-06-08|2026-06-09|2026-06-10|2026-06-11|2026-06-12|2026-06-15|2026-06-16|2026-06-17|2026-06-18|2026-06-22|2026-06-23|2026-06-24|2026-06-25|2026-06-26|2026-06-29,2026-06-29 19:33:50,0.0
Group 1 Automotive,,2026-05-15|2026-05-18|2026-05-19|2026-05-20|2026-05-21|2026-05-22|2026-05-26|2026-05-27|2026-05-28|2026-05-29|2026-06-01|2026-06-02|2026-06-03|2026-06-04|2026-06-05|2026-06-08|2026-06-09|2026-06-10|2026-06-11|2026-06-12|2026-06-15|2026-06-16|2026-06-17|2026-06-18|2026-06-22|2026-06-23|2026-06-24|2026-06-25|2026-06-26|2026-06-29,2026-06-29 19:33:50,0.0
Parker-Hannifin,,2026-05-15|2026-05-18|2026-05-19|2026-05-20|2026-05-21|2026-05-22|2026-05-26|2026-05-27|2026-05-28|2026-05-29|2026-06-01|2026-06-02|2026-06-03|2026-06-04|2026-06-05|2026-06-08|2026-06-09|2026-06-10|2026-06-11|2026-06-12|2026-06-15|2026-06-16|2026-06-17|2026-06-18|2026-06-22|2026-06-23|2026-06-24|2026-06-25|2026-06-26|2026-06-29,2026-06-29 19:33:50,0.0
General Mills,,2026-05-15|2026-05-18|2026-05-19|2026-05-20|2026-05-21|2026-05-22|2026-05-26|2026-05-27|2026-05-28|2026-05-29|2026-06-01|2026-06-02|2026-06-03|2026-06-04|2026-06-05|2026-06-08|2026-06-09|2026-06-10|2026-06-11|2026-06-12|2026-06-15|2026-06-16|2026-06-17|2026-06-18|2026-06-22|2026-06-23|2026-06-24|2026-06-25|2026-06-26|2026-06-29,2026-06-29 19:33:50,0.0
Cognizant Technology Solutions,,2026-05-15|2026-05-18|2026-05-19|2026-05-20|2026-05-21|2026-05-22|2026-05-26|2026-05-27|2026-05-28|2026-05-29|2026-06-01|2026-06-02|2026-06-03|2026-06-04|2026-06-05|2026-06-08|2026-06-09|2026-06-10|2026-06-11|2026-06-12|2026-06-15|2026-06-16|2026-06-17|2026-06-18|2026-06-22|2026-06-23|2026-06-24|2026-06-25|2026-06-26|2026-06-29,2026-06-29 19:33:50,0.0
American Electric Power,,2026-05-15|2026-05-18|2026-05-19|2026-05-20|2026-05-21|2026-05-22|2026-05-26|2026-05-27|2026-05-28|2026-05-29|2026-06-01|2026-06-02|2026-06-03|2026-06-04|2026-06-05|2026-06-08|2026-06-09|2026-06-10|2026-06-11|2026-06-12|2026-06-15|2026-06-16|2026-06-17|2026-06-18|2026-06-22|2026-06-23|2026-06-24|2026-06-25|2026-06-26|2026-06-29,2026-06-29 19:33:50,0.0
GE HealthCare Technologies,,2026-05-15|2026-05-18|2026-05-19|2026-05-20|2026-05-21|2026-05-22|2026-05-26|2026-05-27|2026-05-28|2026-05-29|2026-06-01|2026-06-02|2026-06-03|2026-06-04|2026-06-05|2026-06-08|2026-06-09|2026-06-10|2026-06-11|2026-06-12|2026-06-15|2026-06-16|2026-06-17|2026-06-18|2026-06-22|2026-06-23|2026-06-24|2026-06-25|2026-06-26|2026-06-29,2026-06-29 19:33:50,0.0
Automatic Data Processing,,2026-05-15|2026-05-18|2026-05-19|2026-05-20|2026-05-21|2026-05-22|2026-05-26|2026-05-27|2026-05-28|2026-05-29|2026-06-01|2026-06-02|2026-06-03|2026-06-04|2026-06-05|2026-06-08|2026-06-09|2026-06-10|2026-06-11|2026-06-12|2026-06-15|2026-06-16|2026-06-17|2026-06-18|2026-06-22|2026-06-23|2026-06-24|2026-06-25|2026-06-26|2026-06-29,2026-06-29 19:33:50,0.0
Cleveland-Cliffs,,2026-05-15|2026-05-18|2026-05-19|2026-05-20|2026-05-21|2026-05-22|2026-05-26|2026-05-27|2026-05-28|2026-05-29|2026-06-01|2026-06-02|2026-06-03|2026-06-04|2026-06-05|2026-06-08|2026-06-09|2026-06-10|2026-06-11|2026-06-12|2026-06-15|2026-06-16|2026-06-17|2026-06-18|2026-06-22|2026-06-23|2026-06-24|2026-06-25|2026-06-26|2026-06-29,2026-06-29 19:33:50,0.0
Aflac,,2026-05-15|2026-05-18|2026-05-19|2026-05-20|2026-05-21|2026-05-22|2026-05-26|2026-05-27|2026-05-28|2026-05-29|2026-06-01|2026-06-02|2026-06-03|2026-06-04|2026-06-05|2026-06-08|2026-06-09|2026-06-10|2026-06-11|2026-06-12|2026-06-15|2026-06-16|2026-06-17|2026-06-18|2026-06-22|2026-06-23|2026-06-24|2026-06-25|2026-06-26|2026-06-29,2026-06-29 19:33:50,0.0
Goodyear Tire & Rubber,,2026-05-15|2026-05-18|2026-05-19|2026-05-20|2026-05-21|2026-05-22|2026-05-26|2026-05-27|2026-05-28|2026-05-29|2026-06-01|2026-06-02|2026-06-03|2026-06-04|2026-06-05|2026-06-08|2026-06-09|2026-06-10|2026-06-11|2026-06-12|2026-06-15|2026-06-16|2026-06-17|2026-06-18|2026-06-22|2026-06-23|2026-06-24|2026-06-25|2026-06-26|2026-06-29,2026-06-29 19:33:50,0.0
Corebridge Financial,,2026-05-15|2026-05-18|2026-05-19|2026-05-20|2026-05-21|2026-05-22|2026-05-26|2026-05-27|2026-05-28|2026-05-29|2026-06-01|2026-06-02|2026-06-03|2026-06-04|2026-06-05|2026-06-08|2026-06-09|2026-06-10|2026-06-11|2026-06-12|2026-06-15|2026-06-16|2026-06-17|2026-06-18|2026-06-22|2026-06-23|2026-06-24|2026-06-25|2026-06-26|2026-06-29,2026-06-29 19:33:50,0.0
Newmont,,2026-05-15|2026-05-18|2026-05-19|2026-05-20|2026-05-21|2026-05-22|2026-05-26|2026-05-27|2026-05-28|2026-05-29|2026-06-01|2026-06-02|2026-06-03|2026-06-04|2026-06-05|2026-06-08|2026-06-09|2026-06-10|2026-06-11|2026-06-12|2026-06-15|2026-06-16|2026-06-17|2026-06-18|2026-06-22|2026-06-23|2026-06-24|2026-06-25|2026-06-26|2026-06-29,2026-06-29 19:33:50,0.0
International Paper,,2026-05-15|2026-05-18|2026-05-19|2026-05-20|2026-05-21|2026-05-22|2026-05-26|2026-05-27|2026-05-28|2026-05-29|2026-06-01|2026-06-02|2026-06-03|2026-06-04|2026-06-05|2026-06-08|2026-06-09|2026-06-10|2026-06-11|2026-06-12|2026-06-15|2026-06-16|2026-06-17|2026-06-18|2026-06-22|2026-06-23|2026-06-24|2026-06-25|2026-06-26|2026-06-29,2026-06-29 19:33:50,0.0
AutoZone,,2026-05-15|2026-05-18|2026-05-19|2026-05-20|2026-05-21|2026-05-22|2026-05-26|2026-05-27|2026-05-28|2026-05-29|2026-06-01|2026-06-02|2026-06-03|2026-06-04|2026-06-05|2026-06-08|2026-06-09|2026-06-10|2026-06-11|2026-06-12|2026-06-15|2026-06-16|2026-06-17|2026-06-18|2026-06-22|2026-06-23|2026-06-24|2026-06-25|2026-06-26|2026-06-29,2026-06-29 19:33:50,0.0
Lincoln National,,2026-05-15|2026-05-18|2026-05-19|2026-05-20|2026-05-21|2026-05-22|2026-05-26|2026-05-27|2026-05-28|2026-05-29|2026-06-01|2026-06-02|2026-06-03|2026-06-04|2026-06-05|2026-06-08|2026-06-09|2026-06-10|2026-06-11|2026-06-12|2026-06-15|2026-06-16|2026-06-17|2026-06-18|2026-06-22|2026-06-23|2026-06-24|2026-06-25|2026-06-26|2026-06-29,2026-06-29 19:33:50,0.0
PulteGroup,,2026-05-15|2026-05-18|2026-05-19|2026-05-20|2026-05-21|2026-05-22|2026-05-26|2026-05-27|2026-05-28|2026-05-29|2026-06-01|2026-06-02|2026-06-03|2026-06-04|2026-06-05|2026-06-08|2026-06-09|2026-06-10|2026-06-11|2026-06-12|2026-06-15|2026-06-16|2026-06-17|2026-06-18|2026-06-22|2026-06-23|2026-06-24|2026-06-25|2026-06-26|2026-06-29,2026-06-29 19:33:50,0.0
Ameriprise Financial,,2026-05-15|2026-05-18|2026-05-19|2026-05-20|2026-05-21|2026-05-22|2026-05-26|2026-05-27|2026-05-28|2026-05-29|2026-06-01|2026-06-02|2026-06-03|2026-06-04|2026-06-05|2026-06-08|2026-06-09|2026-06-10|2026-06-11|2026-06-12|2026-06-15|2026-06-16|2026-06-17|2026-06-18|2026-06-22|2026-06-23|2026-06-24|2026-06-25|2026-06-26|2026-06-29,2026-06-29 19:33:50,0.0
Murphy USA,,2026-05-15|2026-05-18|2026-05-19|2026-05-20|2026-05-21|2026-05-22|2026-05-26|2026-05-27|2026-05-28|2026-05-29|2026-06-01|2026-06-02|2026-06-03|2026-06-04|2026-06-05|2026-06-08|2026-06-09|2026-06-10|2026-06-11|2026-06-12|2026-06-15|2026-06-16|2026-06-17|2026-06-18|2026-06-22|2026-06-23|2026-06-24|2026-06-25|2026-06-26|2026-06-29,2026-06-29 19:33:50,0.0
ManpowerGroup,,2026-05-15|2026-05-18|2026-05-19|2026-05-20|2026-05-21|2026-05-22|2026-05-26|2026-05-27|2026-05-28|2026-05-29|2026-06-01|2026-06-02|2026-06-03|2026-06-04|2026-06-05|2026-06-08|2026-06-09|2026-06-10|2026-06-11|2026-06-12|2026-06-15|2026-06-16|2026-06-17|2026-06-18|2026-06-22|2026-06-23|2026-06-24|2026-06-25|2026-06-26|2026-06-29,2026-06-29 19:33:50,0.0
CH Robinson Worldwide,,2026-05-15|2026-05-18|2026-05-19|2026-05-20|2026-05-21|2026-05-22|2026-05-26|2026-05-27|2026-05-28|2026-05-29|2026-06-01|2026-06-02|2026-06-03|2026-06-04|2026-06-05|2026-06-08|2026-06-09|2026-06-10|2026-06-11|2026-06-12|2026-06-15|2026-06-16|2026-06-17|2026-06-18|2026-06-22|2026-06-23|2026-06-24|2026-06-25|2026-06-26|2026-06-29,2026-06-29 19:33:50,0.0
PPG Industries,,2026-05-15|2026-05-18|2026-05-19|2026-05-20|2026-05-21|2026-05-22|2026-05-26|2026-05-27|2026-05-28|2026-05-29|2026-06-01|2026-06-02|2026-06-03|2026-06-04|2026-06-05|2026-06-08|2026-06-09|2026-06-10|2026-06-11|2026-06-12|2026-06-15|2026-06-16|2026-06-17|2026-06-18|2026-06-22|2026-06-23|2026-06-24|2026-06-25|2026-06-26|2026-06-29,2026-06-29 19:33:50,0.0
Edison International,,2026-05-15|2026-05-18|2026-05-19|2026-05-20|2026-05-21|2026-05-22|2026-05-26|2026-05-27|2026-05-28|2026-05-29|2026-06-01|2026-06-02|2026-06-03|2026-06-04|2026-06-05|2026-06-08|2026-06-09|2026-06-10|2026-06-11|2026-06-12|2026-06-15|2026-06-16|2026-06-17|2026-06-18|2026-06-22|2026-06-23|2026-06-24|2026-06-25|2026-06-26|2026-06-29,2026-06-29 19:33:50,0.0
Steel Dynamics,,2026-05-15|2026-05-18|2026-05-19|2026-05-20|2026-05-21|2026-05-22|2026-05-26|2026-05-27|2026-05-28|2026-05-29|2026-06-01|2026-06-02|2026-06-03|2026-06-04|2026-06-05|2026-06-08|2026-06-09|2026-06-10|2026-06-11|2026-06-12|2026-06-15|2026-06-16|2026-06-17|2026-06-18|2026-06-22|2026-06-23|2026-06-24|2026-06-25|2026-06-26|2026-06-29,2026-06-29 19:33:50,0.0
Loews,,2026-05-15|2026-05-18|2026-05-19|2026-05-20|2026-05-21|2026-05-22|2026-05-26|2026-05-27|2026-05-28|2026-05-29|2026-06-01|2026-06-02|2026-06-03|2026-06-04|2026-06-05|2026-06-08|2026-06-09|2026-06-10|2026-06-11|2026-06-12|2026-06-15|2026-06-16|2026-06-17|2026-06-18|2026-06-22|2026-06-23|2026-06-24|2026-06-25|2026-06-26|2026-06-29,2026-06-29 19:33:50,0.0
Emerson Electric,,2026-05-15|2026-05-18|2026-05-19|2026-05-20|2026-05-21|2026-05-22|2026-05-26|2026-05-27|2026-05-28|2026-05-29|2026-06-01|2026-06-02|2026-06-03|2026-06-04|2026-06-05|2026-06-08|2026-06-09|2026-06-10|2026-06-11|2026-06-12|2026-06-15|2026-06-16|2026-06-17|2026-06-18|2026-06-22|2026-06-23|2026-06-24|2026-06-25|2026-06-26|2026-06-29,2026-06-29 19:33:50,0.0
Aramark,,2026-05-15|2026-05-18|2026-05-19|2026-05-20|2026-05-21|2026-05-22|2026-05-26|2026-05-27|2026-05-28|2026-05-29|2026-06-01|2026-06-02|2026-06-03|2026-06-04|2026-06-05|2026-06-08|2026-06-09|2026-06-10|2026-06-11|2026-06-12|2026-06-15|2026-06-16|2026-06-17|2026-06-18|2026-06-22|2026-06-23|2026-06-24|2026-06-25|2026-06-26|2026-06-29,2026-06-29 19:33:50,0.0
MGM Resorts International,,2026-05-15|2026-05-18|2026-05-19|2026-05-20|2026-05-21|2026-05-22|2026-05-26|2026-05-27|2026-05-28|2026-05-29|2026-06-01|2026-06-02|2026-06-03|2026-06-04|2026-06-05|2026-06-08|2026-06-09|2026-06-10|2026-06-11|2026-06-12|2026-06-15|2026-06-16|2026-06-17|2026-06-18|2026-06-22|2026-06-23|2026-06-24|2026-06-25|2026-06-26|2026-06-29,2026-06-29 19:33:50,0.0
Vistra,,2026-05-15|2026-05-18|2026-05-19|2026-05-20|2026-05-21|2026-05-22|2026-05-26|2026-05-27|2026-05-28|2026-05-29|2026-06-01|2026-06-02|2026-06-03|2026-06-04|2026-06-05|2026-06-08|2026-06-09|2026-06-10|2026-06-11|2026-06-12|2026-06-15|2026-06-16|2026-06-17|2026-06-18|2026-06-22|2026-06-23|2026-06-24|2026-06-25|2026-06-26|2026-06-29,2026-06-29 19:33:50,0.0
Asbury Automotive Group,,2026-05-15|2026-05-18|2026-05-19|2026-05-20|2026-05-21|2026-05-22|2026-05-26|2026-05-27|2026-05-28|2026-05-29|2026-06-01|2026-06-02|2026-06-03|2026-06-04|2026-06-05|2026-06-08|2026-06-09|2026-06-10|2026-06-11|2026-06-12|2026-06-15|2026-06-16|2026-06-17|2026-06-18|2026-06-22|2026-06-23|2026-06-24|2026-06-25|2026-06-26|2026-06-29,2026-06-29 19:33:50,0.0
WW Grainger,,2026-05-15|2026-05-18|2026-05-19|2026-05-20|2026-05-21|2026-05-22|2026-05-26|2026-05-27|2026-05-28|2026-05-29|2026-06-01|2026-06-02|2026-06-03|2026-06-04|2026-06-05|2026-06-08|2026-06-09|2026-06-10|2026-06-11|2026-06-12|2026-06-15|2026-06-16|2026-06-17|2026-06-18|2026-06-22|2026-06-23|2026-06-24|2026-06-25|2026-06-26|2026-06-29,2026-06-29 19:33:50,0.0
Global Partners,,2026-05-15|2026-05-18|2026-05-19|2026-05-20|2026-05-21|2026-05-22|2026-05-26|2026-05-27|2026-05-28|2026-05-29|2026-06-01|2026-06-02|2026-06-03|2026-06-04|2026-06-05|2026-06-08|2026-06-09|2026-06-10|2026-06-11|2026-06-12|2026-06-15|2026-06-16|2026-06-17|2026-06-18|2026-06-22|2026-06-23|2026-06-24|2026-06-25|2026-06-26|2026-06-29,2026-06-29 19:33:50,0.0
Jacobs Solutions,,2026-05-15|2026-05-18|2026-05-19|2026-05-20|2026-05-21|2026-05-22|2026-05-26|2026-05-27|2026-05-28|2026-05-29|2026-06-01|2026-06-02|2026-06-03|2026-06-04|2026-06-05|2026-06-08|2026-06-09|2026-06-10|2026-06-11|2026-06-12|2026-06-15|2026-06-16|2026-06-17|2026-06-18|2026-06-22|2026-06-23|2026-06-24|2026-06-25|2026-06-26|2026-06-29,2026-06-29 19:33:50,0.0
Corteva,,2026-05-15|2026-05-18|2026-05-19|2026-05-20|2026-05-21|2026-05-22|2026-05-26|2026-05-27|2026-05-28|2026-05-29|2026-06-01|2026-06-02|2026-06-03|2026-06-04|2026-06-05|2026-06-08|2026-06-09|2026-06-10|2026-06-11|2026-06-12|2026-06-15|2026-06-16|2026-06-17|2026-06-18|2026-06-22|2026-06-23|2026-06-24|2026-06-25|2026-06-26|2026-06-29,2026-06-29 19:33:50,0.0
Boston Scientific,,2026-05-15|2026-05-18|2026-05-19|2026-05-20|2026-05-21|2026-05-22|2026-05-26|2026-05-27|2026-05-28|2026-05-29|2026-06-01|2026-06-02|2026-06-03|2026-06-04|2026-06-05|2026-06-08|2026-06-09|2026-06-10|2026-06-11|2026-06-12|2026-06-15|2026-06-16|2026-06-17|2026-06-18|2026-06-22|2026-06-23|2026-06-24|2026-06-25|2026-06-26|2026-06-29,2026-06-29 19:33:50,0.0
O'Reilly Automotive,,2026-05-15|2026-05-18|2026-05-19|2026-05-20|2026-05-21|2026-05-22|2026-05-26|2026-05-27|2026-05-28|2026-05-29|2026-06-01|2026-06-02|2026-06-03|2026-06-04|2026-06-05|2026-06-08|2026-06-09|2026-06-10|2026-06-11|2026-06-12|2026-06-15|2026-06-16|2026-06-17|2026-06-18|2026-06-22|2026-06-23|2026-06-24|2026-06-25|2026-06-26|2026-06-29,2026-06-29 19:33:50,0.0
Leidos,,2026-05-15|2026-05-18|2026-05-19|2026-05-20|2026-05-21|2026-05-22|2026-05-26|2026-05-27|2026-05-28|2026-05-29|2026-06-01|2026-06-02|2026-06-03|2026-06-04|2026-06-05|2026-06-08|2026-06-09|2026-06-10|2026-06-11|2026-06-12|2026-06-15|2026-06-16|2026-06-17|2026-06-18|2026-06-22|2026-06-23|2026-06-24|2026-06-25|2026-06-26|2026-06-29,2026-06-29 19:33:50,0.0
Markel Group,,2026-05-15|2026-05-18|2026-05-19|2026-05-20|2026-05-21|2026-05-22|2026-05-26|2026-05-27|2026-05-28|2026-05-29|2026-06-01|2026-06-02|2026-06-03|2026-06-04|2026-06-05|2026-06-08|2026-06-09|2026-06-10|2026-06-11|2026-06-12|2026-06-15|2026-06-16|2026-06-17|2026-06-18|2026-06-22|2026-06-23|2026-06-24|2026-06-25|2026-06-26|2026-06-29,2026-06-29 19:33:50,0.0
Whirlpool,,2026-05-15|2026-05-18|2026-05-19|2026-05-20|2026-05-21|2026-05-22|2026-05-26|2026-05-27|2026-05-28|2026-05-29|2026-06-01|2026-06-02|2026-06-03|2026-06-04|2026-06-05|2026-06-08|2026-06-09|2026-06-10|2026-06-11|2026-06-12|2026-06-15|2026-06-16|2026-06-17|2026-06-18|2026-06-22|2026-06-23|2026-06-24|2026-06-25|2026-06-26|2026-06-29,2026-06-29 19:33:50,0.0
Builders FirstSource,,2026-05-15|2026-05-18|2026-05-19|2026-05-20|2026-05-21|2026-05-22|2026-05-26|2026-05-27|2026-05-28|2026-05-29|2026-06-01|2026-06-02|2026-06-03|2026-06-04|2026-06-05|2026-06-08|2026-06-09|2026-06-10|2026-06-11|2026-06-12|2026-06-15|2026-06-16|2026-06-17|2026-06-18|2026-06-22|2026-06-23|2026-06-24|2026-06-25|2026-06-26|2026-06-29,2026-06-29 19:33:50,0.0
Ally Financial,,2026-05-15|2026-05-18|2026-05-19|2026-05-20|2026-05-21|2026-05-22|2026-05-26|2026-05-27|2026-05-28|2026-05-29|2026-06-01|2026-06-02|2026-06-03|2026-06-04|2026-06-05|2026-06-08|2026-06-09|2026-06-10|2026-06-11|2026-06-12|2026-06-15|2026-06-16|2026-06-17|2026-06-18|2026-06-22|2026-06-23|2026-06-24|2026-06-25|2026-06-26|2026-06-29,2026-06-29 19:33:50,0.0
Targa Resources,,2026-05-15|2026-05-18|2026-05-19|2026-05-20|2026-05-21|2026-05-22|2026-05-26|2026-05-27|2026-05-28|2026-05-29|2026-06-01|2026-06-02|2026-06-03|2026-06-04|2026-06-05|2026-06-08|2026-06-09|2026-06-10|2026-06-11|2026-06-12|2026-06-15|2026-06-16|2026-06-17|2026-06-18|2026-06-22|2026-06-23|2026-06-24|2026-06-25|2026-06-26|2026-06-29,2026-06-29 19:33:50,0.0
Fluor,,2026-05-15|2026-05-18|2026-05-19|2026-05-20|2026-05-21|2026-05-22|2026-05-26|2026-05-27|2026-05-28|2026-05-29|2026-06-01|2026-06-02|2026-06-03|2026-06-04|2026-06-05|2026-06-08|2026-06-09|2026-06-10|2026-06-11|2026-06-12|2026-06-15|2026-06-16|2026-06-17|2026-06-18|2026-06-22|2026-06-23|2026-06-24|2026-06-25|2026-06-26|2026-06-29,2026-06-29 19:33:50,0.0
Intuit,,2026-05-15|2026-05-18|2026-05-19|2026-05-20|2026-05-21|2026-05-22|2026-05-26|2026-05-27|2026-05-28|2026-05-29|2026-06-01|2026-06-02|2026-06-03|2026-06-04|2026-06-05|2026-06-08|2026-06-09|2026-06-10|2026-06-11|2026-06-12|2026-06-15|2026-06-16|2026-06-17|2026-06-18|2026-06-22|2026-06-23|2026-06-24|2026-06-25|2026-06-26|2026-06-29,2026-06-29 19:33:50,0.0
AECOM,,2026-05-15|2026-05-18|2026-05-19|2026-05-20|2026-05-21|2026-05-22|2026-05-26|2026-05-27|2026-05-28|2026-05-29|2026-06-01|2026-06-02|2026-06-03|2026-06-04|2026-06-05|2026-06-08|2026-06-09|2026-06-10|2026-06-11|2026-06-12|2026-06-15|2026-06-16|2026-06-17|2026-06-18|2026-06-22|2026-06-23|2026-06-24|2026-06-25|2026-06-26|2026-06-29,2026-06-29 19:33:50,0.0
Kohl's,,2026-05-15|2026-05-18|2026-05-19|2026-05-20|2026-05-21|2026-05-22|2026-05-26|2026-05-27|2026-05-28|2026-05-29|2026-06-01|2026-06-02|2026-06-03|2026-06-04|2026-06-05|2026-06-08|2026-06-09|2026-06-10|2026-06-11|2026-06-12|2026-06-15|2026-06-16|2026-06-17|2026-06-18|2026-06-22|2026-06-23|2026-06-24|2026-06-25|2026-06-26|2026-06-29,2026-06-29 19:33:50,0.0
PrIncipal Financial,,2026-05-15|2026-05-18|2026-05-19|2026-05-20|2026-05-21|2026-05-22|2026-05-26|2026-05-27|2026-05-28|2026-05-29|2026-06-01|2026-06-02|2026-06-03|2026-06-04|2026-06-05|2026-06-08|2026-06-09|2026-06-10|2026-06-11|2026-06-12|2026-06-15|2026-06-16|2026-06-17|2026-06-18|2026-06-22|2026-06-23|2026-06-24|2026-06-25|2026-06-26|2026-06-29,2026-06-29 19:33:50,0.0
Dominion Energy,,2026-05-15|2026-05-18|2026-05-19|2026-05-20|2026-05-21|2026-05-22|2026-05-26|2026-05-27|2026-05-28|2026-05-29|2026-06-01|2026-06-02|2026-06-03|2026-06-04|2026-06-05|2026-06-08|2026-06-09|2026-06-10|2026-06-11|2026-06-12|2026-06-15|2026-06-16|2026-06-17|2026-06-18|2026-06-22|2026-06-23|2026-06-24|2026-06-25|2026-06-26|2026-06-29,2026-06-29 19:33:50,0.0
Kyndryl,,2026-05-15|2026-05-18|2026-05-19|2026-05-20|2026-05-21|2026-05-22|2026-05-26|2026-05-27|2026-05-28|2026-05-29|2026-06-01|2026-06-02|2026-06-03|2026-06-04|2026-06-05|2026-06-08|2026-06-09|2026-06-10|2026-06-11|2026-06-12|2026-06-15|2026-06-16|2026-06-17|2026-06-18|2026-06-22|2026-06-23|2026-06-24|2026-06-25|2026-06-26|2026-06-29,2026-06-29 19:33:50,0.0
Republic Services,,2026-05-15|2026-05-18|2026-05-19|2026-05-20|2026-05-21|2026-05-22|2026-05-26|2026-05-27|2026-05-28|2026-05-29|2026-06-01|2026-06-02|2026-06-03|2026-06-04|2026-06-05|2026-06-08|2026-06-09|2026-06-10|2026-06-11|2026-06-12|2026-06-15|2026-06-16|2026-06-17|2026-06-18|2026-06-22|2026-06-23|2026-06-24|2026-06-25|2026-06-26|2026-06-29,2026-06-29 19:33:50,0.0
Devon Energy,,2026-05-15|2026-05-18|2026-05-19|2026-05-20|2026-05-21|2026-05-22|2026-05-26|2026-05-27|2026-05-28|2026-05-29|2026-06-01|2026-06-02|2026-06-03|2026-06-04|2026-06-05|2026-06-08|2026-06-09|2026-06-10|2026-06-11|2026-06-12|2026-06-15|2026-06-16|2026-06-17|2026-06-18|2026-06-22|2026-06-23|2026-06-24|2026-06-25|2026-06-26|2026-06-29,2026-06-29 19:33:50,0.0
Illinois Tool Works,,2026-05-15|2026-05-18|2026-05-19|2026-05-20|2026-05-21|2026-05-22|2026-05-26|2026-05-27|2026-05-28|2026-05-29|2026-06-01|2026-06-02|2026-06-03|2026-06-04|2026-06-05|2026-06-08|2026-06-09|2026-06-10|2026-06-11|2026-06-12|2026-06-15|2026-06-16|2026-06-17|2026-06-18|2026-06-22|2026-06-23|2026-06-24|2026-06-25|2026-06-26|2026-06-29,2026-06-29 19:33:50,0.0
Northern Trust,,2026-05-15|2026-05-18|2026-05-19|2026-05-20|2026-05-21|2026-05-22|2026-05-26|2026-05-27|2026-05-28|2026-05-29|2026-06-01|2026-06-02|2026-06-03|2026-06-04|2026-06-05|2026-06-08|2026-06-09|2026-06-10|2026-06-11|2026-06-12|2026-06-15|2026-06-16|2026-06-17|2026-06-18|2026-06-22|2026-06-23|2026-06-24|2026-06-25|2026-06-26|2026-06-29,2026-06-29 19:33:50,0.0
Universal Health Services,,2026-05-15|2026-05-18|2026-05-19|2026-05-20|2026-05-21|2026-05-22|2026-05-26|2026-05-27|2026-05-28|2026-05-29|2026-06-01|2026-06-02|2026-06-03|2026-06-04|2026-06-05|2026-06-08|2026-06-09|2026-06-10|2026-06-11|2026-06-12|2026-06-15|2026-06-16|2026-06-17|2026-06-18|2026-06-22|2026-06-23|2026-06-24|2026-06-25|2026-06-26|2026-06-29,2026-06-29 19:33:50,0.0
EchoStar,,2026-05-14|2026-05-15|2026-05-18|2026-05-19|2026-05-20|2026-05-21|2026-05-22|2026-05-26|2026-05-27|2026-05-28|2026-05-29|2026-06-01|2026-06-02|2026-06-03|2026-06-04|2026-06-05|2026-06-08|2026-06-09|2026-06-10|2026-06-11|2026-06-12|2026-06-15|2026-06-16|2026-06-17|2026-06-18|2026-06-22|2026-06-23|2026-06-24|2026-06-25|2026-06-26,2026-06-29 19:33:50,0.0
Ecolab,,2026-05-15|2026-05-18|2026-05-19|2026-05-20|2026-05-21|2026-05-22|2026-05-26|2026-05-27|2026-05-28|2026-05-29|2026-06-01|2026-06-02|2026-06-03|2026-06-04|2026-06-05|2026-06-08|2026-06-09|2026-06-10|2026-06-11|2026-06-12|2026-06-15|2026-06-16|2026-06-17|2026-06-18|2026-06-22|2026-06-23|2026-06-24|2026-06-25|2026-06-26|2026-06-29,2026-06-29 19:33:50,0.0
Cheniere Energy,,2026-05-15|2026-05-18|2026-05-19|2026-05-20|2026-05-21|2026-05-22|2026-05-26|2026-05-27|2026-05-28|2026-05-29|2026-06-01|2026-06-02|2026-06-03|2026-06-04|2026-06-05|2026-06-08|2026-06-09|2026-06-10|2026-06-11|2026-06-12|2026-06-15|2026-06-16|2026-06-17|2026-06-18|2026-06-22|2026-06-23|2026-06-24|2026-06-25|2026-06-26|2026-06-29,2026-06-29 19:33:50,0.0
Omnicom Group,,2026-05-15|2026-05-18|2026-05-19|2026-05-20|2026-05-21|2026-05-22|2026-05-26|2026-05-27|2026-05-28|2026-05-29|2026-06-01|2026-06-02|2026-06-03|2026-06-04|2026-06-05|2026-06-08|2026-06-09|2026-06-10|2026-06-11|2026-06-12|2026-06-15|2026-06-16|2026-06-17|2026-06-18|2026-06-22|2026-06-23|2026-06-24|2026-06-25|2026-06-26|2026-06-29,2026-06-29 19:33:50,0.0
Texas Instruments,,2026-05-15|2026-05-18|2026-05-19|2026-05-20|2026-05-21|2026-05-22|2026-05-26|2026-05-27|2026-05-28|2026-05-29|2026-06-01|2026-06-02|2026-06-03|2026-06-04|2026-06-05|2026-06-08|2026-06-09|2026-06-10|2026-06-11|2026-06-12|2026-06-15|2026-06-16|2026-06-17|2026-06-18|2026-06-22|2026-06-23|2026-06-24|2026-06-25|2026-06-26|2026-06-29,2026-06-29 19:33:50,0.0
Estée Lauder,,2026-05-15|2026-05-18|2026-05-19|2026-05-20|2026-05-21|2026-05-22|2026-05-26|2026-05-27|2026-05-28|2026-05-29|2026-06-01|2026-06-02|2026-06-03|2026-06-04|2026-06-05|2026-06-08|2026-06-09|2026-06-10|2026-06-11|2026-06-12|2026-06-15|2026-06-16|2026-06-17|2026-06-18|2026-06-22|2026-06-23|2026-06-24|2026-06-25|2026-06-26|2026-06-29,2026-06-29 19:33:50,0.0
Kenvue,,2026-05-15|2026-05-18|2026-05-19|2026-05-20|2026-05-21|2026-05-22|2026-05-26|2026-05-27|2026-05-28|2026-05-29|2026-06-01|2026-06-02|2026-06-03|2026-06-04|2026-06-05|2026-06-08|2026-06-09|2026-06-10|2026-06-11|2026-06-12|2026-06-15|2026-06-16|2026-06-17|2026-06-18|2026-06-22|2026-06-23|2026-06-24|2026-06-25|2026-06-26|2026-06-29,2026-06-29 19:33:50,0.0
IQVIA,,2026-05-15|2026-05-18|2026-05-19|2026-05-20|2026-05-21|2026-05-22|2026-05-26|2026-05-27|2026-05-28|2026-05-29|2026-06-01|2026-06-02|2026-06-03|2026-06-04|2026-06-05|2026-06-08|2026-06-09|2026-06-10|2026-06-11|2026-06-12|2026-06-15|2026-06-16|2026-06-17|2026-06-18|2026-06-22|2026-06-23|2026-06-24|2026-06-25|2026-06-26|2026-06-29,2026-06-29 19:33:50,0.0
Stanley Black & Decker,,2026-05-15|2026-05-18|2026-05-19|2026-05-20|2026-05-21|2026-05-22|2026-05-26|2026-05-27|2026-05-28|2026-05-29|2026-06-01|2026-06-02|2026-06-03|2026-06-04|2026-06-05|2026-06-08|2026-06-09|2026-06-10|2026-06-11|2026-06-12|2026-06-15|2026-06-16|2026-06-17|2026-06-18|2026-06-22|2026-06-23|2026-06-24|2026-06-25|2026-06-26|2026-06-29,2026-06-29 19:33:50,0.0
Keurig Dr Pepper,,2026-05-15|2026-05-18|2026-05-19|2026-05-20|2026-05-21|2026-05-22|2026-05-26|2026-05-27|2026-05-28|2026-05-29|2026-06-01|2026-06-02|2026-06-03|2026-06-04|2026-06-05|2026-06-08|2026-06-09|2026-06-10|2026-06-11|2026-06-12|2026-06-15|2026-06-16|2026-06-17|2026-06-18|2026-06-22|2026-06-23|2026-06-24|2026-06-25|2026-06-26|2026-06-29,2026-06-29 19:33:50,0.0
United Rentals,,2026-05-15|2026-05-18|2026-05-19|2026-05-20|2026-05-21|2026-05-22|2026-05-26|2026-05-27|2026-05-28|2026-05-29|2026-06-01|2026-06-02|2026-06-03|2026-06-04|2026-06-05|2026-06-08|2026-06-09|2026-06-10|2026-06-11|2026-06-12|2026-06-15|2026-06-16|2026-06-17|2026-06-18|2026-06-22|2026-06-23|2026-06-24|2026-06-25|2026-06-26|2026-06-29,2026-06-29 19:33:50,0.0
Consolidated Edison,,2026-05-15|2026-05-18|2026-05-19|2026-05-20|2026-05-21|2026-05-22|2026-05-26|2026-05-27|2026-05-28|2026-05-29|2026-06-01|2026-06-02|2026-06-03|2026-06-04|2026-06-05|2026-06-08|2026-06-09|2026-06-10|2026-06-11|2026-06-12|2026-06-15|2026-06-16|2026-06-17|2026-06-18|2026-06-22|2026-06-23|2026-06-24|2026-06-25|2026-06-26|2026-06-29,2026-06-29 19:33:50,0.0
Amphenol,,2026-05-15|2026-05-18|2026-05-19|2026-05-20|2026-05-21|2026-05-22|2026-05-26|2026-05-27|2026-05-28|2026-05-29|2026-06-01|2026-06-02|2026-06-03|2026-06-04|2026-06-05|2026-06-08|2026-06-09|2026-06-10|2026-06-11|2026-06-12|2026-06-15|2026-06-16|2026-06-17|2026-06-18|2026-06-22|2026-06-23|2026-06-24|2026-06-25|2026-06-26|2026-06-29,2026-06-29 19:33:50,0.0
Baxter International,,2026-05-15|2026-05-18|2026-05-19|2026-05-20|2026-05-21|2026-05-22|2026-05-26|2026-05-27|2026-05-28|2026-05-29|2026-06-01|2026-06-02|2026-06-03|2026-06-04|2026-06-05|2026-06-08|2026-06-09|2026-06-10|2026-06-11|2026-06-12|2026-06-15|2026-06-16|2026-06-17|2026-06-18|2026-06-22|2026-06-23|2026-06-24|2026-06-25|2026-06-26|2026-06-29,2026-06-29 19:33:50,0.0
Kinder Morgan,,2026-05-15|2026-05-18|2026-05-19|2026-05-20|2026-05-21|2026-05-22|2026-05-26|2026-05-27|2026-05-28|2026-05-29|2026-06-01|2026-06-02|2026-06-03|2026-06-04|2026-06-05|2026-06-08|2026-06-09|2026-06-10|2026-06-11|2026-06-12|2026-06-15|2026-06-16|2026-06-17|2026-06-18|2026-06-22|2026-06-23|2026-06-24|2026-06-25|2026-06-26|2026-06-29,2026-06-29 19:33:50,0.0
First Citizens BancShares,,2026-05-15|2026-05-18|2026-05-19|2026-05-20|2026-05-21|2026-05-22|2026-05-26|2026-05-27|2026-05-28|2026-05-29|2026-06-01|2026-06-02|2026-06-03|2026-06-04|2026-06-05|2026-06-08|2026-06-09|2026-06-10|2026-06-11|2026-06-12|2026-06-15|2026-06-16|2026-06-17|2026-06-18|2026-06-22|2026-06-23|2026-06-24|2026-06-25|2026-06-26|2026-06-29,2026-06-29 19:33:50,0.0
Raymond James Financial,,2026-05-15|2026-05-18|2026-05-19|2026-05-20|2026-05-21|2026-05-22|2026-05-26|2026-05-27|2026-05-28|2026-05-29|2026-06-01|2026-06-02|2026-06-03|2026-06-04|2026-06-05|2026-06-08|2026-06-09|2026-06-10|2026-06-11|2026-06-12|2026-06-15|2026-06-16|2026-06-17|2026-06-18|2026-06-22|2026-06-23|2026-06-24|2026-06-25|2026-06-26|2026-06-29,2026-06-29 19:33:50,0.0
Lam Research,,2026-05-15|2026-05-18|2026-05-19|2026-05-20|2026-05-21|2026-05-22|2026-05-26|2026-05-27|2026-05-28|2026-05-29|2026-06-01|2026-06-02|2026-06-03|2026-06-04|2026-06-05|2026-06-08|2026-06-09|2026-06-10|2026-06-11|2026-06-12|2026-06-15|2026-06-16|2026-06-17|2026-06-18|2026-06-22|2026-06-23|2026-06-24|2026-06-25|2026-06-26|2026-06-29,2026-06-29 19:33:50,0.0
Tractor Supply,,2026-05-15|2026-05-18|2026-05-19|2026-05-20|2026-05-21|2026-05-22|2026-05-26|2026-05-27|2026-05-28|2026-05-29|2026-06-01|2026-06-02|2026-06-03|2026-06-04|2026-06-05|2026-06-08|2026-06-09|2026-06-10|2026-06-11|2026-06-12|2026-06-15|2026-06-16|2026-06-17|2026-06-18|2026-06-22|2026-06-23|2026-06-24|2026-06-25|2026-06-26|2026-06-29,2026-06-29 19:33:50,0.0
Caseys General Stores,,2026-05-15|2026-05-18|2026-05-19|2026-05-20|2026-05-21|2026-05-22|2026-05-26|2026-05-27|2026-05-28|2026-05-29|2026-06-01|2026-06-02|2026-06-03|2026-06-04|2026-06-05|2026-06-08|2026-06-09|2026-06-10|2026-06-11|2026-06-12|2026-06-15|2026-06-16|2026-06-17|2026-06-18|2026-06-22|2026-06-23|2026-06-24|2026-06-25|2026-06-26|2026-06-29,2026-06-29 19:33:50,0.0
Viatris,,2026-05-15|2026-05-18|2026-05-19|2026-05-20|2026-05-21|2026-05-22|2026-05-26|2026-05-27|2026-05-28|2026-05-29|2026-06-01|2026-06-02|2026-06-03|2026-06-04|2026-06-05|2026-06-08|2026-06-09|2026-06-10|2026-06-11|2026-06-12|2026-06-15|2026-06-16|2026-06-17|2026-06-18|2026-06-22|2026-06-23|2026-06-24|2026-06-25|2026-06-26|2026-06-29,2026-06-29 19:33:50,0.0
EMCOR Group,,2026-05-15|2026-05-18|2026-05-19|2026-05-20|2026-05-21|2026-05-22|2026-05-26|2026-05-27|2026-05-28|2026-05-29|2026-06-01|2026-06-02|2026-06-03|2026-06-04|2026-06-05|2026-06-08|2026-06-09|2026-06-10|2026-06-11|2026-06-12|2026-06-15|2026-06-16|2026-06-17|2026-06-18|2026-06-22|2026-06-23|2026-06-24|2026-06-25|2026-06-26|2026-06-29,2026-06-29 19:33:50,0.0
CSX,,2026-05-15|2026-05-18|2026-05-19|2026-05-20|2026-05-21|2026-05-22|2026-05-26|2026-05-27|2026-05-28|2026-05-29|2026-06-01|2026-06-02|2026-06-03|2026-06-04|2026-06-05|2026-06-08|2026-06-09|2026-06-10|2026-06-11|2026-06-12|2026-06-15|2026-06-16|2026-06-17|2026-06-18|2026-06-22|2026-06-23|2026-06-24|2026-06-25|2026-06-26|2026-06-29,2026-06-29 19:33:50,0.0
LKQ,,2026-05-15|2026-05-18|2026-05-19|2026-05-20|2026-05-21|2026-05-22|2026-05-26|2026-05-27|2026-05-28|2026-05-29|2026-06-01|2026-06-02|2026-06-03|2026-06-04|2026-06-05|2026-06-08|2026-06-09|2026-06-10|2026-06-11|2026-06-12|2026-06-15|2026-06-16|2026-06-17|2026-06-18|2026-06-22|2026-06-23|2026-06-24|2026-06-25|2026-06-26|2026-06-29,2026-06-29 19:33:50,0.0
Otis Worldwide,,2026-05-15|2026-05-18|2026-05-19|2026-05-20|2026-05-21|2026-05-22|2026-05-26|2026-05-27|2026-05-28|2026-05-29|2026-06-01|2026-06-02|2026-06-03|2026-06-04|2026-06-05|2026-06-08|2026-06-09|2026-06-10|2026-06-11|2026-06-12|2026-06-15|2026-06-16|2026-06-17|2026-06-18|2026-06-22|2026-06-23|2026-06-24|2026-06-25|2026-06-26|2026-06-29,2026-06-29 19:33:50,0.0
Sonic Automotive,,2026-05-15|2026-05-18|2026-05-19|2026-05-20|2026-05-21|2026-05-22|2026-05-26|2026-05-27|2026-05-28|2026-05-29|2026-06-01|2026-06-02|2026-06-03|2026-06-04|2026-06-05|2026-06-08|2026-06-09|2026-06-10|2026-06-11|2026-06-12|2026-06-15|2026-06-16|2026-06-17|2026-06-18|2026-06-22|2026-06-23|2026-06-24|2026-06-25|2026-06-26|2026-06-29,2026-06-29 19:33:50,0.0
S&P Global,,2026-05-15|2026-05-18|2026-05-19|2026-05-20|2026-05-21|2026-05-22|2026-05-26|2026-05-27|2026-05-28|2026-05-29|2026-06-01|2026-06-02|2026-06-03|2026-06-04|2026-06-05|2026-06-08|2026-06-09|2026-06-10|2026-06-11|2026-06-12|2026-06-15|2026-06-16|2026-06-17|2026-06-18|2026-06-22|2026-06-23|2026-06-24|2026-06-25|2026-06-26|2026-06-29,2026-06-29 19:33:50,0.0
Regeneron Pharmaceuticals,,2026-05-15|2026-05-18|2026-05-19|2026-05-20|2026-05-21|2026-05-22|2026-05-26|2026-05-27|2026-05-28|2026-05-29|2026-06-01|2026-06-02|2026-06-03|2026-06-04|2026-06-05|2026-06-08|2026-06-09|2026-06-10|2026-06-11|2026-06-12|2026-06-15|2026-06-16|2026-06-17|2026-06-18|2026-06-22|2026-06-23|2026-06-24|2026-06-25|2026-06-26|2026-06-29,2026-06-29 19:33:50,0.0
BorgWarner,,2026-05-15|2026-05-18|2026-05-19|2026-05-20|2026-05-21|2026-05-22|2026-05-26|2026-05-27|2026-05-28|2026-05-29|2026-06-01|2026-06-02|2026-06-03|2026-06-04|2026-06-05|2026-06-08|2026-06-09|2026-06-10|2026-06-11|2026-06-12|2026-06-15|2026-06-16|2026-06-17|2026-06-18|2026-06-22|2026-06-23|2026-06-24|2026-06-25|2026-06-26|2026-06-29,2026-06-29 19:33:50,0.0
Reliance Inc,,2026-05-15|2026-05-18|2026-05-19|2026-05-20|2026-05-21|2026-05-22|2026-05-26|2026-05-27|2026-05-28|2026-05-29|2026-06-01|2026-06-02|2026-06-03|2026-06-04|2026-06-05|2026-06-08|2026-06-09|2026-06-10|2026-06-11|2026-06-12|2026-06-15|2026-06-16|2026-06-17|2026-06-18|2026-06-22|2026-06-23|2026-06-24|2026-06-25|2026-06-26|2026-06-29,2026-06-29 19:33:50,0.0
Textron,,2026-05-15|2026-05-18|2026-05-19|2026-05-20|2026-05-21|2026-05-22|2026-05-26|2026-05-27|2026-05-28|2026-05-29|2026-06-01|2026-06-02|2026-06-03|2026-06-04|2026-06-05|2026-06-08|2026-06-09|2026-06-10|2026-06-11|2026-06-12|2026-06-15|2026-06-16|2026-06-17|2026-06-18|2026-06-22|2026-06-23|2026-06-24|2026-06-25|2026-06-26|2026-06-29,2026-06-29 19:33:50,0.0
Expedia,,2026-05-15|2026-05-18|2026-05-19|2026-05-20|2026-05-21|2026-05-22|2026-05-26|2026-05-27|2026-05-28|2026-05-29|2026-06-01|2026-06-02|2026-06-03|2026-06-04|2026-06-05|2026-06-08|2026-06-09|2026-06-10|2026-06-11|2026-06-12|2026-06-15|2026-06-16|2026-06-17|2026-06-18|2026-06-22|2026-06-23|2026-06-24|2026-06-25|2026-06-26|2026-06-29,2026-06-29 19:33:50,0.0
Fidelity National Financial,,2026-05-15|2026-05-18|2026-05-19|2026-05-20|2026-05-21|2026-05-22|2026-05-26|2026-05-27|2026-05-28|2026-05-29|2026-06-01|2026-06-02|2026-06-03|2026-06-04|2026-06-05|2026-06-08|2026-06-09|2026-06-10|2026-06-11|2026-06-12|2026-06-15|2026-06-16|2026-06-17|2026-06-18|2026-06-22|2026-06-23|2026-06-24|2026-06-25|2026-06-26|2026-06-29,2026-06-29 19:33:50,0.0
Carvana,,2026-05-15|2026-05-18|2026-05-19|2026-05-20|2026-05-21|2026-05-22|2026-05-26|2026-05-27|2026-05-28|2026-05-29|2026-06-01|2026-06-02|2026-06-03|2026-06-04|2026-06-05|2026-06-08|2026-06-09|2026-06-10|2026-06-11|2026-06-12|2026-06-15|2026-06-16|2026-06-17|2026-06-18|2026-06-22|2026-06-23|2026-06-24|2026-06-25|2026-06-26|2026-06-29,2026-06-29 19:33:50,0.0
DXC Technology,,2026-05-15|2026-05-18|2026-05-19|2026-05-20|2026-05-21|2026-05-22|2026-05-26|2026-05-27|2026-05-28|2026-05-29|2026-06-01|2026-06-02|2026-06-03|2026-06-04|2026-06-05|2026-06-08|2026-06-09|2026-06-10|2026-06-11|2026-06-12|2026-06-15|2026-06-16|2026-06-17|2026-06-18|2026-06-22|2026-06-23|2026-06-24|2026-06-25|2026-06-26|2026-06-29,2026-06-29 19:33:50,0.0
WR Berkley,,2026-05-15|2026-05-18|2026-05-19|2026-05-20|2026-05-21|2026-05-22|2026-05-26|2026-05-27|2026-05-28|2026-05-29|2026-06-01|2026-06-02|2026-06-03|2026-06-04|2026-06-05|2026-06-08|2026-06-09|2026-06-10|2026-06-11|2026-06-12|2026-06-15|2026-06-16|2026-06-17|2026-06-18|2026-06-22|2026-06-23|2026-06-24|2026-06-25|2026-06-26|2026-06-29,2026-06-29 19:33:50,0.0
M&T Bank,,2026-05-15|2026-05-18|2026-05-19|2026-05-20|2026-05-21|2026-05-22|2026-05-26|2026-05-27|2026-05-28|2026-05-29|2026-06-01|2026-06-02|2026-06-03|2026-06-04|2026-06-05|2026-06-08|2026-06-09|2026-06-10|2026-06-11|2026-06-12|2026-06-15|2026-06-16|2026-06-17|2026-06-18|2026-06-22|2026-06-23|2026-06-24|2026-06-25|2026-06-26|2026-06-29,2026-06-29 19:33:50,0.0
Dicks Sporting Goods,,2026-05-15|2026-05-18|2026-05-19|2026-05-20|2026-05-21|2026-05-22|2026-05-26|2026-05-27|2026-05-28|2026-05-29|2026-06-01|2026-06-02|2026-06-03|2026-06-04|2026-06-05|2026-06-08|2026-06-09|2026-06-10|2026-06-11|2026-06-12|2026-06-15|2026-06-16|2026-06-17|2026-06-18|2026-06-22|2026-06-23|2026-06-24|2026-06-25|2026-06-26|2026-06-29,2026-06-29 19:33:50,0.0
Xcel Energy,,2026-05-15|2026-05-18|2026-05-19|2026-05-20|2026-05-21|2026-05-22|2026-05-26|2026-05-27|2026-05-28|2026-05-29|2026-06-01|2026-06-02|2026-06-03|2026-06-04|2026-06-05|2026-06-08|2026-06-09|2026-06-10|2026-06-11|2026-06-12|2026-06-15|2026-06-16|2026-06-17|2026-06-18|2026-06-22|2026-06-23|2026-06-24|2026-06-25|2026-06-26|2026-06-29,2026-06-29 19:33:50,0.0
Fifth Third Bancorp,,2026-05-15|2026-05-18|2026-05-19|2026-05-20|2026-05-21|2026-05-22|2026-05-26|2026-05-27|2026-05-28|2026-05-29|2026-06-01|2026-06-02|2026-06-03|2026-06-04|2026-06-05|2026-06-08|2026-06-09|2026-06-10|2026-06-11|2026-06-12|2026-06-15|2026-06-16|2026-06-17|2026-06-18|2026-06-22|2026-06-23|2026-06-24|2026-06-25|2026-06-26|2026-06-29,2026-06-29 19:33:50,0.0
Blackstone,,2026-05-15|2026-05-18|2026-05-19|2026-05-20|2026-05-21|2026-05-22|2026-05-26|2026-05-27|2026-05-28|2026-05-29|2026-06-01|2026-06-02|2026-06-03|2026-06-04|2026-06-05|2026-06-08|2026-06-09|2026-06-10|2026-06-11|2026-06-12|2026-06-15|2026-06-16|2026-06-17|2026-06-18|2026-06-22|2026-06-23|2026-06-24|2026-06-25|2026-06-26|2026-06-29,2026-06-29 19:33:50,0.0
Sempra,,2026-05-15|2026-05-18|2026-05-19|2026-05-20|2026-05-21|2026-05-22|2026-05-26|2026-05-27|2026-05-28|2026-05-29|2026-06-01|2026-06-02|2026-06-03|2026-06-04|2026-06-05|2026-06-08|2026-06-09|2026-06-10|2026-06-11|2026-06-12|2026-06-15|2026-06-16|2026-06-17|2026-06-18|2026-06-22|2026-06-23|2026-06-24|2026-06-25|2026-06-26|2026-06-29,2026-06-29 19:33:50,0.0
Corning,,2026-05-15|2026-05-18|2026-05-19|2026-05-20|2026-05-21|2026-05-22|2026-05-26|2026-05-27|2026-05-28|2026-05-29|2026-06-01|2026-06-02|2026-06-03|2026-06-04|2026-06-05|2026-06-08|2026-06-09|2026-06-10|2026-06-11|2026-06-12|2026-06-15|2026-06-16|2026-06-17|2026-06-18|2026-06-22|2026-06-23|2026-06-24|2026-06-25|2026-06-26|2026-06-29,2026-06-29 19:33:50,0.0
Lumen Technologies,,2026-05-15|2026-05-18|2026-05-19|2026-05-20|2026-05-21|2026-05-22|2026-05-26|2026-05-27|2026-05-28|2026-05-29|2026-06-01|2026-06-02|2026-06-03|2026-06-04|2026-06-05|2026-06-08|2026-06-09|2026-06-10|2026-06-11|2026-06-12|2026-06-15|2026-06-16|2026-06-17|2026-06-18|2026-06-22|2026-06-23|2026-06-24|2026-06-25|2026-06-26|2026-06-29,2026-06-29 19:33:50,0.0
FirstEnergy,,2026-05-15|2026-05-18|2026-05-19|2026-05-20|2026-05-21|2026-05-22|2026-05-26|2026-05-27|2026-05-28|2026-05-29|2026-06-01|2026-06-02|2026-06-03|2026-06-04|2026-06-05|2026-06-08|2026-06-09|2026-06-10|2026-06-11|2026-06-12|2026-06-15|2026-06-16|2026-06-17|2026-06-18|2026-06-22|2026-06-23|2026-06-24|2026-06-25|2026-06-26|2026-06-29,2026-06-29 19:33:50,0.0
Labcorp Holdings,,2026-05-15|2026-05-18|2026-05-19|2026-05-20|2026-05-21|2026-05-22|2026-05-26|2026-05-27|2026-05-28|2026-05-29|2026-06-01|2026-06-02|2026-06-03|2026-06-04|2026-06-05|2026-06-08|2026-06-09|2026-06-10|2026-06-11|2026-06-12|2026-06-15|2026-06-16|2026-06-17|2026-06-18|2026-06-22|2026-06-23|2026-06-24|2026-06-25|2026-06-26|2026-06-29,2026-06-29 19:33:50,0.0
Western Digital,,2026-05-15|2026-05-18|2026-05-19|2026-05-20|2026-05-21|2026-05-22|2026-05-26|2026-05-27|2026-05-28|2026-05-29|2026-06-01|2026-06-02|2026-06-03|2026-06-04|2026-06-05|2026-06-08|2026-06-09|2026-06-10|2026-06-11|2026-06-12|2026-06-15|2026-06-16|2026-06-17|2026-06-18|2026-06-22|2026-06-23|2026-06-24|2026-06-25|2026-06-26|2026-06-29,2026-06-29 19:33:50,0.0
Unum Group,,2026-05-15|2026-05-18|2026-05-19|2026-05-20|2026-05-21|2026-05-22|2026-05-26|2026-05-27|2026-05-28|2026-05-29|2026-06-01|2026-06-02|2026-06-03|2026-06-04|2026-06-05|2026-06-08|2026-06-09|2026-06-10|2026-06-11|2026-06-12|2026-06-15|2026-06-16|2026-06-17|2026-06-18|2026-06-22|2026-06-23|2026-06-24|2026-06-25|2026-06-26|2026-06-29,2026-06-29 19:33:50,0.0
DaVita,,2026-05-15|2026-05-18|2026-05-19|2026-05-20|2026-05-21|2026-05-22|2026-05-26|2026-05-27|2026-05-28|2026-05-29|2026-06-01|2026-06-02|2026-06-03|2026-06-04|2026-06-05|2026-06-08|2026-06-09|2026-06-10|2026-06-11|2026-06-12|2026-06-15|2026-06-16|2026-06-17|2026-06-18|2026-06-22|2026-06-23|2026-06-24|2026-06-25|2026-06-26|2026-06-29,2026-06-29 19:33:50,0.0
Henry Schein,,2026-05-15|2026-05-18|2026-05-19|2026-05-20|2026-05-21|2026-05-22|2026-05-26|2026-05-27|2026-05-28|2026-05-29|2026-06-01|2026-06-02|2026-06-03|2026-06-04|2026-06-05|2026-06-08|2026-06-09|2026-06-10|2026-06-11|2026-06-12|2026-06-15|2026-06-16|2026-06-17|2026-06-18|2026-06-22|2026-06-23|2026-06-24|2026-06-25|2026-06-26|2026-06-29,2026-06-29 19:33:50,0.0
Ryder System,,2026-05-15|2026-05-18|2026-05-19|2026-05-20|2026-05-21|2026-05-22|2026-05-26|2026-05-27|2026-05-28|2026-05-29|2026-06-01|2026-06-02|2026-06-03|2026-06-04|2026-06-05|2026-06-08|2026-06-09|2026-06-10|2026-06-11|2026-06-12|2026-06-15|2026-06-16|2026-06-17|2026-06-18|2026-06-22|2026-06-23|2026-06-24|2026-06-25|2026-06-26|2026-06-29,2026-06-29 19:33:50,0.0
Community Health Systems,,2026-05-15|2026-05-18|2026-05-19|2026-05-20|2026-05-21|2026-05-22|2026-05-26|2026-05-27|2026-05-28|2026-05-29|2026-06-01|2026-06-02|2026-06-03|2026-06-04|2026-06-05|2026-06-08|2026-06-09|2026-06-10|2026-06-11|2026-06-12|2026-06-15|2026-06-16|2026-06-17|2026-06-18|2026-06-22|2026-06-23|2026-06-24|2026-06-25|2026-06-26|2026-06-29,2026-06-29 19:33:50,0.0
Delek US,,2026-05-15|2026-05-18|2026-05-19|2026-05-20|2026-05-21|2026-05-22|2026-05-26|2026-05-27|2026-05-28|2026-05-29|2026-06-01|2026-06-02|2026-06-03|2026-06-04|2026-06-05|2026-06-08|2026-06-09|2026-06-10|2026-06-11|2026-06-12|2026-06-15|2026-06-16|2026-06-17|2026-06-18|2026-06-22|2026-06-23|2026-06-24|2026-06-25|2026-06-26|2026-06-29,2026-06-29 19:33:50,0.0
DTE Energy,,2026-05-15|2026-05-18|2026-05-19|2026-05-20|2026-05-21|2026-05-22|2026-05-26|2026-05-27|2026-05-28|2026-05-29|2026-06-01|2026-06-02|2026-06-03|2026-06-04|2026-06-05|2026-06-08|2026-06-09|2026-06-10|2026-06-11|2026-06-12|2026-06-15|2026-06-16|2026-06-17|2026-06-18|2026-06-22|2026-06-23|2026-06-24|2026-06-25|2026-06-26|2026-06-29,2026-06-29 19:33:50,0.0
Equitable Holdings,,2026-05-15|2026-05-18|2026-05-19|2026-05-20|2026-05-21|2026-05-22|2026-05-26|2026-05-27|2026-05-28|2026-05-29|2026-06-01|2026-06-02|2026-06-03|2026-06-04|2026-06-05|2026-06-08|2026-06-09|2026-06-10|2026-06-11|2026-06-12|2026-06-15|2026-06-16|2026-06-17|2026-06-18|2026-06-22|2026-06-23|2026-06-24|2026-06-25|2026-06-26|2026-06-29,2026-06-29 19:33:50,0.0
DuPont de Nemours,,2026-05-15|2026-05-18|2026-05-19|2026-05-20|2026-05-21|2026-05-22|2026-05-26|2026-05-27|2026-05-28|2026-05-29|2026-06-01|2026-06-02|2026-06-03|2026-06-04|2026-06-05|2026-06-08|2026-06-09|2026-06-10|2026-06-11|2026-06-12|2026-06-15|2026-06-16|2026-06-17|2026-06-18|2026-06-22|2026-06-23|2026-06-24|2026-06-25|2026-06-26|2026-06-29,2026-06-29 19:33:50,0.0
